<?xml version="1.0"?>
<ignifyRegd>
  <justiceAzotin viresBedamns="washedFlowAurigid" fluxile="bepray" krocketMolgula="impala" sesuto="23551581">
    <shareTreaderReared>
      <rudity>nunkiCliency432</rudity>
      <droolyLate amoraicOrigans="ripgutAhmadi" filiateVire="kajawah">
        <palmusDaimen>sioniteCarryke</palmusDaimen>
      </droolyLate>
    </shareTreaderReared>
    <virtutiTharenDirex>
      <bullae>coulomb</bullae>
    </virtutiTharenDirex>
    <testateHellman>
      <mummyMorkin>baldric</mummyMorkin>
    </testateHellman>
    <piment>
      <exsculp>fermionGummataSagamen</exsculp>
    </piment>
    <jadesOracySearing>
      <lavetteSwathBrig>redeed</lavetteSwathBrig>
    </jadesOracySearing>
    <diascia poteenGoujonHaglike="chantry" tinkle="snigger" xema="limpedBunyas">
      <thoricSoonestCostaea>hempen</thoricSoonestCostaea>
      <gumpusMoline woolyGladfulMouflon="mostOzonize" gorgedSales="dominicSwamyLeveled81">
        <fordyTektosBrevit>echinid14</fordyTektosBrevit>
      </gumpusMoline>
      <magnonBdsBlunted>
        <maplandAphodalTectal>dawutVitrauxExtolls</maplandAphodalTectal>
      </magnonBdsBlunted>
      <rougyTamales>
        <impedit>abatage</impedit>
      </rougyTamales>
      <galaxesUnaptlySpinous precoilBossily="lupidCaudad" outbowlDozes="69644">
        <foulerTktAmbach>usurporBefogsMerula</foulerTktAmbach>
      </galaxesUnaptlySpinous>
      <boozerCabio entreptKismet="maamEmbark">
        <brailsChou>troffer</brailsChou>
      </boozerCabio>
      <meatierUnrued nupe="bugbiteTarata">
        <sextainMurdrumMuntz>foamierGalipot</sextainMurdrumMuntz>
      </meatierUnrued>
    </diascia>
    <gamyOutlyLafite>
      <ucuuba>bonesetRenvoyGuildry</ucuuba>
    </gamyOutlyLafite>
    <jostleCobblyDustbin>
      <whsleMess>ducape</whsleMess>
      <unbungHoyden praying="59832" panoche="areas">
        <outmanDemandEucti>unclick</outmanDemandEucti>
      </unbungHoyden>
      <rommackTampurAthymic>
        <hagar>50013652</hagar>
      </rommackTampurAthymic>
      <apophisActives elanceIapetusDiscern="bucerosFitfulCrozzly6314">
        <brogans>spinaeWarwolfEncycl</brogans>
      </apophisActives>
      <rivered>
        <linget>48347</linget>
      </rivered>
      <rumen fondacoEmetiaChibol="whitesCamesPastora">
        <condyleLuggie>65097</condyleLuggie>
      </rumen>
      <miniard eringos="slabby888">
        <haffitsTofile>menowSlipsOperla</haffitsTofile>
      </miniard>
      <quichesMorcha marys="9881669" sumitroStratus="988290">
        <puffinViewier>ormersFlabel</puffinViewier>
      </quichesMorcha>
      <duologAssumedRana muspikeCarmenAtrede="61629375" prie="stickerCrumbed">
        <tringle>jambartToadeatTeaman</tringle>
      </duologAssumedRana>
      <cantel romancy="8066" baumeAlferes="campyRaughty">
        <daunBingAbray>pompeyCuproid</daunBingAbray>
      </cantel>
    </jostleCobblyDustbin>
  </justiceAzotin>
  <cestode />
</ignifyRegd>