<?xml version="1.0"?>
<infoldsBumblesAdor>
  <forciteShoolDiuron souushDuoviri="augend" nogaiHamus="tenzone" />
  <rimlandFere rataOphrys="3701243" diodes="erugateAaniBlumea">
    <unfussy>
      <vinasSparsZyme>incherBedazePleurum</vinasSparsZyme>
      <netbush>
        <sandalsBotanic>9481</sandalsBotanic>
      </netbush>
    </unfussy>
    <refordLorariiCrueler>
      <flimsy>jollifyTalariaVic</flimsy>
    </refordLorariiCrueler>
    <filibeg prologi="armsRegards">
      <aidesNubbyCortege>ectallySubOption7583</aidesNubbyCortege>
    </filibeg>
    <fleamyCheat enormNovenae="inarm">
      <gloatNovum>unspellUnstillHeapy34</gloatNovum>
    </fleamyCheat>
  </rimlandFere>
  <dabbers chartae="463" rubeletFurane="bonitos" muntinsRooftop="zizzlesIst" />
  <brusk linkers="45087017">
    <nappingPenaltyGconv>
      <addoom>pecket</addoom>
    </nappingPenaltyGconv>
    <ullucuOctic>
      <retellsInwall>epacrid</retellsInwall>
    </ullucuOctic>
    <varsityLevulicClysmic>
      <bridTesack>mantuasHeadersExla</bridTesack>
    </varsityLevulicClysmic>
    <wantwitCavus blancsSnupper="smashes" uptowns="326166">
      <enamourCurareMossers>agnusShapierPappus572</enamourCurareMossers>
      <tabella>
        <rewidenGorman>injured1409</rewidenGorman>
      </tabella>
      <prattyBraeApehood typhlonCapreol="pepless">
        <cdg>woidreNotersAmober</cdg>
      </prattyBraeApehood>
    </wantwitCavus>
  </brusk>
  <entailRiksha>
    <cytonNogaku>
      <evertor>plebes77</evertor>
      <huldeePolesWren>
        <lettishMeddles>44001</lettishMeddles>
      </huldeePolesWren>
      <meaner urlarErbiums="wiseHolmiaBemole">
        <domic>646179</domic>
      </meaner>
      <luciferBlainsAscarid dusunStokedAnhanga="knurled" unlimedPacRanch="gurjaraLaurentGlottal">
        <whomBowie>sudariaByelaw7146</whomBowie>
      </luciferBlainsAscarid>
      <honeyLincolnBelight>
        <snotsTave>plural</snotsTave>
      </honeyLincolnBelight>
      <alipticMachine primsiePatacao="culms" urinoseObe="rustleArabize">
        <valeryl>cashboyTodeaSacrals</valeryl>
      </alipticMachine>
      <sachetsSpink>
        <ops>27126</ops>
      </sachetsSpink>
      <carvy poohingSextile="dolingFluate" friandBizonalArzun="punditsUnwitty">
        <dissavsUnminedAngulus>dacoit</dissavsUnminedAngulus>
      </carvy>
      <kyathosDilutee bucco="gownletHaste3" vintry="moghanLabials5">
        <abiesDeair>45214098</abiesDeair>
      </kyathosDilutee>
      <boxroomAramidGesture laxatorWrightCurios="suidianItsyCapette" pumelosSasan="56779">
        <mainourAescQuaky>maclesBuoyedDaswen</mainourAescQuaky>
      </boxroomAramidGesture>
    </cytonNogaku>
  </entailRiksha>
</infoldsBumblesAdor>