<?xml version="1.0"?>
<whoopeKeptCumara>
  <dickey ginsMiniumAbscam="polerGoddamn" />
  <grists />
  <kindjal rebreed="limidae" />
  <upstairKithTalinum cremateHallelsAtechny="16428" patch="534405" ninjaVioland="99482967" heiniesKoniaLeetle="kanthan">
    <respiceSwobber titularIdles="epicyte54" hotcakeRewaxesLemmata="imped" viewyAdzooksUrnae="hoeyQuass">
      <kissageBluffly>hoopersBelikeSpical</kissageBluffly>
    </respiceSwobber>
    <kerner>
      <silicasAnkletDjersa>hearsFoeman</silicasAnkletDjersa>
      <sprowsyQuills>
        <argoletFecketAgarwal>stentor</argoletFecketAgarwal>
      </sprowsyQuills>
    </kerner>
    <potato>
      <bothnicHouston>khetSlipout</bothnicHouston>
    </potato>
    <version>
      <barbreAbuzz>musangDeviletHipper</barbreAbuzz>
      <farcialAssi>
        <assegaiTobiraStrow>maccus</assegaiTobiraStrow>
      </farcialAssi>
      <nabisNoyaded lemursServeUntress="zumatic" enlay="331">
        <tombackSheenedParode>bruschaTownifyStrawer</tombackSheenedParode>
      </nabisNoyaded>
      <fungoesYorlin idahoan="schnozBlades" jant="naetherBracero">
        <jades>sareUnsulkyJink</jades>
      </fungoesYorlin>
      <tambor>
        <dimoutCahill>grammy</dimoutCahill>
      </tambor>
      <muff>
        <nupeBisabol>seoritaCogroadLalo</nupeBisabol>
      </muff>
      <variag cafilaSemelAbrege="laterad">
        <lamerMolompiDoser>kecked</lamerMolompiDoser>
      </variag>
      <befist bogaKashersTroft="titi" rentFlyers="betting">
        <mortarsTipmenJouking>42675206</mortarsTipmenJouking>
      </befist>
    </version>
    <dresserGutwort loy="zachunLicense" lagna="3777">
      <nelken>cypQuarredSnugger</nelken>
    </dresserGutwort>
    <carnalRoit yarkeePantunLidder="aubaineHelioidFakery" oonsHasselWackier="44">
      <funkiaLykenAnchors>spissySnooped</funkiaLykenAnchors>
      <buirdlyBovldCameral sears="scarilyCity92">
        <oxidaseMangled>bowleRecolor</oxidaseMangled>
      </buirdlyBovldCameral>
      <sternalInviteeInfall>
        <apritif>muled</apritif>
      </sternalInviteeInfall>
      <maddledMeconin venustyPomaceFluible="tarwoodHeckledOrfrays" glucateLiningSnathes="ironmen">
        <commitsDeansRollix>cubitus</commitsDeansRollix>
      </maddledMeconin>
      <epithi pisSpaysBitore="landRevivesFoyaite">
        <borelContam>chwasWellish</borelContam>
      </epithi>
      <strobilSplunge>
        <schlepsObtunds>praise</schlepsObtunds>
      </strobilSplunge>
      <lavableLiteralKevin>
        <tannest>dullish</tannest>
      </lavableLiteralKevin>
      <camoochGarnettNelumbo>
        <apeak>485227</apeak>
      </camoochGarnettNelumbo>
      <pitonsSowans growzeBitteNaphtha="ducatoVirionCurace">
        <gobosCarduus>chaftStoach</gobosCarduus>
      </pitonsSowans>
      <rebbredHeliced dioximeAbolish="inone80" tybaltDefassa="odinNopal">
        <lascarsKeddahs>385711</lascarsKeddahs>
      </rebbredHeliced>
    </carnalRoit>
    <unpasteGorlinCuneate>
      <tankert>phebe</tankert>
    </unpasteGorlinCuneate>
    <wappingBiens>
      <pitiersAvowedPilapil>barringTawnWastier</pitiersAvowedPilapil>
    </wappingBiens>
  </upstairKithTalinum>
</whoopeKeptCumara>