<?xml version="1.0"?>
<sultane>
  <forumsMalanga awber="skittyUntall">
    <backlogCissyFulling handledBambaraOutwore="allylic">
      <actaeon>toluido</actaeon>
      <globesFarthPhillis meatyAntheiaPother="violine3452">
        <pileoliBefogVisit>101</pileoliBefogVisit>
      </globesFarthPhillis>
      <gobby auntlyJibman="jankerGarua">
        <sarsiAntarMuguet>fathomsCompageGambits8379</sarsiAntarMuguet>
      </gobby>
      <jauncesShute>
        <uncreamDukelyCorpl>gleamsParulis4903</uncreamDukelyCorpl>
      </jauncesShute>
      <maimon>
        <repined>7</repined>
      </maimon>
      <ourariApnoeasPonton>
        <brendedSuccubJiffy>mundariEmmetAlachah</brendedSuccubJiffy>
      </ourariApnoeasPonton>
      <stummed gablesKent="taxidea" deedierReggaFresher="cuspule4463">
        <sradhasSlabBooking>crouchChena</sradhasSlabBooking>
      </stummed>
      <demoteDrummedDatism unveilsVyrnwyPratey="2898268">
        <bogbean>matina</bogbean>
      </demoteDrummedDatism>
    </backlogCissyFulling>
    <overuse pantyOuzels="goujay" ziaratHallosMutic="freakedMouseyLumper" anteact="71577">
      <snugsJudder>gales</snugsJudder>
    </overuse>
    <eupneic>
      <punchStriola>yapsGiarreCrimps</punchStriola>
    </eupneic>
    <beliefs>
      <nameEmmet>dearieIdolaAhmet</nameEmmet>
    </beliefs>
    <sweepsGrete cotise="drateVimfulDaviely" hobbianDoab="fingersChromos32">
      <kineses>500674</kineses>
      <paopao wigs="sizably280">
        <easterNouns>nodiak9</easterNouns>
      </paopao>
      <misterm>
        <cloningEarldomBosc>pluvialTagua</cloningEarldomBosc>
      </misterm>
      <canonic creaticFlaserDonnish="tureensUnfoggy8" mussingGalyakPinworm="8112">
        <bredIlealChoca>tenants4</bredIlealChoca>
      </canonic>
    </sweepsGrete>
    <phocidCoreyLong>
      <measStevia>memnonMooleysVerstes</measStevia>
      <echardTregetRoues fnameCapo="censedReharm">
        <semital>531896</semital>
      </echardTregetRoues>
      <tremorClayed coriausChazzanSewing="furfurJollyerInfield" angusesElegitsSunburn="lumbarsHapax">
        <perdueObeliseData>niobidPeltateCleam365</perdueObeliseData>
      </tremorClayed>
      <kirverDrupaQuadrae paint="lyceumFervour">
        <joch>adiencePize</joch>
      </kirverDrupaQuadrae>
      <adalat stootSpinode="weeweedRakitShuteye">
        <xxivMaamQuinsy>oozier</xxivMaamQuinsy>
      </adalat>
    </phocidCoreyLong>
    <joyanceFaery>
      <prankedGansy>bindi</prankedGansy>
    </joyanceFaery>
    <gutwortEarn>
      <ephebosOverlet>9293056</ephebosOverlet>
      <cardersZinky>
        <bombolaMuzjiks>hecklesOzan</bombolaMuzjiks>
      </cardersZinky>
      <wipe>
        <agoneActives>bokomNefasClicked</agoneActives>
      </wipe>
    </gutwortEarn>
    <justoCoccoidLady>
      <queryDeuzanImmerd>hvy1</queryDeuzanImmerd>
      <zeesOpeningLabials dwarfedCoupons="yardingArgeers">
        <comfortSpauldCanine>talker</comfortSpauldCanine>
      </zeesOpeningLabials>
      <zillsQuiapo antigunPhonily="10592631">
        <prissy>kupperEcrus</prissy>
      </zillsQuiapo>
      <refreshWirierMissed>
        <coprasInducedGalas>adeonaPencels</coprasInducedGalas>
      </refreshWirierMissed>
      <kazakInfangZolaism upbotchJembeUnably="769696">
        <buraoEmunctCougar>sankhya</buraoEmunctCougar>
      </kazakInfangZolaism>
      <phrynid yawnedBibbMunge="47327381" cannelsNoneYuma="whine666">
        <boletusJunkersPaddies>74</boletusJunkersPaddies>
      </phrynid>
      <sawfly thirlPompons="duskierPeeSwish" solderQueenly="shaderUnnZiti">
        <cantara>sallMarinesKindred</cantara>
      </sawfly>
      <drug fokkerSportyBlare="charkedFontlet" terretIxiama="friskerFurmity">
        <widowBec>mendeZeiss4</widowBec>
      </drug>
      <pealed gyro="neustic605">
        <nascapi>jolter</nascapi>
      </pealed>
      <wizardEtching>
        <onetimeOutbeam>unroastDuotoneTorment</onetimeOutbeam>
      </wizardEtching>
    </justoCoccoidLady>
    <niacin>
      <isleted>675</isleted>
    </niacin>
    <soapingPsig>
      <careyVassalCoedit>lucibleGossipMaloca</careyVassalCoedit>
    </soapingPsig>
    <sanggilDanklyGazee>
      <tandour>sintu</tandour>
      <megilpsNickyDiwata sitkanScomfitDora="siennasFlump" stoterSkyish="jarraZufolo">
        <aitsEskerSalse>jeton4284</aitsEskerSalse>
      </megilpsNickyDiwata>
      <bonaghtPorkers conjurePneumeGrover="lierneVersual951">
        <libinitCrinumsPax>grakle</libinitCrinumsPax>
      </bonaghtPorkers>
      <capone>
        <meatilyPupas>74</meatilyPupas>
      </capone>
      <fatwaNatalHoggie>
        <foeture>431062833</foeture>
      </fatwaNatalHoggie>
      <morsureHeroess jorramTrawler="outechoSlashyWordish16">
        <powterCritch>crucheNuntingDecrypt</powterCritch>
      </morsureHeroess>
      <sterletUpland>
        <pilfer>andarko</pilfer>
      </sterletUpland>
      <caplinPattuBirddom helixinBloused="neeborFawners" filazer="54337">
        <wahabitBlurrer>equidPretireCult</wahabitBlurrer>
      </caplinPattuBirddom>
      <unfetedShikraCpd semilogCoifVirific="emetiaVerbumExhaled">
        <picrol>sigrim</picrol>
      </unfetedShikraCpd>
    </sanggilDanklyGazee>
  </forumsMalanga>
  <chocaRecheckUpbeat>
    <plaitAbohm sextons="74498544" yodelsGrecaleAngevin="anselmCoeds" eoanFrizStruth="selfismVirtued">
      <dublinDiverbBuoying>75</dublinDiverbBuoying>
      <hillockApologPondlet cutikinMiched="abregeWailing" peppersTaataBerakah="24360">
        <shannonNinut>cerataSkelf</shannonNinut>
      </hillockApologPondlet>
      <engler doab="51860594" gipsyry="bescurf">
        <ostryaConuzeeSeeable>blabbedClamber</ostryaConuzeeSeeable>
      </engler>
      <jon potsyMyriareMatted="flowk933">
        <clodsBaulkedCannel>isolineAlasasFriggle73</clodsBaulkedCannel>
      </jon>
      <harbor>
        <wencherYarlyNuke>2726722</wencherYarlyNuke>
      </harbor>
      <dari>
        <nosierNogginsRazeing>lucaniaDracoVomicae</nosierNogginsRazeing>
      </dari>
    </plaitAbohm>
    <jenniesMeeth>
      <granola>aldazin148</granola>
    </jenniesMeeth>
    <belgas>
      <shafterLongeeFuseau>steamyTornDryads</shafterLongeeFuseau>
    </belgas>
    <arupaCholers>
      <gawpLastex>848696</gawpLastex>
      <fractal>
        <quothaWitship>flocksDuskishMisrun857</quothaWitship>
      </fractal>
      <yezzyCornic housalPleurumAssurge="cubasTunga" whalyKarakaPeenge="simitarAzygousRompers">
        <sprawlyMerce>1445</sprawlyMerce>
      </yezzyCornic>
      <benamedPenultCatkin riddle="bushwasUnwofulGulley" luffJib="farmer">
        <toorieHitEunice>renigWaglingDisegno</toorieHitEunice>
      </benamedPenultCatkin>
      <caromMaize fanwortTightenMilo="goyim">
        <bimastyThirstyMoksha>58</bimastyThirstyMoksha>
      </caromMaize>
      <lilium>
        <cantabGenom>schmoesUrazin</cantabGenom>
      </lilium>
      <waivingJowterUpridge kangla="peateryHunkers">
        <broguedOncin>diglotLegmanStashes</broguedOncin>
      </waivingJowterUpridge>
    </arupaCholers>
    <jazeyDauriForamen>
      <lodenSneeSandbug>fausantBottledAmbital</lodenSneeSandbug>
      <carajas numdaArgine="32891001">
        <kamahi>1963</kamahi>
      </carajas>
      <farfels stumpHyporitEleme="modest">
        <rubigosArrased>609</rubigosArrased>
      </farfels>
      <moraineGashly iodeCoasterTaiwan="chook7" museBos="745575">
        <haltRumb>deliesBowshot</haltRumb>
      </moraineGashly>
      <sacsSurmiseNpfx climbsUniateForget="citerWhydah9" hexagonUnzipsWroke="mayanceNevadanSpate">
        <factfulPcfGesning>296766</factfulPcfGesning>
      </sacsSurmiseNpfx>
      <pepsinKol>
        <suppnea>flamfew</suppnea>
      </pepsinKol>
    </jazeyDauriForamen>
    <yede>
      <seenuSploshy>87</seenuSploshy>
    </yede>
    <drung>
      <oppida>289882842</oppida>
      <peonizeLicenseSeek fivebarYabbi="leaderAffray6">
        <austereGladite>hyraxes64</austereGladite>
      </peonizeLicenseSeek>
      <pothuntAmbages swimsGallySteptoe="whimmy10" alloFoxy="18101">
        <fondantWeldersRull>9936472</fondantWeldersRull>
      </pothuntAmbages>
      <fillip shederWaar="9588">
        <inowerKettyVideo>dadAlarge</inowerKettyVideo>
      </fillip>
      <skedDroumy barrio="primaryAshler" sennetCrenelePurbeck="searce">
        <nectronVernixCulpeo>lakesMothierTorture</nectronVernixCulpeo>
      </skedDroumy>
      <pugetBushieRubbee>
        <ket>marrock</ket>
      </pugetBushieRubbee>
    </drung>
    <oleine nitwit="herba">
      <saronicInket>thoral</saronicInket>
    </oleine>
    <complyStreite>
      <crocardOvibosNangka>73109</crocardOvibosNangka>
      <grays pithing="festyVietnam2612" rigol="trappedUskaraDonzels">
        <suasionBlouses>bhadon</suasionBlouses>
      </grays>
      <tasajo dnieper="4802" slit="warwickSinlike">
        <mantisTokes>jedBuccaTampans</mantisTokes>
      </tasajo>
      <sugarPaybox>
        <urbianNagana>yidsCabGardeen</urbianNagana>
      </sugarPaybox>
    </complyStreite>
  </chocaRecheckUpbeat>
  <bowingsArabic newish="socketSturineMolls" robleBrinjalCyder="turgentWays">
    <nambeVarsha>
      <typedAgneaux>4561914</typedAgneaux>
      <cebineBacheDormers>
        <ulcers>emptins</ulcers>
      </cebineBacheDormers>
      <rehash rosaceSuldan="eleven">
        <gulchCampers>reversiBamsDistoma</gulchCampers>
      </rehash>
      <cagn>
        <brocageWarrauBidry>laughy</brocageWarrauBidry>
      </cagn>
      <turkle unspike="unioidSubersHicatee">
        <uncheatReuelMarx>cycledPiewipeKleig</uncheatReuelMarx>
      </turkle>
      <kadeinJivedBion>
        <irked>dosadhMayfair643</irked>
      </kadeinJivedBion>
      <uncream>
        <bonbonsSoeverOdessa>mizzenShored</bonbonsSoeverOdessa>
      </uncream>
    </nambeVarsha>
    <neemMuddledPeytral>
      <carates>loopersIodins</carates>
      <somehowWhap>
        <cogidaFencer>synoecy739</cogidaFencer>
      </somehowWhap>
      <bodoniBravish aeacusAnilidBoccaro="197910" dauding="ticul4">
        <rayaOutbegsBaldwin>861700623</rayaOutbegsBaldwin>
      </bodoniBravish>
      <wavesonLucanidHybla tiger="trellis">
        <pronateEpioticMythize>20</pronateEpioticMythize>
      </wavesonLucanidHybla>
      <narcosDickeyChama>
        <expert>gossLivetinHackers</expert>
      </narcosDickeyChama>
      <gittith allergyFanout="redyeStoic">
        <goupin>treadsUnwaved</goupin>
      </gittith>
      <oleinOhiaFulham overarmAbohm="havers" slickZendoMasker="nausityFetwaKnap233">
        <flips>roller</flips>
      </oleinOhiaFulham>
      <cheeredWhuskie>
        <daseDufoil>10733242</daseDufoil>
      </cheeredWhuskie>
    </neemMuddledPeytral>
    <tacit friezerDemoteBiter="beeline">
      <natterHiverHaum>plumadeIlongotHires958</natterHiverHaum>
    </tacit>
    <skiftForhowDoo lockjaw="7274" extanceWinyGusting="erucOutspanUnget" wahehe="sunways">
      <trueMinicab>bourdon</trueMinicab>
      <halePayaguaSmarty>
        <priodonExempliQuizzee>privant</priodonExempliQuizzee>
      </halePayaguaSmarty>
      <roakCutesyIronize>
        <secessGiddap>abhenryMohurs</secessGiddap>
      </roakCutesyIronize>
      <seedletEviller wampEphelis="mullionLettiga">
        <goujatKlutzesRandle>11509767</goujatKlutzesRandle>
      </seedletEviller>
    </skiftForhowDoo>
  </bowingsArabic>
  <stueNaeAmazer houdahs="cultiCosUnbled" nickelEstufa="refroze" gaysome="gnarsChelp" />
  <jardin gladenEffatumFrab="lyticUsationIve">
    <oremusCalebPeppery>
      <dourasRafe>uloncus</dourasRafe>
      <thulr cratonRisers="slavianTyneTwale">
        <egged>hostelsAgoutaTonnage</egged>
      </thulr>
      <eulerStirkInulins>
        <utherConreyVernage>mimicry</utherConreyVernage>
      </eulerStirkInulins>
    </oremusCalebPeppery>
    <marRunkledAgaces>
      <postinsPathwayWhipcat>320</postinsPathwayWhipcat>
      <weanoc>
        <ajitter>swingBarani</ajitter>
      </weanoc>
    </marRunkledAgaces>
    <succussMammiesNewly>
      <guardee>bogwortDiadic</guardee>
      <nullahsPearsFers>
        <spooks>8112</spooks>
      </nullahsPearsFers>
      <cotwist mazurObelizeTosher="977" taperyApios="spencer">
        <poringPealike>bodega</poringPealike>
      </cotwist>
      <arsleDiskos eastedMidpit="1" pulvini="87109">
        <leveselWhame>dobroesVadium</leveselWhame>
      </arsleDiskos>
      <reboard flinderAtropin="flipeGruyere" philtra="delapseSelfdomScared">
        <dunches>leguanCajanusStuck</dunches>
      </reboard>
      <finallyNore sepsinLaminar="byplayDoitkin">
        <sambhar>gobbingComae7</sambhar>
      </finallyNore>
    </succussMammiesNewly>
    <milium>
      <archeTofore>651</archeTofore>
    </milium>
    <metochyBeakier>
      <bigener>yetlingKabobs</bigener>
      <insumeThrees>
        <wleccheMujeres>baghdadBreederSecos</wleccheMujeres>
      </insumeThrees>
      <triningDistrCheve>
        <fedayee>grassieCerineNanosec</fedayee>
      </triningDistrCheve>
      <thuyas kasherSofia="awakensShieldNaled" malonylAutonymMend="88418619">
        <yeans>waffled</yeans>
      </thuyas>
    </metochyBeakier>
    <sapele>
      <thoomLithiaAnnotto>carpalMerlonsCabins</thoomLithiaAnnotto>
      <steles osculesKumykNosh="floodEcoute" grushie="wifeletPastoseFurling">
        <crack>swarajSwishes</crack>
      </steles>
      <mermenWavily fleetedGalerum="chlorinAblestJoggly">
        <nambe>bulwarkSalinas</nambe>
      </mermenWavily>
      <bonedSoupled>
        <earldomFresne>choosyUrinant</earldomFresne>
      </bonedSoupled>
      <sassanPeachyMachaon nodicalRupaWynne="cockupsBespeak43" mirths="maniniOspreysLupines729">
        <urnalWimbledSutras>lockingPrewrapHuge80</urnalWimbledSutras>
      </sassanPeachyMachaon>
      <popperBapAddicts wrager="27" numidaeOphioidSnugly="unbear67">
        <rannel>gemman</rannel>
      </popperBapAddicts>
      <malady>
        <bicorneParpendHighted>rayonnyMagiricMutules47</bicorneParpendHighted>
      </malady>
      <heyghDlvy>
        <orlChawsAweless>upstick</orlChawsAweless>
      </heyghDlvy>
    </sapele>
  </jardin>
  <pokers>
    <crepeyWodeUnta paccha="5079312">
      <roundOeuvre>94575</roundOeuvre>
    </crepeyWodeUnta>
    <emusElodea>
      <figura>kodro</figura>
      <buddhiSpitkitYook cawsSollar="assert">
        <hewholeMidband>zaggedCougarDampen</hewholeMidband>
      </buddhiSpitkitYook>
      <drifts citydomEntad="bowsed">
        <upswung>mobulaMalthasRallyes</upswung>
      </drifts>
      <shatPurlinAxile>
        <averia>koaEmoted</averia>
      </shatPurlinAxile>
      <drubDzo>
        <animoseGisantDoeuvre>apiiRerubGahnite</animoseGisantDoeuvre>
      </drubDzo>
      <swung glirineShideLaquei="outpeal" zoology="gazetNoires">
        <innateRissel>147216</innateRissel>
      </swung>
      <noondayTessara eluder="megilpEcdysisZobo" chukkerPuntoBoo="outride142">
        <lichtedEgomismDomal>repope471</lichtedEgomismDomal>
      </noondayTessara>
      <recool elderCotty="upthrow" aridgePottosTunnit="until">
        <pilaffsChukka>40873</pilaffsChukka>
      </recool>
    </emusElodea>
    <intnlCoronal>
      <futuralAgeingCml>55</futuralAgeingCml>
    </intnlCoronal>
    <amidinTariffsRambled>
      <endrinFarina>shrisKookri</endrinFarina>
      <uphealVirificJabers>
        <unplug>slaggyBabiismVivandi</unplug>
      </uphealVirificJabers>
      <exarch>
        <dewaxesUgrianDampish>siloOdel</dewaxesUgrianDampish>
      </exarch>
      <linseed>
        <tzetzesNoncon>maracanHaltsOvampo3843</tzetzesNoncon>
      </linseed>
      <papayasMegohmOrnis>
        <achate>deiridStales</achate>
      </papayasMegohmOrnis>
      <kras>
        <advaita>conyger</advaita>
      </kras>
      <pubianKandolBolshy kleagleIndylic="mongerBanquetXoana">
        <gleamsOregoni>dumpokeHiphape572</gleamsOregoni>
      </pubianKandolBolshy>
      <unhave welkGrasni="lager9665">
        <swishesPaletotOreman>fretish</swishesPaletotOreman>
      </unhave>
    </amidinTariffsRambled>
    <sericon>
      <myrrhOleums>abjure682</myrrhOleums>
    </sericon>
    <abiloPensterMurshid gasket="snapper">
      <megafogExpos>norardEnglGaiassa</megafogExpos>
    </abiloPensterMurshid>
    <rekiSublid hailedTunnor="isotopy" swarty="marthaReleaseUndug" osteomeSarcleTigers="wesselFlashlyWhipt">
      <clamper>clottedUnfile6</clamper>
      <iachimoPanicalTussers cabrito="sunbowBangedMackins" oxtersGaddi="awls">
        <ruff>outcook392</ruff>
      </iachimoPanicalTussers>
      <shorans>
        <bemired>ketonesPholasGalagos</bemired>
      </shorans>
      <pioxeCygnid selenaLoyal="quaggaDryness" hedonic="ligneHiked546">
        <woadTossy>certainCarisa</woadTossy>
      </pioxeCygnid>
      <dumbleHelios ilaElanceWrens="wigletSyndicsPyjama" bringsCodlin="thrave">
        <stoodBillmenHabutai>spherySinitic207</stoodBillmenHabutai>
      </dumbleHelios>
      <incavo lurersLegenda="slumber">
        <patineJure>potator</patineJure>
      </incavo>
      <betwitSchizo searestMizzy="desireBraizes3" stingsResight="yearnerPensees">
        <apneic>suraminDefense</apneic>
      </betwitSchizo>
      <epergneWifedomTrajet>
        <exarate>875922</exarate>
      </epergneWifedomTrajet>
      <capelanAroUbussu scaniaKilhigUrges="guesserBridgetMahatma" pishaugUdaller="hubbob">
        <lijaWabuma>style</lijaWabuma>
      </capelanAroUbussu>
    </rekiSublid>
  </pokers>
</sultane>