<?xml version="1.0"?>
<chunkedAltumalMacron>
  <longishLid vitreanHusheenUncream="aged" sillyBiggAwful="bostalEnglishRyotwar45" reboltGoteDansk="colateManitos" />
  <unkemptGastsSpanker quat="djaveMuskone" bards="41018666" sublongPreboil="tarlies" triops="10272">
    <unrigHuffy babydomCoals="rerope7">
      <bidriYoxAllies>nudisms967</bidriYoxAllies>
    </unrigHuffy>
    <suldansDrapetTuyer>
      <rumps>trireme</rumps>
      <palkeeTusking>
        <bugaraLowlifeInmate>hdqrsBesting</bugaraLowlifeInmate>
      </palkeeTusking>
      <rheniumBelightAssist>
        <scentMahonia>cakyMakar</scentMahonia>
      </rheniumBelightAssist>
      <compartExcuseMcg>
        <hayingTindCal>nassau</hayingTindCal>
      </compartExcuseMcg>
      <torpex judoka="gingivaKoilonSou" develop="krubiZipping8">
        <durityAntevaItemed>633651172</durityAntevaItemed>
      </torpex>
      <kellysOutdare synodicOeuvres="374" quaw="94964">
        <woolJobarbeChuted>942240539</woolJobarbeChuted>
      </kellysOutdare>
      <tempean aloysiaAmaistFixion="orihon" lipins="decreerConchyNeuron">
        <mimidaeUnwanNiobous>laptop</mimidaeUnwanNiobous>
      </tempean>
    </suldansDrapetTuyer>
    <seisms>
      <ahmadi>cartesOrlon7</ahmadi>
      <needily coingRehoop="348872816" prewire="bumbelo">
        <fustyCorchat>coccoidThwack</fustyCorchat>
      </needily>
      <defiesCrappyHuffler aogiri="addita" gassedSubacidAmman="68927929">
        <reviverJackboyMolts>mutatorOsteoidWimick</reviverJackboyMolts>
      </defiesCrappyHuffler>
    </seisms>
    <lor kurbash="suable">
      <lophinWingingSculk>cuplike</lophinWingingSculk>
      <ferlieEscars ermaSolonicQuasars="sunniah7" dovensTenezMezuzot="wardian">
        <markmenArcing>goonchBled</markmenArcing>
      </ferlieEscars>
      <hulloesAlish normans="gullish" culicesMarinerGroomy="galeasLooterSnooker">
        <beshodTremens>latimerTiniest</beshodTremens>
      </hulloesAlish>
    </lor>
    <lothly>
      <scaletRhedaSullens>76</scaletRhedaSullens>
      <artizeLevyTilters apicialGuardsGaffed="eroseDuctal" wallahSottedPratty="927">
        <secpar>twangSeorLaugher5408</secpar>
      </artizeLevyTilters>
      <ischiaEntireSuid>
        <dasyusGutti>81600726</dasyusGutti>
      </ischiaEntireSuid>
      <ouranosAfrownTens>
        <miseHugsome>feyer</miseHugsome>
      </ouranosAfrownTens>
      <skanceStoreysOocyst etuveStumble="buglesCumquat">
        <reginAcosmicDung>zarnec</reginAcosmicDung>
      </skanceStoreysOocyst>
    </lothly>
    <enchaseMumness wielderPigman="280" acharSicaniAdinole="cool3">
      <grannySumpsPitpit>mezquit8</grannySumpsPitpit>
    </enchaseMumness>
    <canzonAromaRoutine>
      <pokyFeyness>pigsneyAbigeiMuscovi1969</pokyFeyness>
    </canzonAromaRoutine>
    <wedgyHalvansRamular>
      <hyposProwerAmalett>255</hyposProwerAmalett>
    </wedgyHalvansRamular>
    <afghansUnanime remanieCombyBohunks="duluth" alveoleBracken="carrys3">
      <unpentFullom>666308</unpentFullom>
    </afghansUnanime>
    <tirritDishyBratina>
      <clart>184</clart>
    </tirritDishyBratina>
  </unkemptGastsSpanker>
  <avell anibaAlongNorway="9468754" encloseLoketSacae="mikeyEflMaestra" ebcdCubbingCovisit="agraceTawnleProclei" lewistDoupionAworth="meteorsGaskingCarrier">
    <hallels>
      <domicalChayoteTurgoid>aldernBajuryPanaman50</domicalChayoteTurgoid>
    </hallels>
  </avell>
  <alikeBleedSpret zeePicoid="sonraiAbyssalLuian" puslike="celtPangiLazies">
    <omahas>
      <pistonToile>sueyDigging98</pistonToile>
      <joukeryClattyOno tunisiaAmole="poplarsElevato" beslowNinaElevon="yellowyVarioleImides5027">
        <marlier>491432652</marlier>
      </joukeryClattyOno>
      <marasMondaysTarmi>
        <pelotaHebeteSpeeds>pyrroylLyings4</pelotaHebeteSpeeds>
      </marasMondaysTarmi>
      <tilthsGleneMunic>
        <espigleSlavize>bravers</espigleSlavize>
      </tilthsGleneMunic>
      <kishAuritedPunkin tyraminBondmanArrect="kaloSkegCelite">
        <daphnidAwelessOchroma>5134980</daphnidAwelessOchroma>
      </kishAuritedPunkin>
      <flemeBandyFloret unking="harpoonMosTennis858">
        <gurgeon>apogamySwinery</gurgeon>
      </flemeBandyFloret>
      <laystowPolyactEngird>
        <mus>khalsahUsarPollet727</mus>
      </laystowPolyactEngird>
    </omahas>
    <boltinFinks zereba="silkedYuruna">
      <secpars>verged</secpars>
    </boltinFinks>
    <rutch>
      <pasang>mutillaCofinalParamo</pasang>
    </rutch>
    <boyce>
      <hemalYeastedExtima>almsfulYakala</hemalYeastedExtima>
      <vocabCoshed picolinDivasCubed="dilluer">
        <waeness>copsBeebees</waeness>
      </vocabCoshed>
      <bruke>
        <paupersReshear>exilingHempDaun</paupersReshear>
      </bruke>
      <bristle reclasp="9029110" zombies="prick">
        <fondlerZooids>cooleyInspect</fondlerZooids>
      </bristle>
      <lakinJamaRudd carotid="potass7" overate="vernonBraataRedia">
        <luba>brushedGlaucus</luba>
      </lakinJamaRudd>
      <waget potshot="soilureLaissezEddie" iodizerMucago="60828940">
        <dancerLodeFrecken>cassis</dancerLodeFrecken>
      </waget>
      <penestFlyless clatsopNorgineTrilobe="evovae99" marled="gonyRelong">
        <renigs>corpus</renigs>
      </penestFlyless>
      <bighornVowsonTehsil bemolFleered="hiphapeBecher" durzadaWrapt="cymtiaFathoms">
        <wadmal>diaeneAssyriaChiurm</wadmal>
      </bighornVowsonTehsil>
      <etrierLepageCreeky acorn="falcons" queerySaxon="intireGulixConfact">
        <caccias>duellerOutfootSpoorn</caccias>
      </etrierLepageCreeky>
      <lingot sinderPyranylEmarcid="1624052" marses="warmanTimeousAhull">
        <limyTwilt>exhort</limyTwilt>
      </lingot>
    </boyce>
    <cleftChagga>
      <bossdom>sunroof</bossdom>
    </cleftChagga>
  </alikeBleedSpret>
  <topfullGemsbokTassard dunlinIdist="fines">
    <aspergeMalduck>
      <aspisesAcceded>doubDracinDewless954</aspisesAcceded>
    </aspergeMalduck>
    <fishwayVapoursShantih>
      <dukeDociousFrizing>137632832</dukeDociousFrizing>
    </fishwayVapoursShantih>
    <cobolaDredgedSlayers>
      <delving>kintry</delving>
      <openedIstoke>
        <geranicTereu>kurdAludraTownee</geranicTereu>
      </openedIstoke>
      <crustCaffoy utilityVinceZooty="roneBatton">
        <hellcat>954</hellcat>
      </crustCaffoy>
      <page>
        <tertiumLedsTerbia>173</tertiumLedsTerbia>
      </page>
      <vexfulGoateesNosairi addyWhaupPoybird="unfusedOosNext">
        <grog>46</grog>
      </vexfulGoateesNosairi>
      <panure>
        <borishOvampo>repineCussos</borishOvampo>
      </panure>
      <kulmetLuxatedStrove grenierSpinor="954795" spooksEquison="162115637">
        <unavianBecurse>cantaraOlympiaTinkle5</unavianBecurse>
      </kulmetLuxatedStrove>
      <tallyhoHutch>
        <tonsile>scantsEscortThyiad</tonsile>
      </tallyhoHutch>
      <augustAmante trovesCollaud="81324" readerSlakersQuadrae="sisVernine34">
        <cecaGayyouSalves>505206937</cecaGayyouSalves>
      </augustAmante>
      <vrilleRitards>
        <siccaBantamSixmo>3</siccaBantamSixmo>
      </vrilleRitards>
    </cobolaDredgedSlayers>
    <unsmart>
      <frouzy>lirellaIrving</frouzy>
    </unsmart>
    <chaitBhaktas>
      <hesVouchedTailet>apteriaGalagoTending</hesVouchedTailet>
      <gunyeh intone="wicopy" autopsyLancetsEvened="boxbushDiatoma">
        <olorosoBeclout>59</olorosoBeclout>
      </gunyeh>
      <lilesJester gyppingBromusMisstop="tonletsTruffle">
        <fowlsZulus>bonism</fowlsZulus>
      </lilesJester>
      <qtoTreads>
        <rottleAgamis>campusRedtail577</rottleAgamis>
      </qtoTreads>
      <amesace zulusDyphone="clarinDeringaZonate" haughtyBuffle="unwill">
        <untwindTissued>ramrodsBalksGangly</untwindTissued>
      </amesace>
      <canton>
        <miasmCarnies>galoots</miasmCarnies>
      </canton>
      <selffulProlans amarna="gamed" dauby="floorerAttestsAphylly">
        <cetyl>kellegkOutsins</cetyl>
      </selffulProlans>
      <leeks disagioCantoonGecko="hatelDitaliWeedow">
        <rethawSwashed>sawsUneatedPawers</rethawSwashed>
      </leeks>
      <bushersQuatuor readiesDiking="liturgy" nourice="fordoUncalmBowable">
        <widdleDundee>billetyFisnoga</widdleDundee>
      </bushersQuatuor>
      <subahsAlamedaOusts pinging="56" irkGragersTairger="2">
        <picrateNomine>dowriesNunniFonds</picrateNomine>
      </subahsAlamedaOusts>
    </chaitBhaktas>
    <tinc cameist="48268">
      <ster>honestyWicks</ster>
    </tinc>
    <mosesGadling>
      <abkari>skilledMopeder</abkari>
    </mosesGadling>
  </topfullGemsbokTassard>
  <swapeWagogo>
    <deviseDowl>
      <moldier>bagmanGnome</moldier>
      <sealineTeguriaSaiva>
        <phantomCrudy>shapersPotting</phantomCrudy>
      </sealineTeguriaSaiva>
      <impones zeguha="abtruse" overbit="auspexRollbar">
        <bunkerRadicesBien>chipletTiver8265</bunkerRadicesBien>
      </impones>
      <fadoVaporedBoulimy custos="whangamRerob4353" dunnockDedimus="catlikeRivagesCaverns">
        <tahrOutyelpAdduce>wandy</tahrOutyelpAdduce>
      </fadoVaporedBoulimy>
      <ficaIntuitoMoose respiceVaunted="frack" awmousAbuser="pinardForetNisi">
        <pickman>briefed14</pickman>
      </ficaIntuitoMoose>
      <foveaeEphebos>
        <squamaeFacksCalumet>supportSarcine</squamaeFacksCalumet>
      </foveaeEphebos>
    </deviseDowl>
    <moodsSellerGuiles varusCenturyIdleby="havanceRectrix" loucheGonging="770496779">
      <deafensDrags>missentSiryan</deafensDrags>
    </moodsSellerGuiles>
    <guiacOrthic>
      <comake>soddy</comake>
    </guiacOrthic>
    <rendConicalLeander>
      <slive>63823732</slive>
    </rendConicalLeander>
    <beluchi>
      <vidry>cattingCaserioParra4</vidry>
      <palletsGluier>
        <tandourSwaging>limpingJigsawsGanges</tandourSwaging>
      </palletsGluier>
      <pruned drengh="bromos">
        <ochroma>7981</ochroma>
      </pruned>
      <tripeAbseils rowtMammiesNepal="nobbut39" vavasorSidearm="amycticPaddiesGeoty">
        <onagersAbluent>ahab</onagersAbluent>
      </tripeAbseils>
    </beluchi>
    <jesuistDamaged>
      <loonsLiesh>8</loonsLiesh>
      <tingedVisits haggingKyatTrigae="knowersFleshForride">
        <proximaZadruga>epheboiArchonsAmices</proximaZadruga>
      </tingedVisits>
      <maidiePineLese bing="whorlsPanfil220" nexalUpbeats="aidenn">
        <molave>sma</molave>
      </maidiePineLese>
      <demitsNoduli>
        <aeq>girbaBabbleBouch</aeq>
      </demitsNoduli>
    </jesuistDamaged>
    <buoyageBummed>
      <maniocs>migrant</maniocs>
      <hallows>
        <stanek>coctionOligist</stanek>
      </hallows>
      <charely>
        <socotriAbedeRubrify>678852842</socotriAbedeRubrify>
      </charely>
      <dingiesSecured>
        <refAdigheSealant>486063133</refAdigheSealant>
      </dingiesSecured>
      <vesanic personaBeryls="phatDirianLiefly1" shaversLaccic="louvar">
        <sludder>elec</sludder>
      </vesanic>
      <outcastPint>
        <bantengRicinUnclasp>jerkBatfowlNarcs</bantengRicinUnclasp>
      </outcastPint>
      <teliaAssured>
        <claroes>2772</claroes>
      </teliaAssured>
      <dryasRagefulArgil pushes="affretGashTaisho" itai="chude">
        <neossinLotongCrux>6275</neossinLotongCrux>
      </dryasRagefulArgil>
      <menfolk brotherLidless="acoinGobbinCacaxte">
        <bongosCinene>dinglyReseenStomper</bongosCinene>
      </menfolk>
    </buoyageBummed>
    <barkerAikMilium tubule="brokeryEggars" amyloseMinery="arzawaLegatiTogaed3373">
      <alcyon>tuzaGumbyScaife</alcyon>
    </barkerAikMilium>
  </swapeWagogo>
</chunkedAltumalMacron>