<?xml version="1.0"?>
<tombackBesoil>
  <goadAdetUnowed breach="pitfoldFascineWitword" ulmariaWichita="938" uredoFossate="1983154">
    <cajonesParvise>
      <salvoSottageKairos>avestanMignon</salvoSottageKairos>
      <objectWadmel imagine="24869">
        <roundyNeutersCuratel>extendEnsient</roundyNeutersCuratel>
      </objectWadmel>
      <kayvanCoit yallowExultsOverman="251081" visardsRozzersFlamed="resewed">
        <hawkedNumbsGauzy>outherSinkersUtch</hawkedNumbsGauzy>
      </kayvanCoit>
      <convellBuqshaXenons widu="hamlet">
        <crevassPaxesPared>strobeBoronDrench44</crevassPaxesPared>
      </convellBuqshaXenons>
      <bemaAmorosoMetaph>
        <pagrus>powder</pagrus>
      </bemaAmorosoMetaph>
    </cajonesParvise>
    <furorRelayer freestBatussiPiatti="unberth4">
      <adenoseMullahItch>safenBhadonHeavens</adenoseMullahItch>
    </furorRelayer>
  </goadAdetUnowed>
  <portendCapreolGeorama fatuatePlower="finnishNeotype" bipedsBisque="altheasCoopts9" />
  <nontaxFrittsAbabdeh>
    <expungeBoser cimaStullsCodline="disringReubMonauli">
      <rerisenAchras>unsling</rerisenAchras>
      <chooseArado>
        <designFats>scrawlySturkUnchid</designFats>
      </chooseArado>
      <sinkboxKachinGis icepickDuali="ixiasStepson">
        <devourUpbay>rhyme</devourUpbay>
      </sinkboxKachinGis>
      <manisRestaur defiant="owed9" crawful="apport">
        <tannicGland>74444</tannicGland>
      </manisRestaur>
      <rivetPapegay decTowmondUncomic="detectUnbled" vihuela="feignedOgygian">
        <rikishaEscots>fossilsLakes</rikishaEscots>
      </rivetPapegay>
      <bowses gasketsFusureStrung="762168548">
        <reivesAscotsSycosis>asramaCanabaSonata</reivesAscotsSycosis>
      </bowses>
      <hydrae hexosan="mickleDerek129" doggerBulwarkMasseur="bowessLollops">
        <priests>365</priests>
      </hydrae>
      <laurels prasineRedroot="altheinTropylInliers" mazamaUltaPaginae="tearoomPaynizeClamp">
        <foxlyJimbo>comic</foxlyJimbo>
      </laurels>
      <saggingWoorari>
        <drony>phonghiPatesi1884</drony>
      </saggingWoorari>
    </expungeBoser>
  </nontaxFrittsAbabdeh>
  <argyles grallae="italiciBriberyCosmo" existMools="baclinPilingBlat" caplanUpgrowsChekker="mountedDarkens1893">
    <defix hotshot="tomaIngene">
      <cymoseVerrell>nolosRoper</cymoseVerrell>
    </defix>
    <kmet atesCoontieVetoed="dawt5445" doab="armet2839" spright="racistTwoesHashy">
      <footy>ppa</footy>
    </kmet>
    <inklikePrimeroMoler crithRasper="961944666">
      <misled>liftersStrewerCleanup</misled>
    </inklikePrimeroMoler>
    <ozonifyWhacksTraist>
      <obsequyMeharisDartoic>507</obsequyMeharisDartoic>
      <bowdenAuxotox upcardCirsoid="santirTataric3">
        <orifice>6612552</orifice>
      </bowdenAuxotox>
    </ozonifyWhacksTraist>
    <succentNumaFeeble>
      <menadAurore>radioedCanines</menadAurore>
    </succentNumaFeeble>
    <nusWartLangaha>
      <yogisBority>ourebisAilingNetsuke</yogisBority>
      <thingEugenieBuys redeal="ketuConniesPurgery2039" isegrim="44592287">
        <pigsEggheadJocu>toymanBashingMafoo</pigsEggheadJocu>
      </thingEugenieBuys>
      <pieton nablusAngelimSauls="kansaBliny">
        <flutersAutosynPiked>60318</flutersAutosynPiked>
      </pieton>
      <suckles ophrysAjowans="arvosNinesAbomasi" teddies="shoot">
        <blanc>solateGreyhenBespin</blanc>
      </suckles>
      <fermeryRobleSwithly>
        <shilhProem>157820514</shilhProem>
      </fermeryRobleSwithly>
      <abeyantCoxes paraphsKabuli="uncloudOecusSynced2">
        <stubbySlosh>17322</stubbySlosh>
      </abeyantCoxes>
      <tingly>
        <usuals>arboreaKilah</usuals>
      </tingly>
      <drowndHoymanBeice vapory="dareall" appalsFafnirDumpler="909">
        <lenSessedSelfful>tumionGonimic790</lenSessedSelfful>
      </drowndHoymanBeice>
      <wemlessMincyClatchy senaryBocksCheloid="blufflyDikdiks">
        <fastedSnorer>prolegs7254</fastedSnorer>
      </wemlessMincyClatchy>
      <hyperonCulch goatishCovertSurrah="7515" digitalProbeer="hiltOppugns">
        <faraon>94606</faraon>
      </hyperonCulch>
    </nusWartLangaha>
    <raffmanDwalmHulas elasticMulierPottagy="enleaf">
      <taller>rootsJordenFreed</taller>
      <cartonMatteZoolite didymiaAstoned="yerksSallets">
        <closers>girtDeboiteRadiale7</closers>
      </cartonMatteZoolite>
      <putage buzzy="ampsNumb">
        <pickleHowlets>ruana</pickleHowlets>
      </putage>
      <ftnerrBubonic horBisson="593598795" metazoaFaailkJynx="octanesBootboyUnroost6">
        <farce>pheealHuso</farce>
      </ftnerrBubonic>
      <pearlinCarapusTenails holw="gaiusGilourKentle">
        <silicicTamilic>capperRillyWildly</silicicTamilic>
      </pearlinCarapusTenails>
      <unwaterBumbles>
        <alcaicToller>delict13</alcaicToller>
      </unwaterBumbles>
      <pedageTrebledSpying>
        <shocked>castroBedless</shocked>
      </pedageTrebledSpying>
    </raffmanDwalmHulas>
    <soling>
      <ozonifySalta>ownerLiparid226</ozonifySalta>
      <amobyr>
        <erosesSneapedDraggy>jamboOiledOctette</erosesSneapedDraggy>
      </amobyr>
      <spearyTurpeth>
        <cocuisaAccend>salagoWanion</cocuisaAccend>
      </spearyTurpeth>
      <larickDentil zaffres="dryishLargy">
        <weazenPeulEntheal>flanchLues</weazenPeulEntheal>
      </larickDentil>
      <talpifySettimo>
        <gibesFierteVejovis>13992511</gibesFierteVejovis>
      </talpifySettimo>
      <pastsHeckle>
        <chesset>sandingKitamatSenex</chesset>
      </pastsHeckle>
      <tippledCurtiseMoored paynims="46" sucketBlousyMigg="senecas">
        <morphiaRipplesTritone>24</morphiaRipplesTritone>
      </tippledCurtiseMoored>
      <depsid bestrew="delimit" myrrhLinitisTestily="ryndsGaslikeGourami">
        <givinRabatte>zimbShiftedRankine</givinRabatte>
      </depsid>
    </soling>
    <loma>
      <saharan>5</saharan>
      <gigoloPopper lough="famularAlmahs" akazga="volapieMyelon">
        <bonita>gymnicOffsets</bonita>
      </gigoloPopper>
      <boodlerSpheredRozzer mavensMegara="metreme7447">
        <shapsSparids>94</shapsSparids>
      </boodlerSpheredRozzer>
      <quaisTeabox sicleLuffaBecrush="wolferStunAbdom7195" rigodon="akovHaze67">
        <purinReiving>unionidSweathUnshook</purinReiving>
      </quaisTeabox>
    </loma>
    <apozema phobosNarwhal="35" unshoeDints="syconiaRaffe" staabFrilal="2751">
      <lactoneStrangeVeteran>reached</lactoneStrangeVeteran>
    </apozema>
    <texasesGeomant>
      <tineinaKelpie>20</tineinaKelpie>
      <arborerCouleur>
        <hersedBefOooo>hilding6857</hersedBefOooo>
      </arborerCouleur>
      <connateApaiseBefall crinelOctaryObex="drowteTombal" bagie="68510">
        <ficusSubfaceAlf>937</ficusSubfaceAlf>
      </connateApaiseBefall>
      <commise singeArditoShuls="atweelIndigen">
        <jussionTishriAcrasin>osseticKiotome</jussionTishriAcrasin>
      </commise>
    </texasesGeomant>
    <deavely>
      <jailedQuillonBeyship>taxlessJaseys</jailedQuillonBeyship>
    </deavely>
    <rampier playletUpgirt="galleinSurfie" aslopDicotsMurras="sadesStile" finingLaroidUnrra="178236477">
      <luiseno>creeper1087</luiseno>
      <diddies asor="19315">
        <scance>66876754</scance>
      </diddies>
    </rampier>
    <fraScrauch>
      <kakarCarcoonUphills>zairesPurim</kakarCarcoonUphills>
    </fraScrauch>
  </argyles>
</tombackBesoil>