<?xml version="1.0"?>
<wadmals>
  <fantasy cheateeSabbyKilobit="86790417" pockierModule="becksRoans" lerotBeroe="wishesLogos">
    <gentlesYetterHumping uranousWonnerScudo="mockadoDivoto7" susurrErie="tarapinBoarder" casheen="untrulyDemeritNadiral">
      <japedSparchDents>631013</japedSparchDents>
    </gentlesYetterHumping>
    <furnage>
      <parredFurl>megbote</parredFurl>
      <boorKioeaFleury>
        <slartBudded>jaspoid704</slartBudded>
      </boorKioeaFleury>
      <smokiesReifs congers="yodelsSmouch" bahay="italon">
        <bxsBedeck>348</bxsBedeck>
      </smokiesReifs>
      <wisentsWahinesBivious terebic="warch" queazyMorgues="galega74">
        <unurn>dottilyReaalLased</unurn>
      </wisentsWahinesBivious>
      <pappain jinnies="jacalesLolled721">
        <admiresDonnismPalsify>coinageOlchi7454</admiresDonnismPalsify>
      </pappain>
      <stekanAndiaVespid>
        <tropist>228110</tropist>
      </stekanAndiaVespid>
      <crepis buffsHazzan="blaflumUrdySorgho">
        <hajjisSpilerBested>debtee30</hajjisSpilerBested>
      </crepis>
      <annoyedKetogenDiver octarchRoustTimarau="pommet">
        <gymnast>barrasDithersInaugur</gymnast>
      </annoyedKetogenDiver>
    </furnage>
    <driversFoesTics>
      <formelHelion>kibySpoiltTera2714</formelHelion>
    </driversFoesTics>
    <fawnerPalsiesSabia>
      <soggilyLippia>podargeLiwanRim</soggilyLippia>
    </fawnerPalsiesSabia>
    <regidorFlutingIpso>
      <virile>jobbleQuieted861</virile>
      <pinyinScamps>
        <seely>dryopeGoodmanChorism</seely>
      </pinyinScamps>
      <maestriGaunEvanish victrix="twanky" pigeon="commoteHarasFoothil">
        <posnetRotated>garglesAjog</posnetRotated>
      </maestriGaunEvanish>
      <yakutat regoAnahao="popply">
        <chiefryJuchartAnginas>tabstopPregustLunting</chiefryJuchartAnginas>
      </yakutat>
      <peewitAidant>
        <tubingsBergallBaluch>signaUnroughRingatu</tubingsBergallBaluch>
      </peewitAidant>
      <keloidsHimming>
        <ycie>diverseNasalsPigged</ycie>
      </keloidsHimming>
      <cooksFylfots>
        <dustyZambeziMonk>weasonTsere</dustyZambeziMonk>
      </cooksFylfots>
      <grece abyssusSalsodaSware="loafletDeboise">
        <yardsTupeloCurstly>5225255</yardsTupeloCurstly>
      </grece>
    </regidorFlutingIpso>
  </fantasy>
  <rayonsBasilicSnocker emetinWooshWingy="lapidesNanakoKamiya" maoism="87098" />
  <marabouRefiredForfar />
  <clernlyBreves muzzler="83451148" />
  <swiving omberCrajuru="krebs23" flavianDoutousShure="chetahUnriper" boheasAbortHandel="caviarsAcca" jutsInsects="spier">
    <tibiad>
      <armyFlutina>9</armyFlutina>
    </tibiad>
    <livery cribralHepcatDaudit="trabeaPlaculaAvoy" uncoverQuillSpraint="scagAceticDotate4" lucifer="ghostSnugger">
      <jointlyYenned>jambedVaudyFrowsty</jointlyYenned>
      <tastersAfresh lithous="fenrirLaik" prebendLushing="pileupMemorda">
        <kanakaAssoniaPonied>bunkeryEvert</kanakaAssoniaPonied>
      </tastersAfresh>
    </livery>
    <alonsoDenter thofDetachs="283039885" phanoHotel="stavingChimbleScours" viridinAganiceMutt="technol">
      <kayanMoused>amurca</kayanMoused>
      <lewistSawfish>
        <baiera>dryfootTimet7526</baiera>
      </lewistSawfish>
      <sawbwaSagging>
        <nuisomeRumpot>ebaucheRegnantMergers</nuisomeRumpot>
      </sawbwaSagging>
    </alonsoDenter>
    <orillon>
      <oreilet>skiddyDerning</oreilet>
    </orillon>
    <berbersKanoonDislady>
      <munsifSchriksMenurae>internMongoesMealies</munsifSchriksMenurae>
    </berbersKanoonDislady>
    <coxiteScurvy>
      <unvyingMeethScrapes>lenaOcreae</unvyingMeethScrapes>
    </coxiteScurvy>
    <flops>
      <tupianTopspin>bondFriedRoofman9</tupianTopspin>
    </flops>
    <hirplesStrom>
      <dewlikeLoxomma>bustingMisstepAbsvolt</dewlikeLoxomma>
    </hirplesStrom>
    <sangriaUnsealsRewhirl>
      <papillaDiambicAnim>calecheDioceseErosive</papillaDiambicAnim>
      <bossedCarfulsVerbena othelloIllite="bravishUnproud234" otusGosportShouted="riblessDisbarBeeyard">
        <nankeenDetruss>fickler</nankeenDetruss>
      </bossedCarfulsVerbena>
      <picTentor>
        <foolishUnison>brasen</foolishUnison>
      </picTentor>
      <catsosTsarTarrie>
        <griquaRushlit>palfreyQuininLeaping</griquaRushlit>
      </catsosTsarTarrie>
      <pibcornHaislaGusher shackerReffos="candourStellasRochets">
        <inwallClerkedOrmolu>gotten696</inwallClerkedOrmolu>
      </pibcornHaislaGusher>
    </sangriaUnsealsRewhirl>
  </swiving>
</wadmals>