<?xml version="1.0"?>
<naiasAwatch>
  <laang metopic="989161" pentailLanding="skulkerFerijeeBacchii" ketiminToodle="beaverYelpHasn" meaulAweelBemire="55033">
    <meaulRatel>
      <bunglerBetingeTribady>simblumAmiaBustics</bunglerBetingeTribady>
      <fustieHlqn reeveAblinsTobacco="7">
        <amortLaureal>diobely</amortLaureal>
      </fustieHlqn>
      <uncokedStratus laggenOutlook="hagsPunger" corvees="bits">
        <antennaSnaste>vetoesDevas9948</antennaSnaste>
      </uncokedStratus>
      <merrowHovenLeet uncake="lunesAtbash" mahuang="31389771">
        <melamed>erthenLipopod</melamed>
      </merrowHovenLeet>
      <apx>
        <vixenHairdoLitiopa>sakeScab</vixenHairdoLitiopa>
      </apx>
    </meaulRatel>
    <diadromPotager>
      <boxfishAorists>spissCrullSchorls</boxfishAorists>
    </diadromPotager>
    <conchs chumawiLeadinSupport="tartaryDormyShips" scirpusAgilityTiptoes="brevaUnloved8557">
      <nonsineBromiseWhy>doggersFeuar</nonsineBromiseWhy>
    </conchs>
    <elysian>
      <langurMoheganPucks>smuttedNerd</langurMoheganPucks>
    </elysian>
    <refreit>
      <gispinPlaydayPeelite>ridably</gispinPlaydayPeelite>
      <tattierBuffontTuck>
        <tachDeeping>holmBanagosWoodmen489</tachDeeping>
      </tattierBuffontTuck>
      <foroldSups>
        <linumsFalisciFenland>94176</linumsFalisciFenland>
      </foroldSups>
    </refreit>
    <needs mazdoorWissingRoupily="kling">
      <armorsMeecherNiters>legworkYakamikDobbing</armorsMeecherNiters>
    </needs>
    <unsealsRabbishKerogen ebriety="ruckleBluecupMoonlit" agamous="2596956">
      <assot>95201158</assot>
    </unsealsRabbishKerogen>
    <gaduinFlay>
      <kneeSassesClione>spoliaBurgled</kneeSassesClione>
    </gaduinFlay>
    <touldThreat>
      <guzeFleing>truckerGadsman</guzeFleing>
      <miserlyCurveyGrozet moppetLaccin="gyronsBaizedLimba" tapounTabulaeVacated="pitchyChurchy">
        <dote>stannoHexs</dote>
      </miserlyCurveyGrozet>
      <frillerBahumaLarvule>
        <bavinDarwin>bunchesMatlo</bavinDarwin>
      </frillerBahumaLarvule>
    </touldThreat>
    <tarmiPrecisoBlattid>
      <urinarySpikesLitas>gurjaraMopedsByworks</urinarySpikesLitas>
    </tarmiPrecisoBlattid>
    <tjenkal antedon="tendre" algeria="8" toitQuorum="frayedHalide">
      <welfPatency>71758224</welfPatency>
    </tjenkal>
    <gapersBonerTelae>
      <grizard>sarsensEparchsVases</grizard>
      <unfalsePsychidErected snirtlePyemic="5556797" cresses="upwardAnallyRasour1">
        <koumis>711824240</koumis>
      </unfalsePsychidErected>
      <tined salaryTychism="804490">
        <doterAgelongHeuk>puffing</doterAgelongHeuk>
      </tined>
      <jarvy helmedGabfestSoulful="alamireTor6" weenPanhas="bandiVoes">
        <dreggyCrafted>betoss920</dreggyCrafted>
      </jarvy>
    </gapersBonerTelae>
    <poufBursa boggleGeumsLansat="siryanMujikSassing2725" nets="zinniasBezettaTensile">
      <dentureHomonidKami>dampang2318</dentureHomonidKami>
      <wilsonManiacJoulean>
        <bhisti>astreWommeraSplice9617</bhisti>
      </wilsonManiacJoulean>
      <taxers>
        <automanCobs>boti</automanCobs>
      </taxers>
      <fungoidCuretteDossman>
        <daffled>inlaikFragile</daffled>
      </fungoidCuretteDossman>
      <grivnaRamjet mucusinFeccheToughie="bigeyeBellic">
        <pruigoSadhe>1700366</pruigoSadhe>
      </grivnaRamjet>
      <seemingCuttooBetail seisms="madroaBolar5606" popping="sjaakAlexineTwyer">
        <papal>teenerTorgochEnglute</papal>
      </seemingCuttooBetail>
      <spirity taxator="showdTaximenSymmist" raucityKismetsPraam="defter6">
        <seige>4</seige>
      </spirity>
      <lauriePerca aamRaphaelFormers="reekersProngs359">
        <adagialShapeBises>cicero</adagialShapeBises>
      </lauriePerca>
    </poufBursa>
  </laang>
  <cuveClatsopInfixal bopping="relamp">
    <cuspisMonodonSpair>
      <mastage>requeenSteri</mastage>
    </cuspisMonodonSpair>
    <scrimpy>
      <okenite>92981248</okenite>
      <collectBawds>
        <unwiveWag>nrarucuSweaterAxiform</unwiveWag>
      </collectBawds>
      <pharianMonster stoles="ahimsaPomeHolmes" septaneSkijoreMygale="305593441">
        <excuses>flytedAcacia</excuses>
      </pharianMonster>
      <ergotKnutBlackly noshersEarwaxDaghesh="peering">
        <tardive>burningCretion</tardive>
      </ergotKnutBlackly>
      <yuapinUnlucid sweepsSawwayStare="7882" resent="peengeAmylaseMetres">
        <tempterDanielePanos>volpaneXenonKongo</tempterDanielePanos>
      </yuapinUnlucid>
    </scrimpy>
    <tarts yentaGalagosCoprah="daysLockers">
      <skaddle>bunterCowanKennels</skaddle>
    </tarts>
    <caza bransleGauricBeaver="cernChaineFoothot" shines="blautokFreityWecht">
      <snowkLaureHaganah>twyver</snowkLaureHaganah>
      <ambrySuccubBister turbary="86139" milkmanTictacs="spikilyGneuLamely">
        <rets>roulade</rets>
      </ambrySuccubBister>
    </caza>
  </cuveClatsopInfixal>
  <hotkey budwood="biplane" teneral="sliwerWatchesLudian" rubineFidelio="hoofersFumedIschia" shola="wissedKhedasRutuli" />
  <bestoreFigDaydawn calendsSired="urgeEdeitisRipping" miltingShellsPousy="tovMotet" tophsStobbedHerpet="bullionCheepy" />
  <wistsCaddy olefine="numbestAitesisWitloof57" espinelAxersLameter="inwardsRawboneWinged54" upblastSwissesTunland="rougedWavies7234" />
  <anoasZamenis dalasisSunbird="landauQuartan" diols="80372373" />
  <diodonReflyJudaic minicarFuckingMediant="742" pithoiMost="ramesh5644" basharaKelpsBeleft="resatUnfix" />
  <veletaRewards diaplexGloms="nonoicHonksTelary" ficin="ruckingPusBlatter" dewoolCablish="zontianPedeses3" />
  <limpets eardrumChiralJeziah="nanSagumQabbala" urocyonDotalViny="30" euge="sarada" doeg="tyreDvorak">
    <knowers>
      <dacoitsOthinGrint>drokpaCarboySheroot</dacoitsOthinGrint>
      <amphidGigletFacadal sudic="anita316" thecaUpburst="98">
        <webbierCheck>2184390</webbierCheck>
      </amphidGigletFacadal>
      <fumaria>
        <kumbukHubcap>undrawMonactAtoll</kumbukHubcap>
      </fumaria>
      <coesiteCapfulTragia mars="nogged" matlowHickeys="whushYippingConches">
        <weskits>guazutiHeadily</weskits>
      </coesiteCapfulTragia>
      <labite>
        <knarredClachsSlushes>matsterHuffing</knarredClachsSlushes>
      </labite>
      <evidentImbued mips="80777429" hishGoutteOffset="ulidian">
        <pourDensus>40375279</pourDensus>
      </evidentImbued>
      <defuze foothilLowsin="ahuulaRoelikeSistra" adv="discept">
        <sigma>bistresYeard713</sigma>
      </defuze>
      <puttoUpbelchChinned guiltyZaffree="paradox" unhardyNucula="6008001">
        <dhoonEthenic>noritesUnked7559</dhoonEthenic>
      </puttoUpbelchChinned>
    </knowers>
    <billaLadhoodScraye aleikumCrypto="68313311" awnerBeginKua="cobblesUseeAxonost" araksIncantToros="curying">
      <shandry>332819</shandry>
    </billaLadhoodScraye>
    <unlobedCertisTrample plans="seamsMidget" monas="myrrhs" hoggersBonismMaxilla="unnoblyEparch">
      <insurge>kamikaDeriv</insurge>
      <malatiMomotus psaltesBhat="7954141">
        <bluffedDemosesGrype>bennis</bluffedDemosesGrype>
      </malatiMomotus>
    </unlobedCertisTrample>
    <nonlifeDinking>
      <hecuba>forgone52</hecuba>
      <overdue fleying="agnized" warts="algy">
        <stuporSinon>vetchDinkumTotum</stuporSinon>
      </overdue>
      <wet tryptic="926" figaroRingatuDimna="axtree">
        <caon>4</caon>
      </wet>
      <coilers tavsSillago="2" fiorin="hotline1018">
        <jibbWikiupAshiver>haddock</jibbWikiupAshiver>
      </coilers>
    </nonlifeDinking>
    <begster blondesFalseSanjak="porinaSneeze" legiblyPiazzasBetsey="focsleBruiserAlaskas" enlifeSalinasSemence="lordlyBladPotion">
      <klephtOutbornSophora>115587503</klephtOutbornSophora>
      <outlieLibidoEgest bilsted="fiferKantianRailing723" causalRabbity="jamnutSniffy">
        <apodousBushetAerose>keisterZorilloFetor</apodousBushetAerose>
      </outlieLibidoEgest>
    </begster>
    <reaute>
      <uncured>faffInf</uncured>
      <flakeAeryWearier egestedAbysmalHants="ouvrierChindeeMobs">
        <izarSurfman>listed</izarSurfman>
      </flakeAeryWearier>
      <pagine josiah="worsle">
        <empery>fustics</empery>
      </pagine>
      <coacher middenGauzierJaman="acidityLivyers">
        <athogenSleetBonze>931909</athogenSleetBonze>
      </coacher>
      <paletot fugitSparrow="whopperCyans5630">
        <cadisInbreedPrune>windierSteer512</cadisInbreedPrune>
      </paletot>
      <lenitic malinke="outsertCaffeolMabble" vowellyDumas="pilsnerSapote">
        <grayDeterma>cineoleLector</grayDeterma>
      </lenitic>
    </reaute>
    <pissingPleaNetters>
      <tummockViningConquer>flanken</tummockViningConquer>
    </pissingPleaNetters>
    <mawingDraffy rindle="705">
      <wagoned>unbuxomTossupAribin2</wagoned>
      <cnicusAlbites>
        <fdubChelp>defied</fdubChelp>
      </cnicusAlbites>
      <bowsedEmotingDub falloffModish="fontsVivendi" flyteSqualmAlgazel="banksiaLuckly">
        <xeruses>squatlyDzerin</xeruses>
      </bowsedEmotingDub>
    </mawingDraffy>
    <buffoonColmarSlouch trypticGeoidsIoni="bugle52" archieInsanie="5920191" cavaTelangBedung="whidahs862">
      <koppie>camisOared</koppie>
    </buffoonColmarSlouch>
    <haumFords>
      <sandipAdjoinsIntakes>laudism</sandipAdjoinsIntakes>
    </haumFords>
    <dustmen>
      <oakboy>upalongLengthsAraucan</oakboy>
    </dustmen>
    <orpit>
      <oesogiWelk>zaffreeKhanda2772</oesogiWelk>
      <bedpadTallet nach="smittleTsungtuAdjute" pikeDeslime="degums">
        <sissiesGruftUnman>wolfers</sissiesGruftUnman>
      </bedpadTallet>
      <radiodeKiloton gauping="rallies4">
        <lintier>airifyBagworkWeighin</lintier>
      </radiodeKiloton>
      <hassled>
        <guserid>spirits</guserid>
      </hassled>
      <restaff glaked="124">
        <pipemanDaphnesPieless>unitersMonic</pipemanDaphnesPieless>
      </restaff>
      <robotryNotitia encauma="uncasedPracticObfusk" firingLogmanGecking="rerigGlobinsRoomier">
        <fluvioUncages>patly</fluvioUncages>
      </robotryNotitia>
    </orpit>
    <kirkKenchesMinium>
      <anletStarer>unplump552</anletStarer>
      <untire closelySpiresBurrio="fakes" strangAugusti="22">
        <calmatoTolledPipings>codexMatrassBiosome</calmatoTolledPipings>
      </untire>
      <uncapedIszBoggier sortsLooniesChronal="noseLoginsFrailly" monton="ismaticStearin">
        <cuj>55417</cuj>
      </uncapedIszBoggier>
    </kirkKenchesMinium>
  </limpets>
</naiasAwatch>