<?xml version="1.0"?>
<godhood>
  <sclimbHollow aahRestiffSainte="spiculeBaddest" moric="5500175" zimme="ulpanimDich" burnElbuckNudity="epigeal">
    <nerine>
      <tornusColters>ottroyeElevon5473</tornusColters>
    </nerine>
    <rippetRivalryInhauls>
      <tropoyl>tippingGuidoSarkit87</tropoyl>
      <deemsRevealMingo>
        <unmarchCantinoColdly>229643950</unmarchCantinoColdly>
      </deemsRevealMingo>
      <neritePegmaWergil cortinaAftward="lobbyerScranky">
        <swinked>845</swinked>
      </neritePegmaWergil>
      <sossle pagadorRehires="tagsFashery">
        <bedripPanfry>tootsesEnliven5283</bedripPanfry>
      </sossle>
      <shamoysGalumph worldedOxalite="calxMarcher" tamesClaudia="gaul2879">
        <umbrianAlumic>mimosa</umbrianAlumic>
      </shamoysGalumph>
      <batell hadlandKalangSentine="9951">
        <shogTabletPreact>pavierTushsSravaka</shogTabletPreact>
      </batell>
      <anaboMiscookWormier fisetin="549770490" renvois="rebite2">
        <curdoo>58</curdoo>
      </anaboMiscookWormier>
    </rippetRivalryInhauls>
    <crosbyRap>
      <sieva>touartAppelPiky</sieva>
    </crosbyRap>
    <bilbos>
      <grozetGrenatHarmony>slavishDozzleCanthi</grozetGrenatHarmony>
    </bilbos>
    <huanacoArroundRosy>
      <axonsPhycic>depositRoadway</axonsPhycic>
    </huanacoArroundRosy>
    <parledWaler felahinTwilledNether="prosedNaughtyChorei">
      <snaked>106</snaked>
      <gooier linkedAhungryScrewy="shroffNoesisBoudin">
        <deciusWhisked>wittier</deciusWhisked>
      </gooier>
      <venula fibCopulae="healthyKnifer" watchetMariou="85831024">
        <econChomerFlesh>zyryan</econChomerFlesh>
      </venula>
      <dykeDeicing brindle="geest1934" ayinsSolacerIdes="6">
        <terton>cecropsMaucacoDustily1</terton>
      </dykeDeicing>
      <bavosoIncivilVills plantadDrowndEvades="puerileOctofid744">
        <banjoes>tercine</banjoes>
      </bavosoIncivilVills>
    </parledWaler>
    <kidney garbellTilting="suerBlungeFennish" piprine="5720703">
      <megomitAnansiGidyea>shadedHadron</megomitAnansiGidyea>
    </kidney>
    <fednWentle>
      <sconcer>athink</sconcer>
      <sestet veiOrblikeCockie="43412">
        <normKubachi>kluckWlecche</normKubachi>
      </sestet>
      <doatRetestChromed polio="anansi" mennuetBeton="weedingMimbarRoweled">
        <fjordedCoramRepasts>caumaFranciaArdilla</fjordedCoramRepasts>
      </doatRetestChromed>
      <rinaldoPiquSchepen>
        <mandyiFamble>apathicDunnyRinse</mandyiFamble>
      </rinaldoPiquSchepen>
      <vulturnOmnificReffing>
        <englyns>gholeLiassic</englyns>
      </vulturnOmnificReffing>
      <finderSengiStabile dustupsHandbowThurnia="toeingRykesIstrian" shambleFootfulDovelet="zacateVizorsStownet">
        <aghasPlaydaySomdel>redact755</aghasPlaydaySomdel>
      </finderSengiStabile>
      <disemic>
        <boreleConnexLoop>curdLafiteWiggler</boreleConnexLoop>
      </disemic>
      <seave>
        <yellingBorid>gangers</yellingBorid>
      </seave>
      <unshook pulasanHermai="kempasCruentAug" dustierLoneful="chesterFrae">
        <mestizoDunlin>3</mestizoDunlin>
      </unshook>
    </fednWentle>
    <blackitNonact>
      <urielThaughtSuras>statuteGulgulKilloch</urielThaughtSuras>
      <liangleSalungLou wastine="affeerOffcutCuriums">
        <hova>flavour</hova>
      </liangleSalungLou>
    </blackitNonact>
    <brecciaPistole rowteDicetyl="anconalSubtrayZubr" wraith="bewrapSucksDallan4" parse="pashesNazim">
      <lysedWaddler>useholdCumaeanTogues</lysedWaddler>
      <calcify>
        <bedcapMavenRammy>cestrum</bedcapMavenRammy>
      </calcify>
      <tomboloMelon>
        <strikedWaxbill>immiRetradZaberma</strikedWaxbill>
      </tomboloMelon>
      <naucrarMuhlies serg="badchan">
        <milting>hypoing6</milting>
      </naucrarMuhlies>
      <foxfireRefits pingos="opticRobbins" saudiLettigaLaquear="nixie2">
        <lagtingUltrasMendel>livetin</lagtingUltrasMendel>
      </foxfireRefits>
      <gnsDucklarBelgae mooleysTouart="jugsOutgangGosplan" bizzMaskoid="greenerCupayOutadds">
        <zephyrs>ageableUnseats</zephyrs>
      </gnsDucklarBelgae>
      <sirosCorderDahlia boleliaAdonai="sickingAschamReborn3222" waukedAnjou="infusesAblepsy">
        <brinersCodicalTriace>99546817</brinersCodicalTriace>
      </sirosCorderDahlia>
      <bichirStolist basosBirse="malmockFacGharry" pompomsEminent="tenfold">
        <ijmaaAliaHabus>trotsRikshaw</ijmaaAliaHabus>
      </bichirStolist>
      <chockedDadoesAnymore berber="rechurnMoloch">
        <hamelt>86561240</hamelt>
      </chockedDadoesAnymore>
      <liniya>
        <ffa>156</ffa>
      </liniya>
    </brecciaPistole>
  </sclimbHollow>
  <jennaOnym kismatInlands="rampler" hinges="zonally" redrug="temperGasper" gasherHilaryAmbling="pilikaiPignuts1" />
  <bargir hairdoJoseph="soughSertAskings" bourd="78770" throck="4" raconShowerAnonym="533427981" />
  <bemockFleetedBlurts seisorCarlsMyrick="6337" />
</godhood>