<?xml version="1.0"?>
<pikerCokery>
  <protide>
    <fetchedAmerindOutfit>
      <womansAlfonso>boglandThrice</womansAlfonso>
    </fetchedAmerindOutfit>
    <purfleFoxwood>
      <cubism>51906460</cubism>
    </purfleFoxwood>
    <mucosaQuacks>
      <harstDurantaStorey>230491727</harstDurantaStorey>
    </mucosaQuacks>
    <cedillaAlanticDorobo>
      <toolkitGrooperPump>partiedGuakaStow52</toolkitGrooperPump>
    </cedillaAlanticDorobo>
    <reverseDazzle>
      <apozem>hogyardDebut</apozem>
      <adripTagliaDimity turfite="cheloidEsquire8807">
        <mammati>emusifyStorierBahai97</mammati>
      </adripTagliaDimity>
      <envireWewenoc>
        <brythonBullous>batataConfine</brythonBullous>
      </envireWewenoc>
    </reverseDazzle>
    <arenaeEbbedKodkod droolsBundtFueller="burrelDares" simblotPintles="856615">
      <learExternaLichens>71</learExternaLichens>
    </arenaeEbbedKodkod>
    <guaka>
      <isopodsHennas>cushy</isopodsHennas>
    </guaka>
    <brazilNodders raash="finksCocculeAeonian8306" mamzerRoil="eslabonSingles" potage="dugs">
      <paranjaRegive>cistoriComismFlirty8</paranjaRegive>
      <cundSunwaysConches hexersChaucerTearers="yawey" gorlois="uphurlCacurTousche">
        <mensas>tenpinsSoudanIsles5718</mensas>
      </cundSunwaysConches>
      <veersPersisRoyalet condite="dispair">
        <slickenUnslungAivr>bewaresLiangle61</slickenUnslungAivr>
      </veersPersisRoyalet>
    </brazilNodders>
    <bds colder="codeine" tieingArkieOsophy="650013228" remoldsGerefaThiolic="skitherTawses">
      <tutuJameson>madamsFrenCinnyl</tutuJameson>
    </bds>
  </protide>
  <metersTentful mise="vadimStikineOpelu1839" merinoDeflate="skewlBarbes3" holismRavinedWashmen="oroides" gait="9" />
  <roomlet unwriteWhekiFinalis="5116" herderDecreesGeneris="6" sarking="thyiadGullionZooidal">
    <dunlinsGiarreGreets>
      <ananiteKips>632</ananiteKips>
      <pttsSiker>
        <firedFelwortPetro>realise</firedFelwortPetro>
      </pttsSiker>
      <mugfulAlumite>
        <nudgedGawkingSpitbox>mawJalapin</nudgedGawkingSpitbox>
      </mugfulAlumite>
      <borealSpencerIguanas sifting="catchedWoomSteg" piepanEagerlyUpstart="twoness">
        <eydentJarmoDyeware>8619</eydentJarmoDyeware>
      </borealSpencerIguanas>
      <entrees packwax="enajim">
        <deodandBesluit>13754032</deodandBesluit>
      </entrees>
      <bantay>
        <empathyEnnerve>sarges</empathyEnnerve>
      </bantay>
      <holdJetonEnsete lelia="tinamouMksShane9772">
        <hyoids>predoomMixable</hyoids>
      </holdJetonEnsete>
    </dunlinsGiarreGreets>
    <boreiad>
      <farmed>4061907</farmed>
      <manifyDillBlumea flukes="toucheForgatClamped" ginkgoLasingKappas="gislerRollElkwood">
        <niaseseClopped>fortier</niaseseClopped>
      </manifyDillBlumea>
      <clypeus kishenSitaoDuotype="tubikDurenolSubsept" rosella="hnyUnobeseSolved">
        <chimere>piazzeOhelo</chimere>
      </clypeus>
      <porina ribands="74771378" cicadaeMyotonyPrerupt="onerousOrchils">
        <unhoistTurtleLobes>nebaliaGranthDiazole</unhoistTurtleLobes>
      </porina>
      <firkerAcopic hawokBanked="ollie">
        <unpanelBando>upmix7035</unpanelBando>
      </firkerAcopic>
      <snitch addableFrailerHermo="nevoyFlimmerDhaman" genae="oocystsMusjids58">
        <tennisyMutably>inlayFeedbag6981</tennisyMutably>
      </snitch>
      <cogieYoghurtVicus kinkle="ocellarYook">
        <tamburaBitchedSore>ringePultostKafka</tamburaBitchedSore>
      </cogieYoghurtVicus>
      <elle>
        <mezoCurniesFriths>tipful61</mezoCurniesFriths>
      </elle>
    </boreiad>
    <twainLoaves>
      <resownSkyfte>82</resownSkyfte>
      <itacism centroWoken="rupitic">
        <abatonCellarVirtual>kinoos</abatonCellarVirtual>
      </itacism>
      <cheloidDevilry placets="exodoiTollman" sairlyDewedWiros="terrenoHoldall">
        <corium>59541855</corium>
      </cheloidDevilry>
    </twainLoaves>
    <mythosFlooded mowerShamble="wafterKomati">
      <debcleIvanMorfrey>proavisIglu916</debcleIvanMorfrey>
      <mariolaLad>
        <bch>gal</bch>
      </mariolaLad>
      <jogBudhRouters apagogeMomsAndia="pashimPoculSpiv437" facaded="luffing">
        <mullah>20</mullah>
      </jogBudhRouters>
      <longyi hoofJouleSadisms="53870784">
        <aileron>rubbers</aileron>
      </longyi>
      <cholersPiton naitlyChukars="cepesInswampBirky" reps="ciguaTroubleAnisole">
        <scartAgora>maud</scartAgora>
      </cholersPiton>
    </mythosFlooded>
    <vetustyXyloseRobbing>
      <chut>6793</chut>
    </vetustyXyloseRobbing>
    <tormae acinuni="eaverKruller" sparyTitlarkTecla="broghBillotKnagged">
      <nodiakMyomaTchapan>troopedRoomersWhores</nodiakMyomaTchapan>
    </tormae>
    <meowsSplurgyLend eaningMoisterHyporit="lazyBaresmaAxile" deicerStilted="meeter" south="corbansVestalArshins">
      <rivingGrossAface>orgAtopies</rivingGrossAface>
    </meowsSplurgyLend>
    <susan>
      <hallooGoopsCasiri>nimsIronice</hallooGoopsCasiri>
      <tepeeOsone germon="56492">
        <tagetes>podgyMimulusTaipans7080</tagetes>
      </tepeeOsone>
      <cylixLiasonCammed>
        <amices>aboughtSpermSlant51</amices>
      </cylixLiasonCammed>
    </susan>
    <garousBauge pariti="miles" spinageVoguish="319485131" kitamatBastenOrgueil="237223832">
      <requireHawkey>affablyTwangedShinier</requireHawkey>
      <finnacHiggler truthy="bemoansCiboule" miaoTyreHalma="goustieUrman">
        <unclaspBallismOusel>miming</unclaspBallismOusel>
      </finnacHiggler>
      <nubias>
        <bepieceHeistedTuille>90626</bepieceHeistedTuille>
      </nubias>
      <pindari suntanBimah="buirdlyNoilsGibbi" fucked="salayHutreOxer">
        <beaningMuddify>meropeUppoint</beaningMuddify>
      </pindari>
      <legong>
        <grime>abrosiaTackler</grime>
      </legong>
      <stirsBunnsAllene unhitDollin="lactucaGuardsVignin" taborTrows="eyrirPairt">
        <olchiGuerebaUnicell>navewChangJufts</olchiGuerebaUnicell>
      </stirsBunnsAllene>
      <warrior lashkar="paraoDetails" malayicCorinth="6865114">
        <zorillaBpsCalahan>bluesy</zorillaBpsCalahan>
      </warrior>
      <hued tankertHairen="3629796" orchelDaricsDentary="curvle">
        <offereeSalepPusgut>ascyrumCeciliaJotting</offereeSalepPusgut>
      </hued>
    </garousBauge>
    <module>
      <unclogsFutural>anethumShivasGushes7515</unclogsFutural>
    </module>
  </roomlet>
  <paxilli unamo="favelWatered568">
    <kandolFrary>
      <opine>decrewGobs6</opine>
    </kandolFrary>
    <bottledChirper hugh="8" slotsTeed="6837" splat="9895">
      <ouncesBonnes>diskingAget</ouncesBonnes>
    </bottledChirper>
  </paxilli>
  <sheilaPoliteiEnlock goonieRazed="baronetGomlah" heroicSauces="avidous" propelDungolVendues="justineGaljoenVamos" atropalCrowdy="lithiteSarges" />
  <semicup />
  <marka funkerAuchletStoss="dealers" argyll="pulijan" />
  <gujrati museumsEclair="boneenAbongo" tugboatSero="capichaThurmus26" amentyTruest="rolleyAnobingRasures">
    <pistDrugge>
      <bigaeDiaulic>377529</bigaeDiaulic>
      <steams hafniaGeeingAmeiva="multiCausus" ppd="chiruQintar">
        <yowes>caseins</yowes>
      </steams>
      <tibicen nimrod="67">
        <rewakeRetalLibkin>sunstayPensile</rewakeRetalLibkin>
      </tibicen>
      <hoboismQuinseDiau psychonDregsStomps="houhereVisardCanopus">
        <grondGoopsAludra>inpoursCogent</grondGoopsAludra>
      </hoboismQuinseDiau>
      <alpinesSkiwies juncite="1871693" ovarianKiswaSeizers="jotted420">
        <etaerioQuisler>86769</etaerioQuisler>
      </alpinesSkiwies>
      <libra>
        <trancheNerval>anelace5</trancheNerval>
      </libra>
      <linensConcent siddurColludeCoquin="afoamArboralEared" lorries="lippensKgr">
        <chyloidFringy>dizzilyGrassie533</chyloidFringy>
      </linensConcent>
      <carusSulphid>
        <muddle>surfers</muddle>
      </carusSulphid>
      <unwheel leora="stilly" daypeepMure="numidaYald23">
        <upsendsExocone>postins</upsendsExocone>
      </unwheel>
    </pistDrugge>
    <raftmanWoops>
      <glarier>romishSaut</glarier>
      <shalluPunka badawi="ericad">
        <sutureTazzas>sattarUtiblePigsney</sutureTazzas>
      </shalluPunka>
      <coffinsParaphs skaselyEolithsLiken="valvateHeftily" linking="fogydomTiffy4248">
        <kookier>humbleBoodledKidding</kookier>
      </coffinsParaphs>
    </raftmanWoops>
  </gujrati>
</pikerCokery>