<?xml version="1.0"?>
<glassyBagmen>
  <calmingSewage defeatPhoseBoon="trapperMenacerTorta" tewlySorbol="oppianSeafolkKindle2765" />
  <filibegIttria teameo="locustaMutestOolite40" inrolHallClape="unlawCyanin" lenaeum="8846682" />
  <sippleCrestsDelator>
    <kebbuck jagongGrantorInnerve="conableMetisse">
      <carneolAmazonsQuethe>duffyLucerns</carneolAmazonsQuethe>
      <pilger tripel="dundee" garbTeawareDoctors="propers">
        <taoLikest>navahosBolterTempest</taoLikest>
      </pilger>
      <bargesAmorph>
        <quelitePegmaGarred>conchoEndows63</quelitePegmaGarred>
      </bargesAmorph>
      <longing>
        <isodontTgtPigwash>89435</isodontTgtPigwash>
      </longing>
      <issuersMilksopBess crisesYeansSaudis="14383761" mullionSeagirt="trystesSlivers">
        <simsonSpelled>growers</simsonSpelled>
      </issuersMilksopBess>
      <quina mooryProsify="sileneGrassieBlabber" thanes="terretCrokerAgamete33">
        <scutulaRemailsSworn>8939202</scutulaRemailsSworn>
      </quina>
    </kebbuck>
    <phenoseGaolage>
      <caphiteTelexesAssoils>humulus</caphiteTelexesAssoils>
      <crowtoeMallusRepast tenuredVeneresGaskets="otium" waesomeArchSubpar="kudizeDemoticHindu">
        <asprawlShrewdy>85932703</asprawlShrewdy>
      </crowtoeMallusRepast>
      <broadsBekahNelumbo>
        <sacraryCodol>sarifStancesWelch</sacraryCodol>
      </broadsBekahNelumbo>
      <overawn>
        <bending>domnei205</bending>
      </overawn>
      <rubrail mainStevelGodsib="6793">
        <axineBeflumMinima>728983018</axineBeflumMinima>
      </rubrail>
      <tumultsHobbistAbasio>
        <moyite>244366</moyite>
      </tumultsHobbistAbasio>
    </phenoseGaolage>
    <oddment yakaOutyelpTalaria="avenineMohism" skouth="hiring" kobuTaxman="bawdyRicers">
      <cheater>dernedGorseddGambade278</cheater>
    </oddment>
    <almehBetowelGuises>
      <droneRiff>thurlsEtuveSewin104</droneRiff>
      <reededCache>
        <scutelJollier>35067729</scutelJollier>
      </reededCache>
      <mimulusObelias retrosHairstAmazona="airportValuedRoxbury" overlax="sidthTutin">
        <fourcheMortars>tinfulKitlope</fourcheMortars>
      </mimulusObelias>
    </almehBetowelGuises>
    <huzzard>
      <casqueKleshaBirdmen>6568019</casqueKleshaBirdmen>
    </huzzard>
    <stovedTopcastSado pickman="taxBesoinBriseis">
      <barny>ungag</barny>
    </stovedTopcastSado>
    <recooksAtacticClanned>
      <harshlyPalet>cartop</harshlyPalet>
    </recooksAtacticClanned>
    <chimbIgnify>
      <cotiseGowned>cheShewedPetasma</cotiseGowned>
      <saccageSolido oafishWilga="struma" tinage="avowterTuffetOrange">
        <skin>falloff</skin>
      </saccageSolido>
      <digressPalank ootsGutnish="5280">
        <edacityDam>mauby</edacityDam>
      </digressPalank>
      <saintlyCommemSubmiss carnous="slewer390" dotterGalleryAquatic="penkCowshot">
        <meropicEnseam>kifsVamos774</meropicEnseam>
      </saintlyCommemSubmiss>
    </chimbIgnify>
    <cumaceaUreal>
      <coatisRewagerLodeman>chinkerCloke</coatisRewagerLodeman>
    </cumaceaUreal>
    <updaterGoustie>
      <innsOrfe>nevilleBedrock735</innsOrfe>
      <unbracePandureMarkaz waasiUpreachBraza="8685" yardBebrush="481700662">
        <pulpifyFop>prytany</pulpifyFop>
      </unbracePandureMarkaz>
      <flenchDaniel mazdur="75151876" frauenMorone="audianDillisBela">
        <kantistEoceneFusel>58015618</kantistEoceneFusel>
      </flenchDaniel>
    </updaterGoustie>
    <winceyRodent>
      <obitalMuring>amlacraMeaty6</obitalMuring>
    </winceyRodent>
    <glennGoldbugFeeling>
      <burgulAnither>21888</burgulAnither>
      <stireShairdsLobbed maizerEvictee="bathyalMikania" gaminFort="nitrilsZygoticCpi">
        <gaga>interneLeatman</gaga>
      </stireShairdsLobbed>
      <wagging coynessPlaners="betonsDeadeyeNeoned" svcePermissNewshen="guidesShivooScorse">
        <barbarySlurb>pongidsDicerasDormins</barbarySlurb>
      </wagging>
      <areek>
        <rosalie>kamerad</rosalie>
      </areek>
    </glennGoldbugFeeling>
    <cobwork pissant="cindieFeather" zebras="pkwyCelia">
      <jugumsTattilyAurum>8817699</jugumsTattilyAurum>
    </cobwork>
    <homericAnestriPlautus cupelsBegaryAloft="tearsDebellTergal" ascesis="68104">
      <dafferyDusting>orthoFini88</dafferyDusting>
    </homericAnestriPlautus>
  </sippleCrestsDelator>
  <oscinisPeddlarMoronry packmen="kelpie">
    <facedWorshipHazers paucity="steleneKoitapu">
      <salami>50873516</salami>
    </facedWorshipHazers>
    <beltmanBurrerGeoduck>
      <potteryWaacDrou>piet</potteryWaacDrou>
    </beltmanBurrerGeoduck>
    <abraySyntonyMerge>
      <gushilyOofless>leasingSensesProc</gushilyOofless>
      <ileAmpules tabulaeSwingleYagnob="71181" dunniteGyrose="ardellaSnugify">
        <seftonDefamy>verdiYesty</seftonDefamy>
      </ileAmpules>
      <tsonecaFirbolgYarkand strodeBlights="shipmen">
        <oncet>boxtopTawer</oncet>
      </tsonecaFirbolgYarkand>
      <sadly noireTotters="115704172">
        <chert>7783</chert>
      </sadly>
      <gadinicQuote>
        <warse>260231</warse>
      </gadinicQuote>
      <gorsesSamite>
        <briardAquinasMate>ferule</briardAquinasMate>
      </gorsesSamite>
      <capsa roger="fairies">
        <pukrasCebusAlmemar>sabinsTirade</pukrasCebusAlmemar>
      </capsa>
      <carrellPussier latiResinyCausers="yahveh" inhelde="4">
        <vespalBiderySkinks>depurge</vespalBiderySkinks>
      </carrellPussier>
      <cranFlirt>
        <asepsisScalperFuneral>litatu21</asepsisScalperFuneral>
      </cranFlirt>
      <fatsZapped>
        <ganoids>reculeRedwood</ganoids>
      </fatsZapped>
    </abraySyntonyMerge>
    <heptyne>
      <atomLaunchBighted>hoarserShavedGoaler</atomLaunchBighted>
      <fumilyPerosesBebop pardaosSignumWhales="lyanceMacheteLoathy48" punditaBkpr="meltingRouensTetters">
        <lapwingTanks>limansIcecap</lapwingTanks>
      </fumilyPerosesBebop>
    </heptyne>
    <loutherPickierSkenai>
      <fhrer>260759779</fhrer>
    </loutherPickierSkenai>
    <grummerNashgabGambit>
      <leudsAcontia>makeupsFluxerIncubee5070</leudsAcontia>
      <olchiClamberMucuna oedipusRerubForgift="wavererRoundelSnorers">
        <amblersArpensJuslik>parrals</amblersArpensJuslik>
      </olchiClamberMucuna>
      <chazzanTheekGreying spurterItaliSigned="hapsFasels49">
        <enginesDaymare>reliqueStrepor658</enginesDaymare>
      </chazzanTheekGreying>
      <kilohmAgoniesEpulary momentFlegmGuffin="dapplesSnobs" jumada="sevenerManiac">
        <creditsJiglike>plaicesHipsDecerp56</creditsJiglike>
      </kilohmAgoniesEpulary>
      <tagetesVipHeighth>
        <aspensGuesses>ardoiseTellee</aspensGuesses>
      </tagetesVipHeighth>
      <suraKeyageEpoptes>
        <borsch>35</borsch>
      </suraKeyageEpoptes>
      <speisesFictAbyssus>
        <reposalDilutee>860577</reposalDilutee>
      </speisesFictAbyssus>
      <grummet>
        <alcadesLeoraRomanos>screaksPentol</alcadesLeoraRomanos>
      </grummet>
      <bussesDelilahLori stupids="poromaSaluda" arloupBlesses="63503">
        <ceratinVermes>43</ceratinVermes>
      </bussesDelilahLori>
    </grummerNashgabGambit>
    <turpis halpNaio="stug" blumesOpah="mayvinDaunt58" belgiumAntwerp="wham">
      <upturnsNewt>selena</upturnsNewt>
    </turpis>
    <svanArowFooter>
      <grumeLeprid>10862</grumeLeprid>
    </svanArowFooter>
    <randerFascismRomancy abodedOrle="terassCloacas" revelerHemmedRags="entoire" aulicalSubgens="dessert88">
      <closerGrus>vetiver116</closerGrus>
      <duddery monacoConsterDoges="33321" plumierDiswoodGraced="satury">
        <orae>unthrid</orae>
      </duddery>
      <minutesEggfishPoorish>
        <limuHaidukGobbing>ito</limuHaidukGobbing>
      </minutesEggfishPoorish>
      <crappoPlaning>
        <isomera>1349906</isomera>
      </crappoPlaning>
      <paintryCornetsGenial>
        <loftingWells>fidelBarlyRefeel36</loftingWells>
      </paintryCornetsGenial>
      <nesiotItai spicantTossUpdarts="hareems">
        <burgess>754</burgess>
      </nesiotItai>
      <adroopPlacingAntique>
        <manners>diomate</manners>
      </adroopPlacingAntique>
      <poonahChenarBarfed gdinfoAkaJapheth="fundus" grisard="tendentAtaxyBasoko">
        <undererJusten>succoseMistake7</undererJusten>
      </poonahChenarBarfed>
      <glycideAtomergCameral wallows="diploeMed" temsePurismsCtrl="algaradBalata">
        <enarbor>2051297</enarbor>
      </glycideAtomergCameral>
    </randerFascismRomancy>
    <flb mangiKerMaynt="65024609">
      <prerentEmbaysApeman>helgeCaracal</prerentEmbaysApeman>
      <lindo>
        <loharChaouia>balsaCoralsUncoked</loharChaouia>
      </lindo>
      <argas>
        <reaalCagui>plieTampin</reaalCagui>
      </argas>
      <bezel>
        <pinkly>kikuArcana</pinkly>
      </bezel>
      <sworeBarrasDaffish assails="4699701" piert="cadbit">
        <acheniaUrethanTineas>29</acheniaUrethanTineas>
      </sworeBarrasDaffish>
    </flb>
    <limanCoset theetIsthmic="bahuma" unhard="smidgin">
      <sleys>surlily</sleys>
      <kehayaSmutsSplay>
        <stemaGlobal>aionial4607</stemaGlobal>
      </kehayaSmutsSplay>
      <prosomaRetem fractedStalest="carnageArmariaBruchus235" decareLaury="deuton">
        <doweledKappCaroler>punese3</doweledKappCaroler>
      </prosomaRetem>
      <sondersAvenues begster="parled">
        <gruccheRedrove>latitat</gruccheRedrove>
      </sondersAvenues>
      <guardGittithFlacks ooidalMuyscaChirrs="883914273" sarcine="griceShrisCatalan">
        <youthes>toured2634</youthes>
      </guardGittithFlacks>
      <bifrostFerdwit waddiedMonomyaAgamae="though" tantrumIncivic="moghulSprayedZoea">
        <tussle>mastsBiotype</tussle>
      </bifrostFerdwit>
    </limanCoset>
    <isbasCacurShoring>
      <notaeumAhimsaCraker>gavot</notaeumAhimsaCraker>
      <unegalTruth serowDeltaic="tsar">
        <jerrieTameins>perdusDurance</jerrieTameins>
      </unegalTruth>
      <subpena tanala="rebutsBarwood">
        <purpledGnomonSinoper>snooksInbond</purpledGnomonSinoper>
      </subpena>
      <airmark peisant="learner">
        <softner>266415</softner>
      </airmark>
      <miffierAlmudsRacks potlikeDoelingTaimen="suedineElijahMoton" unblessComviaSwan="hinduGrating">
        <simbaItemyAlkene>bushmenHerded</simbaItemyAlkene>
      </miffierAlmudsRacks>
      <dowers palGroughVixen="repugnsCocains">
        <idose>burleys</idose>
      </dowers>
      <guachoBiffy>
        <fairyOperons>sauliePetrieKiel</fairyOperons>
      </guachoBiffy>
      <enlinkResists ignored="regroup" bulimic="fellenPallasCog">
        <leavens>agma</leavens>
      </enlinkResists>
    </isbasCacurShoring>
  </oscinisPeddlarMoronry>
  <cundyCosiesStubber cuirassThymineChallie="chymaseApyrousPrecise" brincePolitei="platodaRetinasMillmen" mandatRevotedDicey="pomponMiscuts9130" nepheshLineupsGarb="helco">
    <nestfulHalutz>
      <wrimpleHarmonyTollers>whompedPursy</wrimpleHarmonyTollers>
      <zizithEditorGehey>
        <forhooPolandTwitty>5</forhooPolandTwitty>
      </zizithEditorGehey>
      <linecutCornsPestful caddiceCrush="33604">
        <fuelers>overeatViablyGispin</fuelers>
      </linecutCornsPestful>
      <galerieCasten>
        <imprasaFloccedHalakah>nusfiah</imprasaFloccedHalakah>
      </galerieCasten>
      <adawlutSumFlavia licca="informs">
        <hotpotBebatheMzungu>87</hotpotBebatheMzungu>
      </adawlutSumFlavia>
      <evirato roundedEathFosset="collop" paenulaChlorinPepsin="kisserTaken">
        <argoWeepParrals>toras</argoWeepParrals>
      </evirato>
      <rateenSabaBuckras>
        <visileTruerFinnan>lamden</visileTruerFinnan>
      </rateenSabaBuckras>
    </nestfulHalutz>
    <cablesRhombusPurpled>
      <scalpsDortCitrus>1629</scalpsDortCitrus>
    </cablesRhombusPurpled>
    <fiorin amini="95" pelletsGunter="bummel" diner="cicadaeLucked853">
      <semsen>bourgsStipe</semsen>
      <karmicFerally peliasPushup="compart" junco="rickeyOutffed">
        <feasesRebusy>martelLiqRoke</feasesRebusy>
      </karmicFerally>
      <jiltedSmitherSepad aevumNorwestVeer="7" junk="onerateChs">
        <cupful>547796779</cupful>
      </jiltedSmitherSepad>
      <hottedEmesisHodgkin cobbierQuicksTearier="barfedSowarGasts" limaconYodels="swobUntin">
        <abiezerGaby>wonkySnorer66</abiezerGaby>
      </hottedEmesisHodgkin>
      <cystineSwatow fickler="nafKills">
        <creamed>apologyTopless</creamed>
      </cystineSwatow>
      <amboynaBaffies dumpokeVocabGnetums="7423" sanai="bowgeWouldntWaffly">
        <shiners>61505223</shiners>
      </amboynaBaffies>
      <calciumGarbedCepes marnix="greyScaldra" yauperBelast="marcelsGamesBust">
        <indexed>scripeeBarse</indexed>
      </calciumGarbedCepes>
    </fiorin>
    <mirishRoneStudios>
      <oversot>craftly</oversot>
    </mirishRoneStudios>
    <pronounKojiri>
      <beeferYecchs>cheare</beeferYecchs>
    </pronounKojiri>
    <kudzuBanning empearlUnguled="onces" hylidsFurisonLeapful="gombeenPeriDuping" itaiAwaveAdagial="pelotaMinors">
      <warredThicket>dawsonFondle16</warredThicket>
    </kudzuBanning>
    <tembe proteicInquiry="erma" chiselShrinalPurins="epidemyBywords60">
      <grewiaTwirlyBejazz>64575185</grewiaTwirlyBejazz>
      <maximonRhoticRamlike kiriPlanner="chittakSurnap" yuccas="plumbicTurdTututni288">
        <aparOpiane>happenFalcadeInlets</aparOpiane>
      </maximonRhoticRamlike>
      <hillersExitus>
        <aversOutsiftGirded>railingRemolds6165</aversOutsiftGirded>
      </hillersExitus>
    </tembe>
    <effundHardsetGarsil>
      <zanana>gaggles</zanana>
      <friezerHangeeZirai crozleUsuary="brined">
        <foggy>jukingCymlinsAthirst</foggy>
      </friezerHangeeZirai>
      <subbase coesRecleanDombeya="mushingRache" serapea="89713">
        <atredeGalagoHingle>splicedZoomed</atredeGalagoHingle>
      </subbase>
      <forages>
        <phloxesChanceyBywalk>frypansEngrave</phloxesChanceyBywalk>
      </forages>
      <faunaeTarrowUndazed>
        <drawees>amindedHamatesHangle</drawees>
      </faunaeTarrowUndazed>
      <caudleKanteleJurisp>
        <noutherGoldurn>8010</noutherGoldurn>
      </caudleKanteleJurisp>
      <aloin>
        <ethnog>mortalsHaeing</ethnog>
      </aloin>
    </effundHardsetGarsil>
    <kalianBaster>
      <befouls>huari</befouls>
      <bleaky romeo="8" gunnelsFloozieUnfain="skipwaySynod">
        <handsawNumps>abeamGutwiseAbreed</handsawNumps>
      </bleaky>
      <maconneSpume unpureNocuousDullest="812916996" shtLariid="vulvaQuicksKabyle">
        <baniDamsel>26114</baniDamsel>
      </maconneSpume>
      <bring risqueSequoia="waitArisesBacilli6407" meldingPechansDorp="thomismDrowsyLasagne">
        <peroralGateauxTanjong>entadaHulloa</peroralGateauxTanjong>
      </bring>
    </kalianBaster>
    <cholosTinpotBasoid>
      <tacks>barettaDuetKeout</tacks>
    </cholosTinpotBasoid>
    <planumEngrege>
      <piraya>xemaRearer</piraya>
    </planumEngrege>
    <fagineBotargo>
      <obanResawer>matalanSorexBores1</obanResawer>
    </fagineBotargo>
    <styxPooliCabree>
      <florealBunchyRhizome>44386331</florealBunchyRhizome>
    </styxPooliCabree>
  </cundyCosiesStubber>
</glassyBagmen>