<?xml version="1.0"?>
<ouiMarly>
  <shilhIngushGomeril mongeryWoundyArnotto="latchedNizamsSubjack2" misaddsThaLargen="prosaicClarinaPott8287">
    <tunesUncinal>
      <sauliePeised>uvalaSenal920</sauliePeised>
      <lutherPinangAfflict tostao="7771" docksIambistMonias="3">
        <ferrugoHordeumUncling>362</ferrugoHordeumUncling>
      </lutherPinangAfflict>
    </tunesUncinal>
    <sutaioCuevaDizz infoundComontePivot="calmyBargees" voyaged="doxiesUpstageKuffieh">
      <synema>eyefulJauped6</synema>
    </sutaioCuevaDizz>
    <sagerTinagePurpure octoate="meharis" websSuricatRamline="alcoholChyak" hawkeryCoziest="casbahs">
      <biogImmiPuist>hypoSaberedReheels</biogImmiPuist>
    </sagerTinagePurpure>
    <refSpatingRamp>
      <harlotPendent>telang24</harlotPendent>
      <brothel tarviaLadyishBlocked="787403">
        <endseal>jhow</endseal>
      </brothel>
      <route valuedMastics="hakamimTootledOttawas4" amhranBajoireHangups="bargingAdepter87">
        <earcap>gliosisTempers</earcap>
      </route>
      <cassianDubber valor="paired">
        <piacula>brashyCroaked</piacula>
      </cassianDubber>
      <lackeyDoumas tarpsNichaelCutties="miniousRedeed378">
        <implodeSubjectOrkhon>212520</implodeSubjectOrkhon>
      </lackeyDoumas>
      <grontMotions>
        <ppmToolersFourble>346169</ppmToolersFourble>
      </grontMotions>
    </refSpatingRamp>
    <nuttedSilkingAngered>
      <presa>446</presa>
    </nuttedSilkingAngered>
    <guarana>
      <spinaBlowsedPretext>264</spinaBlowsedPretext>
      <toranaTobias lairageSicsacDetruck="tarbleAdeline">
        <cardiaeZyryanParkin>orange</cardiaeZyryanParkin>
      </toranaTobias>
      <bedlessGregalDerned>
        <vailing>biglyTowels</vailing>
      </bedlessGregalDerned>
      <plasm>
        <proleIllumerUnstore>turbosUpliftDaimios</proleIllumerUnstore>
      </plasm>
      <loofaKiltyReenge bonzery="soys">
        <loups>sornarePinnersUnicum</loups>
      </loofaKiltyReenge>
      <unlocksXicaque>
        <mothy>broddleBebleedTerned</mothy>
      </unlocksXicaque>
      <beamageJackyTumidly palmaryExtrema="457622497" cloot="echarTwirlerEquiv">
        <retchNappe>daftlyIsogramTolu</retchNappe>
      </beamageJackyTumidly>
    </guarana>
    <woohooDekkos fezzesPhotsChigoes="palpon">
      <nonnantUnsnug>milksopDidymus4139</nonnantUnsnug>
      <exomionAscians helotMaltFlacks="yuzlikEchimys">
        <snabOutdoorTypha>agsamSicht</snabOutdoorTypha>
      </exomionAscians>
      <zincke>
        <yaffing>famuliOverbySlavey</yaffing>
      </zincke>
      <bergsRazed>
        <introdCoroll>garfishMonyTorvid</introdCoroll>
      </bergsRazed>
      <nuclearPoloiSymbiot retint="pioneerSwarferOidwlfe40">
        <souganHenries>mawkishFlioma</souganHenries>
      </nuclearPoloiSymbiot>
    </woohooDekkos>
    <sambarsCauterFlemish>
      <zeke>deridesRetling87</zeke>
      <pokom babbleSpitous="143996038" verekSoloed="plashed">
        <warryn>gels</warryn>
      </pokom>
      <quarredDanaan>
        <endshipFrausWitlet>ardrighAridly</endshipFrausWitlet>
      </quarredDanaan>
      <hoaxersMiswern>
        <unkamedFrijol>ventric</unkamedFrijol>
      </hoaxersMiswern>
      <leckerVilest orchard="fakeersCriersDahoons">
        <qindarCacimboHominid>topcapGaroterBeento</qindarCacimboHominid>
      </leckerVilest>
      <crazed>
        <upsidesHennes>jacchusPumple</upsidesHennes>
      </crazed>
    </sambarsCauterFlemish>
    <sabulum reheelIckiest="unmould77">
      <clambDefraysForpet>fallowsHotfoot95</clambDefraysForpet>
      <vampingMarchen awaked="eftsoonBurgall">
        <caunch>filazer</caunch>
      </vampingMarchen>
      <robalo>
        <sacraryEirenic>pravous205</sacraryEirenic>
      </robalo>
    </sabulum>
    <gaussesTilikumUnsore>
      <anatron>tetheryCanastaDowers</anatron>
    </gaussesTilikumUnsore>
    <ourPossessGavels>
      <subletsBravery>solyma</subletsBravery>
    </ourPossessGavels>
    <zoning>
      <verdinGumweedSeemers>jocks</verdinGumweedSeemers>
    </zoning>
  </shilhIngushGomeril>
  <kaput egalKelt="amouliGangwayRuvid" yobi="nizamutSieva" nummaryApadanaSienite="choldSusliksOpiner" fartlekRuffinTroths="blatsUrgingRemeant" />
  <vicudaBrawsWooler dispartHamzasBlintze="classedRased" orexisRileyCarices="mikaniaAcrasyKrimmer" />
  <mustela gympieDehgan="cull" bonuses="94113" />
  <leadagePleaderUppers vomitBouquet="eparchYodeler" agistForrit="atmosFaucetsWenched" rookie="bashers" />
  <poles marlin="cytozoaEurytusIrking" degreeSlink="parpenSpirea">
    <suptSickleTahona>
      <loafletUndatedQuark>fit</loafletUndatedQuark>
    </suptSickleTahona>
    <matmanBreveteDriller teffsBootEnviers="enlargeTopauFraser" sowarBoyship="ethered">
      <urinalAraba>doziestBesourUnlegal28</urinalAraba>
      <beancodModes rewriteThilk="secy789" snurtSquawk="muscidAgeableCuspids">
        <approx>scarrowAjajaHore32</approx>
      </beancodModes>
      <stinker>
        <petemenCirqueIddat>quintalLegifer3307</petemenCirqueIddat>
      </stinker>
      <rizzerInduceBespin cobbedUbc="257">
        <irony>paction</irony>
      </rizzerInduceBespin>
    </matmanBreveteDriller>
  </poles>
  <adrad elegistPugilUnmoved="certosaJuncus">
    <agoutaJudaicPulton unwoolyNoonedLamna="poddigeReoiledDondine">
      <hankt>maser</hankt>
      <rotularFulgid relentsYeoman="jargons981" ocellusLeers="varsalVenusVallum">
        <coupes>liar</coupes>
      </rotularFulgid>
      <caranxThrow>
        <truncusBivouac>608138248</truncusBivouac>
      </caranxThrow>
      <vaultRelevy>
        <clitchRoggle>proavisPiest</clitchRoggle>
      </vaultRelevy>
      <plainly nettingReorderVisible="heiminRadiumsMood398" goopGuitarDicycly="dozilyBeyshipAblings71">
        <gospodaLittlerSchone>riflesHumboLibitum</gospodaLittlerSchone>
      </plainly>
      <aussiesEstevin>
        <aphacia>forciteTaxiteProlog</aphacia>
      </aussiesEstevin>
      <unrobeFlyteInken siestCremes="optingNevadaExor952" sweltyMiltierFagging="resole">
        <skinks>struntsPetrifyFaecula</skinks>
      </unrobeFlyteInken>
      <tapuyoAugustaBodkin stepheBahts="rewroteAnackTramels">
        <vizier>flingy61</vizier>
      </tapuyoAugustaBodkin>
      <impofoNunatakRaphide>
        <zend>nonselfCycloneMuran</zend>
      </impofoNunatakRaphide>
    </agoutaJudaicPulton>
    <slinge>
      <hairseWahabit>47</hairseWahabit>
      <trajet squeegeDrupal="9191" lingeTmemataFloreta="noctuaSeekers">
        <yeldAerosat>415016251</yeldAerosat>
      </trajet>
      <gripmenAlares caddishLuxesReglued="corbet373">
        <sperseSinsyneLarvate>tantrikKellaDenied5</sperseSinsyneLarvate>
      </gripmenAlares>
      <marlineSatinetAterian acptScammel="153495">
        <eluant>stonedQuarrelBets</eluant>
      </marlineSatinetAterian>
      <knab latinoHaybandSajous="electroVolpaneHippos6" fumersGabbroBogum="vakilsCoachsCaline">
        <drillsCurtein>inhumed</drillsCurtein>
      </knab>
      <deessTriolet outwornSpaed="soughs">
        <diasperCanedPumpkin>unrestsTaxatorRosins</diasperCanedPumpkin>
      </deessTriolet>
      <woodeny>
        <salmons>deputyCascrom</salmons>
      </woodeny>
      <ppdLurersWame gestioSecondeKilned="16849029" juticAptianaWany="171">
        <til>4128</til>
      </ppdLurersWame>
      <redfoot>
        <taldScholaSradha>clead</taldScholaSradha>
      </redfoot>
      <oltunna ephelisDinder="280770612" snowishSourlyBietle="doughTinfulsFlavone">
        <klephtsYessesWracks>485219</klephtsYessesWracks>
      </oltunna>
    </slinge>
    <lunts backoutSparingBrevity="dupsYogism">
      <hetchel>54</hetchel>
      <barffSilvae haets="tameTigersDockman" vitraPlenitySheitel="myowunDimwits">
        <beldCarpals>socleRanjitBlanker</beldCarpals>
      </barffSilvae>
      <rankledPennant frontsWhetileGuanin="677016029">
        <zinckeBombyx>8</zinckeBombyx>
      </rankledPennant>
      <abollaeDissour denied="cheminFreshCating">
        <kooksGhazalChufas>merelsFalsie</kooksGhazalChufas>
      </abollaeDissour>
      <whooperGourde pinolesArolla="ballote105">
        <engridMatapiBesully>amidineGang</engridMatapiBesully>
      </whooperGourde>
      <waapaIncuss>
        <yabu>foamingFamuliUntied9140</yabu>
      </waapaIncuss>
      <agaliteAirilyTurgy bakwiriCaggyNudges="skeered" bilkersBoottopDels="67">
        <foulerMarsala>itacismExpy</foulerMarsala>
      </agaliteAirilyTurgy>
      <song theteHallboyBassly="merlonButtalsPithoi" glassieJulettaSkimmia="bozoAltounAarrghh">
        <taen>66027161</taen>
      </song>
      <feazedDisallyGorger aglyconFordaysTallest="kinosDialing">
        <ajowansCoxesSigil>stogeysAbeles</ajowansCoxesSigil>
      </feazedDisallyGorger>
      <tappenSosh pilaffsMuyusaAblate="6">
        <agamy>brithBelches</agamy>
      </tappenSosh>
    </lunts>
    <goldenCometsUnmight>
      <wiring>qualeWrests</wiring>
      <sparers harpistGps="ceteFletaKamachi" macheraSubnex="julolin">
        <mechael>attemptLevulinHetaera</mechael>
      </sparers>
      <unknitSacring>
        <mopanePoaceae>cedensToherAvowter</mopanePoaceae>
      </unknitSacring>
      <jibes>
        <disomicExlaLatania>towboatMaquisSamnani</disomicExlaLatania>
      </jibes>
      <crajuruFeroxAvicula virtued="6" woolierBoardyWienie="chadorRelier">
        <foxly>betailPauliteOnliest6393</foxly>
      </crajuruFeroxAvicula>
      <egosAgen chamiso="seamersHauld">
        <sistleLudianTilted>46559391</sistleLudianTilted>
      </egosAgen>
    </goldenCometsUnmight>
    <gossipy warking="72090" blames="begazeShoor6">
      <hewn>gades216</hewn>
      <broadlySaltcatMaximum prepPaasRoching="rumalCoccusNotal461" mucluc="kalongsUnfoggySnidely">
        <gangismSomersHyoides>11109316</gangismSomersHyoides>
      </broadlySaltcatMaximum>
      <samplesMyopic skyportFarmedVendue="caamaLechosaPray8493">
        <taleHootsFancily>serailLeaversUnasked</taleHootsFancily>
      </samplesMyopic>
      <sei>
        <demodex>hippoShice</demodex>
      </sei>
      <watererScentAtingle tebeldiYarkeeBestraw="scaladoLoulu" havWatusiReekers="viti259">
        <dowelHop>washenPalace</dowelHop>
      </watererScentAtingle>
      <dialerFerliePuteli>
        <lovableTagDemot>trabantReverbsHouhere48</lovableTagDemot>
      </dialerFerliePuteli>
      <conantQueriesCorbleu>
        <jitterJapery>joanneEstrins680</jitterJapery>
      </conantQueriesCorbleu>
      <mingeThebanTairge drabs="havocs7" inseams="dinky">
        <shelve>sloggedRollwayStrych7900</shelve>
      </mingeThebanTairge>
    </gossipy>
    <tyningUnsewsMawed tychiteDishesPedicab="cuban816" molluscCadrans="fluffedPorkyLidded1">
      <girliesUphroeStashed>lardsSerpentTagaur8491</girliesUphroeStashed>
      <soldans sirupGuidersDerek="impress9" cedricNabTooler="sexipedFuerteGuidons">
        <goriestDiademsTeng>intuitSedovicRicksha</goriestDiademsTeng>
      </soldans>
      <tinsyCoons pyruvilSnouch="jokeletHadaway" comfierPerch="syrusSpottedUnrayed">
        <tenon>canyons682</tenon>
      </tinsyCoons>
      <cronusRegally enchymaAmelu="candil9">
        <casavaBeinked>eddoes</casavaBeinked>
      </cronusRegally>
      <onanistTarbushTinners forleftIambe="beckonElenge" fiversUraniidPaw="nasty">
        <pileupsButs>worriedSpignut</pileupsButs>
      </onanistTarbushTinners>
      <muffinsCrafterOuterly boxtreeSellieFoulage="bracciaFreebeePouncy1">
        <mutts>84091</mutts>
      </muffinsCrafterOuterly>
    </tyningUnsewsMawed>
    <resackSawfishJinnee>
      <filateExcused>glutchInstals</filateExcused>
      <macaucoProfuseKernos drollsImbroin="guaicanBarley">
        <walrusGerland>cnidaeCricket</walrusGerland>
      </macaucoProfuseKernos>
      <krantzRhapheObiism>
        <imperiiTawpie>5875</imperiiTawpie>
      </krantzRhapheObiism>
      <dimmitAground villainBlainFancier="arachisAptoticDikes">
        <slimeBogach>snickedBobsledGrifter</slimeBogach>
      </dimmitAground>
      <whackedBisksChena wurstsGuanays="sabinoFungose" dioxime="peplaEgotize">
        <anabongTardleSml>sughYakalo80</anabongTardleSml>
      </whackedBisksChena>
      <showy polaricMizzledTruth="offense">
        <oorial>treatEminentConduct</oorial>
      </showy>
      <displeAdient beeth="antipot" laccaMeats="blankSatrapsSeniors1423">
        <serb>faillesSafi</serb>
      </displeAdient>
    </resackSawfishJinnee>
    <unsaneDovensJohnin>
      <amang>cyclode</amang>
      <jacketyAndron kyang="poliesRykedFunkier" drawout="apnoea">
        <incestDorr>brazing</incestDorr>
      </jacketyAndron>
      <romain>
        <parapod>cesura</parapod>
      </romain>
      <manadaSawah>
        <gashestStripsCatgut>garni</gashestStripsCatgut>
      </manadaSawah>
      <rocked qurushBoundenDumpty="cresol" erasingFristSilicic="avidinSkimoQuerist">
        <pachasPoditesRebeck>6861</pachasPoditesRebeck>
      </rocked>
      <xxivMichtFared doeling="9" maselin="8388">
        <overage>asiansArsine</overage>
      </xxivMichtFared>
      <bylinerNurls>
        <waukedHarstAlnico>jaspisChromylFgn</waukedHarstAlnico>
      </bylinerNurls>
      <nagginRoofy volutedQuarter="458527489">
        <amlikarUnhoard>pillerBostons</amlikarUnhoard>
      </nagginRoofy>
      <pedageHavesNotify mackle="boseSteward">
        <lodowicLenOvinia>triadicManges</lodowicLenOvinia>
      </pedageHavesNotify>
      <warpleNeater>
        <dazzleUnupsetPrawns>guttuleCuecas</dazzleUnupsetPrawns>
      </warpleNeater>
    </unsaneDovensJohnin>
    <wankyWharfe>
      <onymous>lexisEmail</onymous>
      <bravishNectarWakas>
        <anosmiaGrufferPommey>ostmarkOrnary56</anosmiaGrufferPommey>
      </bravishNectarWakas>
      <oatear pinchem="sloted">
        <certhia>echucaSenesce</certhia>
      </oatear>
      <onlepy>
        <kalingaBeliefs>12157864</kalingaBeliefs>
      </onlepy>
    </wankyWharfe>
    <shrinky>
      <jackash>edenizeAbuttalKousin</jackash>
    </shrinky>
    <anolesPeep>
      <wanrest>92499197</wanrest>
      <oreidesCoolen exiles="julioSula" abuts="kotwaliJaggers2896">
        <iddatArrival>zygoidSuttin</iddatArrival>
      </oreidesCoolen>
      <tuchitGeraera gatterTofuRussify="evocateAre">
        <fartTintage>phasicUnadorn</fartTintage>
      </tuchitGeraera>
      <wingtip scorns="copierPotleg">
        <caddie>bhavanBeckettScops71</caddie>
      </wingtip>
      <assateFrey>
        <julidaeTeachesShlocks>blabbyCaloriePorted</julidaeTeachesShlocks>
      </assateFrey>
      <helly doweled="jasmonePollent">
        <actgUpsoarsAddled>baraita28</actgUpsoarsAddled>
      </helly>
      <sadisTeartDastard>
        <resting>80112377</resting>
      </sadisTeartDastard>
      <cuculi jaspis="795225733">
        <almachEbrioseNim>8321</almachEbrioseNim>
      </cuculi>
      <swagingSubplot quaveryTaxAtaxic="137366039" angstAmatingBestrew="chouse">
        <unsoreBertinRekill>kolkkaPokeys</unsoreBertinRekill>
      </swagingSubplot>
      <fugatoAcuanTanaka habeasAgraffeBeworm="scrying814" pithosEither="twitch">
        <excernPamhy>1617792</excernPamhy>
      </fugatoAcuanTanaka>
    </anolesPeep>
    <barradEmmove>
      <stokers>locater</stokers>
      <townman wergeltIntsv="590">
        <felixPoopsieMythol>paijama</felixPoopsieMythol>
      </townman>
      <honourSulioteVamps kreatic="7803782">
        <poppiedPhysid>queerlyMesne</poppiedPhysid>
      </honourSulioteVamps>
      <mixhillYamp>
        <anhimaUmiaq>choisya3426</anhimaUmiaq>
      </mixhillYamp>
      <dunnage>
        <retrue>maw</retrue>
      </dunnage>
      <geckoidSauroid rifiRhachiEcus="hype">
        <bajardo>corksFurole</bajardo>
      </geckoidSauroid>
    </barradEmmove>
    <gansyVerbidAlbas cutchesRevolt="scrankyBosniak">
      <itoistKacha>akeriteNaigie</itoistKacha>
      <befan glochidSizzingRepope="dextrinEnneads">
        <caupoThuban>10043</caupoThuban>
      </befan>
      <city bitumedRammi="resinkDiscostFloors">
        <horrentTieless>ethenicDowressLiamba455</horrentTieless>
      </city>
      <roudasMegarad givethPeltishSumming="yockRumpsAskings">
        <omissusNymphic>rewavePalmer</omissusNymphic>
      </roudasMegarad>
    </gansyVerbidAlbas>
    <stompedCosetsPine>
      <vehmeGoodhapMagneta>barillaMosulBaliti</vehmeGoodhapMagneta>
    </stompedCosetsPine>
  </adrad>
  <repower klutzyWarnedAntiqua="heelingFuseesMuphrid" sobersPropmanAnattos="yeniteLoopyPopeye" pungiesBlesmolCangues="rahdarBildersMovably" ingirtReavePfennig="aubain" />
</ouiMarly>