<?xml version="1.0"?>
<straitsWaister>
  <preppedCoolenFitchy yew="kaguraPollamSyud458" foramBuzzy="6757" detenusZinganaBagworm="firetopMinions" umpqua="stilled">
    <smocks>
      <sprugSwarbie>2</sprugSwarbie>
    </smocks>
    <binits isletsVincasHorrify="9590" cziganyRatinesParfait="verstaHemicShunner">
      <fibrine>melasPacaOrganer5</fibrine>
    </binits>
    <hylicHalalasInit>
      <ixodids>8192</ixodids>
      <vettingWhileen dudeensEunomyPrancer="wasirGorhens" armloadFixFouter="quippySpargesRoseola">
        <kilnribInvised>outwallJojobasBothway11</kilnribInvised>
      </vettingWhileen>
      <cappaghEbbet untwineIndia="aloseDevels">
        <jesseanMerism>moonmanSiphonsStand</jesseanMerism>
      </cappaghEbbet>
      <avoyTurpidOxides copaAscend="207624">
        <dowelImbroinMares>dehullDaglock</dowelImbroinMares>
      </avoyTurpidOxides>
      <parkishAnalogy sappers="lorgnonSamolus">
        <abadiaTrigons>921078073</abadiaTrigons>
      </parkishAnalogy>
      <vendedSaids>
        <ultimeTersest>salpoidTrowman</ultimeTersest>
      </vendedSaids>
      <coquito sarindaCowryCollum="plashy">
        <whitely>solicitRestisBanders</whitely>
      </coquito>
      <saditeMiltersPodeon flashlyGnostic="guemal">
        <cothSnowmenTranced>artaba</cothSnowmenTranced>
      </saditeMiltersPodeon>
    </hylicHalalasInit>
  </preppedCoolenFitchy>
  <spiroid rikshaTagula="87021646" spignut="aguaraAndersDovekie" daubry="loomingSkolly" />
  <ubcYolk raymondTael="allness" />
</straitsWaister>