<?xml version="1.0"?>
<broncYucking>
  <nexusNorthsBrutify casshePhocianPhineas="sememeBlush" hard="oophyteEledoneDerrid" />
  <jowDiv echappe="hoursFraFantee" kudoServoed="abasNavyTinters" />
  <metals iouBespend="610315" yahanHelas="gagersWarsleOutwin3" funnelsWabble="9295" eyemark="ceorl5">
    <nomadGranterCarrots thow="campsPiggierAlthing" trinesBedbug="vainerSipedUnrhyme944">
      <ketuStrobeHygiene>csc</ketuStrobeHygiene>
    </nomadGranterCarrots>
    <gadesRowyWurmian animousTwankleDrillet="restockSuperiDisher" elleck="crabbyAgenda">
      <grsTwittedCombat>800191</grsTwittedCombat>
      <tossBrunetsReefs>
        <tukulorWorkupAloesol>valenceIva</tukulorWorkupAloesol>
      </tossBrunetsReefs>
    </gadesRowyWurmian>
    <russelDecarch>
      <parageZad>jauksWherretHopper</parageZad>
    </russelDecarch>
    <miltyValsoidWhew azuleneVadimMelanoi="68173837" shriftCogon="quiversPaarTics">
      <cotorosBagnet>nuddle</cotorosBagnet>
      <bawlMeropicTavert esdTacker="sequest">
        <dwarf>144</dwarf>
      </bawlMeropicTavert>
      <fourbTrismusKanyaw pipid="hemesKneels" wyandot="7922">
        <outaweFormols>mabiCestrumBuss</outaweFormols>
      </fourbTrismusKanyaw>
      <dreamyUnmanNov muskratUnteem="scoutBourout9513" janInanersKinbot="shipmenPard">
        <aubrey>ooplastToxine6837</aubrey>
      </dreamyUnmanNov>
      <geraraMaculaeProton cupulesWickers="finedPapaneCyborgs" lettuceFramingLagenae="smallyGroomerExesion">
        <poseur>brassePalmersFlews</poseur>
      </geraraMaculaeProton>
      <peyotlIsletedRetiree oxtailsUntimeFlosser="snuglyTootles" swampOuvertePresto="designsSubruleAbye">
        <prisere>easiesBaileyRecoach</prisere>
      </peyotlIsletedRetiree>
      <coalaBridgetTeas haroset="roes" dowy="zebraAurelia">
        <incraVickie>avarian</incraVickie>
      </coalaBridgetTeas>
    </miltyValsoidWhew>
    <pilagePaniersNought snoopy="ruskyVolante">
      <clochan>busto</clochan>
      <sibbensFreddy cryptalMgalDeevey="sofkee8" pentLings="edisonCoelomaJokers">
        <windore>anlet79</windore>
      </sibbensFreddy>
      <aporiaTwirpsChimley>
        <leggeUrnfulsWommala>2159</leggeUrnfulsWommala>
      </aporiaTwirpsChimley>
      <reglueGrumbleFerv toutCampers="lanzon1" thripelDubberHengest="valance">
        <crassly>vatfulAfrite</crassly>
      </reglueGrumbleFerv>
      <kerfLusher maulDouceur="ninthRibands" pinnasOdonate="neroliPrevote74">
        <oeci>gladderHowker592</oeci>
      </kerfLusher>
      <denialDucaton flavianDoped="bibbersIran47">
        <gowkAllgoodBlotto>3383</gowkAllgoodBlotto>
      </denialDucaton>
      <subcoolAcarinaKedge>
        <boxyBaller>curvalHaikhFriable</boxyBaller>
      </subcoolAcarinaKedge>
      <ironize moity="titienUnn">
        <pirogenSheols>defamyKetoCordis</pirogenSheols>
      </ironize>
      <resizes maciesWimpledElvan="molted9628">
        <hexyl>oxeote</hexyl>
      </resizes>
    </pilagePaniersNought>
    <baskeCarvy tapped="bathalaSolder285" racingsRecomb="loudenMaulersAbrus84" sextainSegued="lapVolvox">
      <thurlManess>oratesComiqueDingeys</thurlManess>
    </baskeCarvy>
    <acquistMobby cutinsSurfmen="courbCoin" niyogaForwear="delice">
      <litresPussesHunger>bienne</litresPussesHunger>
      <taata soilsMascDonsy="wychAaronBiznaga" coptis="smoking">
        <khanjarGoliad>dairi13</khanjarGoliad>
      </taata>
    </acquistMobby>
    <finalsGuazzoDuddery amireQuiltsBagre="pandectJoustsArcing4">
      <songyBussy>93159</songyBussy>
    </finalsGuazzoDuddery>
    <messeBeratKudo>
      <vertu>53398342</vertu>
    </messeBeratKudo>
    <botaCallan quetheForgab="weetUntiledCangle">
      <smackeeParitiMole>osoneEomeconMisdiet</smackeeParitiMole>
      <preveto biohermWhyforAbc="bultenHighway77" momismSpigToking="nome">
        <burgoos>abilao</burgoos>
      </preveto>
      <versesHulkageDizain chapman="9" challyPridianArcual="scanicBradawlArabic8007">
        <encheck>452452</encheck>
      </versesHulkageDizain>
      <juraneSkeech sunlessViewed="handelKnown501" swindleButtes="5150">
        <gthite>fitche</gthite>
      </juraneSkeech>
    </botaCallan>
    <clove>
      <testorStoma>plumifyEyah</testorStoma>
      <locoes>
        <unfoxy>curaresFanteeMachogo</unfoxy>
      </locoes>
      <oxyphilGenistaZaddick trewsAku="embost">
        <weirDoggierBilch>wippen</weirDoggierBilch>
      </oxyphilGenistaZaddick>
      <threat lordedNeanic="62">
        <berlineLopped>unuse</berlineLopped>
      </threat>
      <chaisesBeaglesTater baculusKayo="4" biped="redustQiviutsBesort">
        <tillageBuddingMezzo>oryssid904</tillageBuddingMezzo>
      </chaisesBeaglesTater>
      <loathedShawy garnettPeerie="4" fibbedSkylookSyrt="fendyTalabonVined">
        <perleHorouta>freddoLemmonBatoon</perleHorouta>
      </loathedShawy>
      <tenuit pasela="hintedAmarinAlumni4" wournil="pleatedMaysinChurchy">
        <ichorThrang>morpheaBaiza</ichorThrang>
      </tenuit>
      <musclyTiffish>
        <arcate>763089462</arcate>
      </musclyTiffish>
      <nudniksKirtlesOomiak>
        <gulpingFlatmanBeknit>yelekGoniac</gulpingFlatmanBeknit>
      </nudniksKirtlesOomiak>
    </clove>
    <deed polladz="5969495">
      <scornerDrains>475326823</scornerDrains>
      <trockBirdsScrath waddler="viuvaDumkaWkly">
        <ritesStiffly>geetDriftedOpacify</ritesStiffly>
      </trockBirdsScrath>
      <kapukaTangun gataAkazga="bliteDiketoBeid">
        <weakyPimple>asmalte</weakyPimple>
      </kapukaTangun>
      <capitol>
        <orioleNerves>lazingCastanoLounges225</orioleNerves>
      </capitol>
      <unholdDrawPiroque bouffonVegJedcock="gloamsWaul3050">
        <wivedLerp>gamines</wivedLerp>
      </unholdDrawPiroque>
      <rivage halmChoko="firth54">
        <platter>meadow</platter>
      </rivage>
      <wickets devils="cremant" mahdism="82782">
        <haltsAnarchoUnspent>coydogChromy</haltsAnarchoUnspent>
      </wickets>
    </deed>
  </metals>
  <uptuckMezzos carmelaGetlingCental="coniCombatEnnew59" botonnyBumkinEupione="rgenUpheave" hatsful="repuff">
    <aliipoe>
      <missingLarry>poisesFliestAlkenyl</missingLarry>
      <annot grecingChromo="kibber">
        <bebloodHistoid>skeyBalantaSlavify</bebloodHistoid>
      </annot>
      <bitePicein nuncius="lustredTombackStartor" aztecAffectsFinial="429">
        <enmeshLosses>pawnee</enmeshLosses>
      </bitePicein>
      <belionRetanEcdyses>
        <lech>shilha</lech>
      </belionRetanEcdyses>
    </aliipoe>
    <guyingSencion emboil="murlock" darbiesCakingUighur="145314" scaselyBuffbar="duckedLacunes">
      <resignRowensPrivy>waganda</resignRowensPrivy>
      <xyliteAgenesHydroxy>
        <pyral>emulateVitrean9414</pyral>
      </xyliteAgenesHydroxy>
      <velaFussed>
        <euler>toxoneAcubens</euler>
      </velaFussed>
      <stomateGanch invades="goxesEnhardy">
        <soning>toppler</soning>
      </stomateGanch>
      <unguyedColibri pentadDonarAsuri="illumePouffes531">
        <fullest>87819</fullest>
      </unguyedColibri>
      <mouzahBajreeBorax reimplyBalk="isolomaLansat">
        <heightsBombsNikko>xeriffTouses</heightsBombsNikko>
      </mouzahBajreeBorax>
      <simoomsBustle>
        <luteumBeadmenGuanays>lotted</luteumBeadmenGuanays>
      </simoomsBustle>
      <outrapDuendes>
        <jacchus>pantryBiff</jacchus>
      </outrapDuendes>
      <laical vanityExradioCalming="icicled" zoilistWiny="sideman">
        <trypa>anglianLochageAngka</trypa>
      </laical>
    </guyingSencion>
    <jinxMoltenHid>
      <inhaust>rottan</inhaust>
    </jinxMoltenHid>
    <lamanoMuranKhojah tricesUnbay="piala">
      <osela>cambismCeroon</osela>
    </lamanoMuranKhojah>
    <isodontWeald>
      <filter>haemWarmusKelek</filter>
    </isodontWeald>
    <outbend>
      <goldtitPenaea>tuskarHarmingBreathe</goldtitPenaea>
      <taivers hulkDezincsWringer="anthood">
        <maleeMoa>burellyTholus</maleeMoa>
      </taivers>
      <ibidineDatums>
        <sobful>madoMullingTarting</sobful>
      </ibidineDatums>
      <caryPayer leaped="hobby" momishDarnersChoughs="71">
        <corbeilBetinge>95343</corbeilBetinge>
      </caryPayer>
    </outbend>
    <boxingCrepis boserLotic="bivinylCowbind">
      <ungaite>knowers</ungaite>
      <suingAdauntBowden silenOrgana="amarin6165" orendaUngoredDisgig="jamesonAntiarsAlonsoa">
        <chola>unsaneEjecta</chola>
      </suingAdauntBowden>
      <suiting>
        <gutwiseImbarkSaccoon>spelkSiddhi32</gutwiseImbarkSaccoon>
      </suiting>
      <unugly cakette="daekonBadinerYom">
        <garnishBovistaGrailer>sinned77</garnishBovistaGrailer>
      </unugly>
      <sanifyTyphus ennerveTeca="reemishYawnerDelfs4718">
        <ingroupSpinousPelean>relapseWaferyCangler</ingroupSpinousPelean>
      </sanifyTyphus>
      <deviler holloasZoogeneAgile="abie6610" curfewBornylRumney="poiser">
        <langeelBarhalCaddice>courtsDixainProlix</langeelBarhalCaddice>
      </deviler>
      <satinayPanel>
        <armit>resentToeingCrush</armit>
      </satinayPanel>
    </boxingCrepis>
    <alinedSteel yiddishHordes="19" redtopsReason="aplysiaOsmolarSoritic" surreptCrimePicarii="culliedSprush">
      <merestEarwortUpsteal>cytome</merestEarwortUpsteal>
    </alinedSteel>
    <bilkerFrothiBuba>
      <tincalsAbir>naikSotnia</tincalsAbir>
    </bilkerFrothiBuba>
    <alaeSanseis>
      <mosserFrist>puked</mosserFrist>
    </alaeSanseis>
    <terpenIcilyTailor>
      <outeyedRefavorScawd>sealMort</outeyedRefavorScawd>
      <tabascoStoun>
        <renege>pompeyAnaspidArclike</renege>
      </tabascoStoun>
      <oakletChippy>
        <hogbushRisquChabot>77185676</hogbushRisquChabot>
      </oakletChippy>
      <knownsZoistKlip impsMootch="piking" bordman="eozoicCalicWeftage">
        <vivace>gentil</vivace>
      </knownsZoistKlip>
      <cloamMahoesDrivel>
        <wilily>tanzine</wilily>
      </cloamMahoesDrivel>
      <shardedGarrya prig="ailed">
        <spurgeElve>694</spurgeElve>
      </shardedGarrya>
      <surnapeDisformGravedo>
        <peperek>iditeChisHorae</peperek>
      </surnapeDisformGravedo>
      <rewaxedYapocksCodline orneryMitersAlfred="baning" coquitoPawlCooter="spirtedCarrizo">
        <mistypeMagical>6750</mistypeMagical>
      </rewaxedYapocksCodline>
      <vetchyWadna stopgapAerilyVirific="tureensCelemin" horreumDuctuleDecuss="despondCallboy">
        <bloat>huskyDelia4</bloat>
      </vetchyWadna>
    </terpenIcilyTailor>
    <igadUnfaded gingham="takuPresaidBeefers">
      <dawishDarksum>boullesTernizeThawed</dawishDarksum>
      <stewing besluit="354549" ooidalAlmury="crambe6">
        <bebraveOwtchahNonce>lowableCid</bebraveOwtchahNonce>
      </stewing>
      <adonize>
        <remandsTsadis>toutersChaya</remandsTsadis>
      </adonize>
      <corinnaCherubNawle embark="tossersUnbonny" gangeRetia="chally">
        <aal>creptParateWool</aal>
      </corinnaCherubNawle>
    </igadUnfaded>
  </uptuckMezzos>
  <docibleMyxoma ogrismMeaningTetra="arghelMallard" ordered="derails" diactinRepayFreshen="885315318">
    <doystCourageSwouned>
      <quanti>bousingViroled48</quanti>
    </doystCourageSwouned>
    <sprays>
      <fluxure>wasteSpare559</fluxure>
    </sprays>
  </docibleMyxoma>
  <cavedMorris rucksey="leaguedYockel1">
    <achaeta>
      <yipe>kartelWimplePungy</yipe>
      <tools scintilChomp="jungianRoquetMurkly">
        <bringsParaleCertain>fliggerPaxiuba</bringsParaleCertain>
      </tools>
      <pitomieWheelerGora>
        <azoniumWinkers>turExalterClaviol</azoniumWinkers>
      </pitomieWheelerGora>
    </achaeta>
    <voetenUnitize>
      <waifedFegs>541</waifedFegs>
      <orpheusKangliSarment herlYeastsNobbled="trusionNou">
        <saxtenLocableHagboat>4771798</saxtenLocableHagboat>
      </orpheusKangliSarment>
      <quaffedPluggy druidryOglersCurneys="curbashRewaked">
        <tout>fancierVistlikChevee</tout>
      </quaffedPluggy>
      <voivodeWhirr irruptLescheAmimide="landWarmishGreyer894">
        <cadew>871800</cadew>
      </voivodeWhirr>
      <oerIwaNomas dowment="578" arabicRiddersPtisan="limpy">
        <teledusZonulet>implete</teledusZonulet>
      </oerIwaNomas>
      <odalmanSutoTackies homerArlengUnthink="streamsSilagesBattue" sneath="gudgeon2711">
        <battiksCluniacCheezit>zizith</battiksCluniacCheezit>
      </odalmanSutoTackies>
      <sylvinsMucago raided="2986576">
        <rodlessSumbal>shard</rodlessSumbal>
      </sylvinsMucago>
      <snowlJauk unwept="umbralOutwit" keawe="agaricTestes">
        <shrinky>caratsEpuloRefly</shrinky>
      </snowlJauk>
    </voetenUnitize>
    <atoners>
      <pensyTeache>pointy188</pensyTeache>
    </atoners>
    <smockedCohenBluish kaffirs="renterVulpesYnambu">
      <asciticAdeninJankers>694218</asciticAdeninJankers>
    </smockedCohenBluish>
    <guapenaUnfazedKraters>
      <technicGinnelKotar>966206</technicGinnelKotar>
    </guapenaUnfazedKraters>
    <kiddy midewinMowed="centureJager" pintleAnice="peartenMuzzily">
      <stutVomitusWering>paludal</stutVomitusWering>
    </kiddy>
    <everett>
      <rampantWatusiCompose>5</rampantWatusiCompose>
    </everett>
    <husht>
      <aziminFriggleFoochow>thicksSerumAmenuse</aziminFriggleFoochow>
      <astrainTobaPigging>
        <goas>flavineTarasco</goas>
      </astrainTobaPigging>
      <outblow>
        <barfulToo>yeltUnrude</barfulToo>
      </outblow>
      <rhizomaSaip totsBiznaga="61">
        <nagariHamboneInlike>roid</nagariHamboneInlike>
      </rhizomaSaip>
      <moonjahMairs>
        <niblick>1525810</niblick>
      </moonjahMairs>
    </husht>
    <suberinWangoniStiller>
      <uncore>quitBesingGaypoo</uncore>
    </suberinWangoniStiller>
    <groanLycidaeCracker hyzoneOrbite="4116">
      <castorJeany>shutoffGetupsYakked</castorJeany>
      <coroadoHyli musthManrent="mixtionIntrant">
        <indebtEnkiGloeal>zapateoRecd</indebtEnkiGloeal>
      </coroadoHyli>
      <mystax kousso="million">
        <kapoks>5756008</kapoks>
      </mystax>
      <gilgieZollTercio triceSecondOes="dramPurgingDecousu" trigramStreiteLabor="fattensOarlike">
        <heviOuthutFronton>tiercelGooteeMiddest</heviOuthutFronton>
      </gilgieZollTercio>
      <bowyer reifs="giliakBuster">
        <mitsvahPaludalFlavous>apertum</mitsvahPaludalFlavous>
      </bowyer>
      <brujasWrithenTerns>
        <vibioidClawkOdylism>basque</vibioidClawkOdylism>
      </brujasWrithenTerns>
      <gulp>
        <crusade>84</crusade>
      </gulp>
      <touzleTampingPaopao>
        <oroanalTobeFonduk>5730377</oroanalTobeFonduk>
      </touzleTampingPaopao>
      <peisageDadding>
        <forMadison>385</forMadison>
      </peisageDadding>
    </groanLycidaeCracker>
    <recoil>
      <wakambaShooterTindal>cabaSiruper</wakambaShooterTindal>
    </recoil>
    <chankWaac menic="goldbugNervateFlavins">
      <aufgabe>kame5</aufgabe>
    </chankWaac>
    <shr ambSotols="48936473" rackmanTermors="3">
      <hormist>7404</hormist>
    </shr>
  </cavedMorris>
  <rebulkIsozyme kafirKarmaHirudo="kamian" shiksasLaunder="ereptic438" advoweeMuriel="1" becameVisceraMauser="fork" />
  <assizedCocaBanians darinStably="smeary" botoneeDreg="tearier" cafhCroapeYappers="53892" bawlerNebbuk="kebbuck">
    <skeeterHallahSplints>
      <ammonic>sclaffGoogly</ammonic>
    </skeeterHallahSplints>
    <tongues>
      <algoid>forcheStruts9</algoid>
      <gloeaBraw grassieCruder="317285736">
        <ganda>squidWimpledWeewow</ganda>
      </gloeaBraw>
      <willyKhayaFusser>
        <liguleImpureAcheck>subfiefSmitIditol</liguleImpureAcheck>
      </willyKhayaFusser>
      <gawsyEurymus unsews="crueltyCaphValgoid" cahuyLeet="26">
        <methideAlphasNanoid>gamut5729</methideAlphasNanoid>
      </gawsyEurymus>
    </tongues>
    <gahnite kibbutz="amotusParitiTennis96" lynceusReverdiDithiol="864778453">
      <caulkedSippedPoplin>wheelerBedcord</caulkedSippedPoplin>
      <mawworm>
        <giselFeasted>flamerBrinesDadap984</giselFeasted>
      </mawworm>
      <cyprina briardGlutEmptins="21902" russud="subclan">
        <limnBrazaFlang>rerouteSpadesRouts</limnBrazaFlang>
      </cyprina>
      <subunitSamenYogi>
        <pungy>norito</pungy>
      </subunitSamenYogi>
      <dawsBigram pedlarsDahomanBoot="tapetisJussory2">
        <prizer>nyrocaIota</prizer>
      </dawsBigram>
      <tupman nitencyAlumnolNeter="slogansReproveRedrove8567" tinierNoance="frayedDapper">
        <glauryGlowed>outfeelPortedGroop</glauryGlowed>
      </tupman>
      <badassLauanUtterer sewless="chital6" peroneiJehads="4799060">
        <moonackCoue>5854</moonackCoue>
      </badassLauanUtterer>
      <babumaBrushupWoful redback="9045" yogisCautioIntends="zooperyVanglo">
        <boulesOsmiteBit>6</boulesOsmiteBit>
      </babumaBrushupWoful>
      <pompionAnkletsMiladi iodizerFardedMorice="aliyasPintasHelvell">
        <mimpTribaseDebtor>bootsWithnaySweepup</mimpTribaseDebtor>
      </pompionAnkletsMiladi>
      <stipulaSavours crimpy="fanionsOoftish">
        <epihyalCosmineImines>6821363</epihyalCosmineImines>
      </stipulaSavours>
    </gahnite>
    <ovonicsStobbed>
      <tillersRemarchFedoras>syrmianQuaversProvant</tillersRemarchFedoras>
    </ovonicsStobbed>
    <yarryGauzesSparge verbidApotomeBurans="dagging">
      <derbendPearl>564</derbendPearl>
      <disnewBoracicMedias gravedoCowmenSponged="87391">
        <smoochyVeining>warch</smoochyVeining>
      </disnewBoracicMedias>
      <smithyShadingTuyer>
        <dishornZoeal>64222</dishornZoeal>
      </smithyShadingTuyer>
      <ipso>
        <bigaeBeeweedMen>202137174</bigaeBeeweedMen>
      </ipso>
      <acestes tillaeaZorils="hostelsSalting">
        <lubaCat>1</lubaCat>
      </acestes>
      <bitsSavitar mannoseRundale="gratae">
        <weftagePsha>hurlbat</weftagePsha>
      </bitsSavitar>
    </yarryGauzesSparge>
    <pedialGariba mutine="midguts">
      <sorbDroversLearoyd>outtalkMeuseSebum19</sorbDroversLearoyd>
    </pedialGariba>
    <fleer>
      <pattenGome>boutonsQuietenLydite</pattenGome>
      <checked monishColumbo="capkinLorienAutos">
        <zoariaVendues>7560098</zoariaVendues>
      </checked>
      <yurtaInbeingZac megaara="klinoGamine">
        <maythe>8</maythe>
      </yurtaInbeingZac>
      <jactantDoatishBucrnia>
        <refillHamose>toolerPobedy</refillHamose>
      </jactantDoatishBucrnia>
      <enlGaulin plapRux="85588" biggetyFlyleafDidle="sitio">
        <medioDeignedDybbuks>agamaePatrix</medioDeignedDybbuks>
      </enlGaulin>
      <earningDecadPacable pudge="trackerCataian">
        <drawlIndium>coercesRedeifyCoughed</drawlIndium>
      </earningDecadPacable>
      <guineanDaubery>
        <balterNosegayNappes>93204</balterNosegayNappes>
      </guineanDaubery>
      <bevelerTalpify>
        <keelman>toddies36</keelman>
      </bevelerTalpify>
      <matters amniaAstareUnnear="triamid">
        <tarianaShakersPalt>hagworm</tarianaShakersPalt>
      </matters>
    </fleer>
    <popper>
      <outwardMoon>sds</outwardMoon>
      <fanitTara beausToxicum="bruzzDepeach">
        <nanaimoTrajet>albaTawnie3</nanaimoTrajet>
      </fanitTara>
      <spadeFretish aginnerOscine="minnowsMimicsEnsnow801" reearns="cholaneAliened">
        <epodes>faults</epodes>
      </spadeFretish>
    </popper>
  </assizedCocaBanians>
</broncYucking>