<?xml version="1.0"?>
<romeo>
  <fronterHelleri movent="bozosLecthi" oretic="ghastly" avernusPinkyNeven="lcm" jokersSalifyCarene="nargileRename">
    <energyRehead>
      <cowagesIrian>pringleBuild</cowagesIrian>
    </energyRehead>
    <mariola>
      <domini>idylls</domini>
    </mariola>
    <soldado judeEctasisLiplet="80544" demiowlOutwith="gooey11" tannaimHats="knudsen">
      <synaxesChapelsPremiss>80014</synaxesChapelsPremiss>
      <wordenCissoid deviserSartorHatch="62649">
        <recheck>beflag</recheck>
      </wordenCissoid>
      <coffledHadbotRais loungerRangersUpsy="fractalMoyener" dewtryBrubruCuritis="peanutsScuffedVesicae">
        <faunus>dewlapOverman</faunus>
      </coffledHadbotRais>
      <boostSpiran pellian="subtileLangcaBeleve1055" cleverThomasaMobster="sistersRetiralPrompt">
        <hopis>railcar3569</hopis>
      </boostSpiran>
      <theat unbent="adcMeumCortege" mommies="hawing">
        <pepoHydrula>69</pepoHydrula>
      </theat>
    </soldado>
    <floatSolo frizzy="pannelWithsay">
      <quasky>blazonAbbess</quasky>
    </floatSolo>
  </fronterHelleri>
</romeo>