<?xml version="1.0"?>
<miconia>
  <anarcho recroon="finaleShoersHardock" grassetPriodon="khangaBlufter429">
    <waitCoagula>
      <bergere>toitoi855</bergere>
      <burnetEnfavorSaccage>
        <dingerZacaton>oleateMonozoa</dingerZacaton>
      </burnetEnfavorSaccage>
      <hayselFylgjurFrats>
        <adeline>65</adeline>
      </hayselFylgjurFrats>
    </waitCoagula>
    <heddleChettikYuh>
      <typikon>1147</typikon>
    </heddleChettikYuh>
    <reinkKinesesLonk>
      <isoflor>41685</isoflor>
    </reinkKinesesLonk>
    <opposesKavass sippioFunnelsThermel="muguetAwaking4" lemmasDebe="zygomas844" bovidsFerisonTamburs="archeanExposer2">
      <asitiaRohobCuriae>jathaFrogbitEtas84</asitiaRohobCuriae>
      <gambistNiggery>
        <sylHelled>foumartHellionTubings2</sylHelled>
      </gambistNiggery>
      <oxygonPractic>
        <toyless>actaea</toyless>
      </oxygonPractic>
      <outfindFustieEntwine chosenCcws="capsaMortiseAlmahs">
        <khanateUnbroid>umland23</khanateUnbroid>
      </outfindFustieEntwine>
      <saggierCathetiOzonate crissaMahalebTocher="intort" jangheyJumble="castlesCheeksEtrog">
        <riggishSuccors>tassBello</riggishSuccors>
      </saggierCathetiOzonate>
      <furane gasmenStigmai="recoded">
        <tegulaeBargeerVistal>horatioEgma</tegulaeBargeerVistal>
      </furane>
      <oxygonQuisbyVolume>
        <fishify>potfulLectureCarnal8</fishify>
      </oxygonQuisbyVolume>
      <enchafeAnomieHocuses jauksRedrive="subnect6">
        <chirreAlgums>98</chirreAlgums>
      </enchafeAnomieHocuses>
      <couchee neonedUparna="turfRoxbury794">
        <vias>jazzersBustler</vias>
      </couchee>
      <hoho grazes="53" towny="overhie">
        <sorbin>92636</sorbin>
      </hoho>
    </opposesKavass>
    <talcedMealilyHarslet gushetVagrom="fantad">
      <ronionsGuarderBushels>scopusBisHardset23</ronionsGuarderBushels>
      <titiInflood socialsPadouksGariba="torsadeFlukyDetin" saddhusForm="bowseryStamnoiSriram">
        <diddlerDer>chufferCindyPotted6002</diddlerDer>
      </titiInflood>
      <succahs>
        <animo>myocyteNauseum</animo>
      </succahs>
      <hyphenRegle wanhapClimate="depayseMould" crakerCompaaRebind="teashopLubesTitmice88">
        <preysIsed>34813</preysIsed>
      </hyphenRegle>
      <ekka>
        <plaint>wiltingGrovers29</plaint>
      </ekka>
      <ehretiaToners sirpea="albumUplongSuine" druxy="takinsParrotyCaches230">
        <serialsPlangBegut>attabalAfounde</serialsPlangBegut>
      </ehretiaToners>
      <danaidFormsAlecup>
        <unaskedCasherDebel>dismeLenaea</unaskedCasherDebel>
      </danaidFormsAlecup>
      <obovalPappousSoloth enwoven="sike217" steenie="booter">
        <qualmsTomblet>dormyMarahBabroot829</qualmsTomblet>
      </obovalPappousSoloth>
      <osseterSnakesHalva upcast="pterianPurpura" divertBillot="molgulaDain737">
        <tipless>gironny</tipless>
      </osseterSnakesHalva>
      <reshift>
        <detenuDirtily>apeironSynedraCommits</detenuDirtily>
      </reshift>
    </talcedMealilyHarslet>
    <flatman>
      <niffersKiwachJulie>guacimo</niffersKiwachJulie>
      <norate mazardsDoctorsPinulus="standerSeringaMeager7">
        <sdlc>harm279</sdlc>
      </norate>
      <pensees>
        <ptisansEthersLeaked>hiding</ptisansEthersLeaked>
      </pensees>
      <ashes cyanine="caplessTorrefy" rulePlucker="narcism61">
        <esdEnrange>apogealBatlikeUsehold</esdEnrange>
      </ashes>
      <lifedaySmockerTrouts wurmal="80701" dingles="moolviHaikaiCompete">
        <genoiseOceanic>rulyFahlerzVetanda</genoiseOceanic>
      </lifedaySmockerTrouts>
    </flatman>
    <lineasAristoiDungol>
      <skoals>begnawTwindle78</skoals>
      <incampWartier>
        <boygNother>czarishSubveinShevri9567</boygNother>
      </incampWartier>
      <kenmarkCibols dybbuk="youdBrant473" freesiaGashing="368791784">
        <canines>packageCarpalsKosin</canines>
      </kenmarkCibols>
      <butch>
        <corpn>wackily</corpn>
      </butch>
      <oversInjuryNomen roomedLibate="beekiteCusieDeafly43" refeignTruce="jumadaRainful">
        <sansarMungofaDrinn>499</sansarMungofaDrinn>
      </oversInjuryNomen>
      <upgush sakDesi="stoical">
        <hackeesBlancaBougie>quirtAnonRelapse481</hackeesBlancaBougie>
      </upgush>
      <dylan maeMagog="morulasBunks320" reban="lucetScaurWinesop">
        <decani>hennaedPulper</decani>
      </dylan>
      <dynodesSorehon ryndTepefyDayfly="balianApocyte" urunday="slideNiobate">
        <proud>recheckSpatzleMirv</proud>
      </dynodesSorehon>
      <aweing sarlacScannerNetty="kurumbaRefr">
        <gorlinJesuits>20153</gorlinJesuits>
      </aweing>
    </lineasAristoiDungol>
    <brieredBalsamo>
      <cern>reem</cern>
    </brieredBalsamo>
    <even strati="37812" koosin="aquariiDukhnLimit">
      <melodyLumped>denied</melodyLumped>
    </even>
    <hadithMauled>
      <carvalBesideCaunter>yapster</carvalBesideCaunter>
    </hadithMauled>
    <footfulWire>
      <baptiseCoarbPampre>870323621</baptiseCoarbPampre>
    </footfulWire>
    <gnessic>
      <sappyAdorned>akebiaPhaeismMuffled</sappyAdorned>
      <peulvanNee>
        <causaeBarkeep>78</causaeBarkeep>
      </peulvanNee>
      <crenateDedan chrysin="eslisorPapulae" glossy="blurbAppallsFermila">
        <limonin>elite</limonin>
      </crenateDedan>
      <pikel>
        <finityBalatas>batsmanLiangsSchizy</finityBalatas>
      </pikel>
    </gnessic>
  </anarcho>
  <refusedPardah stichosLactoidAbought="amiantPilei" />
  <marietFormelDosed bulseBiltongRekeys="971742016">
    <curdled medidiaMeanKanji="187">
      <game>patrinChests</game>
    </curdled>
    <drapeMailman>
      <incogTurbehWitting>whoso</incogTurbehWitting>
      <yettMarmosa xericTootle="blipStoogesSkitty">
        <coughActinsSphene>rodentDealt7</coughActinsSphene>
      </yettMarmosa>
      <melliteEdicule>
        <molebut>dopes</molebut>
      </melliteEdicule>
    </drapeMailman>
    <ambeerBani>
      <nash>lorenVouge</nash>
    </ambeerBani>
    <semiapeBabhan benzeinTanager="menialsGrisardStopway">
      <ember>munjeetGreeBesets</ember>
    </semiapeBabhan>
    <wasatKnee peplaExposed="bractea" planner="taborsScrimpy" entadaDook="teras">
      <haunterMeselaValyl>preknowBosque114</haunterMeselaValyl>
      <orgiasmNudge>
        <drowndGobioidZoarces>monasaLeotardOutblow84</drowndGobioidZoarces>
      </orgiasmNudge>
      <relandPithoi clime="lusted" rapists="pongidsFunicQuaich">
        <handles>bowyersBemask2141</handles>
      </relandPithoi>
      <hatchelRobed enomotyCeratPadlike="blearyRollickZendos" proser="189654">
        <blasiaAzorite>8</blasiaAzorite>
      </hatchelRobed>
      <updaterMisaim cuttled="youwardGurdy" craniumDehkan="asexualScalaryZincoid2376">
        <scunnerScutesRamped>bloopPlectreLake</scunnerScutesRamped>
      </updaterMisaim>
      <secantsMurrs fauster="averishFrigidPopode88" pounces="dupedSupai180">
        <boggart>oticDiluterSeapost20</boggart>
      </secantsMurrs>
      <tareTassCrocin>
        <unlogicBaggageYodler>luzulaTroversEarner</unlogicBaggageYodler>
      </tareTassCrocin>
      <exacumLimean>
        <aiwainLinga>topmaulAddictDecap</aiwainLinga>
      </exacumLimean>
      <benjAlgoman lyraidJeep="eldrich" siena="workups">
        <overwin>carboraCalicheKeraci</overwin>
      </benjAlgoman>
    </wasatKnee>
    <dit pommer="cudavaMeager762" markkaUnslotSlunken="mhg" gunplayYabbersZaire="zeiss">
      <geladas>routingIcinessPresto</geladas>
    </dit>
    <shiksas outsungTowpath="booze1566" colutea="232">
      <volant>sealed</volant>
    </shiksas>
    <abates>
      <yoreAcptJhuria>locatioSqueel51</yoreAcptJhuria>
      <lair uptownsBeadeyeBothy="bobbies">
        <conusee>kaliumsHufflerGimble</conusee>
      </lair>
      <dagobasRingeWardite acinarBriton="weirdos" yukkingBrollAdapts="dejeuneDrummer">
        <widths>1</widths>
      </dagobasRingeWardite>
      <coix roubForblow="imidicSavoy">
        <bribesKingpinViagram>22418</bribesKingpinViagram>
      </coix>
      <usingsOzonesMitosis aburstOutsits="devoirLoimicDues" boarUnteach="8">
        <cread>leonardGlostBoof</cread>
      </usingsOzonesMitosis>
      <deprive bajada="cornule" faldfeeRimes="dishier">
        <phallic>bando</phallic>
      </deprive>
      <mutuelCrittur>
        <richenAlodCanaler>aidsMuttTwist302</richenAlodCanaler>
      </mutuelCrittur>
    </abates>
    <mogsDogalPalfrey delicto="7049995" ehretia="plinian" pharmicShiksaGoggles="1957">
      <victualWhoringCranch>sistent</victualWhoringCranch>
      <gazerHallowDarapti reking="cituaCompart7" yat="orphicUndoes">
        <yankedCurtesyFykes>2982</yankedCurtesyFykes>
      </gazerHallowDarapti>
      <neuroneMushla hinniesSloidHokey="indinNazard">
        <mtg>ushakBisquesMuilla746</mtg>
      </neuroneMushla>
      <apneasMetho bewidowMember="jerrieJoyleaf" gaper="59">
        <beparch>bialy572</beparch>
      </apneasMetho>
      <gurdleDoryman uvularPeriapt="ruru996" flettonFlb="cesspitRogues">
        <woodmenShortenEtesian>secedesShiers9</woodmenShortenEtesian>
      </gurdleDoryman>
      <bowings corsacsUntwirlWaister="woollySleeves">
        <encystsMildishSwatch>smockerGloamUnchary</encystsMildishSwatch>
      </bowings>
    </mogsDogalPalfrey>
    <ecchHeySnack loveyRefletDecides="commiesYaksha" chopinApnea="wickTyponymOnetime" philipPaviser="padesoy">
      <wasteDigenyBogydom>1671747</wasteDigenyBogydom>
    </ecchHeySnack>
    <hootingDucaton>
      <iodidWanhapPreomit>lyrurusAscaronTriobol</iodidWanhapPreomit>
      <paleateWister>
        <pygidia>adaizeDewater</pygidia>
      </paleateWister>
      <aimee acinary="scrapyEnround" fohnsLimpkinPrimly="4">
        <trumphExergue>citadelOva</trumphExergue>
      </aimee>
    </hootingDucaton>
    <amlongThatchStoners>
      <budumaOsculumSqualus>clawk812</budumaOsculumSqualus>
    </amlongThatchStoners>
  </marietFormelDosed>
  <thurseWhidded hyppishSwahiliCrucian="whiskeyUnrust" deludesSulk="678621">
    <rebuild blumeaMailerScolded="pushes">
      <cymraeg>workers4</cymraeg>
    </rebuild>
    <rainsKnolled libbraWeensyWaftage="sangirTheseanToughs">
      <chumpyCaunus>waywardComediaAzoths319</chumpyCaunus>
      <dossedBudgy gidyea="cipayeAtlantaIrk">
        <moneron>earths13</moneron>
      </dossedBudgy>
      <habaera saffianMetalaw="unpliedFiends">
        <riffian>rackfulSeelful</riffian>
      </habaera>
      <pellock fundi="dowlasEvokingDigest718" retches="spurwayRoinType">
        <tgt>cavedReplayBovver</tgt>
      </pellock>
      <wumbleHoofing nankingYezdiKiefs="26513301">
        <gabbed>gyrantInvarsSiestas1890</gabbed>
      </wumbleHoofing>
      <vleiDsnamePicea>
        <unurgedAprilTelarly>720159</unurgedAprilTelarly>
      </vleiDsnamePicea>
      <resealsFlirted feuar="grosserSpulzie" rainilyPoduran="unarchMacawsAngaria">
        <bargh>urinateSurging</bargh>
      </resealsFlirted>
    </rainsKnolled>
    <stamnoiHasan>
      <rajidaeTronerDacryd>monias3</rajidaeTronerDacryd>
      <keat>
        <pmsgVolumen>secutor</pmsgVolumen>
      </keat>
      <cohortsInconyFullams cocainLigandsExormia="writersSkeezix">
        <guazzoUpgoing>615006147</guazzoUpgoing>
      </cohortsInconyFullams>
      <apathyRoue souryDextrin="celtic">
        <godlyUnjoint>rocklet</godlyUnjoint>
      </apathyRoue>
    </stamnoiHasan>
    <recusedUpchuck>
      <joypopsFlunkerRelessa>daalderAkkad703</joypopsFlunkerRelessa>
      <pswPernio>
        <ascus>wrig</ascus>
      </pswPernio>
      <mantyAshman>
        <baddiesCryptic>secableGuzeratAdreamt</baddiesCryptic>
      </mantyAshman>
    </recusedUpchuck>
    <slapeMerls>
      <tozeeDaren>idaliaQuartinYarthen6</tozeeDaren>
    </slapeMerls>
    <subatomHookiesZucco guerreDirhams="fantodUngridOrarian7267" blest="slakierShelder50">
      <tenoreNeurualTonsor>snecket80</tenoreNeurualTonsor>
      <thusGamene reinGospels="flanken" thereon="finallyCowpenFrize">
        <haubois>pallallEnsnare</haubois>
      </thusGamene>
      <onocleaChitty secondoArgolic="aromasMagotLearn">
        <tominesGloriaDamiana>vealAbamp5642</tominesGloriaDamiana>
      </onocleaChitty>
      <olacadAshwortEcocide torteauDoneyBingy="countsPinolin">
        <copiersLeavedNapier>27569963</copiersLeavedNapier>
      </olacadAshwortEcocide>
      <burundi obarni="haybandFlneur9">
        <editalWhitensJetted>ritzyRangers</editalWhitensJetted>
      </burundi>
      <udomYoked sulphidEdoniChoupic="sesbanOvenlyReal">
        <venulae>cathern</venulae>
      </udomYoked>
      <gorgonRewardDaimons guayuleHangedRepacks="26091" rasps="170911509">
        <applaudDorad>393218</applaudDorad>
      </gorgonRewardDaimons>
      <kulm kilnUnfur="ascyrumAzotite" hatti="8997236">
        <guttier>cotula</guttier>
      </kulm>
      <thyiadFendSplash nouns="pawl" fanionsTansiesCytinus="zamarro">
        <acoine>didactsUdom8793</acoine>
      </thyiadFendSplash>
    </subatomHookiesZucco>
    <guntub>
      <bajreeItemyUniwear>8</bajreeItemyUniwear>
      <seetheEnnead gargetyVenta="keramicGirned1" tuneups="embankDirectLeadier">
        <colletsSonshipBentang>moggiesWharBundy</colletsSonshipBentang>
      </seetheEnnead>
      <eadios redealEntwineGetae="enamber">
        <manuma>bohorPediwak</manuma>
      </eadios>
      <ardishJanice climantBendaysMarian="gualaca" alertaArmhole="refutal">
        <suaedaMaddens>7732</suaedaMaddens>
      </ardishJanice>
      <tedious orphize="518457" perilla="stotterBirri">
        <thoman>paravaWisteOkays65</thoman>
      </tedious>
      <maremmeCurted>
        <moulvi>cappieStubb8</moulvi>
      </maremmeCurted>
      <tempehBaguetsSaxish thymin="oppianJakun" shape="galaRibston">
        <mousilyAgamaWhatkin>azimech</mousilyAgamaWhatkin>
      </tempehBaguetsSaxish>
      <tozer brazasZealous="welshesIncideDicier7709">
        <tea>girba</tea>
      </tozer>
      <eddaOpossum>
        <bess>zuludomBianchi</bess>
      </eddaOpossum>
      <remusHooping dalethsBakwiriCrates="6405610">
        <rostel>undrawnGust</rostel>
      </remusHooping>
    </guntub>
    <beluchiWklyNohow>
      <jewdomDeli>dagosUndosed</jewdomDeli>
    </beluchiWklyNohow>
  </thurseWhidded>
  <apeakMoyenMonica />
</miconia>