<?xml version="1.0"?>
<mindfulUndamnHektare>
  <coutherSlayRupture klicketChoker="fussock" ricciaAscotSecos="sambukeLathi" taxideaDiwanUrus="pelt" bacons="worms6">
    <piccoloSittaCenote tripackThomasRigs="4393093" sloomy="myitis" izbaTumliRelais="2">
      <chintsCeorlVotary>siamangScrapyBefilch</chintsCeorlVotary>
      <moirai haggis="4960091">
        <maddedScapus>clunchAvionsCabots</maddedScapus>
      </moirai>
      <sextet rewakedLigures="trawls" ellaElutingPapoosh="kayakLugsomeTestata2782">
        <deota>910</deota>
      </sextet>
      <terna>
        <manning>168</manning>
      </terna>
      <thadBisetBemolt desaltsOutbook="barkedElaylAdapts" moyo="wadnaMigDiceras">
        <stakedKraits>sprylyDitalBorwort44</stakedKraits>
      </thadBisetBemolt>
      <shuckerCunealEagling raggedy="monoidShaulsSickie">
        <fatsoes>312</fatsoes>
      </shuckerCunealEagling>
      <insofarSnaff>
        <bolsterCitatum>cuttedGabbrosSerrae</bolsterCitatum>
      </insofarSnaff>
      <gooier>
        <tewed>rick</tewed>
      </gooier>
      <ungainAversEonisms ozenaGrise="zincyBungeePinwork">
        <aureity>4</aureity>
      </ungainAversEonisms>
      <laurae>
        <gaz>reform</gaz>
      </laurae>
    </piccoloSittaCenote>
    <muta whealed="rowSteriFamish">
      <moanful>birthDeaned</moanful>
    </muta>
    <besingWaasi>
      <pahleviKnifers>misdateBasotho</pahleviKnifers>
      <goopsNerolsSkirrs hackmenImbedsFulmar="encellUnacted">
        <sourlyPalishMiscopy>russetsDeliaAshet</sourlyPalishMiscopy>
      </goopsNerolsSkirrs>
      <meriah sib="bram">
        <statuteFustetAyin>fuelRigodon</statuteFustetAyin>
      </meriah>
      <ossetDagameAnilao>
        <unilobeMixup>29</unilobeMixup>
      </ossetDagameAnilao>
      <biogasIhpEpirot avulsesMasters="hastyPanelaLotment">
        <gummataBedfordDineric>zoogeog</gummataBedfordDineric>
      </biogasIhpEpirot>
      <ilimaGallnut>
        <astrol>turnout</astrol>
      </ilimaGallnut>
    </besingWaasi>
    <squader fathmurFlavoryDhurra="louping">
      <hile>bakerDinsomeBethumb</hile>
    </squader>
    <loaderEnables dcor="baddies" dutiesTrilogy="78890" esoterySphalmaTotting="3904405">
      <blearyLhb>unstoicBichord</blearyLhb>
      <chakrasRibble maybirdBegoneCrig="375" pomonicBesayle="cacaHove">
        <leuciteMaquisSpekt>vulnedSarcleBuddie</leuciteMaquisSpekt>
      </chakrasRibble>
      <jodelPanfuls ngaiNappierFastens="jibheadFays" bedwaysOnychia="kefiricEricErthen">
        <crock>legNonfarmVespers</crock>
      </jodelPanfuls>
      <rutate>
        <vegetalAromaDag>argotPaisanoRamet</vegetalAromaDag>
      </rutate>
      <pooaSensuEvader studdedBobbers="leavenArdor" gristy="probWarbiteFuscin">
        <swelty>ingross</swelty>
      </pooaSensuEvader>
      <beltmenModicaBulling reaBopyrus="4">
        <fungiCabined>946196537</fungiCabined>
      </beltmenModicaBulling>
      <piecesStannic levees="frayedRanal" aboardDiallel="gloatedSolein">
        <snickeyToluoleExams>5544590</snickeyToluoleExams>
      </piecesStannic>
    </loaderEnables>
  </coutherSlayRupture>
  <abetsTrigone fetesFurnish="abl">
    <paiockTylariDrovy sriram="expanse" centradBlinder="wortSettos250" tidiSchuhe="thaneKhet">
      <belute>unglazeSuitedMutiny</belute>
    </paiockTylariDrovy>
    <bezoarSettler>
      <juponsBeigelMuktar>criolloSpivvyUhllo</juponsBeigelMuktar>
    </bezoarSettler>
  </abetsTrigone>
  <skuaCaps>
    <liveryEbriety>
      <akraMellsPignut>parra</akraMellsPignut>
      <evermoDipsosAthel dzerenCatstep="parlorsDulcityAhuaca">
        <bodonidClashy>laming13</bodonidClashy>
      </evermoDipsosAthel>
      <costing>
        <chokedRickleGunsel>56</chokedRickleGunsel>
      </costing>
      <mesonyxAeneous loadedInflow="432442" toxamin="114164333">
        <sarsensLoppy>6</sarsensLoppy>
      </mesonyxAeneous>
      <afsharSold>
        <mythoiLeekyMoya>placateFaeces</mythoiLeekyMoya>
      </afsharSold>
      <clashedBepileUprip>
        <enthuse>alloverAvenineBegging</enthuse>
      </clashedBepileUprip>
      <finedRidges emphaseLyctidCaritas="mistico7" suspectTacnode="flcheSackman67">
        <input>rounge6</input>
      </finedRidges>
      <unity>
        <terbium>914963</terbium>
      </unity>
      <yerava putcherFinnan="agaoCrab" uvea="roves">
        <budgerBemuck>upwaxHewel</budgerBemuck>
      </yerava>
      <maltols warree="carnateLowsed">
        <sansMerelySeudah>dorian</sansMerelySeudah>
      </maltols>
    </liveryEbriety>
    <shurgee>
      <specky>reps</specky>
    </shurgee>
    <buckassHarr>
      <lapilli>piloseDocking</lapilli>
      <tittupsOsmesisBlazing>
        <archlyWilhelmBoats>monads</archlyWilhelmBoats>
      </tittupsOsmesisBlazing>
      <welkinAdopts lupus="regallyUnpared">
        <karayaOuteat>pegless</karayaOuteat>
      </welkinAdopts>
      <isodoseForceSaft bearingPokilyPinal="galutLutrinePitlike">
        <taxied>66563</taxied>
      </isodoseForceSaft>
      <bitDekkoAcocotl vakiaWagonsUnleads="laudist4" mutualTuteleQuiche="8255">
        <thorax>156055</thorax>
      </bitDekkoAcocotl>
      <insnare>
        <frasierModules>rummish</frasierModules>
      </insnare>
    </buckassHarr>
    <pst indyArmorWarundi="82086" shelah="53058" caruageOinks="873902281">
      <trefleVinter>1152</trefleVinter>
    </pst>
    <poisterSunupsJockeys>
      <sepone>moyenerJinjaHirundo56</sepone>
      <mitingJizzen>
        <enwwoveHemen>frolic</enwwoveHemen>
      </mitingJizzen>
      <oxyazoDendralSqueezy cristae="navarchOpifexHevea">
        <kniveySurnap>271997</kniveySurnap>
      </oxyazoDendralSqueezy>
      <kartingJackmanRecede menfraDryfarmLimpest="917" bakundaPawing="voeVictors">
        <abiddenChekker>sacrad</abiddenChekker>
      </kartingJackmanRecede>
      <snugly holierWasters="hokku8">
        <uva>pulijanBenimGulash55</uva>
      </snugly>
      <hoyle mutchJornada="dollopSpearFifish">
        <myocoel>repinedUnsweatEking</myocoel>
      </hoyle>
      <capotesDefter>
        <litanyMinaSpook>phulwa73</litanyMinaSpook>
      </capotesDefter>
      <acardiaDelace quorumPropylaUnwaked="5913422" focusesWolfkinZyryan="pell">
        <boozing>8180637</boozing>
      </acardiaDelace>
      <vanningHutchet>
        <sultans>77</sultans>
      </vanningHutchet>
    </poisterSunupsJockeys>
    <statingWittall bumwoodNiching="758" bantengChangedBengali="rupialMaucacoPci" carity="cururos">
      <beastsGrockle>dekesGrated819</beastsGrockle>
      <nonaTahinJapyx esrogimEndowsReparel="kanawhaPatiblePionic">
        <pickleTetrose>owllikeRussets</pickleTetrose>
      </nonaTahinJapyx>
      <mewlingHomam alcorNonbusy="ribeMines" gestureStoppitThiller="verApeek">
        <caffeinRockiesNumero>outsulkRolling</caffeinRockiesNumero>
      </mewlingHomam>
      <ahemEchelon entte="guareaRobinsSorties">
        <truffes>mulley2371</truffes>
      </ahemEchelon>
      <dovens>
        <marryTimet>presulLivingSeawant</marryTimet>
      </dovens>
      <tingisCrimmerWoodies>
        <akhyanaLarchen>figgingBeamfulKukang</akhyanaLarchen>
      </tingisCrimmerWoodies>
      <snoodedPusses raisonPecks="excerpInspan">
        <shavers>bokomEarshotBoloing565</shavers>
      </snoodedPusses>
      <noddle>
        <hispanoIceleaf>curtly</hispanoIceleaf>
      </noddle>
    </statingWittall>
    <lupinin>
      <jambeau>roodle</jambeau>
    </lupinin>
    <betornDisagio>
      <blesserPitaya>81378684</blesserPitaya>
    </betornDisagio>
    <bamothKwannon boomboxLayoverDewlike="apyrenePlaced">
      <skulkIsoneph>howf</skulkIsoneph>
    </bamothKwannon>
    <gasperPalmsRhaetic>
      <guelf>24530</guelf>
      <typicon airmassSearsLuggers="corinthChiasmsRetard" aloesStaningAcned="94207">
        <goateed>playteFuransOrd</goateed>
      </typicon>
      <fremd moutheChancaUnpray="cresylsPulvil804">
        <jawfeetFidgetSnakes>ravageJags</jawfeetFidgetSnakes>
      </fremd>
      <inwallBankedBider cravedKainginHydatic="vedanaLooped">
        <hareem>keach</hareem>
      </inwallBankedBider>
      <tuxes>
        <countor>kerchooAgname</countor>
      </tuxes>
      <toperSpiraeNizams becking="twiggenCancion" doliteHeel="gospelsBervieFlaws">
        <growanRaping>709</growanRaping>
      </toperSpiraeNizams>
      <beyKeynote absohmRibbons="garumAffrap" reallyPitsaw="unvagueBeinked607">
        <acosmicDraweesDoyenne>978</acosmicDraweesDoyenne>
      </beyKeynote>
      <moyenVenallyDaimon>
        <hotheadChild>agnatAsahelRankers37</hotheadChild>
      </moyenVenallyDaimon>
      <bonaciWashoBeatee galbe="umpteenDebiteChivied" chessGoodman="gheg">
        <adpaoSatangsIsrael>methane70</adpaoSatangsIsrael>
      </bonaciWashoBeatee>
    </gasperPalmsRhaetic>
    <troueYahVinny>
      <melanoiBulwand>hammer</melanoiBulwand>
    </troueYahVinny>
    <estadel>
      <dispellEvesTwana>gigotsAloisCherie</dispellEvesTwana>
      <unhandsStridUpleap angarep="siperBuglingLycosa8727">
        <argle>bodefulDabbedBedad</argle>
      </unhandsStridUpleap>
      <fays bogtrotBoreismHabaera="sunstaySkewing" fifteen="cobwebsLocked33">
        <pattyCaffrePedaled>ziziaThrillFragged</pattyCaffrePedaled>
      </fays>
      <polyeneGeyser piggierDhunchiRoupie="87" aftosasLactone="shaheeDelving8">
        <elrageBattiesLyomeri>sennaKnotty</elrageBattiesLyomeri>
      </polyeneGeyser>
      <blotterKayakerLygaeid kurbash="mienCobourg" farciesBecrawlCondign="fixatifSubrailGrimful">
        <growsSatsopPrepuce>augFaitour</growsSatsopPrepuce>
      </blotterKayakerLygaeid>
      <bask scride="50777" votesKalianAssess="paviserYelt">
        <parisisIckerIntros>kankieTsktsks</parisisIckerIntros>
      </bask>
      <alosaConand gunter="23012540" hendDetrussKinks="anger">
        <glyphs>upyokeComradePoohing</glyphs>
      </alosaConand>
    </estadel>
    <newly westlawBarfs="troolie" unmaid="217">
      <parksCohortCaeoma>earwigsSadic</parksCohortCaeoma>
    </newly>
    <charvet>
      <bobbers>enchain390</bobbers>
    </charvet>
  </skuaCaps>
  <imbarnIsnadPianist woningCoppinTungate="chogakGeullahSasani" ronniOuteate="undeTomtitsUgarono">
    <nahuanGutsBurely>
      <tachesMannans>wirierAreadyAshman</tachesMannans>
      <dainchaSitiSepioid tensingBeretSeizor="keppingMonied" crinkleAchates="vomiter">
        <taversDivers>respireCaplet</taversDivers>
      </dainchaSitiSepioid>
      <imelle profsWasty="5" gledsFoyerSarna="bilinProcbal">
        <semolaHunched>seresHelcoidKroner</semolaHunched>
      </imelle>
      <undernWeepierAbsorb tubelet="vanadicSteersFaucet9" bentangMisween="kuskiteRefait1">
        <wilfredBurghWhilkut>gandumShacklyUlonata</wilfredBurghWhilkut>
      </undernWeepierAbsorb>
    </nahuanGutsBurely>
    <herpes nomads="82575" execsCom="pokersTaurineUpglean">
      <papreg>abienceOvallyAute</papreg>
      <raised mildewSwarfs="making">
        <tatamisMoonierReblast>549320</tatamisMoonierReblast>
      </raised>
      <rookierAcerval negator="yampeeAndrias" andyRosette="contemnOpened">
        <undeftNatr>mollesChokerSunkie99</undeftNatr>
      </rookierAcerval>
      <shewn>
        <reastyNehru>cyanoseGowanBarong</reastyNehru>
      </shewn>
      <julieLigyda ampaleaGainset="391">
        <sculler>diskToting</sculler>
      </julieLigyda>
      <germing>
        <coactsJanapum>fourths</coactsJanapum>
      </germing>
      <lungySirih mummSnubsOxalic="neezeSpline6">
        <meritedDoffPinker>mimical</meritedDoffPinker>
      </lungySirih>
      <makosImmanesAnodyne myalgicJubeVivant="inspireErianTiqueur" minters="5688836">
        <istokeWallerOomiacs>asconesNoelsCocuyo</istokeWallerOomiacs>
      </makosImmanesAnodyne>
      <betutorDrazel wakf="effendiPigdom" gasher="samhMarkaz">
        <idyllGoiStoiter>whumpOutvieHailes</idyllGoiStoiter>
      </betutorDrazel>
    </herpes>
    <kenya quetchBesmear="atokeDank1">
      <armiesVinny>buttCaprine5</armiesVinny>
    </kenya>
    <couloir zanteCusp="dropped">
      <measleShadineEndarch>wonnedTroca</measleShadineEndarch>
      <lammasSudsing>
        <mooktar>unsmokyEvoker4</mooktar>
      </lammasSudsing>
      <hexadBenzene>
        <absorbsFormicLibra>cucurbThrepe</absorbsFormicLibra>
      </hexadBenzene>
      <cygnetAlnageLurky salvorGolfdom="epauleCamoodiBasalia" closestShoonBlush="fugientDroddum">
        <subwaySisith>bark</subwaySisith>
      </cygnetAlnageLurky>
    </couloir>
    <secpars raccheBleakyPuddee="orellinSpandle">
      <panmug>4674</panmug>
    </secpars>
    <pecksThoronsSegou sanfordEmbankFlav="spig" elopeSickJagat="chedersXenosVacuo" grabbleHeirlo="roomageLaudesDory">
      <volvaChuser>laniaryAbriVivax</volvaChuser>
    </pecksThoronsSegou>
  </imbarnIsnadPianist>
</mindfulUndamnHektare>