<?xml version="1.0"?>
<several>
  <busboySassan beetler="boeberaReasonsTopazes">
    <stylet>
      <parus>1639389</parus>
      <resound>
        <soberFelidsKippage>94722514</soberFelidsKippage>
      </resound>
      <khatriDormer>
        <terner>feodumRoberd</terner>
      </khatriDormer>
      <heirdom presift="gemses">
        <pyrenes>dancesRexine</pyrenes>
      </heirdom>
      <sensileCitolas woodlotBuckra="freerPoopsie" kedgerUnshop="epheteHushabyRodolph358">
        <lah>tinsmen</lah>
      </sensileCitolas>
      <bemixesPippingApatan eboniseHingeAsian="17" poter="typistsAlow4657">
        <tightsPodal>braizeDahoman</tightsPodal>
      </bemixesPippingApatan>
      <basidiaShelled kines="hodSmackerLappage">
        <encraalGlotticDiploe>shivey</encraalGlotticDiploe>
      </basidiaShelled>
      <tubbyYukkingCreole gabbrosLeven="soothedDirtily" sklateMajoon="asimmerCalycle">
        <gellyUpdates>cellarGagmenGruf</gellyUpdates>
      </tubbyYukkingCreole>
      <cebine celsiaRuck="607540" mishap="zodiac">
        <cantelPhase>sumplePudicalBoluses</cantelPhase>
      </cebine>
    </stylet>
    <cadreLazyish>
      <ogives>cainianGaragesCostar</ogives>
      <gurgletCubitalTaryard>
        <curiosa>vingtunApyrene</curiosa>
      </gurgletCubitalTaryard>
      <karthli ephelisHauyne="badchanSaxaul654">
        <glosserRajpoot>hurkle</glosserRajpoot>
      </karthli>
    </cadreLazyish>
    <casbahsNinnies>
      <whinnerKing>apod72</whinnerKing>
      <cellarsShuteye frazedNignay="71" beldame="259">
        <leonis>brusselEstusAcerous</leonis>
      </cellarsShuteye>
      <lobuliEyebeam>
        <unfrankAlbite>eloise</unfrankAlbite>
      </lobuliEyebeam>
      <glycidCessing attrapQtd="however">
        <courter>disjectGourdyOrca</courter>
      </glycidCessing>
      <nyrocaBanners>
        <unold>ribworkCrusterPicard</unold>
      </nyrocaBanners>
      <kyrine widenedPotholeBalsamo="enwrapsPalster" aeonialZiramBaymen="5787305">
        <seyCubas>zerosBusked</seyCubas>
      </kyrine>
      <vibrateWhutherBedders>
        <lectorAbating>norkynDawtit</lectorAbating>
      </vibrateWhutherBedders>
      <allheal inring="vidianPurin" saddenBreed="carcakeAngusWummel">
        <buenasRiggite>tombingWherretBaetyl</buenasRiggite>
      </allheal>
      <salmi>
        <doubted>40018</doubted>
      </salmi>
      <hustlesDefeat>
        <aymaraFulful>asslikeBetain</aymaraFulful>
      </hustlesDefeat>
    </casbahsNinnies>
    <golemsEryxAnax bestridHens="checksCep">
      <shoes>492</shoes>
    </golemsEryxAnax>
    <smeltedColonesBasote>
      <reddishHabiruAwalt>carboys15</reddishHabiruAwalt>
    </smeltedColonesBasote>
    <krapfen>
      <enteraUnglossReshows>queysPilagePiny</enteraUnglossReshows>
    </krapfen>
    <mib>
      <stilty>yarlHoboSiksika</stilty>
    </mib>
    <kefirDullery>
      <tunica>flotsan</tunica>
      <argUlmousHoldall faailkQuiver="wrists">
        <uncurbInhaleCubing>rasuresTanha</uncurbInhaleCubing>
      </argUlmousHoldall>
      <serbize palliEnder="azalea">
        <peoniesPampa>ascomaBestock</peoniesPampa>
      </serbize>
      <gushesRegardFaute lauronePelecan="eyelet">
        <nikeAppt>bryndzaMesas</nikeAppt>
      </gushesRegardFaute>
      <lewty fisheye="man" defoilFreyr="unwoolyCaftan3245">
        <nacrite>officioPagineBarded</nacrite>
      </lewty>
      <ravened topekaHopZoning="rutherArchaicWiz2204">
        <wadeSmolderRedoxes>7</wadeSmolderRedoxes>
      </ravened>
      <shekel>
        <becky>stalker</becky>
      </shekel>
    </kefirDullery>
    <dods>
      <caritesCoreign>3251</caritesCoreign>
    </dods>
    <grumlyAdminWoodoo>
      <eterneFuirenaTouter>fossors3</eterneFuirenaTouter>
    </grumlyAdminWoodoo>
    <salablyPercoidTitrant unfiledTopeka="myelinMorayZeros2" victalSouarisAneuric="conies">
      <insistsMotacilScouses>messorAngoise</insistsMotacilScouses>
    </salablyPercoidTitrant>
    <hedeDossilTwifoil>
      <beamishDribberYarder>setarid</beamishDribberYarder>
      <sapota>
        <hoggieShoful>twittleSneaker420</hoggieShoful>
      </sapota>
      <rodgerEmended unpleatGreyhen="unkindTheres">
        <sunsetsPokomoo>968</sunsetsPokomoo>
      </rodgerEmended>
      <mammets factualDiarist="craws">
        <febresPollardBoerdom>thoughRamaAmen</febresPollardBoerdom>
      </mammets>
    </hedeDossilTwifoil>
    <jugfulsSnash>
      <embushPouncer>misy</embushPouncer>
    </jugfulsSnash>
  </busboySassan>
  <maestra wifie="3" beseemReannex="unhullCongoniHuffed">
    <melonDeglaze uhlloSuberAlpieu="sjoukeFlavinsKefir" puttsSirian="9454">
      <almemarMaitreSumen>craniomKallima</almemarMaitreSumen>
      <noggingNips tubtailAret="hamaulsBunko" raunchyTriurid="234833">
        <parotidZestsCurdle>826144</parotidZestsCurdle>
      </noggingNips>
      <waddyCorvets>
        <spacerRatton>8478311</spacerRatton>
      </waddyCorvets>
      <ferlies tetherYetapaTrama="beagles" feodumToyishCerasus="kwachasPerbendHuse">
        <thwarts>fluorylMediaeTanyoan913</thwarts>
      </ferlies>
      <dosing mussedNeurite="weaselsOatfowlMeetly">
        <likestFootageMarryer>spadesToll</likestFootageMarryer>
      </dosing>
      <crumenaLawsone>
        <gappingCowers>skaldicYangtzeGangman</gappingCowers>
      </crumenaLawsone>
      <eyedotTickyBoylas>
        <boldosMamasSpicy>brayeraWaney</boldosMamasSpicy>
      </eyedotTickyBoylas>
      <moonalDomino unbonedCiseaux="aprMesian">
        <parcookTowheeTamarin>aseitySagging615</parcookTowheeTamarin>
      </moonalDomino>
    </melonDeglaze>
    <temser wat="52398358">
      <heathenSuttaCurber>735</heathenSuttaCurber>
    </temser>
    <slowsMugging>
      <piasabaReviles>quease</piasabaReviles>
    </slowsMugging>
    <cabiaiHoryTheyre elemong="immense">
      <pisachi>claviBetas8640</pisachi>
    </cabiaiHoryTheyre>
    <culpritBecrustSyntan celoms="newingsYodh">
      <midgardFerulae>curvetsRigling6167</midgardFerulae>
      <clammerEomRutch annaryLagenae="774" pupas="dowryKiblasBoney">
        <zanjonaCambismHoverer>hajDingee</zanjonaCambismHoverer>
      </clammerEomRutch>
      <eructPathsEnjoyed gardeenPenguinLetups="endivesAvodireGiarre" gridsLineny="density">
        <metModicum>nearly</metModicum>
      </eructPathsEnjoyed>
      <muscid creches="365335" raffingMymarid="579181">
        <speenCydon>vulpic</speenCydon>
      </muscid>
      <volingScania>
        <kexesAlation>flappedRefel</kexesAlation>
      </volingScania>
      <mishnahBodiedPlacode>
        <pituitaOgrismReboso>sinaiteJobs</pituitaOgrismReboso>
      </mishnahBodiedPlacode>
      <vespalCoequalBemuddy lochlinAlterneGommier="sowfoot" cutesy="synagogBandletCalling">
        <carolerAcraein>8</carolerAcraein>
      </vespalCoequalBemuddy>
      <whimMarantaUnwon begazesZaffresOilfish="roughie" cornbin="smeddum">
        <porkersAnam>salpinxNanmuBegnaw</porkersAnam>
      </whimMarantaUnwon>
      <cygnusPilch jurRotgutHattism="tantaraSpisePsychs" halcyonClarionIstrian="manitouLoos">
        <alalaTranspCookies>genaeCorodyTekken</alalaTranspCookies>
      </cygnusPilch>
      <brachiaSycock teemersToxify="foison">
        <camelusSplotchCoseat>294841</camelusSplotchCoseat>
      </brachiaSycock>
    </culpritBecrustSyntan>
  </maestra>
  <cobironPrepend dreeing="carboraZanderLamedhs" worldsCracker="decadic" />
  <bdleBorazon luteway="donorsZorgiteMortars">
    <gifola heroism="441" cosinesYappy="retinNayaurTinters74" gerefaChaber="outlled">
      <fossesUnsuedShelf>117106</fossesUnsuedShelf>
      <arrivalGuareaFolsom dumpsProferTanrecs="paring" sambuca="wroke">
        <addnl>millard</addnl>
      </arrivalGuareaFolsom>
      <init oozoa="darshan" pamperUtensilScalz="667090">
        <tait>gerundSlare</tait>
      </init>
      <petkins bops="abraserUpdiveResplit" whittawTripe="hangmenSeeledDanagla">
        <oliverPhytomeMessily>vainlyAlumAphetic</oliverPhytomeMessily>
      </petkins>
    </gifola>
    <vacant lords="unraspyAntaios" arverniTercine="shittyFreestHylism" drupaViscidFeud="volvate">
      <sows>lyoneseThebanIlleism</sows>
      <comicryHyrcan genitKyanise="bactris1147">
        <hazingPohaFraela>plumaQuelledFets8126</hazingPohaFraela>
      </comicryHyrcan>
      <blotty curiaCowheel="chkfile">
        <kaon>agaritaMockish</kaon>
      </blotty>
    </vacant>
    <athinkFreijoJotter cafeneh="repentsZowieImerina6" lancedPads="tapemenPolicyOaf" warreeClausal="rangesLibbers">
      <gaddedLacingsHoody>carseHunnish</gaddedLacingsHoody>
      <feruledAmylom modernsRouserHelvine="upgushCalistaLimby">
        <etchesUrea>amyeliaTerr</etchesUrea>
      </feruledAmylom>
      <shamed>
        <tailorGlycidAgen>moetMeile</tailorGlycidAgen>
      </shamed>
      <ponticTurbary ukiyoeHillman="859266163">
        <frother>guylineIsatineSulkers891</frother>
      </ponticTurbary>
      <analog woodrowVining="bundaHonkedLoamier">
        <ruining>payenyWeenongWetbird26</ruining>
      </analog>
      <donas>
        <fanjetBlousonEdh>idistic</fanjetBlousonEdh>
      </donas>
      <eden subtack="beshakeAthort">
        <signoffForts>appuiPipilTierer</signoffForts>
      </eden>
      <dilisLaputa pouserMevCandela="15558" suffErgotsGabble="85649">
        <fondak>fritz</fondak>
      </dilisLaputa>
    </athinkFreijoJotter>
  </bdleBorazon>
  <regard lunetKobuEfl="hillmenPursersRetouch" lucayanJuice="firthVocatRuman" emery="larnyx">
    <gozzan>
      <tylariSatis>olaHattieFaitery</tylariSatis>
      <trunks>
        <vitaminFrother>leafletFoes1188</vitaminFrother>
      </trunks>
      <dealsWiriestPutage>
        <tovariaLemmusBals>sagestBean</tovariaLemmusBals>
      </dealsWiriestPutage>
      <arcellaEmpall chicker="jauntie59">
        <sirenia>barhalLoppersBeholds</sirenia>
      </arcellaEmpall>
      <retros>
        <stockedRiotFlusher>wongshy2</stockedRiotFlusher>
      </retros>
      <unbound rhondaCtgJeepers="oboeRefixInwrapt" taffiesChinchOrmazd="snapsMandi">
        <urealParaphsMooning>7</urealParaphsMooning>
      </unbound>
    </gozzan>
    <pandionGillied>
      <retro>jocant</retro>
      <phialae bondingAspace="sardoinSchmeer">
        <srisMulism>blypes</srisMulism>
      </phialae>
      <agreesDivotoExodos dollJewismTaenia="starn" opeluCytode="scabbyEarlishEnrobed">
        <ledgesGlossyArcsin>cicadWorkday</ledgesGlossyArcsin>
      </agreesDivotoExodos>
      <shaker>
        <yautia>ungyve</yautia>
      </shaker>
      <aerate>
        <kendir>assisanBussu</kendir>
      </aerate>
      <umbril>
        <ranceTamanacNefas>urbanaCovet</ranceTamanacNefas>
      </umbril>
      <pinacleDaimenGaggery>
        <schwarzMyxomaIntail>249200274</schwarzMyxomaIntail>
      </pinacleDaimenGaggery>
      <uncannyRedigPrudist echis="sulkaHonda">
        <choukaLineupsTubfish>windilyManlet</choukaLineupsTubfish>
      </uncannyRedigPrudist>
      <yawsRaptorsGiboia>
        <gradelyCasule>slummyBoundPliers</gradelyCasule>
      </yawsRaptorsGiboia>
    </pandionGillied>
    <canzoniRakeoffClocked>
      <testudo>esculin</testudo>
    </canzoniRakeoffClocked>
  </regard>
</several>