<?xml version="1.0"?>
<unciLocoismAssise>
  <comradeModest blurrerCottageHartal="guidersEthynyl" siccanInocyteDietics="sarapes9" outswumTchai="unsentHogsty" saburraPitiful="216966660" />
  <plunger reswageUbussu="combatMatesSents" hybosisTumfieMimus="2" pack="nunc">
    <kipskin>
      <extrudeSprushSalp>tarrieNicerRechart</extrudeSprushSalp>
      <jugularZoologyImperil>
        <marine>tchr</marine>
      </jugularZoologyImperil>
      <matzo bombing="yokerThebaicTektos">
        <dealersPlacateWaters>cremorLuffa28</dealersPlacateWaters>
      </matzo>
    </kipskin>
    <acomiaDanishBarefit swatherFaience="legateScr60" fullersYochel="komtokDioxin">
      <moarianOmnific>77546950</moarianOmnific>
    </acomiaDanishBarefit>
    <ashrafScruff epanody="ambassy" refluxCrevet="franks1663" balatteFait="orpine">
      <sluingFellaniImpugn>edifice</sluingFellaniImpugn>
      <pucksCaingin otaryArriage="stookedKyrine32" whamble="kannumeUntinDirndl">
        <toch>picusAppulse</toch>
      </pucksCaingin>
      <gabsTovariaUmbles slatchSave="enchest" snobberIndoor="madi">
        <bookOttavas>acerbEndureBevies</bookOttavas>
      </gabsTovariaUmbles>
      <circusPlug dartleGypsied="trombaDaceReelect49" pettlesRotuletApogon="secalePatness2710">
        <nomes>leviteRwy</nomes>
      </circusPlug>
      <viaduct trumph="cercisAira8" adagial="vellumsHightedRadient">
        <undeaf>minimus</undeaf>
      </viaduct>
      <odwyer>
        <stinge>swindle</stinge>
      </odwyer>
      <pinwaleRungs fudge="koryakDallierHarass">
        <dulc>groundHait</dulc>
      </pinwaleRungs>
      <dwayneUnmodel bummelEpiloia="35926989" wakaKalkvisTallit="hookedEsne">
        <coelianIbidemPentace>sawBeeth</coelianIbidemPentace>
      </dwayneUnmodel>
    </ashrafScruff>
    <rechainDeities>
      <xiphiid>alcEsculin</xiphiid>
      <bebusyInviteeSagapen>
        <redoRopey>9</redoRopey>
      </bebusyInviteeSagapen>
      <pta>
        <sextryRowdy>haratch</sextryRowdy>
      </pta>
      <gnatterAbieghLeger beziqueHuspelMorth="outflowToheroa" tunsBlurryReflew="shrimpsNamelyQuacked1722">
        <leonid>3584934</leonid>
      </gnatterAbieghLeger>
      <smurksLimbyMaga trolly="morphosLazarsMias" fenterTolsey="castanaHorsily">
        <enduroProsperGulaman>66934679</enduroProsperGulaman>
      </smurksLimbyMaga>
      <luckySlipupsPookoo aupaka="rognonDachas2542">
        <skited>kiluba</skited>
      </luckySlipupsPookoo>
      <solutioLets razed="kopekRousCozey" jinshaDoesJangada="herebyGonzaloNotice4068">
        <bizant>deckleLeno98</bizant>
      </solutioLets>
    </rechainDeities>
    <opinantDeashedNaresh fortletPicudoWeenies="habenarScowmenSlashes" aminesDecenceAnimus="cessioPsyllasPigmew">
      <bossismNuchaeAnanter>7649442</bossismNuchaeAnanter>
      <bugMouched>
        <jaildomGlucid>swineReward</jaildomGlucid>
      </bugMouched>
      <kernelToggelCanid escriptWattageUnwarn="batsmenOvocyte" becher="appiusMikraDrummed4569">
        <keresVeilSagest>abordAtuaUngnaw</keresVeilSagest>
      </kernelToggelCanid>
      <titanyl>
        <embiidAnnatPayess>22</embiidAnnatPayess>
      </titanyl>
    </opinantDeashedNaresh>
    <malesModocDyings>
      <distortAkhrot>michingChancaCancion</distortAkhrot>
      <byroadChines forth="lacetMusky">
        <unbesot>omphacy</unbesot>
      </byroadChines>
      <waddies>
        <borax>iagoNeronic</borax>
      </waddies>
      <shrend>
        <deerRobesWheeze>buffs</deerRobesWheeze>
      </shrend>
      <mincier ripsaws="exptl">
        <nettleTriduamTippet>ciruela</nettleTriduamTippet>
      </mincier>
      <tissue nomismGlower="filmdomMausole" stoon="107324122">
        <goals>dyesTroughy</goals>
      </tissue>
      <stancesFaden>
        <sabik>cotutorBunionsSurbate</sabik>
      </stancesFaden>
      <factive foxlikeCaliper="beylikQtrLibitum" gushPurlinsReamers="avicide">
        <insol>barkaryBorasTentier</insol>
      </factive>
      <anorthDiscern hangars="livedoSkeeterJinxed" pilawEntropyStringy="68188">
        <spooneySpinulaDeplump>sipes</spooneySpinulaDeplump>
      </anorthDiscern>
      <prang confessFiefsDeprive="idlersHewhall">
        <swounSiwensPanaman>canonMisdate</swounSiwensPanaman>
      </prang>
    </malesModocDyings>
    <instyle drung="endossRatcherBucku" morglay="cobitisWenlock" viewedPeriwig="bolomen">
      <leaks>cfm</leaks>
    </instyle>
    <plankCostRous>
      <gounau>hypesReeks60</gounau>
    </plankCostRous>
  </plunger>
  <gotta>
    <nascan>
      <strayed>5970748</strayed>
      <groten ricecarZookers="spathaGeneva" boozyEdemas="heveaMorsels">
        <slabmanTewel>pongee</slabmanTewel>
      </groten>
      <sponson pfg="recoursChurrToyo">
        <furtum>rappees</furtum>
      </sponson>
      <coucheeSoldat>
        <entameSaber>shaikhiCallansNaira</entameSaber>
      </coucheeSoldat>
      <oxamic moroccoMoa="hulkMotionSnacked" paginae="73210153">
        <ungloomEyess>agazedCuitSextets</ungloomEyess>
      </oxamic>
      <dutchUnnailJaunces nomarchImputesAlbumen="coesTwana">
        <downerLecythi>saloon</downerLecythi>
      </dutchUnnailJaunces>
      <drate redcollBetraceRunt="topeesVerdoy" zincite="sophian118">
        <unmoorsPicking>237872900</unmoorsPicking>
      </drate>
    </nascan>
    <upalongHernant>
      <arcExodicUsances>tracersSamadhRetoast</arcExodicUsances>
      <owletsBrownyContour egret="assoriaHopoff" polled="undullUrogramMusting">
        <tolmenCuddy>mxd</tolmenCuddy>
      </owletsBrownyContour>
      <lysinsTimelia coldHonor="azuline" chymistPigpens="5706954">
        <rebused>molly</rebused>
      </lysinsTimelia>
      <tulasiEncinasRosiest gamebagMiltier="rehungCajoleAute" choice="tinterCoigned">
        <eggfishPeelite>dlrBaldyHabenal</eggfishPeelite>
      </tulasiEncinasRosiest>
      <laminalEncloak>
        <unfew>logwork</unfew>
      </laminalEncloak>
    </upalongHernant>
    <adieuScattAdonist grimmer="boeberaMoya" cabiric="seriate">
      <eranistMoirai>ouselsCavedRepleve</eranistMoirai>
    </adieuScattAdonist>
    <toxic adjoin="saddensUndeck">
      <anopias>duckish</anopias>
      <wrigAntennaIndylic dextrinGangBelat="shamoySwarthsCoetus" makaleHadder="5">
        <dantean>gibbousNonsine</dantean>
      </wrigAntennaIndylic>
      <embogueVespersDiddler glyph="nutterHeadedDivvy">
        <bedkeyTrapan>6</bedkeyTrapan>
      </embogueVespersDiddler>
      <tataricKookier ihlatCorbels="hoomPisachaMidgets432">
        <fifteen>28</fifteen>
      </tataricKookier>
      <majoredTotient furlerNesiot="javer" demobs="kinshipBrickenPamment">
        <emptinsKhotana>verrel2</emptinsKhotana>
      </majoredTotient>
    </toxic>
    <callooForstSqudgy scooter="barlessDromoiJus">
      <towlineSpoolClawing>chinaPriceTetrane53</towlineSpoolClawing>
      <albas argalis="slushesGelatesMossers" begroanJabulesDevisal="toppedBurlet">
        <umbesetSeamewClovery>135845</umbesetSeamewClovery>
      </albas>
    </callooForstSqudgy>
    <studyInspake>
      <oilDoucetBemask>likened</oilDoucetBemask>
    </studyInspake>
    <manak buboFimeticHonied="sontagChimla">
      <lumutInwove>raftedLurdane</lumutInwove>
    </manak>
    <saturySynced>
      <subericHackled>harsletRichest577</subericHackled>
      <pagedomTwat flutter="7112311">
        <ciliola>2802</ciliola>
      </pagedomTwat>
      <refutalResnub>
        <pyranylAlularJolters>puddingForradBucare</pyranylAlularJolters>
      </refutalResnub>
    </saturySynced>
    <raptorTindalMalaria>
      <reamHomoeanAzonic>bug</reamHomoeanAzonic>
      <sumoist sorbed="pixTrytGoitres">
        <genevan>bubbledOutlastMumms</genevan>
      </sumoist>
      <seringHyndLatents>
        <cookdomTasters>groomedImageBanago</cookdomTasters>
      </seringHyndLatents>
      <mornayCaracksDvornik>
        <cooptUndo>45829259</cooptUndo>
      </mornayCaracksDvornik>
      <hurePhloxesOutffed bombay="pensyMangal" importsGauming="nignay">
        <romeGeminiIsopods>amatorySickbedKouza5</romeGeminiIsopods>
      </hurePhloxesOutffed>
      <tungateShootee absisRightSpical="tuffsAlop">
        <roastedRamtils>paretic</roastedRamtils>
      </tungateShootee>
    </raptorTindalMalaria>
  </gotta>
  <maharajUplookSnivels beylics="diswarnStratusCarmot" tnpkPenis="lithelyExemptCastra815" foregut="dizzilyCasave6537" />
  <bowserModest dorsiAdinUpgrow="lobatedGassedCabrit" primyCloaksExolve="rostra" camionDallied="oresPlugs" abby="outpageDaubryJadded" />
  <erbiaLikest mokshaAveAdret="6131" thiamin="712116908" drossyDawdy="264">
    <kindOutjet robeHandgunDevils="bicornSecerns14" donackAfzelia="467434">
      <imbatStakeEntry>aminesZebroidDemiox63</imbatStakeEntry>
      <placksTarenteKansa standiSquishy="goatishUncapSpruces" furyl="reawareVienna">
        <ardeaBossierNeedy>aleger</ardeaBossierNeedy>
      </placksTarenteKansa>
      <lorriesCymose emagram="silvernHerve" vidduiQuids="696125426">
        <unsome>indef</unsome>
      </lorriesCymose>
      <apelikeAcylButch prickle="369">
        <binhBarre>socoZinganaAfreets</binhBarre>
      </apelikeAcylButch>
      <lankishWeederyOrt fellahs="413303">
        <sudsy>nasutus</sudsy>
      </lankishWeederyOrt>
      <spawny>
        <pillaryEnvinePeaces>tabulaeTempest</pillaryEnvinePeaces>
      </spawny>
      <menise>
        <upwaysStabbed>beatas</upwaysStabbed>
      </menise>
      <gillnetFanum zillahBlup="unfleadMoneyedLoader" rattus="nosselEnamdarKoklass">
        <brazing>knospAviateTravoy</brazing>
      </gillnetFanum>
      <beglare doleGypping="nathemo" manuaryPeartlyKnoweth="acinuniSolioWobbler">
        <rudd>razees</rudd>
      </beglare>
      <appalls decanesParafleStatic="8">
        <keltersErke>aroJostle</keltersErke>
      </appalls>
    </kindOutjet>
    <demiox bionticRansack="prated">
      <liningUnsafer>lithousGedrite80</liningUnsafer>
    </demiox>
    <boatTeadishMeshy>
      <molave>puraque</molave>
    </boatTeadishMeshy>
    <breatheHayers>
      <scrawlyTuskierPieman>52212809</scrawlyTuskierPieman>
      <chapeauKoussosUptrain respProodeRidging="jaghirSpectCurtlax" tycheRetimes="entoireLubberDucks">
        <arterinWabena>headleMetaledKaons</arterinWabena>
      </chapeauKoussosUptrain>
      <cognizeRedbaitYapocks nearerLonkSpurdog="stoppleChm" ossia="oozierDosChamade657">
        <bienniaSris>guanaysJantyCharet901</bienniaSris>
      </cognizeRedbaitYapocks>
      <clowerTrotterTigerly unbareDeuzanPoley="politicAntimanQuirked83" atemoya="parlay">
        <lackwit>envaye</lackwit>
      </clowerTrotterTigerly>
      <cyton accruerGilliedFleers="kinkledBallast" pookaunReeshlePolyact="niccoloSapsapGemmel">
        <silures>allieGreeks68</silures>
      </cyton>
      <sawfishMufti falcadeBasemenMophead="926860587">
        <tuthSnootyAmoebas>7029</tuthSnootyAmoebas>
      </sawfishMufti>
      <omphali raceme="daiseeSerringFrivols" sect="adolphSpoorsTribual">
        <sirupyFirnLarin>518853</sirupyFirnLarin>
      </omphali>
    </breatheHayers>
  </erbiaLikest>
  <elohist abkar="seekIntsvAlalia" tawneysApersPlough="inanest" bernardZonulae="hughocKwintra" unfiery="washinOperonsYeni">
    <eeling>
      <flandanBegaudLoser>cymenes</flandanBegaudLoser>
      <steeveCitoyenMaroons failing="outdo">
        <pesteBin>sloydsLaveer</pesteBin>
      </steeveCitoyenMaroons>
      <howsour grapsusCutbackVerging="sicularPeeweesLeagued">
        <octopi>groanTheirsAttrib</octopi>
      </howsour>
      <snaredBennet>
        <isopag>35892474</isopag>
      </snaredBennet>
      <stroyer cancansHeptiteLovable="decaneLethalsRappees">
        <hummeriBolkHilborn>terveeCadged</hummeriBolkHilborn>
      </stroyer>
      <colpeo eclairsDowagerKamalas="samkhya">
        <iodizer>cardonaGuns56</iodizer>
      </colpeo>
      <peekSonderTaryba>
        <rauqueNagmanTaigle>arpanetZiraiMashlam</rauqueNagmanTaigle>
      </peekSonderTaryba>
      <inanersIndure sirpleAkoasmValva="gaffkyaZiczac" kirmewParkedOrgana="tellenPoster">
        <rekingPruntedTennu>20780</rekingPruntedTennu>
      </inanersIndure>
      <kakasCigaret realia="senary" puteal="wiggery">
        <jubilusTracersEtheria>garonInbeingAmici</jubilusTracersEtheria>
      </kakasCigaret>
    </eeling>
    <tolleryWuzzyRework>
      <creosolDope>truancyNomismSlogged</creosolDope>
    </tolleryWuzzyRework>
    <wamble hormigoApoiseEngages="widthPodlerTpk2577" galante="shisn">
      <amianthTidyismBramia>frundelChumpa</amianthTidyismBramia>
      <insertRuined>
        <osmiumJujuismRebreed>ricketsCandroyPraxean</osmiumJujuismRebreed>
      </insertRuined>
      <chips strepsCompert="imshiDimmersCarps">
        <atwinFibularAdance>efphAnay</atwinFibularAdance>
      </chips>
      <impairPontus>
        <takaLowered>wynMazed</takaLowered>
      </impairPontus>
      <lordletFubby dragoon="rosets95">
        <exodyBlacksSelahs>maineAnime</exodyBlacksSelahs>
      </lordletFubby>
      <photom>
        <logwiseHebraicSparage>33837415</logwiseHebraicSparage>
      </photom>
      <xylol wapataAspasiaCortez="vaguishNupeMedley">
        <jetesMantidHoopmen>758981297</jetesMantidHoopmen>
      </xylol>
      <coccyx>
        <ramentaAssizes>66143</ramentaAssizes>
      </coccyx>
      <chingMuskox abatageEntopicSialic="98301" awinkGroovyFrenal="makutuFlummoxTaigle">
        <rulesTatoosMilters>34</rulesTatoosMilters>
      </chingMuskox>
    </wamble>
    <cooncanTupuna>
      <swerveBugeyed>16214</swerveBugeyed>
    </cooncanTupuna>
    <acushlaLibelerMaycock>
      <psi>palets5384</psi>
      <cryst gripman="navig">
        <grinSedang>harmoot</grinSedang>
      </cryst>
      <heaps>
        <caryota>accruerAsweve</caryota>
      </heaps>
      <quicked haunch="peavies">
        <outgainPgnttrpDtd>garoterAnatoleBoatel</outgainPgnttrpDtd>
      </quicked>
      <pipetteCalkers capsids="249018">
        <halakahOvalish>talahib</halakahOvalish>
      </pipetteCalkers>
      <cinclusRettery grenadaQuerl="lidoDayment2295">
        <shypooKipageIntimal>burrishMazdeanSudes</shypooKipageIntimal>
      </cinclusRettery>
    </acushlaLibelerMaycock>
    <shatterCoddingGrubber>
      <regilds>lupidSlarth</regilds>
    </shatterCoddingGrubber>
    <leos>
      <retchCayapa>obtuser</retchCayapa>
    </leos>
    <peartDotierTimalia>
      <balkarDuarchyMinster>tablierWringed7</balkarDuarchyMinster>
    </peartDotierTimalia>
    <melissaPillowsTumbler>
      <busier>isander</busier>
      <skuaUnmight aboxWaflibAlca="pampers1239">
        <crewcutLambda>sisSycoma</crewcutLambda>
      </skuaUnmight>
      <mozosHewersChemung casuary="fresnelButtleYallow" spitkid="trogsTongas">
        <brusklyNailrod>forking</brusklyNailrod>
      </mozosHewersChemung>
      <onionsStreamsPalule>
        <scuddle>uproarIncisalRedeny</scuddle>
      </onionsStreamsPalule>
      <jaredAvidous portal="holla">
        <iwisPomphusFluavil>whuteLamish</iwisPomphusFluavil>
      </jaredAvidous>
      <turmaSylphy honestyWiled="dabbedVastGuisian" dustyPigtail="ecklein">
        <minhagFerbams>uncouth93</minhagFerbams>
      </turmaSylphy>
      <chait serosasBonetta="audible" obtainsCoixOncin="infair">
        <nascapiDiaboloLushai>bussu449</nascapiDiaboloLushai>
      </chait>
      <seethe mirled="nomesMpbUplong59" sluffedEggingAssays="88864261">
        <realarmSpringApochae>proaAirwise</realarmSpringApochae>
      </seethe>
    </melissaPillowsTumbler>
    <magueys airampoMeline="camesWoodenGlaury" sintocGryllid="631924" calkinAlimaPangane="pickingSuantly">
      <cols>graped</cols>
    </magueys>
    <berchtaCarcelsOuthits>
      <coastalZumaticAvocat>crucesBittiumCrinum</coastalZumaticAvocat>
    </berchtaCarcelsOuthits>
  </elohist>
  <yclept czechRattusDiddle="connex" farsangCedric="swots" peotomyVotish="852271103" />
  <tenters hakkaDecamps="adapis">
    <mucinGigLustier>
      <guttaeFilosusDotchin>eryngo</guttaeFilosusDotchin>
      <illanun>
        <recti>sherify</recti>
      </illanun>
      <gulletWhoofProblem>
        <rya>6</rya>
      </gulletWhoofProblem>
      <polyoseTong gnosisTimpani="bufo7">
        <lignousKerfedIntrail>someoneRegula</lignousKerfedIntrail>
      </polyoseTong>
      <effusedWatala nobber="858465282" logwayUnburnt="monoecySerin">
        <anticsDit>doat8798</anticsDit>
      </effusedWatala>
      <whalersAshweedFume maidismBatisteFusilly="farmySlovens">
        <ituriteIncomesAbamp>psycterPeahens</ituriteIncomesAbamp>
      </whalersAshweedFume>
    </mucinGigLustier>
    <seatersMarwariSpink reclean="62">
      <badger>groinedPawneesBlufter</badger>
    </seatersMarwariSpink>
    <couldClioImpute knetSumbulRambo="2" boragesFunicle="alkaidTalliar" trentAlgomanEnactor="poiesisBended189">
      <allylGekkoTupuna>jilts</allylGekkoTupuna>
    </couldClioImpute>
    <heaveChapesMancono>
      <oilcakeReformLimbie>hilts</oilcakeReformLimbie>
      <hiplike>
        <lessonsCephus>chidraLithyBugara</lessonsCephus>
      </hiplike>
      <shishamUncuth>
        <reckChateau>boylasMoguey</reckChateau>
      </shishamUncuth>
      <polaricArchils apse="690" tensest="volumedMonsoniNeckar">
        <amiWauledPapaya>976</amiWauledPapaya>
      </polaricArchils>
      <sonata assurd="fogged" daverPoil="patrolAdagios">
        <gweedOnionetHypnoid>sekhwanHeyduck</gweedOnionetHypnoid>
      </sonata>
      <ribletLeden>
        <sumperSennetBeefing>enshawlOatenArtamus6</sumperSennetBeefing>
      </ribletLeden>
    </heaveChapesMancono>
    <ibidemChokerCreeker>
      <laund>unionicReomitGlime</laund>
    </ibidemChokerCreeker>
    <lagendsOttroyeChined>
      <uvicBaublesSackage>4986</uvicBaublesSackage>
      <forfearGavallPookaun chaffyEvomitGladeye="3156" auteur="598630">
        <velella>supply104</velella>
      </forfearGavallPookaun>
      <ravioliWarlockAnimose bleachFarleu="encrustSaransSpasmus69" omneity="regiveTritely">
        <ripostsAngicoAesopic>naigLagansOvered616</ripostsAngicoAesopic>
      </ravioliWarlockAnimose>
      <litre>
        <prefetVeneros>192</prefetVeneros>
      </litre>
      <staired scantedThawyRags="byreDecodedChounce" urban="outdrew">
        <soget>retime</soget>
      </staired>
      <catharShojo sphexGerDianoia="mudeeRingentAnion" spatula="24208">
        <eros>shekelLawmakeDenning</eros>
      </catharShojo>
      <inknitConinesVarying>
        <bremelySpigBeswink>308009</bremelySpigBeswink>
      </inknitConinesVarying>
      <kodakrySlicedUnsharp pristawMinimis="athrongChillum">
        <ivaCarcaseNowroze>681</ivaCarcaseNowroze>
      </kodakrySlicedUnsharp>
    </lagendsOttroyeChined>
    <bucketsWrit>
      <kinglyTaille>attunedArouser</kinglyTaille>
      <gleansBaleareManks whewerIsmsPsi="disgoodRoupierSuffix6" jukedSenageEgret="splunt">
        <spretty>proles</spretty>
      </gleansBaleareManks>
      <smazeService trichy="hooks">
        <belast>bepun</belast>
      </smazeService>
      <forefit coxesHamel="sooterEnsign">
        <raquetOutwore>7</raquetOutwore>
      </forefit>
      <alonsoaFouettGlew>
        <saucierJura>fimblesEngramRumex584</saucierJura>
      </alonsoaFouettGlew>
    </bucketsWrit>
    <pagrusHabereGlucine>
      <dislimn>retentChirpyAsteer</dislimn>
      <hydRanchos>
        <tasBezel>redocksPraxeanDyads</tasBezel>
      </hydRanchos>
      <outjazz gaysomeOptAmigos="aloinEjurateAigre">
        <scarid>scavelFordsCirca1138</scarid>
      </outjazz>
      <danglerObjet>
        <hoopmanMarreeZax>besugarRejects</hoopmanMarreeZax>
      </danglerObjet>
      <sahlite radicelBedadSwisher="sinifyStite">
        <fixatePushed>didymus</fixatePushed>
      </sahlite>
      <plusiaPredry vatful="94998">
        <quezalAccloy>russetyDucato</quezalAccloy>
      </plusiaPredry>
      <cipolinGesture>
        <patinaUmbo>biffin68</patinaUmbo>
      </cipolinGesture>
      <skymanWantwitKazoo aliiHikuli="staneDriePresign" thegnlyAirlockDrags="1489">
        <caulIsolineHoards>reliefs</caulIsolineHoards>
      </skymanWantwitKazoo>
      <rhemishBoxer>
        <novasNectar>baktun</novasNectar>
      </rhemishBoxer>
    </pagrusHabereGlucine>
    <rudestPombe>
      <quarlAmilReswage>baldieAnneal</quarlAmilReswage>
    </rudestPombe>
    <restemTunganAllium>
      <bovista>97</bovista>
    </restemTunganAllium>
    <fulicaPadige humbuzzAnosmia="199261861" tautensCeti="abuzzKinkedOdum" baizingLeeshyyHoutou="passade5417">
      <lactifyOzonise>acholia</lactifyOzonise>
      <jako bakingsCrawtae="erasionIdoist">
        <sticked>heimdalMincersSniping920</sticked>
      </jako>
      <minervaCaboosePerdue>
        <uncoachHeftingBoreism>lagunaPannoseSported</uncoachHeftingBoreism>
      </minervaCaboosePerdue>
      <nunnariByte>
        <cckwTyrannyBarrows>54335398</cckwTyrannyBarrows>
      </nunnariByte>
      <pyrBureaux untrim="acriderDita">
        <pixyishSambouk>moonyJasperYaruran</pixyishSambouk>
      </pyrBureaux>
      <trifle klippenFlect="afb" acrasyDoweral="barlow">
        <dipsieInlying>406307939</dipsieInlying>
      </trifle>
    </fulicaPadige>
  </tenters>
</unciLocoismAssise>