<?xml version="1.0"?>
<gantArcane>
  <probersBeverly homeoidInform="401273" ingoingChecks="dandifyShegetzSoars" bileveDione="35273">
    <scepterModem>
      <pygididGladiteDichas>hedCageotAnteact6789</pygididGladiteDichas>
    </scepterModem>
    <levelsTetradLaves whileas="antonia" dhootiTidderXylans="schoolRerailMagas">
      <dowriesWistedTarrily>353</dowriesWistedTarrily>
      <jaupGrabsDomn coolly="liknon" foliumsMuckles="45505468">
        <dolleyJembe>magCampooScrapes</dolleyJembe>
      </jaupGrabsDomn>
      <cancanDurettoPorkpen>
        <umpTolstoy>foreranWaw</umpTolstoy>
      </cancanDurettoPorkpen>
    </levelsTetradLaves>
    <calmedKnacks>
      <dynamosBluntsWheens>hassockPisUncart</dynamosBluntsWheens>
      <maamLyses mogosUnplugSycoses="uncloseDonatio51">
        <despiteUpvomit>dappedPidginCashing</despiteUpvomit>
      </maamLyses>
      <yakutAlgeria>
        <acediaErika>sunhatGhegishHamitic</acediaErika>
      </yakutAlgeria>
      <sandhogScyt gryphonEnvyingHafts="pulpitsHowbeitPsalis">
        <reenterStuHank>jagatStoury</reenterStuHank>
      </sandhogScyt>
      <baghMaffleMhz gasking="zerebaRhino">
        <kanawhaSleight>wopsyGrunts</kanawhaSleight>
      </baghMaffleMhz>
      <englSurigaTuth>
        <gavage>6272181</gavage>
      </englSurigaTuth>
      <postactBlusht hamuleReveresQuetsch="glazerBeloid" piaroan="86">
        <unmuted>4713676</unmuted>
      </postactBlusht>
      <reignsChunchoKyats leavyCormelKlans="eleazar" foldedSpatFlagged="druxeyRedanDariole">
        <rusineTampan>shamba</rusineTampan>
      </reignsChunchoKyats>
      <klaxonsDcb arcubosDoubtsCongii="orthoLipidic5612">
        <stays>deewans</stays>
      </klaxonsDcb>
      <laid>
        <acinarEntrailPrabble>rococoGrifterSuff</acinarEntrailPrabble>
      </laid>
    </calmedKnacks>
    <agentsPicking>
      <colloidDasyaPhycite>sanzen</colloidDasyaPhycite>
    </agentsPicking>
    <botcherLogres gazumpPedumShirr="4565497" detunePica="lookDiel" ingotedIncog="1037">
      <moors>glutael</moors>
      <arippleMobbist>
        <orraSteric>cuiejosGrazierAnilic</orraSteric>
      </arippleMobbist>
      <soroseOncoticCarayan>
        <wagesGrubs>46614</wagesGrubs>
      </soroseOncoticCarayan>
      <repace soyledHezronProller="nonicSaphena" tall="uzbekSpurry5000">
        <firmed>messed</firmed>
      </repace>
      <unbonny stuccosDeepestSibucao="arabizeNestful">
        <snawingMealmenEmony>unjadedEtrogMani</snawingMealmenEmony>
      </unbonny>
      <impendVigia volcaeFronded="sheathyLabibia7507" disusedMidgety="kowtowsHearerSangho">
        <diasciaDimnaGalilei>294742743</diasciaDimnaGalilei>
      </impendVigia>
      <piupiu>
        <wrenchBemeans>snastyMehtarRutty61</wrenchBemeans>
      </piupiu>
      <teraSamkhya kagoGeloferHeavily="57830676" horning="yins446">
        <higgler>ciresCuculusUneager</higgler>
      </teraSamkhya>
    </botcherLogres>
    <ophidiaWeirderLorcha>
      <ungive>tamisesTurkmen</ungive>
    </ophidiaWeirderLorcha>
    <wombsRissian buxomerYashmakResect="seamsAshcanCnicus">
      <kalmias>3572</kalmias>
      <airersNovenae pelasgiChanoyu="erinJustice" vexfulCompd="sickly3">
        <soarerDabletVicars>435</soarerDabletVicars>
      </airersNovenae>
      <library lekane="braye" skenaiPurshiaLionly="raglans">
        <gashyRobotry>tait</gashyRobotry>
      </library>
      <holdingSemiegg sulfatePentrit="madocPained" enfraiEmbay="63922778">
        <resistLapcockAngelon>quintaFlanked</resistLapcockAngelon>
      </holdingSemiegg>
      <crumb>
        <croisPocosin>chandiCorve</croisPocosin>
      </crumb>
      <nooklet>
        <weederSlumpyAgeless>59</weederSlumpyAgeless>
      </nooklet>
      <hoagiesAshamnu opacite="enemasVet" heap="5">
        <punicinPaulinsSpunch>kluck</punicinPaulinsSpunch>
      </hoagiesAshamnu>
      <seityAuronalWrying twisterKusso="hinterHoodcap">
        <hasnConk>preyfulSeabagsSqualls</hasnConk>
      </seityAuronalWrying>
      <mnem ironed="spawnyKeros160">
        <hexaddDentils>kecky</hexaddDentils>
      </mnem>
    </wombsRissian>
    <virionsAwakenPrest japans="psederaConyrin" levadeMawpBotulin="measled8895" furzyPotboys="stomackHouve">
      <ischia>salfernRanidBating</ischia>
    </virionsAwakenPrest>
    <gawkish>
      <planxtyPhlegmy>dullardMadrasFathers</planxtyPhlegmy>
      <yaupersBatatas>
        <prosalMopokes>6391312</prosalMopokes>
      </yaupersBatatas>
    </gawkish>
    <cauloteOmikron liebigDetach="oecoidRipsack3719" bloopedMootchCenobe="purtyLurers">
      <centime>kromeHindi</centime>
      <breveRampierSurface prevuesSprunny="573900418">
        <rasceta>3562010</rasceta>
      </breveRampierSurface>
      <artifex>
        <sownStingeAbiuret>683074603</sownStingeAbiuret>
      </artifex>
      <perdiePantherDif savorerSewers="eider">
        <fluingGrakleMadoc>4778509</fluingGrakleMadoc>
      </perdiePantherDif>
      <oxidaseLotusin>
        <jingly>subunit</jingly>
      </oxidaseLotusin>
    </cauloteOmikron>
    <cubbishEdmondDrabbet meruit="659179">
      <jobsTellus>2605456</jobsTellus>
      <embrew deforse="aciculaFugued">
        <outvierJowterFalk>47943</outvierJowterFalk>
      </embrew>
      <fluther>
        <hallwayMidwayRescore>domina</hallwayMidwayRescore>
      </fluther>
      <jacobus clinics="dyvourWagaun">
        <blightsMedimn>repasts</blightsMedimn>
      </jacobus>
      <daggar sunyie="hyping" urceusEnsiled="5980663">
        <opaloid>pommey</opaloid>
      </daggar>
    </cubbishEdmondDrabbet>
  </probersBeverly>
  <outwarsNiacin sannopRentesMugweed="analogsPooping" bulbyCessionMatelow="bacon1">
    <peining encyst="massa" givey="6931" oblast="pightle">
      <madzoon>apaiseAgendaBaffles</madzoon>
      <extructPataka anteact="strives" addiceEegrass="potance">
        <attameWebwormRomble>paradaConferCooky</attameWebwormRomble>
      </extructPataka>
      <purrLoopy>
        <caickleBois>redoundYacata</caickleBois>
      </purrLoopy>
      <mobster>
        <paddingAzolesBeslap>quonsetKickerBiaxial</paddingAzolesBeslap>
      </mobster>
      <saggedGaddedReqd unmossySleidedStifled="72327">
        <picarel>tamias</picarel>
      </saggedGaddedReqd>
      <dawning defies="upmostSoireesHespera" jaggersLuffs="aurigidZealousUnmake">
        <tareBesewCluing>kibe3067</tareBesewCluing>
      </dawning>
      <visnomyNebsCrowd goodbyeEmergedCloes="projetsDurrBrakier9" roture="71">
        <aliners>addendaMortify674</aliners>
      </visnomyNebsCrowd>
      <iconic hexoicUnnear="2" begod="dufoil">
        <ramilieGaspersApulian>wacAnergy4</ramilieGaspersApulian>
      </iconic>
      <gilpey derrickCandroy="prolegsHoitMyall" sulfideHemagogMaltese="amzel">
        <splakesDroppyZebus>troca</splakesDroppyZebus>
      </gilpey>
      <charleyFaeces>
        <saucersDogate>queers</saucersDogate>
      </charleyFaeces>
    </peining>
    <jumbledBrenRabi>
      <ferly>439620527</ferly>
      <dekarchIngramCydippe brined="redue36">
        <lyinglyDelead>looneryDavies4835</lyinglyDelead>
      </dekarchIngramCydippe>
      <lemuridCury varier="6" syndetMbuba="bawrel">
        <gussieUnmake>iseultArnut</gussieUnmake>
      </lemuridCury>
      <ariserRatableChol>
        <buriedDocent>foalsAlixCart65</buriedDocent>
      </ariserRatableChol>
      <jarkEgards urceoleBrummySlae="7" sulkingRampishSpues="2">
        <molsUnbound>5155194</molsUnbound>
      </jarkEgards>
      <cloud exuviaClinkerCallers="scissor9735">
        <nutwoodBashes>sashaysWoosterAdverts</nutwoodBashes>
      </cloud>
      <poetess cargoes="inga" balawuColy="meqDebatedParaph">
        <peageFall>chueta</peageFall>
      </poetess>
    </jumbledBrenRabi>
    <ineriFrypansVascula bindisLegmanColk="unvowedAmbassyLye" withe="goerCojudgeGied57">
      <deleterKismetsWyandot>degamiNgokoCheerio</deleterKismetsWyandot>
      <parrahCalasNavars klosseCyanic="clachLeeserWedeln7" coshingMaking="loosensTyppJiggles">
        <hoggers>unamiss</hoggers>
      </parrahCalasNavars>
      <oxamicQuatral>
        <cullet>umbelViuva</cullet>
      </oxamicQuatral>
      <tramelsAtoxic>
        <pallia>crimeanMarmion</pallia>
      </tramelsAtoxic>
      <unsaltyAnoasErgon scrapesMickeryBeguine="wealthSwillerEphedra3" ginnHeptode="guyingPiu92">
        <azides>grannomBrinerFlecky</azides>
      </unsaltyAnoasErgon>
      <moneyerPedeticYeara pliss="guckedTritishMande">
        <churoyaFusionsCamize>upthrow</churoyaFusionsCamize>
      </moneyerPedeticYeara>
    </ineriFrypansVascula>
    <uncloseAxillar>
      <spunkedLeukons>plover</spunkedLeukons>
    </uncloseAxillar>
    <settimaIsthmic mimosasWambles="aquaNachani" decaresRavelin="28012">
      <yukon>yochelChatino</yukon>
      <undomedSwampySextic eliding="41495" puririWonton="soupledWendeRublis">
        <drythBoatage>orang</drythBoatage>
      </undomedSwampySextic>
      <echisCinterDacoity jehadEphebus="dino58">
        <fleuryGulsLeeways>yumArctoidSponsor</fleuryGulsLeeways>
      </echisCinterDacoity>
      <aobJazyges>
        <skitesThoral>areaway</skitesThoral>
      </aobJazyges>
      <lipoidBowssen tunderSahuaroTurb="655255" syncing="stilbumPazaree1510">
        <eucalyn>bundeliGambetAlcumy</eucalyn>
      </lipoidBowssen>
      <boteler shikara="chatter">
        <whiskin>845239314</whiskin>
      </boteler>
      <dustupsBowlikeSafflor>
        <mojarra>coulageDopping6</mojarra>
      </dustupsBowlikeSafflor>
    </settimaIsthmic>
    <idiotsEnsuesHydrous lunchesDankImbrier="asthmas" encyNodular="896" mufflinSkene="hordingParlousAlmud">
      <alnuinTaishPeon>pechayDungol</alnuinTaishPeon>
    </idiotsEnsuesHydrous>
  </outwarsNiacin>
  <banabaReopensRepique arylideChalky="27">
    <graneHottleQuasky finicky="raisersBivious">
      <piddled>assholeCranklyMagnon65</piddled>
    </graneHottleQuasky>
    <ilealInnest>
      <consortRantanYarly>curnie</consortRantanYarly>
    </ilealInnest>
    <entrapAtabegReveal>
      <formicUprear>inezMothShowy6934</formicUprear>
    </entrapAtabegReveal>
    <milesDustblu>
      <wakwafi>602236357</wakwafi>
    </milesDustblu>
    <thraw riddlesAntisagFoaling="ficoidFrizzle" salicylEdeagra="dotantGoondaSalomon" taplashFoelike="smoothyBeltedUmberty">
      <unadorn>leftyVerrelScyphae3875</unadorn>
      <mauveTomatoEgol holpenJasz="awokeSyrphid" fango="bearcatHaymowAscones">
        <wadmals>thrift256</wadmals>
      </mauveTomatoEgol>
      <abitGads mohism="pollensTax" tranterBrosesNritta="1">
        <pronateScrimpyStrong>poolOstendBucko</pronateScrimpyStrong>
      </abitGads>
      <flawing>
        <froomSubdieBetrunk>hermiKitmanMorpion3</froomSubdieBetrunk>
      </flawing>
    </thraw>
    <ladened>
      <panther>bedriftMeletin</panther>
    </ladened>
    <cruel>
      <harmfulFluffyLurk>spinoffUnbranReatas97</harmfulFluffyLurk>
      <tyloticMans tutrixSkyed="sexistsCutesy">
        <hutchesUnlofty>azure</hutchesUnlofty>
      </tyloticMans>
      <vixenlyAck>
        <buzzsaw>cragsHookies</buzzsaw>
      </vixenlyAck>
      <ungorgeTurmitLobulus>
        <hachtUirina>shovelsHitoshi</hachtUirina>
      </ungorgeTurmitLobulus>
      <stagierWhils vrbaite="ectozoaBeardieEaters" cletchUnhairs="upsring7015">
        <coccousConusesLadders>142297</coccousConusesLadders>
      </stagierWhils>
    </cruel>
    <gleeds>
      <alloysPizzle>49072364</alloysPizzle>
    </gleeds>
    <cummockFirsStoop>
      <tuffingOppugnScuse>cfdGodsons</tuffingOppugnScuse>
    </cummockFirsStoop>
    <karelGram>
      <shraveLummeDags>decad</shraveLummeDags>
      <pipiloMudder fobMarlockMislit="981298">
        <whuther>bingleSouse</whuther>
      </pipiloMudder>
      <ainuCachinaStichos taxinTrullanVaumure="admixTentoryWelsom6">
        <lucernMolompi>miltingRedate7214</lucernMolompi>
      </ainuCachinaStichos>
      <mantasPopsy scambleFenner="boheaAutorSelfed">
        <pygmoidMatineeMoky>1033831</pygmoidMatineeMoky>
      </mantasPopsy>
      <potsPannageAmoving>
        <jasies>dewataAncylusAnomy</jasies>
      </potsPannageAmoving>
      <logbookBedamn>
        <embrailQuem>ormond</embrailQuem>
      </logbookBedamn>
      <greaved altifyWarrensNaughty="prigger">
        <nylgauMileway>subsea</nylgauMileway>
      </greaved>
      <rimmedTriuris hexoneYearnerClaye="tzentalNoisy" withyElkhorn="heatenGustosoBenempt">
        <moolahsHeshvan>tabiAnatta</moolahsHeshvan>
      </rimmedTriuris>
      <working rcpt="arkTeasBactris" cuneusReim="rajpoot">
        <harpistMnesic>boggleMado</harpistMnesic>
      </working>
    </karelGram>
    <pikakeTritons>
      <singhFlex>submaidCanunSwelty</singhFlex>
    </pikakeTritons>
    <upcast boloney="jayveeGuemalDysury">
      <dugglerFuming>signoffUlamasJudica</dugglerFuming>
    </upcast>
  </banabaReopensRepique>
  <saggonSigla sallyWakeel="nickeyJisms" outsendOsirian="versosHederin" wendigoChacona="72416473" />
  <twickMustyDivide khediveJuttiesTchapan="gyrene" sizyGonyAga="sacristFlopperRuggown">
    <sisAutarch aerierRamrace="biffingAlifsBeetler">
      <marrowyDungari>faculaeSecantsGrene</marrowyDungari>
    </sisAutarch>
    <savored>
      <forgets>2</forgets>
      <egestaSatanas dolabraJesteeRegrant="71848">
        <barbitaMelaminDourah>rasureAbayahGeelbec</barbitaMelaminDourah>
      </egestaSatanas>
      <sabir lasius="citersDecampThanage" magus="calfishObloquy">
        <picuda>sucroseRotunda8</picuda>
      </sabir>
      <kogai specifyRubian="musalesTapers">
        <passePantryRefly>meeten</passePantryRefly>
      </kogai>
      <hexogenFrictiTinters guaranaHoggeryCerine="ranket">
        <tart>pourersKaputtRifian1000</tart>
      </hexogenFrictiTinters>
      <emoteTsunPassion milksWollopCharas="196">
        <plassNupeOwhere>367204034</plassNupeOwhere>
      </emoteTsunPassion>
      <wabs placeBevy="582" wongshyMopaneCerosin="reimplyFurandi">
        <curbsAdienceDoby>todeTarau</curbsAdienceDoby>
      </wabs>
      <remblaiPlusher>
        <tiouDhurraKibla>7310855</tiouDhurraKibla>
      </remblaiPlusher>
      <shyster beento="36470" mommies="macawBankmenPulps">
        <bandore>79</bandore>
      </shyster>
      <ratanyThrone>
        <angoise>trigly5</angoise>
      </ratanyThrone>
    </savored>
    <pridingGlairy jejuneFissura="barkingHwt" resinerSnitchy="pinglerDental">
      <jodelrJunkingUnclasp>3540</jodelrJunkingUnclasp>
      <collaPteric heptoic="reunion">
        <maftirs>foulardImp</maftirs>
      </collaPteric>
      <kefiric retardShedmanAntara="11768336">
        <eurusPasela>peltastTortsArcades</eurusPasela>
      </kefiric>
      <toolman>
        <dysuriaUnjolly>seqqCibol</dysuriaUnjolly>
      </toolman>
    </pridingGlairy>
    <moletTeaerFestuca silkilyMisc="pyrazin">
      <yamun>gildingOutsit</yamun>
      <elodesAlumina>
        <swacken>sphacelCocuisaSetaria</swacken>
      </elodesAlumina>
    </moletTeaerFestuca>
    <reclasp>
      <unobeseDetrectMuspike>patas</unobeseDetrectMuspike>
    </reclasp>
    <boosyInwinds>
      <remimicVizslas>piglessBoragoSafrols</remimicVizslas>
      <taresGoffleHugs drubble="janapumMenacesManent8143">
        <beredeTailerTweets>cypGravedoThunge</beredeTailerTweets>
      </taresGoffleHugs>
      <ulva>
        <huddockCeps>273361487</huddockCeps>
      </ulva>
      <dayglow wingerOverhipKnucks="founderChigoeAburban">
        <tongan>aerobicZephyryMistone</tongan>
      </dayglow>
    </boosyInwinds>
    <nubia>
      <blender>630</blender>
    </nubia>
    <chiv cycadsStating="lauanOreodon" combsSnaring="76840759">
      <letting>9699961</letting>
    </chiv>
    <querierPurpledPropyls>
      <lamdenEquinal>fogmenHygroma</lamdenEquinal>
      <fawningGanta runtierWolfmanSylphs="casperSalmi" ducatsBoozingMujiks="crazierBunted">
        <jujutsu>idle</jujutsu>
      </fawningGanta>
      <dossalMonoazo fanfoot="chullpaRisibleFthm" baruriaCalecheRoque="tactoidDoyley">
        <firthWilingMorse>sike</firthWilingMorse>
      </dossalMonoazo>
      <poundalSoohongErodent outzany="bulanda" bdrm="koinonLamettaLogman">
        <corseMiseats>42</corseMiseats>
      </poundalSoohongErodent>
      <bewhigStrowed cocoonFarineFreshen="guglioQuinch" princes="arlengCircle">
        <apepsia>sifeNotableQuirts</apepsia>
      </bewhigStrowed>
      <athyriaDaubing acrobatTurmetMuktar="kerogenOlchi">
        <shackosVicing>gyredNightlyQuakers</shackosVicing>
      </athyriaDaubing>
      <plungerWeenieMuting>
        <sylvansGashest>pygofer</sylvansGashest>
      </plungerWeenieMuting>
      <blightAbides>
        <catlineTrulySpeedup>delates6</catlineTrulySpeedup>
      </blightAbides>
      <angiomaRidgils petioliLoveredHyphae="kernite" moun="5">
        <upslopeStygial>titfish</upslopeStygial>
      </angiomaRidgils>
      <minuetGayestSkepful>
        <rampoleRadford>aheyIneyeBroomed</rampoleRadford>
      </minuetGayestSkepful>
    </querierPurpledPropyls>
  </twickMustyDivide>
  <swaird native="gaolingCompdBkcy" drysThenalLoges="reaumurAlodianNallah" notekin="buccin" />
</gantArcane>