<?xml version="1.0"?>
<assam>
  <ghaziSprier />
  <khilat dessCrevassBeswarm="oustee" quintetSpretty="elbowTropinCreaght" />
  <etch scopedTrismic="warpersOrology">
    <tridentIpso>
      <ashantiCdrUnisoil>uptrail39</ashantiCdrUnisoil>
    </tridentIpso>
    <miltosTipis>
      <caracul>595</caracul>
      <rashest ensuing="hammingLamias" sleetedJymoldTouzled="unveil2557">
        <lackers>990347814</lackers>
      </rashest>
      <comportCaesiumCraisey>
        <zontaFerine>beheira</zontaFerine>
      </comportCaesiumCraisey>
      <tomornHeaumer campleVisits="stomion" camisesVaguityMindel="talarPoliteMiriam">
        <beaming>gangersFaminesMescal</beaming>
      </tomornHeaumer>
      <fulgide>
        <mooedSpeederMead>6655512</mooedSpeederMead>
      </fulgide>
      <ranal scopetJessesAsunder="bunn25" barge="paulSinon">
        <posole>sperketFestin</posole>
      </ranal>
      <duskierBlufter>
        <onenessMerles>14064</onenessMerles>
      </duskierBlufter>
      <ratwa>
        <camas>rayanAlk</camas>
      </ratwa>
      <emelineChronosTumbler yeoman="ungraveGlossa" jotnianTentily="patulinKylAnilic">
        <paversDosainShalom>42</paversDosainShalom>
      </emelineChronosTumbler>
      <noria butein="tapperHibachiRozzers" vertusSugamoHockle="grassetUnurgedGye">
        <vorage>rhdBeaner</vorage>
      </noria>
    </miltosTipis>
  </etch>
  <poeticUnmarchAlysson koph="14" />
  <pamperoManseCaprid quilled="760114369" drills="dojiggyBezzoOverran10">
    <taposaPotionsSetarid sylviaPleated="brunetAnthers">
      <pronaoiVicaraMurrah>patinesChorogiPetards</pronaoiVicaraMurrah>
    </taposaPotionsSetarid>
    <ornesHaikun goboesColoury="695" onychiaOutzany="8" prerichUplandsTympans="bludge">
      <trimmed>frutage</trimmed>
    </ornesHaikun>
  </pamperoManseCaprid>
  <susans reflux="untilAlengthSofars" tumulus="yuckyHoliesEuryale" seeressDoabBersim="pikeyGantang5198" chicSendeeFaro="portenoMarkmanJinx">
    <nervilyParcBalloon bureau="johannFilateCereza" darooCrinateNongod="ancressMileway">
      <sfm>jornadaGusset8426</sfm>
    </nervilyParcBalloon>
    <orthianMeuteSpacing>
      <planityDingoGuige>pobsEmbowelKumshaw</planityDingoGuige>
      <elod>
        <rase>growlerMuktar71</rase>
      </elod>
      <handoutTall steed="ritzily">
        <upshove>84669382</upshove>
      </handoutTall>
      <calksAcidize>
        <beataLets>arneFannel2568</beataLets>
      </calksAcidize>
      <coinage>
        <broidGiraffe>5170</broidGiraffe>
      </coinage>
    </orthianMeuteSpacing>
    <urbanaSpeculaAplites>
      <elbImpacts>8</elbImpacts>
    </urbanaSpeculaAplites>
    <blondsSample>
      <aleikum>ovens831</aleikum>
      <flytedSoshedHiate>
        <driddleAshierTrench>grootyCavity</driddleAshierTrench>
      </flytedSoshedHiate>
      <midstDisladyFrisked>
        <eluted>unaloud</eluted>
      </midstDisladyFrisked>
      <dareful rheme="6441" boldingTeredosEmagram="quaedamEmpleadTerning">
        <uranite>biuneOllavSparred</uranite>
      </dareful>
      <shoderRampire addibleRulable="plumbVadyReframe9825">
        <lopingCorvets>isamineCroneLutrine</lopingCorvets>
      </shoderRampire>
      <induismDuffles>
        <gimletMispaid>raceme</gimletMispaid>
      </induismDuffles>
      <clinkedEnhuileTorfle>
        <untruth>ladkinEutexia</untruth>
      </clinkedEnhuileTorfle>
      <voter>
        <reallyFrecketSpunkie>3705</reallyFrecketSpunkie>
      </voter>
    </blondsSample>
    <faucets>
      <codingsJalap>soyot</codingsJalap>
    </faucets>
    <suther amireLauwineOtogyps="yucca" obstantErrands="reevesGeneki">
      <yeaomanEnatant>nemos</yeaomanEnatant>
    </suther>
    <sorex>
      <lupusesNable>domiteAppealElusion684</lupusesNable>
    </sorex>
    <pinkies kuchensValeted="cleekedWarked">
      <jundieHorimNourice>unpentKirimonAvilion</jundieHorimNourice>
      <bredesSexy abdatUnbaseUnwooed="399">
        <abacay>envoy97</abacay>
      </bredesSexy>
      <canabae>
        <bewith>deepestDottilyElmy</bewith>
      </canabae>
      <upgleanFrugged anre="guayabiSelfism" definerNamatioInkers="866924">
        <cosen>ohmagesCrocein47</cosen>
      </upgleanFrugged>
      <femoralClickerGenoise steekedCormelStigmat="brayePipal">
        <corbedLuniestImposed>snuggerStrenth</corbedLuniestImposed>
      </femoralClickerGenoise>
    </pinkies>
    <piasavaLysisBetutor>
      <banak>jumartNaysayTepe8</banak>
    </piasavaLysisBetutor>
    <excystArgala>
      <layrockElegise>charts</layrockElegise>
      <bravaDowsetTeras mesopicCarn="civitanPowcatStocky8589" harpinBladderCotta="muta">
        <millionChainedJundy>569729</millionChainedJundy>
      </bravaDowsetTeras>
      <vail>
        <dungari>triunesSchuytMumsy</dungari>
      </vail>
      <puked>
        <naricaShickChemung>locules</naricaShickChemung>
      </puked>
      <skirterEheuFoy fungalUnmist="diseasy" wallachGeoside="topmostBearersTaino">
        <lepas>preveRadomeYizkor</lepas>
      </skirterEheuFoy>
      <flyoffSlicesBooty huse="beewortNeedledBurgeon" jettiesAdosRegina="punecaQuop">
        <pleisDefoul>totalHoaxers5</pleisDefoul>
      </flyoffSlicesBooty>
      <cluingShimmerJiggers teleutPsocids="enationSkimp">
        <glaiketKylikes>nitinolAstianEtwite</glaiketKylikes>
      </cluingShimmerJiggers>
      <spooned drumlinFraggedPsychid="87786532" seamerBilking="crumb1440">
        <moron>plak</moron>
      </spooned>
    </excystArgala>
    <linguaeScarcen>
      <dilker>pumpman</dilker>
      <mortarsEyewashMinion samkaraUnducalRorippa="certes">
        <nonjury>ambricaPerukes</nonjury>
      </mortarsEyewashMinion>
      <resewedCyathusSackful timelyBagpodToughs="darci">
        <browsesArbs>dockingWinking7145</browsesArbs>
      </resewedCyathusSackful>
      <pultonTourtBiogeny ropingSpeedly="outfort" howkingMummeryDaedal="clatsopGrandsInforms">
        <twittleBastion>gormand</twittleBastion>
      </pultonTourtBiogeny>
      <aflatSpainWastrie>
        <strewedNegaton>tipster</strewedNegaton>
      </aflatSpainWastrie>
      <camperTeap gimmorHiresSins="sriram" detruckCared="kyrie">
        <wittomeWryness>lipoid</wittomeWryness>
      </camperTeap>
      <alomaFussKnows monaxon="hayweedSkeanesEvinces">
        <goshenFidesGougers>disbodyCitronSwingy445</goshenFidesGougers>
      </alomaFussKnows>
    </linguaeScarcen>
  </susans>
  <murzaChiviedQuelled discord="542" standsManuel="prowestDimply" sagumDegrees="osminDaggersCapsize" />
  <bedways wombyEmagram="biotome" laggingSooners="statorPondokSects" pureaynAreason="bendeeProbity" />
  <quetchCantref bhoosaVividerCraniol="undeanTurtletKnox" jinguGess="carex" ganserSpoiltOutvied="cilicesRashtiWight" />
</assam>