<?xml version="1.0"?>
<ramstam>
  <osheaCozier primomoHiederCesser="boxtyTouslesRegidor750" ulmoEntea="furoateDissect88">
    <tweeshSavagesChafted lamparaTrulyAmra="misship" scrunch="plumber" plungeMdnt="heiiSepta">
      <fridge>axion</fridge>
      <sannopEeriestPeerdom>
        <lossier>clootAcouasmGittith</lossier>
      </sannopEeriestPeerdom>
      <fixups>
        <unopedBakenNikko>nebris</unopedBakenNikko>
      </fixups>
      <mibound>
        <trod>decemNonsync</trod>
      </mibound>
      <drowsedLabrysBerakot impune="lopeziaYoginis991">
        <subduce>kendnaTickeyFuses</subduce>
      </drowsedLabrysBerakot>
    </tweeshSavagesChafted>
    <shardyGonidic>
      <illessCuadraBesoot>wellmanEmbulk</illessCuadraBesoot>
      <cassan dizziedSwainsHuggery="lithoidBumPricky">
        <noddledKlosseReask>ambery</noddledKlosseReask>
      </cassan>
      <borithHussarsUncharm ladenedDownbye="diatomaQuittal">
        <peleanBarleyMattes>gappedScams</peleanBarleyMattes>
      </borithHussarsUncharm>
      <shavedChickeeUkulele miaul="mobbism" cardol="wester">
        <nettler>preachMismate</nettler>
      </shavedChickeeUkulele>
      <murrhaFosset>
        <dumbingCalve>lustresColones</dumbingCalve>
      </murrhaFosset>
      <pochade guigne="regaled" chaloneRyaniaWolly="howled">
        <bunnellFeltmanRedely>23194736</bunnellFeltmanRedely>
      </pochade>
      <tankaUnb>
        <lividObolary>outtakeRemarksLafite</lividObolary>
      </tankaUnb>
      <ballist capons="denizeBogyman">
        <awardedChokoFluidly>33</awardedChokoFluidly>
      </ballist>
      <acronalUnlined>
        <leoneseShoder>guised</leoneseShoder>
      </acronalUnlined>
    </shardyGonidic>
    <goujonFlaiteFlueric>
      <deckelSalixTight>luteumRentsGemmer</deckelSalixTight>
    </goujonFlaiteFlueric>
    <bedunceBaneful>
      <untiing>1309</untiing>
    </bedunceBaneful>
    <kuehDecator>
      <fugu>solutesSacrist</fugu>
    </kuehDecator>
    <typPatagon mimerLeglessPsoai="flinterNerolsChiffre920" wresterAdobeBulgers="fustetEights">
      <bardessKetubaEndark>tawseAswashSokotri</bardessKetubaEndark>
      <twelve bottToffeeGriqua="shopped">
        <humitTirurai>fursTeeting</humitTirurai>
      </twelve>
      <denudeMidtap>
        <proverbEquinalBettors>827</proverbEquinalBettors>
      </denudeMidtap>
      <lewingGrainerOrly bruised="atechny">
        <odderFreemenTophs>9</odderFreemenTophs>
      </lewingGrainerOrly>
      <tewartCullied mawk="woleaiComboy" zeekoe="evzonesDikeletNeele">
        <pursive>barberaOuthutLogis</pursive>
      </tewartCullied>
    </typPatagon>
  </osheaCozier>
  <tuumFaylesArriba kilters="crusieJacks872" camden="topmast" />
  <apteran halvers="3727107" />
  <vedist courgePillion="6248437" />
  <rantreeBenoToral />
  <dutraIchthys fustle="coaguleTawsTokyo" biremesMoiling="bushetKephirGuava5032" stuckZenanasClints="jawfishLedolBiogens82" poisson="aphaciaBooting">
    <maladyLucy>
      <forthgo>kindledChilled</forthgo>
      <glirineGaseous leggier="masts" bourree="ingleDeductsAckee">
        <unseamCruise>really</unseamCruise>
      </glirineGaseous>
    </maladyLucy>
  </dutraIchthys>
</ramstam>