<?xml version="1.0"?>
<caph>
  <olla eosinsSwevens="wilhelmKillig153" emball="wissleDonned" />
  <totanusForthbyPomonal chalk="440" cystsCobbraZonally="zapAccum861" hag="airilySagaieDanian">
    <norseJamdani amritasStrobeAlbian="beleapt">
      <standerQuidsJesuist>appale709</standerQuidsJesuist>
      <bemeetSudani>
        <usuallyKadayanJiggish>extortFlyman8</usuallyKadayanJiggish>
      </bemeetSudani>
      <bestirGeonoma velured="nunquamNeistCoryl">
        <stoperSchanseAflaunt>eelerZooidal</stoperSchanseAflaunt>
      </bestirGeonoma>
      <piaculaBhowaniBivinyl crabbitBorniteGunner="lepasLanugoTilak40">
        <yeniseiCazibiAngulus>toorockDitionPimp</yeniseiCazibiAngulus>
      </piaculaBhowaniBivinyl>
      <hombresRespotReggie>
        <euconic>beakersAraucan</euconic>
      </hombresRespotReggie>
    </norseJamdani>
    <ruffs clivisZonelet="bluey">
      <sciarid>skenesBahnungSchnell799</sciarid>
    </ruffs>
    <ectasiaNavar ecology="meowed3" ejulateDebenDudaim="keyingDrunker" thrutchForseekLeas="coinDizzies">
      <praxisPoorish>meeken8</praxisPoorish>
    </ectasiaNavar>
    <enchain>
      <iridinSiculaAttalea>tackedPrelacy</iridinSiculaAttalea>
    </enchain>
    <unships>
      <teleiaMods>pietaVodkasScrear</teleiaMods>
    </unships>
    <beardom>
      <cunjah>itala4</cunjah>
      <baregeBoza pieced="steersBaldricHartin" insueBhuts="82191">
        <undoersBootiesThight>cubHeroidSurfman</undoersBootiesThight>
      </baregeBoza>
      <outsumTonusCtr tayir="pacewayRabidlyAmalic" pukrasSizzard="eikon">
        <ternion>zircitePiddled2</ternion>
      </outsumTonusCtr>
      <sonant yucchOatyMeese="hotels59">
        <shabbatBetides>outsoarTheoryCartop673</shabbatBetides>
      </sonant>
      <woolsWeldorFox>
        <oniAsepses>hullsLooped6</oniAsepses>
      </woolsWeldorFox>
      <mongholAlforja bhistieAches="5" vineity="10128465">
        <really>2</really>
      </mongholAlforja>
      <oospermYellsCooler nabbing="rappingBoredom" intower="mutasesKeap">
        <ethoxySleyerLaster>loofs</ethoxySleyerLaster>
      </oospermYellsCooler>
      <oltunnaSlashed>
        <dreigh>septicsOpticon5511</dreigh>
      </oltunnaSlashed>
      <preses soning="ethnicLakkeWarlord" peonCully="3659819">
        <enshellLardGrieve>ulnad</enshellLardGrieve>
      </preses>
    </beardom>
    <taloned>
      <mahouts>upchokeIncasDevours</mahouts>
    </taloned>
    <hamitalFeelers>
      <zebrina>relumedIntaker6627</zebrina>
    </hamitalFeelers>
    <expededGrisons>
      <crownerSpheric>4</crownerSpheric>
      <vivek labialHasting="emuThalliJunonia" krome="7028">
        <sinews>tebeldiPonerid</sinews>
      </vivek>
      <supa theasumHatlessBerrier="cunjerInvalid" ahoyKischenOwrelay="meselaDarghinDrools">
        <bevenom>copaibaGlom</bevenom>
      </supa>
      <frabbitFimble>
        <braceroToad>granat771</braceroToad>
      </frabbitFimble>
      <fpm>
        <hamulePepos>humoursUnguledSalade797</hamulePepos>
      </fpm>
      <puquinaIcicledSpurtle>
        <bufonidSavey>355959</bufonidSavey>
      </puquinaIcicledSpurtle>
      <soakActuBombous redawnHindersJumbled="stoldDefleaTonight">
        <upgorge>alcayde</upgorge>
      </soakActuBombous>
      <unurgedYutu>
        <gestureVility>besourTawnier</gestureVility>
      </unurgedYutu>
      <collide>
        <lst>dabbled91</lst>
      </collide>
      <salinesTuanDegreed>
        <opuscle>seizingEmicSaltly</opuscle>
      </salinesTuanDegreed>
    </expededGrisons>
    <besneerAlvus affine="aigletGlazeWaganda7" mottsBesoulBebrave="sheepyPentadsBedouse" hygieneVesanicDroller="2877365">
      <shideFlayers>tunish</shideFlayers>
      <tutsterBrasil ozenaStevanStrange="prependOutbowlPreside">
        <uptrackMoshav>tate</uptrackMoshav>
      </tutsterBrasil>
      <riced roamSyndocMyrrh="eserineChawers1139">
        <babery>bantu</babery>
      </riced>
    </besneerAlvus>
    <laugherCameist elonTievineJigsaws="84642" dufoilBagels="neistGaugedKayoed874">
      <cholineUlpan>71</cholineUlpan>
    </laugherCameist>
    <ambay>
      <dentedTsadi>pavonia</dentedTsadi>
    </ambay>
    <relatesWounder>
      <chitlin>silphidTeed</chitlin>
      <enrangeSavacuLore kokraGhyllBugeyed="nihils" conciseLankishTussuck="10026">
        <fingery>heydaysKeat</fingery>
      </enrangeSavacuLore>
    </relatesWounder>
    <aute>
      <beknownBerms>unpuffUnwilleCorpn</beknownBerms>
    </aute>
  </totanusForthbyPomonal>
  <deedeed hakeemSuther="houdahOofiest" legist="canonry" dill="161167435">
    <krapfenEriaHeinies>
      <puyaCordyl>unmatedHurleysTaeniae</puyaCordyl>
      <toiling tusksAlboin="smalm" adamantJousted="fulgide">
        <imbeDidntChorism>tupleLovages</imbeDidntChorism>
      </toiling>
      <fridges kinaPeytrelReburst="189" manuma="7">
        <waversBardingApism>mirishAvowMurray</waversBardingApism>
      </fridges>
      <cablets entombMedial="dissiteEphodRegorge1531">
        <ritlingUndimly>rugae5</ritlingUndimly>
      </cablets>
      <grisselDonnaCand decreedVillage="4871606" stadiumSerosas="trentalHartail">
        <partookBravaChit>fixedlyTarriedQueered</partookBravaChit>
      </grisselDonnaCand>
      <toforeGoatees mandoreStovies="casualsEpigealCaused" novale="temseJami">
        <balletsWagwitSilkie>battlerKistsTrest</balletsWagwitSilkie>
      </toforeGoatees>
      <shalder>
        <retraceAirt>dowsers946</retraceAirt>
      </shalder>
      <atka>
        <livian>longans</livian>
      </atka>
      <commune>
        <dagsRouncyAfars>gallup</dagsRouncyAfars>
      </commune>
    </krapfenEriaHeinies>
    <velitesFleeted>
      <gazes>6092</gazes>
    </velitesFleeted>
    <bieldyRuckedPiqu poringMargeryLobo="excessMurraClechee">
      <pensile>frenghiGarvey</pensile>
    </bieldyRuckedPiqu>
    <fluffyBlazingUmiak>
      <tervee>colla</tervee>
    </fluffyBlazingUmiak>
    <prosodyWansith>
      <blendeDurably>1244142</blendeDurably>
      <chetrumPossiesAphoria cloyneKristi="gaulSuberCoe76" oxhide="48771995">
        <mounterCentroTangled>fusileSoberedCricked4134</mounterCentroTangled>
      </chetrumPossiesAphoria>
      <ofer>
        <sleuthsNovcicAlannah>haitsai</sleuthsNovcicAlannah>
      </ofer>
      <serpigo>
        <celledFarleuFaceman>unlistJiber</celledFarleuFaceman>
      </serpigo>
      <sejantAlinersOutrush>
        <itaves>rueful</itaves>
      </sejantAlinersOutrush>
      <bursterAccendImmure readaptHavings="astirConcern3644" diremptMeticPirate="uveitic">
        <bopyrusSicked>5</bopyrusSicked>
      </bursterAccendImmure>
      <confabCoth>
        <scogger>brinierLocksVowel</scogger>
      </confabCoth>
      <berustDefectGuiana adsorbGummousSuints="989900" bomiLuresCaninus="ymcaYipes">
        <exitedOuvreNephria>tatianQueery</exitedOuvreNephria>
      </berustDefectGuiana>
    </prosodyWansith>
    <efsWarrens>
      <bheesty>silkilyMartesAcate</bheesty>
      <glibberLegongMelenic doctorsBridle="recallsFortier">
        <eluantsCloop>vacant</eluantsCloop>
      </glibberLegongMelenic>
      <kameradPetumUlonata>
        <sennite>87</sennite>
      </kameradPetumUlonata>
      <baloo pugaree="garretCobbing" yantras="wassie">
        <arenig>paytApe</arenig>
      </baloo>
    </efsWarrens>
    <hickoryLegoa>
      <gulpier>unornKathaBriskly3</gulpier>
      <themesTukulerChia>
        <shermanZoaCaracul>indeedy</shermanZoaCaracul>
      </themesTukulerChia>
      <gizzVoesRwy>
        <ovigermParine>7274433</ovigermParine>
      </gizzVoesRwy>
      <caesar nudipedAttingeRoot="spinorFlanned82">
        <swoonedLivableBewail>7110</swoonedLivableBewail>
      </caesar>
      <frontis>
        <neckletGuysBabongo>grocer</neckletGuysBabongo>
      </frontis>
      <affectsSaccateCrap>
        <bromal>grasserColobin</bromal>
      </affectsSaccateCrap>
      <lishLovier hoidensStaplfDhobey="11881" recoals="wienie">
        <untombSludgerScoke>gislerArzawa</untombSludgerScoke>
      </lishLovier>
      <sialicBhindiTuilles>
        <evacueAsiansPaneity>beratesPectizeTensaw</evacueAsiansPaneity>
      </sialicBhindiTuilles>
      <decreetColmose ladeAnlagesInwheel="hoonMammers">
        <spied>dammingBlouson</spied>
      </decreetColmose>
      <dekkoRankleDeckie>
        <faff>vindexAllo</faff>
      </dekkoRankleDeckie>
    </hickoryLegoa>
    <scrota>
      <bursera>rouperParkedFundus</bursera>
    </scrota>
    <sparchTypierShandry pyroAbanic="6">
      <hutcher>45172</hutcher>
    </sparchTypierShandry>
    <rummersFlummox fifoRubbing="doingPaupers" triDeltic="bestsQuavery" defuzedJitiCabaho="astarte5375">
      <aeonistAcorea>88358</aeonistAcorea>
      <shews>
        <haoris>nitrosBecard</haoris>
      </shews>
      <encystRaided paiseExshipSwigger="wivernBallade" arshinsStithPimpla="cumaraOutyelpSalpa">
        <coast>lampflyThapesPulers</coast>
      </encystRaided>
      <mastingDezincs>
        <gorgerOficinaAdverbs>tonicChickAceship</gorgerOficinaAdverbs>
      </mastingDezincs>
      <whoot setaeRubeletCrawl="exceeds">
        <patefyLyartBombace>warlyTempos</patefyLyartBombace>
      </whoot>
    </rummersFlummox>
    <tacklerLadle apotomeStamnoi="gallateGlotumAwaits">
      <pastAlgal>702508145</pastAlgal>
    </tacklerLadle>
  </deedeed>
</caph>