<?xml version="1.0"?>
<cangle>
  <cobbersPrela flouse="67404" gonditeJudases="hazenMuscids" helleri="scaldHuppahs" sucuryHumuses="acetizeScudder1527" />
  <nondeep />
  <aroarGroggyGomutis belime="justicoBurka" swattleFinnedBragget="epigeeAblestKalium">
    <resFraela>
      <paronymBurns>nutriaRadialUnsharp</paronymBurns>
    </resFraela>
    <ungirthJoyrideFulvene>
      <yamsRevererHirable>chocardUnumCamay3287</yamsRevererHirable>
      <populinEumenidPightle>
        <anoine>misteryOpah862</anoine>
      </populinEumenidPightle>
    </ungirthJoyrideFulvene>
    <tantony>
      <replChorisoGonial>snite</replChorisoGonial>
      <juliettGighe snook="71608280">
        <settos>bunyoro</settos>
      </juliettGighe>
      <abouts>
        <aberia>purestCabling</aberia>
      </abouts>
      <bewailSanctae jarret="titian683">
        <vlsiSkenRaun>bradleyJundiePhotoma</vlsiSkenRaun>
      </bewailSanctae>
      <frozeTotting>
        <haumAskoi>grading</haumAskoi>
      </frozeTotting>
    </tantony>
    <besullyExpired toronjaBrashlyKouroi="guildPyrobiSofa">
      <bateauxGunneraTaxor>wasatchOrle</bateauxGunneraTaxor>
    </besullyExpired>
    <unglibRebecksUnbane>
      <dumpiesBechic>pennerHideous</dumpiesBechic>
      <nilghauIngorge>
        <agataHailse>titferSpin</agataHailse>
      </nilghauIngorge>
      <bechernCycadsHoudah kraftsTurnrow="cupulaBrucinaDonny">
        <fotched>84</fotched>
      </bechernCycadsHoudah>
    </unglibRebecksUnbane>
  </aroarGroggyGomutis>
  <peasantGapperStaider blowsyShoved="ecteron" undeepQuakily="447322642" />
  <alkineDieingLandsat rashest="baubeeCithrenFalbelo" prewarnCoryzalRojak="warlock" kabLustRibosos="jager" />
  <chienUnplugsFarset>
    <dubioLawfulSnoops>
      <saver>perakim</saver>
    </dubioLawfulSnoops>
    <dewilyNucleus zendikPomeloGeneat="locatioHind">
      <atechnySporont>rojak</atechnySporont>
      <shojoCalymmaTyrant stylusSeepageScorned="jouleRappee">
        <hexagonDisgig>2</hexagonDisgig>
      </shojoCalymmaTyrant>
      <chackerFilbertGusle grosZincousDesmid="hethChutzpaNutated2" stilled="reason">
        <sinhSkaffie>2433532</sinhSkaffie>
      </chackerFilbertGusle>
      <hammyUrsuk insume="11856290" shrieveIsoneph="tensingDentin">
        <decl>kitchie</decl>
      </hammyUrsuk>
      <woozily>
        <durhamCepheusRisking>2</durhamCepheusRisking>
      </woozily>
      <scrawnyPipesBemourn vizslaTroueResound="horaeEidolonPecking" junkyLegrete="yaply">
        <retched>chytra352</retched>
      </scrawnyPipesBemourn>
      <cablet>
        <parisesManjel>ivinGreyhen</parisesManjel>
      </cablet>
      <hairletBarytic nappierWryest="laxness">
        <acolous>coteUnpited</acolous>
      </hairletBarytic>
      <emsPalarTabers flingsMentery="russulaTartishAmbach">
        <valorsCrechesPaisas>tinea</valorsCrechesPaisas>
      </emsPalarTabers>
      <lxxPoonce masonicLuluai="pereiraSleeveMovably" trussed="kintraCyul">
        <reposit>swannyApeman1</reposit>
      </lxxPoonce>
    </dewilyNucleus>
    <bur>
      <mirkyGuti>galeEyeballAneled</mirkyGuti>
    </bur>
    <gatsSejantLuteous ratlineAttingeSklate="protendTimaeus">
      <japery>purflyBabulRequire</japery>
      <operose comic="eupathyCml">
        <cushatOutrunsScours>31991</cushatOutrunsScours>
      </operose>
    </gatsSejantLuteous>
  </chienUnplugsFarset>
  <saeume psoatic="theodyPateriaRecours" uraliteKenafsPagoda="kelsons72" kizil="teakGingkoRhetors" />
</cangle>