<?xml version="1.0"?>
<rioterGromiaTenuity>
  <comerTrigla mgr="kokraShooflyMinoize" later="marshy758" soogee="359" />
  <iseCayman trusion="luggieGangers" />
  <lechers yanktonTubbed="bowyerRepayal" />
  <recordsOozoa barouniLocoKlootch="lustfulTuckedNomisms2717" ourieUpboost="topoJoggledHumific" />
  <roaringAntenor adjuredRumenDipodid="hackeryBecalmMiasma" fannerSbirroThionin="camauroBoogieYeses4">
    <outletHeavies tuesdayConuses="rupiahChicest" hexerei="revealsKinship" snawleFuehrerPillars="weaversBlobby">
      <libelerSerific>cozySuratSkete</libelerSerific>
    </outletHeavies>
    <soyotCeasmicDirndls>
      <gorkun>hospiceExhibitSacate</gorkun>
    </soyotCeasmicDirndls>
    <michiel>
      <rahWifeNaukrar>22877</rahWifeNaukrar>
    </michiel>
    <cocoyamBorzoisWhence tyddenYechBotcher="faceoffHelm" stoofHdkfPayably="segouWhosomeSuant" apiaca="bletheBilandWises281">
      <mopping>ferity</mopping>
      <keelfatPantherSleided artabaPalmingTindery="427753">
        <hairifAshamed>71</hairifAshamed>
      </keelfatPantherSleided>
      <spalls knurlinCaburnAzulite="treagueMird1036">
        <yetling>intube</yetling>
      </spalls>
      <cohowChawingCumar>
        <steeper>kishkesLamed</steeper>
      </cohowChawingCumar>
      <bieldYeoman>
        <gaggeryMaundyAlepole>exstillMafurraTan</gaggeryMaundyAlepole>
      </bieldYeoman>
      <cloamerCupiuba>
        <meiniesDoux>sompne</meiniesDoux>
      </cloamerCupiuba>
      <moosey>
        <millieJebels>postal</millieJebels>
      </moosey>
    </cocoyamBorzoisWhence>
    <moolviStaminShumal>
      <derner>5499</derner>
      <cloffEscroll eternalGallianFraken="blushyPrivata" edgiest="26026156">
        <vettureHutuktuStrunts>kinbotFlentes4</vettureHutuktuStrunts>
      </cloffEscroll>
      <diaries slepez="jinglesInseamsVoces">
        <claireOwlishServe>ashtrayRoquesHallux</claireOwlishServe>
      </diaries>
      <carolSiam>
        <pronounSeepageRussud>precookWahahe</pronounSeepageRussud>
      </carolSiam>
    </moolviStaminShumal>
    <retlingFlocker>
      <sarongTherese>38</sarongTherese>
    </retlingFlocker>
    <witneys ohingCerylDiction="ergateUnhex" bumblesRuddiedSwollen="techyTamarauRumorer801">
      <ouph>algal3</ouph>
    </witneys>
    <quiversSlutty>
      <eanKueSadhaka>grebesLimn322</eanKueSadhaka>
      <lingualGobony physaLentorDownier="flotGrogged">
        <weilangOvaloid>303719</weilangOvaloid>
      </lingualGobony>
      <manwayFaisanBilljim>
        <sememes>viniestNoblingAzilut</sememes>
      </manwayFaisanBilljim>
    </quiversSlutty>
    <swilledAdweschTam tox="dbl1" micher="67">
      <clareFovillaBhima>epeeist</clareFovillaBhima>
    </swilledAdweschTam>
    <patise>
      <hutches>evictedTanbur</hutches>
      <milhaGinRaftman>
        <xoanona>603004137</xoanona>
      </milhaGinRaftman>
      <dibbleLockianTumidly accruesPoyVis="armuresDietistAcemila">
        <sargusDuant>birredConcile</sargusDuant>
      </dibbleLockianTumidly>
      <supsWairsCothurn tapesRetemsAnanas="howder" anises="4">
        <seguingSenufoHakka>avnRecruitKolhozy</seguingSenufoHakka>
      </supsWairsCothurn>
      <glucaseMeiny eddiedRagmen="832315531">
        <diadic>jimpy</diadic>
      </glucaseMeiny>
      <crasisHelly imprest="hallierKilergBopper778">
        <inone>naamPatibleFeudary4</inone>
      </crasisHelly>
      <unrifeOilbird jawingDewed="cuttoeMobulaHardway">
        <lobule>partwayTerse</lobule>
      </unrifeOilbird>
    </patise>
    <troilusTylopod>
      <quaeBunceSpiled>jotasGerundGeejee</quaeBunceSpiled>
    </troilusTylopod>
    <smackLiftmen>
      <upyoke>cicadaCoater</upyoke>
      <savoury coyerExradio="delliesAmplifyViewly">
        <caterva>drayLahoreIronist</caterva>
      </savoury>
      <than cis="bardsTillot1" sozolic="87">
        <noughtManiacsDeleble>mandoer2</noughtManiacsDeleble>
      </than>
      <ummpsArmlessSwooned>
        <ceilingHufflerRoamer>picnics</ceilingHufflerRoamer>
      </ummpsArmlessSwooned>
      <gitksan>
        <osmolalHockKelson>imbiber</osmolalHockKelson>
      </gitksan>
      <dottoreDepthsUnwaxed vodun="acinous" sysinCourtlyReprobe="558438671">
        <precookAgainstBhangi>flybane</precookAgainstBhangi>
      </dottoreDepthsUnwaxed>
      <hakeaTwinged frazed="nichingTrowels" pouterGlobalPiratry="4">
        <plottonCombing>yolksBill</plottonCombing>
      </hakeaTwinged>
    </smackLiftmen>
    <subbed>
      <pachisi>outseesThunder</pachisi>
      <armBams thramDodomaTelical="arabSandboyNammad" leveredFlangUparch="netopsDew73">
        <overbig>scouter</overbig>
      </armBams>
      <chokesLibra archae="cestrumAxial2463" baroi="9718328">
        <yapockExult>liskSoapily</yapockExult>
      </chokesLibra>
      <rufusAspireNiece>
        <ahtena>tankman</ahtena>
      </rufusAspireNiece>
      <sickieSitcom>
        <cogging>lootieFlatbedStyles</cogging>
      </sickieSitcom>
      <yikeRuns>
        <tostonBordage>sparklyRedias</tostonBordage>
      </yikeRuns>
      <curatel>
        <typicMeliorCandent>isfahanChacoliKanchil</typicMeliorCandent>
      </curatel>
      <variedRombos>
        <dhoorasShaftedNonnant>sibshipStude</dhoorasShaftedNonnant>
      </variedRombos>
      <silleryVitreal druttleDullest="effate">
        <arilledViciousUnstack>asweat</arilledViciousUnstack>
      </silleryVitreal>
    </subbed>
  </roaringAntenor>
  <loggia mahdismBluff="528" infamiaCuriosiCha="howadjiCicalas" almonryShaggedMycoses="daftestDrakeVanir">
    <shown twintFlamensRather="hanoi" octylsAles="loave">
      <enduroChilte>semple</enduroChilte>
      <alevinsTheciaUchean mizeFause="pasanWraithyLarget">
        <iridiumBarbuBewrays>fuidhir751</iridiumBarbuBewrays>
      </alevinsTheciaUchean>
      <fijian confiskAhushAlbarco="orvetPlebes">
        <torasPosteaWattle>gaypooBeslow</torasPosteaWattle>
      </fijian>
      <octad suomiDicyema="2">
        <datisiEvited>limaPare</datisiEvited>
      </octad>
    </shown>
    <rufflesGinnerAventre>
      <ellipseKallegeMarcia>264</ellipseKallegeMarcia>
      <artic prewar="bsktReins" toonsSolace="65555069">
        <burbly>59</burbly>
      </artic>
      <bagroom>
        <dayfly>refused9754</dayfly>
      </bagroom>
    </rufflesGinnerAventre>
    <chiurmLocater unroomy="80340973" unblentFencerValent="mowchtDivers" vergersHarlemRobinet="tuscan1623">
      <odylePlotThroat>sarsaElseBugeye</odylePlotThroat>
      <ritardCharacUnpiped melaniaSwatchFianna="vaagmerDarbsCentas">
        <idyllerHed>bezetteFinickUnsiege</idyllerHed>
      </ritardCharacUnpiped>
      <leo>
        <talloel>theinLacunasHyoidal</talloel>
      </leo>
      <melosGypsiesBeing catenae="petrelsDuncanCaulds1624">
        <begobs>lotah</begobs>
      </melosGypsiesBeing>
      <miscueMordvaFleury parka="aoul">
        <yelpGismosCrapple>chitSlimer</yelpGismosCrapple>
      </miscueMordvaFleury>
    </chiurmLocater>
    <xeroxed>
      <rosilla>8777019</rosilla>
      <garredLutecia dementsUvres="fullishQuarlRfs" sluffed="remoreGraKnuth">
        <boletus>regaveTruly953</boletus>
      </garredLutecia>
      <kolea>
        <obtent>loyaltyTimelia</obtent>
      </kolea>
      <limmuAchoo nisWingy="audionRuingSterk486" stowage="aziolaUnlogic">
        <begrims>113802</begrims>
      </limmuAchoo>
      <acool fritKodro="circuleHelvedBecap" helloBourseSellary="7">
        <thensDishelm>sprengeGigolo</thensDishelm>
      </acool>
      <rcptReiveCholtry entireBemiresJellaba="morsure">
        <missishCopaiba>4</missishCopaiba>
      </rcptReiveCholtry>
    </xeroxed>
    <remijia spray="273" maypop="plenist">
      <staplesCrumen>costeanLxxJnanas</staplesCrumen>
    </remijia>
    <ohmages>
      <vitalsStenos>spaheeGeneatJurors5699</vitalsStenos>
      <flocHappilyChitted sabaloFlume="pottierElficPease" centenaPommies="cached3093">
        <coptisDanaid>mauri8</coptisDanaid>
      </flocHappilyChitted>
      <devoid sealers="cunili">
        <pinnateBromaObesity>ottosTinners</pinnateBromaObesity>
      </devoid>
      <hirslePrances>
        <vocoid>4</vocoid>
      </hirslePrances>
      <torulaEdomite villarBassus="lakhs">
        <cafardYirrGthite>383511875</cafardYirrGthite>
      </torulaEdomite>
    </ohmages>
    <bythPoohEsrogs>
      <salletConsyUpsit>gervaseGoalie</salletConsyUpsit>
      <antreBorazonToad>
        <pygididZapote>pirn5</pygididZapote>
      </antreBorazonToad>
    </bythPoohEsrogs>
    <ruckedWilsome>
      <boun>osseticDeniedApparel</boun>
    </ruckedWilsome>
    <mensasGliresGualaca uprootClovers="38">
      <insoothUmberty>95</insoothUmberty>
    </mensasGliresGualaca>
    <snotterCorverFirmers gluishMaced="keelKeapBasso" lineup="razour">
      <terms>valetsRiskingVascon</terms>
    </snotterCorverFirmers>
    <stader sympode="73853937" romana="sarson">
      <brassedBalkanPingue>18</brassedBalkanPingue>
      <inclusaEaseledModern coatieOutwalk="salinanPiplessNeuter" wauble="82804612">
        <struis>zonulae</struis>
      </inclusaEaseledModern>
      <galledNotistStation summaeHeatenSunspot="outwentBepaint" coltsEnqueue="330">
        <rum>bemeans4</rum>
      </galledNotistStation>
      <loyn>
        <cistaTutrixCodex>asswageTeleiaRinkite</cistaTutrixCodex>
      </loyn>
      <seaghan haste="vaccine" reslateTidyism="sledger">
        <droobIllishRasping>ionize</droobIllishRasping>
      </seaghan>
      <capulet>
        <jap>trineYapons</jap>
      </capulet>
    </stader>
    <vidimusBlasonRethink>
      <pickups>subashiHymenal71</pickups>
      <cleanse cunners="344">
        <nipmuc>nebbish</nipmuc>
      </cleanse>
    </vidimusBlasonRethink>
  </loggia>
</rioterGromiaTenuity>