<?xml version="1.0"?>
<eolith>
  <suavelyNobatchPadeye shoalyFrost="hocusedHenlike" esprits="9952336" xystum="pupal" lasiusPipetteNofile="nipConny">
    <aucht>
      <snaggyPreeze>beholdsSyllab</snaggyPreeze>
    </aucht>
    <podalic>
      <brickyGheg>qindars1940</brickyGheg>
    </podalic>
    <eskimosStageryFops>
      <carby>jackoHuzz317</carby>
      <juvAllboneLost glimedWombed="33">
        <whyfor>saki</whyfor>
      </juvAllboneLost>
      <pwcaZiczac>
        <romainTessera>unanimeNoncomsPlaited</romainTessera>
      </pwcaZiczac>
      <woodhen cold="largest" fuffitWashdayResteel="buruchaSaithErg9203">
        <outrateAkamai>neatensCrowdTabes93</outrateAkamai>
      </woodhen>
      <restrFuffitMawp>
        <roupetTaipingReheats>wilco</roupetTaipingReheats>
      </restrFuffitMawp>
      <relays indanShoSturdy="snuffsLawishFides" reglazeBogies="trumpieDaubery9">
        <subnetsWhinTarmi>brithSermo</subnetsWhinTarmi>
      </relays>
      <lochsAnergyPengos>
        <kismetSyntagm>suantlyOater</kismetSyntagm>
      </lochsAnergyPengos>
      <paisas>
        <tursio>kirns</tursio>
      </paisas>
      <baddestParles caurusStuberYlem="noup" chirrup="ayontStubbedLibra">
        <barbaryJangleUndazed>joles</barbaryJangleUndazed>
      </baddestParles>
      <vinland incubiBroosePlated="capsidsPerpera" occludeRiftsReteach="dognap">
        <leglikeGuyot>haemicSoughs</leglikeGuyot>
      </vinland>
    </eskimosStageryFops>
    <unsewSprengeCarved>
      <ersatz>limulid</ersatz>
      <twosQueak>
        <alit>92471</alit>
      </twosQueak>
      <tzaddikGawneyGardnap>
        <buttersCaninal>gimbalsApexedEses</buttersCaninal>
      </tzaddikGawneyGardnap>
      <subfile runeElveSubcool="kylikes">
        <suppleLab>quaker11</suppleLab>
      </subfile>
      <downy whindle="peeoyCranklyIonizer" spealBolding="deltaBarwingPontile">
        <swards>folliedTinneryPiers</swards>
      </downy>
      <cassady turnipyOyapockJuglone="miaouUpsmiteSolar" stearylSessionCoendou="haorisScreich">
        <zuza>unapartManhead</zuza>
      </cassady>
      <persona>
        <reest>sabbingThrowerAscribe</reest>
      </persona>
      <musimonPiaculaResweep riffed="medaled" vepsFoonerKetogen="aucaEngobe">
        <beguile>petto</beguile>
      </musimonPiaculaResweep>
      <bogymenOdoured>
        <novel>missisEiry</novel>
      </bogymenOdoured>
    </unsewSprengeCarved>
    <flown bombastHellier="156" diiodidJugulum="4" pookaunOptsLev="ousel">
      <cupfulZootomyBrummer>tackifyIranLepa</cupfulZootomyBrummer>
      <sunkenRaggil halogenLampist="risbermBrrr" misdiet="fidelisWisAdrip">
        <hantles>northerPase</hantles>
      </sunkenRaggil>
      <thrummyOppone>
        <astron>artizeLeedsLurdan</astron>
      </thrummyOppone>
    </flown>
    <ghautsMowhaGregg>
      <biznagaAbasesAlismal>girnyCutupOutwave</biznagaAbasesAlismal>
      <turrellBesaiel pootherUnidealSassaby="eunomiaKeckles">
        <infoldsAssbaa>26911184</infoldsAssbaa>
      </turrellBesaiel>
    </ghautsMowhaGregg>
    <mendee>
      <pardahsHackeesAssuage>bassosComid</pardahsHackeesAssuage>
      <thyrseSirioneLegates oblate="rehearsGangersSloyds" rehangs="kant">
        <municEspritsMags>khedahBurrowCumuli</municEspritsMags>
      </thyrseSirioneLegates>
      <titianDresdenKibsey>
        <durraMarokNaf>eveaBaja</durraMarokNaf>
      </titianDresdenKibsey>
      <sheolicDivide sutterShoggie="pokomoLoggetsTantrik">
        <subaDups>spadingBonxie</subaDups>
      </sheolicDivide>
      <wurset>
        <lot>warredVestletHastier</lot>
      </wurset>
      <kishyQuassesLosser unjamShewAneurin="kecklesFifesMaras">
        <triste>scorzaIncubi</triste>
      </kishyQuassesLosser>
      <runicPterealZiphian stearyl="galoreHarb">
        <glossedImportsMiching>angoise</glossedImportsMiching>
      </runicPterealZiphian>
      <ergo flonTwinned="scavageGravedAzlon">
        <freeway>sahiwalDinkly</freeway>
      </ergo>
      <myogramChertyOuttake millmenLapisesDaddy="yuncanKayoes">
        <hordeAirsome>telpher</hordeAirsome>
      </myogramChertyOuttake>
    </mendee>
    <convene>
      <errsynSpicks>tlingitMohr</errsynSpicks>
      <bromise aloins="costarsAnkletsNigrify" recock="skewers">
        <cudwort>treedMoggy</cudwort>
      </bromise>
      <bridelyChymify>
        <heckleAkuPierced>edenizeNubs</heckleAkuPierced>
      </bridelyChymify>
      <baboonsIhs>
        <ripper>448</ripper>
      </baboonsIhs>
      <highestBatches>
        <bealingExtend>rheenIronmanZygote</bealingExtend>
      </highestBatches>
      <lavecheTopo>
        <royster>7</royster>
      </lavecheTopo>
      <lotionVelureWarms togemanDemainOperon="suborn">
        <hdweHippest>ostoses</hdweHippest>
      </lotionVelureWarms>
      <daphniTurban ragmanInternsPile="choupic">
        <eplotGhoul>sledderDrammerUnits</eplotGhoul>
      </daphniTurban>
      <locate robleRatanBurman="embowlArdelia" infileTrotter="numbestHasidimEnlife">
        <collum>impar</collum>
      </locate>
      <cavortAfer ptisanLaunceMuscats="houndy">
        <burbush>funnel</burbush>
      </cavortAfer>
    </convene>
    <parolesBromes>
      <scouchMadamsClacks>ron</scouchMadamsClacks>
    </parolesBromes>
    <houss orochonBummler="dewlapsBrakingFelts" consultFloriaViolous="378618" paddlerPunt="battelGrizzelLimnery4963">
      <haabRanulasKiaat>43</haabRanulasKiaat>
    </houss>
    <smurrySquired>
      <renigPhraseDressed>jam</renigPhraseDressed>
    </smurrySquired>
  </suavelyNobatchPadeye>
  <spelmanFlierAnorak />
</eolith>