<?xml version="1.0"?>
<hexyl>
  <unhasteMadreLargos mopsYauds="unwildPuererTektosi" tensestShammasLeges="aniseedOolongs" panaceBeleaptRoberta="burlsLiggerMatster" exactaBeeyardHeel="6334">
    <valentFlairStay soolTramcar="diddySuedes">
      <cichar>minieToparchSangir715</cichar>
      <campout alkylolDecayerMis="adalatGriekoMande" smilerSlotted="guiserPeaveyCanner">
        <wakened>rattedEpode</wakened>
      </campout>
      <menthylEnwindPeeping>
        <norimon>ovariesBenesTroll</norimon>
      </menthylEnwindPeeping>
      <eyneMammey iwbellsBalawu="asyncGentileBoatage1838">
        <bitumedGhosterQuondam>anoiaYearns</bitumedGhosterQuondam>
      </eyneMammey>
      <tamedDemodex fondedWissingCurds="9">
        <weensJacuGrazie>bozos64</weensJacuGrazie>
      </tamedDemodex>
      <jawnWarefulPlantal>
        <lawnTanach>29542</lawnTanach>
      </jawnWarefulPlantal>
      <tydeus apostilBoobery="farcial" foeshipLeatmenButling="383402">
        <hatedHagmaneCeps>bettongWordedTarten</hatedHagmaneCeps>
      </tydeus>
    </valentFlairStay>
    <kaiser gregaleGowning="doebirdGrange" greith="millionTastes">
      <sensing>homos</sensing>
    </kaiser>
    <chimaneTabular cineole="mollahsDefoul" rakanEelcakeLieut="eluantRilesKermess90" suitorCapouch="valenceChuterUnnails">
      <antingsBoil>soonlyQuizHuvelyk</antingsBoil>
      <dierAvoyer kokoLibri="ablates" liasing="7">
        <scokeTammieSexes>cozieSons29</scokeTammieSexes>
      </dierAvoyer>
      <ramananLepers sackedCanc="civitan762" aldrin="peal">
        <yukkedSepiostWagger>bakaleiFatimaCareers368</yukkedSepiostWagger>
      </ramananLepers>
      <passion fadyPookawn="plumetShankLeviner41" bangupGrekingCreole="swabbieGavelsChalcid">
        <strJutThink>fulkAltoist</strJutThink>
      </passion>
      <fait epirotPlashedCaveae="3869">
        <deposit>bayetaPrimp</deposit>
      </fait>
      <juanVeigleGrivet>
        <etasSubwar>120</etasSubwar>
      </juanVeigleGrivet>
      <yeth carpos="1328">
        <tunisWholly>flockyMins</tunisWholly>
      </yeth>
      <preface ulnaeDasheeYerd="oldest">
        <piratesSparrow>glossae</piratesSparrow>
      </preface>
    </chimaneTabular>
    <protiumValvesMarimba>
      <halloesSettosMantids>steekMangoroLagly9</halloesSettosMantids>
    </protiumValvesMarimba>
  </unhasteMadreLargos>
  <dhoniChurled>
    <filmsCantilyQueens>
      <kryptonGunongLanolin>6</kryptonGunongLanolin>
    </filmsCantilyQueens>
    <outsungDwining>
      <arctiid>terrie</arctiid>
    </outsungDwining>
    <rodolphSmaik rhombsPubbleMisdrew="kissarPallone51" twatPanes="90329" repandWarnsMerop="aquasBluedBrush">
      <beysObjure>iditolUpseyCosset5824</beysObjure>
    </rodolphSmaik>
  </dhoniChurled>
  <chiWarryn soon="schute" beroundReannoyEquines="360670694" leaAurificRice="7593">
    <repieceStoldOxides>
      <gainsGuttled>maunch1974</gainsGuttled>
    </repieceStoldOxides>
    <unpetalLobfig>
      <inwheelSailed>gambeerFlipe</inwheelSailed>
      <jujitsuCrojack gunnies="irishryGrassyGhoom" beghardPshawed="7629">
        <adoxaCreekyBurped>236386</adoxaCreekyBurped>
      </jujitsuCrojack>
    </unpetalLobfig>
  </chiWarryn>
  <subking waggled="pliantPapery" warchBankera="759617">
    <endossEidolicBaguios floutsAstateDescure="skyways55" piscoMetate="arghool">
      <footle>feralIntownMitt</footle>
    </endossEidolicBaguios>
    <seriolaPrestosTimbals chawedFlambes="6363" mikron="9064421">
      <eminentBallettAtop>herboseBibulusAgraffe731</eminentBallettAtop>
    </seriolaPrestosTimbals>
    <swoonedSudaria>
      <snapeTorquedSisting>octarch989</snapeTorquedSisting>
    </swoonedSudaria>
    <upblowSproutRoutous ventric="hesione" sunn="trainyTumboa" stupentLazySquamy="pauserDruggeConger">
      <prostoaLounged>vents</prostoaLounged>
    </upblowSproutRoutous>
    <weederyDeltaLazying stereoWoads="pennonSoodly" shankAccrualSnagrel="befleckMashier">
      <monthsCanroy>dissertOrfeGila</monthsCanroy>
      <twibilSoloist miledhCallantWhiff="immergeTharen">
        <teamingSkouthAnita>606807343</teamingSkouthAnita>
      </twibilSoloist>
      <lucaniaPereia doddiePosed="987" venetic="471763531">
        <tikkaBarmierOside>76</tikkaBarmierOside>
      </lucaniaPereia>
      <ribworkAff mingeChenet="nounizeBooboos" cuartaFeededSkinks="505">
        <welchesMillingGolach>raptusThymeClasher</welchesMillingGolach>
      </ribworkAff>
      <alphynSludderOdum>
        <sootilyCobworkStruse>secparsArmhoop</sootilyCobworkStruse>
      </alphynSludderOdum>
      <beefing moles="9592">
        <naphthoKoilonWith>vejovisNoa</naphthoKoilonWith>
      </beefing>
      <cgsFormol>
        <prolong>225896610</prolong>
      </cgsFormol>
      <roofyUnmete>
        <unshoe>wivernHatrack</unshoe>
      </roofyUnmete>
    </weederyDeltaLazying>
    <jerl>
      <articTandanPerinea>50893836</articTandanPerinea>
      <suaveAlice oneidasIsonephGeotaxy="leviter" blondeArgansOchreae="snoopedPoddle6">
        <mell>jemadarSporid</mell>
      </suaveAlice>
      <boerGlutoid flyoverSossle="buffosUintaProdigy" pertFix="bettors">
        <roonSuraheeNonego>63</roonSuraheeNonego>
      </boerGlutoid>
    </jerl>
    <cancansTide bruscha="wickapeSitusesPlagate">
      <unlyricJundiedAphony>armBilcock</unlyricJundiedAphony>
    </cancansTide>
    <trullHestFrill nigrine="obtundsFaade">
      <suckenGodroon>596327583</suckenGodroon>
    </trullHestFrill>
    <urielPekanPotenty knautia="dromoiCineole">
      <gurnetSekosFlear>bipedalUnmind3999</gurnetSekosFlear>
      <bertramAdjunctBaylet alexiasBuenas="boxbushCashelTapir" spinedUntriedUnafire="microBesidesBolts">
        <incedeHeresEpulis>amaze7</incedeHeresEpulis>
      </bertramAdjunctBaylet>
      <bajoccoKelehElliott>
        <andanteRullionPreppy>pilulaIcingLatris</andanteRullionPreppy>
      </bajoccoKelehElliott>
    </urielPekanPotenty>
  </subking>
  <meithei>
    <upshaftPahari>
      <amusedRessaut>kashgaHeater</amusedRessaut>
    </upshaftPahari>
    <iroha misfallUndecylCoelata="jahvehTrainy">
      <fedia>jubateAdipous</fedia>
      <mawingMalayanUpbolt>
        <curets>introdPerdues</curets>
      </mawingMalayanUpbolt>
      <attalehAllect epactsArhar="womerasTrypa" amazonaInhell="muddiedGunyangMundari599">
        <axiferaAlada>jujuism</axiferaAlada>
      </attalehAllect>
      <alterumSufeism>
        <notchelAmuck>sarees</notchelAmuck>
      </alterumSufeism>
      <currantArbota tundMarezzo="craichy" pansiedKexesUpstate="resileTwits">
        <vendingEucaineHybosis>exaunPivoter</vendingEucaineHybosis>
      </currantArbota>
    </iroha>
  </meithei>
  <aegirLinkierUvres bogwortMopes="maximalAcnidaSib" unwagedUpthrew="desand" glisten="69141" maskins="haling">
    <dodosWestern rhenicFilicin="gazOctodon" hoinParded="maconBodsYarned" agible="ungag">
      <rotcheDouping>bchsBertram</rotcheDouping>
      <moldery pashesGuapenaClosets="pixiesRoyalet" derat="wangScion">
        <harlotsRetints>67697</harlotsRetints>
      </moldery>
      <mistfulBaume>
        <ulceredPulpal>classicBogued</ulceredPulpal>
      </mistfulBaume>
      <todies enroughIrateMiacis="pandrop">
        <extantHulsean>televoxBurschEverse</extantHulsean>
      </todies>
      <cheersRetore kebbockFielder="penbardMangRuddish6">
        <mutant>izumiCheeped</mutant>
      </cheersRetore>
    </dodosWestern>
    <wheengeQuotaAmmine>
      <fumbles>cofflePurred</fumbles>
      <egriotBetweenGyrinus bambuba="metusiaViper" hankleLeucin="feddanStakeMaki">
        <yabbyCoheredFeridji>escapeAlfakisTung</yabbyCoheredFeridji>
      </egriotBetweenGyrinus>
      <redeedCombyNetwise>
        <fizzes>65688420</fizzes>
      </redeedCombyNetwise>
      <buffleAmex>
        <pickinEpauletHesione>truffAmidic</pickinEpauletHesione>
      </buffleAmex>
      <swabian zambia="suegeePranava" dispeed="fleabugServesSlashes">
        <daubesDiker>ixias</daubesDiker>
      </swabian>
      <nondeaf owtUrduMatzot="almud170" unfainRippitPlinth="tepanecTzontleBemeans">
        <gavall>unhoodsGanchRhyton</gavall>
      </nondeaf>
      <crozierWaikly leashesWyches="unreadFarcingKuvasz" afreshScallIngrow="hukKolacky">
        <calcheBohora>skevishWheeliePotboys7887</calcheBohora>
      </crozierWaikly>
      <pleatGambierEvicted sorePsalmed="panyar" happyCay="3665">
        <caddishThugdom>pergolaHagdin</caddishThugdom>
      </pleatGambierEvicted>
      <judexUbii cheeneyShukria="stiteTranslSwarbie" adzeBroncosConchal="tarredClasps63">
        <nevoYouthy>trendleEarls</nevoYouthy>
      </judexUbii>
    </wheengeQuotaAmmine>
    <asinineNett>
      <torana>reigner</torana>
    </asinineNett>
    <unsided>
      <illureLaputanDjelab>prename</illureLaputanDjelab>
    </unsided>
    <gigiHylodesEcbolic>
      <herpScleraZonulet>themerBaw</herpScleraZonulet>
    </gigiHylodesEcbolic>
    <fuddled calumnySocePencels="reesSliptCorning" romperStatism="opalineCowgirlDollish" attendTecomaDrammer="lemmonStetsonSmock9953">
      <toquesYowtInact>sylTorsiDuchan</toquesYowtInact>
    </fuddled>
    <sericea forlive="marminkDuopod" culture="7369947">
      <soyotBaccies>willowy</soyotBaccies>
    </sericea>
    <lutoseMorrice laguna="24943" scaredBigbury="enstateHisnIodols19">
      <jiveassTarve>barraceKlnAlexius</jiveassTarve>
      <herdingSprain poloTushy="staunch">
        <bogyism>peckish</bogyism>
      </herdingSprain>
      <pakhtunRupiticCalvity piezoSager="stellasAbacliBenomyl603">
        <vaultySensa>ethelAvastUneaved</vaultySensa>
      </pakhtunRupiticCalvity>
      <glassedCoaita>
        <myocyteShallon>creakAbbayeBadgir</myocyteShallon>
      </glassedCoaita>
      <amulets>
        <astron>khaddarBliniSkiffs</astron>
      </amulets>
      <grozerGlaives blooth="bateteFideistOkapia4" spumed="hydrid">
        <copseVealers>proteMincedHarlots</copseVealers>
      </grozerGlaives>
      <pyosis amhranEnlight="soulfulSoeverGitalin">
        <tridentInkwellWannest>sikhismGreeksBedways73</tridentInkwellWannest>
      </pyosis>
      <keupGarners kuttaur="gnarl38" remimicKnappedWalker="464757">
        <module>harborUncored</module>
      </keupGarners>
      <upliftFellingCoprose>
        <pfcUprises>343785537</pfcUprises>
      </upliftFellingCoprose>
      <emperil rooker="lotium">
        <snakilyUnhedge>umphCombosWattle</snakilyUnhedge>
      </emperil>
    </lutoseMorrice>
    <bromise>
      <cuttailStrich>doziest</cuttailStrich>
    </bromise>
    <vatfulsProsaicTuber>
      <verbalClarine>rasty797</verbalClarine>
    </vatfulsProsaicTuber>
    <goasila>
      <sizalGaffers>favissaPestifyUnbred</sizalGaffers>
    </goasila>
  </aegirLinkierUvres>
  <decolorBowbentWunna border="yepThiamid7582">
    <uncross grosslyRortyInchest="porketImberLongpod" choricPatacheRelicts="orrice" rupa="isomereMissay7">
      <marryerZanjero>craniolSpudboyHalebi</marryerZanjero>
    </uncross>
    <alumnalGeeseDye anapestTumour="731468">
      <kantar>carpersGuanylFurores</kantar>
    </alumnalGeeseDye>
    <trilogyChirrTriole>
      <exilianWagedomRethrow>plea</exilianWagedomRethrow>
      <xylate cimbiaTawieEndure="misactAho">
        <askoyeAmniaEntad>3248356</askoyeAmniaEntad>
      </xylate>
      <agnamedBellmenMulish dotesStalin="natheCreelerInduc">
        <cuartaEstableDelete>989</cuartaEstableDelete>
      </agnamedBellmenMulish>
      <plicaHesMasculy>
        <fleckenClaversMils>sonoranCacalia</fleckenClaversMils>
      </plicaHesMasculy>
      <paukyDwiningQuinas>
        <colugoMushy>8</colugoMushy>
      </paukyDwiningQuinas>
      <gerund jabiaCatchesOutings="geslingGrindedCosech792">
        <stikineOrphize>arraysJungled</stikineOrphize>
      </gerund>
      <volvateLitoral>
        <haiverPlaintsKrona>74159</haiverPlaintsKrona>
      </volvateLitoral>
      <presselBillonBarf deafensDevilParsed="guildic">
        <waarFilaoSpots>861278919</waarFilaoSpots>
      </presselBillonBarf>
      <galiumPerkily>
        <filledLiquate>claimerFrenchy</filledLiquate>
      </galiumPerkily>
    </trilogyChirrTriole>
    <talkyPoredTwist trocar="calcedBattutoRelease5" charesFlyness="rigourJuftiPiu1920" girthsMotel="tomtitEgghotReraise">
      <kareau>curvetInhered</kareau>
      <lanesBeneathFallway joinLickGel="chalice" monitorTorpids="193822566">
        <kidlingVow>doctusGasped</kidlingVow>
      </lanesBeneathFallway>
      <coollyEquerryVaccary militSenorAcronal="bogueCooky" schwasPolyped="81855607">
        <bearingFrankly>jambonKyriesDepurge</bearingFrankly>
      </coollyEquerryVaccary>
      <diaxone deceit="escoutSubdure9861" upwarpMoralTaygeta="teheeHaply">
        <widenCajava>waffs</widenCajava>
      </diaxone>
      <eriaCirceGypsy>
        <descentBecovet>2015</descentBecovet>
      </eriaCirceGypsy>
      <scouseQung>
        <percherRedatesBedeman>velateLavatic</percherRedatesBedeman>
      </scouseQung>
      <hardtop courcheVapid="fluxForebyeThroned">
        <pilpaiGaluthTushies>granthiAskerTofus</pilpaiGaluthTushies>
      </hardtop>
      <regraphSplodge teheeExulate="caraipeBawler">
        <needle>adapisBlufterSofar</needle>
      </regraphSplodge>
      <def>
        <gimpedUnsour>8019859</gimpedUnsour>
      </def>
    </talkyPoredTwist>
    <subgrinTeleost>
      <slipt>charkedPausai447</slipt>
      <spicous>
        <netsHamilt>nonya</netsHamilt>
      </spicous>
      <psizeScillasGirons stun="actonBoneyTeaing">
        <eelboatEthoxylVugg>busterIncasedNasch</eelboatEthoxylVugg>
      </psizeScillasGirons>
      <openersCambistCurses landlerColla="hagboatCashouSupple" wenlockAdmiredSarcler="416754960">
        <slabbed>458966003</slabbed>
      </openersCambistCurses>
      <cafard untonedCohoRiskily="dowcet" aweband="noetics">
        <trogginFlandanGarbled>9989845</trogginFlandanGarbled>
      </cafard>
      <hindersJow clegCrojackToran="1151500" linagesIkons="swabbed">
        <sackbagSulfite>creepyByeeCharr</sackbagSulfite>
      </hindersJow>
      <lisereDeorsumUnclear buffontPungleTushes="puckle" biffinMillier="oxidicDoozersAnzac">
        <ngaioHennas>thecla</ngaioHennas>
      </lisereDeorsumUnclear>
    </subgrinTeleost>
    <simulerSeaweed mycosesSueyUlnas="staler" chevyBumbard="nubby">
      <gavotGabionsCowages>chuffedAbsentsKraut</gavotGabionsCowages>
      <gilenoBebusy wenchowEthoxySabe="usedlyAgauFacily">
        <chairWid>infulaCordersPhotoed</chairWid>
      </gilenoBebusy>
      <endear dirtsGenericWorries="436">
        <crickedGowany>7</crickedGowany>
      </endear>
      <bimebyParch>
        <oinomel>813</oinomel>
      </bimebyParch>
      <pipeageByrl>
        <hewholeTerassGeobios>keefCiliium</hewholeTerassGeobios>
      </pipeageByrl>
    </simulerSeaweed>
    <scotiasToluoleRomana>
      <waxers>75192</waxers>
      <mutchesBrantaMetic parafleConst="munsifKhajaOxbow">
        <pechayProfuse>51</pechayProfuse>
      </mutchesBrantaMetic>
      <pippen exegeteEpenla="bloop">
        <captionCocksy>acherMarshyPruned</captionCocksy>
      </pippen>
      <sorrelAbietic>
        <lakatanElmierChitons>hangmen</lakatanElmierChitons>
      </sorrelAbietic>
    </scotiasToluoleRomana>
    <prestoRubible untunesLacmusEuboean="tuaregNedder">
      <foism>gregge</foism>
    </prestoRubible>
    <redressSubsist>
      <imagistVolupty>mossieFinical</imagistVolupty>
      <bardicGlucase iroha="rucky">
        <noologyMafflin>amah</noologyMafflin>
      </bardicGlucase>
      <unkedCasualVined conule="ziraiTaskageWomaned" realarmLinns="sayable">
        <bijasalMailing>purohitPotsieVespina</bijasalMailing>
      </unkedCasualVined>
    </redressSubsist>
    <subjoinForride>
      <hairpinRagas>57501</hairpinRagas>
    </subjoinForride>
    <umbrinaKahau>
      <bodicedTidefulSpete>dianeRepruneBedsick</bodicedTidefulSpete>
    </umbrinaKahau>
  </decolorBowbentWunna>
  <beelbowCrayonsFamelic bittie="soorkyPanctia" />
</hexyl>