<?xml version="1.0"?>
<peratesRomicTryt>
  <upsringWritherBackie balau="9717315" flidder="divotsPurl">
    <stopingMaculed>
      <chistkaBasocheBalr>eweSmooths</chistkaBasocheBalr>
      <dallan>
        <sutuCenterWachaga>songmanJustle</sutuCenterWachaga>
      </dallan>
      <lyttasBlaw>
        <uppushJottedFleta>eckleinSiltsExpands368</uppushJottedFleta>
      </lyttasBlaw>
      <bacopaCanzoneTowie pufftn="whelker">
        <sitingIsabelRynds>aeneasFaunusPipe</sitingIsabelRynds>
      </bacopaCanzoneTowie>
      <leef beeway="parringPoister" synedraPitchy="jokeletStammerGunlock">
        <freijoAnomite>mincedTurdSbirro</freijoAnomite>
      </leef>
      <woibeDishmopFantee>
        <habus>foxesAgonied</habus>
      </woibeDishmopFantee>
    </stopingMaculed>
    <masquesSpoofer>
      <cessantVomited>chanterTonier</cessantVomited>
      <pronotaMazzardHamster nammad="thriveExclaim" trypBrogue="dowressRelied">
        <unbainToymanAvocets>13419</unbainToymanAvocets>
      </pronotaMazzardHamster>
      <herbier>
        <serialHawed>ferv</serialHawed>
      </herbier>
      <spikerEpocha gyle="anoraks" jaob="kanteleHurted9">
        <mealierCashewDumka>47865</mealierCashewDumka>
      </spikerEpocha>
    </masquesSpoofer>
  </upsringWritherBackie>
  <pruhSvanish knawelApperil="pelikai">
    <colPalus>
      <arundoPinusBrimmer>coatis5161</arundoPinusBrimmer>
      <chinos mobcapMilvineGable="9691705">
        <peccantBuritiHotpot>traneen5661</peccantBuritiHotpot>
      </chinos>
      <chinikArmless sarus="6">
        <canchiLenifyStashie>ausubo</canchiLenifyStashie>
      </chinikArmless>
    </colPalus>
    <cachuaMurgaTwitten>
      <genioPheninSuccent>45174591</genioPheninSuccent>
    </cachuaMurgaTwitten>
    <archeusPaulaBracer>
      <moundyGoumier>1</moundyGoumier>
    </archeusPaulaBracer>
    <coutetShakers enlClimberGuttate="ailsyteCowiestChaffs" muskat="5806729">
      <maunchMisedit>etagreTcawiPipeman</maunchMisedit>
      <ambitusLikableCranial leviterQuayRemudas="unspoil8" deworms="aramid">
        <roke>reboldReabuseUnquod</roke>
      </ambitusLikableCranial>
    </coutetShakers>
    <phobiesVepse>
      <muriel>5488</muriel>
    </phobiesVepse>
    <sawfish>
      <hieder>aguroth</hieder>
      <biancaCenotes>
        <sporranLardite>adopted1</sporranLardite>
      </biancaCenotes>
      <fissionRimery>
        <gils>quinolsFuzeNeddies67</gils>
      </fissionRimery>
      <begird>
        <ooftish>needierRattage</ooftish>
      </begird>
      <senitTiraleePedlary>
        <correlIndexes>secondiLacker</correlIndexes>
      </senitTiraleePedlary>
      <chrySmalto streetsUnlinksDiddest="dudgenBallotaCloured" gauzyEnigua="bizone">
        <hookas>astelicMeropia</hookas>
      </chrySmalto>
      <pinken unmaned="suscite">
        <jumanaFairiesOutsung>conked</jumanaFairiesOutsung>
      </pinken>
    </sawfish>
    <sicariiCotsAlteza wadmalsOncerAnilau="chac" pansiedFormatBranky="leisten" haugh="amabelPummelTualati339">
      <apotype>acknown</apotype>
      <beverlyThete rebasis="yeth">
        <geodistDungingParotis>jails</geodistDungingParotis>
      </beverlyThete>
      <teedCreasedFuse paliestAlbergePlyer="romped">
        <labra>espied353</labra>
      </teedCreasedFuse>
      <inkblotAglossaDover>
        <hatiLaths>paupers</hatiLaths>
      </inkblotAglossaDover>
      <altaic copularSirocco="lemures" fimbles="shrabSwitherShorer">
        <jap>adarmeLalo</jap>
      </altaic>
      <cassiriFingramLarding brownieWienersPlenary="epigeicPecoraRenne">
        <viuva>medea</viuva>
      </cassiriFingramLarding>
      <metanymZoysias safflowPrincoxBurg="5" confactFusil="346063">
        <formerAntiwitWhin>967737744</formerAntiwitWhin>
      </metanymZoysias>
      <figwormTinger eudeve="23">
        <ovileFieryBever>kajEstrinsBegs3</ovileFieryBever>
      </figwormTinger>
      <pament curetsRennetsSubcoat="kaury">
        <anybodyChora>muslimDinka</anybodyChora>
      </pament>
    </sicariiCotsAlteza>
    <peludo fistifyDirkedCohanim="krater" rehiresJeanniePicot="masaris">
      <dozesDivine>6</dozesDivine>
      <coeds>
        <bewidowOkras>barr</bewidowOkras>
      </coeds>
      <casquedMacao brazasZabaeanBaccate="mazardHickeyRadford" yaruraShottyFabes="6235337">
        <wifieSuiformFlocoon>smackee</wifieSuiformFlocoon>
      </casquedMacao>
      <trudged>
        <soulack>27814704</soulack>
      </trudged>
      <cramWangun logyBannedSixty="scholarCobhead70" munite="577625787">
        <pingersDhoteeLinwood>jaspersOrcinusBeardie</pingersDhoteeLinwood>
      </cramWangun>
      <tabard belateRales="divinesVairHenotic" barters="losser6">
        <bandhor>profsCuraraDropped</bandhor>
      </tabard>
    </peludo>
  </pruhSvanish>
  <intorts magneta="3545594" dradgeCurtsy="hauls" />
  <pyriticChafesNovillo upcreepGurdy="exurbanVagitus5627" coupled="5526" seetherTythedCoerces="slewerRappe" sciRestis="semirawCorebel" />
  <scowmenTunnyTarapin toppler="lungyis170" sauries="lumpySkillo" />
  <braiseBasocheStamba offerShavie="volador" hienz="alliceEpoistEndaze" vandalCricke="bruschaKhuai6" />
  <splungeWonkier reekers="raffingParkIdlers" metal="suckerThurmusHippoid2" teiidWidowlyPaussid="humped" cdrHydrionAllodia="editsInseams" />
</peratesRomicTryt>