<?xml version="1.0"?>
<stowerFootlerCoition>
  <gratiasStakes gimped="heckleKobang85" chilloClunked="soonerBiznagaCaspian">
    <rushingReauteJobber>
      <winddog>fidgetyOnaggri</winddog>
    </rushingReauteJobber>
    <wadablePlinker>
      <hashabUntin>ladersLonelyTullian</hashabUntin>
    </wadablePlinker>
    <coppasPlasomeBefan>
      <gleydeOutgun>bocoyTeraph68</gleydeOutgun>
    </coppasPlasomeBefan>
    <budwoodOtisFyttes>
      <been>tsetsesMphpsTiffish</been>
    </budwoodOtisFyttes>
    <precoxLatrate>
      <bedbug>pests</bedbug>
    </precoxLatrate>
    <impliesHampersNettly briarsGuano="seizedSleyingBordure">
      <veniteCrushesVainest>shaviesKnurl</veniteCrushesVainest>
    </impliesHampersNettly>
    <liguresCanon periodUndamn="herniaHannaSpongin">
      <epicism>clipseSaute920</epicism>
      <tension slitherLanely="antis4" loungerMuticMeecher="wonMildly1">
        <bearersEstateOam>gitanosPulledBrookie</bearersEstateOam>
      </tension>
      <bedim chromylChummerRotta="canerParodeGeared" boyarEnthuse="erasers">
        <beparseFewsomeIncuses>37952</beparseFewsomeIncuses>
      </bedim>
      <wanky roosesVetoist="glaieulIrride">
        <lunary>3581024</lunary>
      </wanky>
      <allenTrent folliedSethic="16322" omanderZygionEre="rumenNagmanXicak">
        <epoptesNursy>473324616</epoptesNursy>
      </allenTrent>
    </liguresCanon>
    <preMisdealBanque>
      <trammanCelery>reweds</trammanCelery>
      <enbraveTuner>
        <kinnery>swerver</kinnery>
      </enbraveTuner>
    </preMisdealBanque>
    <tabler>
      <undrew>churelGlaive</undrew>
      <ejaculaEarhead groomRidleys="leonatoBlowsedFrusla">
        <missaidVaries>ixodes4200</missaidVaries>
      </ejaculaEarhead>
      <sharifKadish pungyiBabuina="sitesMachair">
        <locustsSlonkEpactal>9064101</locustsSlonkEpactal>
      </sharifKadish>
      <baybushPupilsUnplied>
        <taskage>shhAzoniumInvades</taskage>
      </baybushPupilsUnplied>
      <moiler fustee="airwashLumpers" balaCraven="733">
        <adiosArnoldWillets>picarasDel8</adiosArnoldWillets>
      </moiler>
      <sayst>
        <suntansReamsMisgave>fuffitPrecule</suntansReamsMisgave>
      </sayst>
      <dombocContrGoose>
        <skyman>gromiaCabbed</skyman>
      </dombocContrGoose>
      <racemedTetteryPanure>
        <pontacq>84</pontacq>
      </racemedTetteryPanure>
    </tabler>
  </gratiasStakes>
  <scarfePutoisFaits dwamish="nitrosNeeds" cahier="cuemanPomboThionin3088" />
  <valouweMutatisUndock>
    <myrtolHumhumArising oxazinBeleaps="heritor" sundayValvataRends="5235" hooks="trigosCzarChirt">
      <engaudDiorite>343</engaudDiorite>
    </myrtolHumhumArising>
    <kanap>
      <harmala>ulmoAortic</harmala>
    </kanap>
    <whaups>
      <endopodBobbins>lunetDoolyNevat790</endopodBobbins>
      <rebirthSwoosesTutelae secparPlenum="96">
        <netterWouldst>avellanAscendsChimp1087</netterWouldst>
      </rebirthSwoosesTutelae>
      <tostaoAhintAloofly naren="ariesMurally">
        <loxedUnshowyDumpily>outflyBocces8</loxedUnshowyDumpily>
      </tostaoAhintAloofly>
      <coon cansos="elemeJiggles" festaeOnymizeAbkhas="socoEvea">
        <garringAgleeDins>bablah7742</garringAgleeDins>
      </coon>
      <beauxPayors yautiaTepees="tobaAppetitLout680">
        <espino>breciaTribadyZymosan</espino>
      </beauxPayors>
      <cascromPostins rabidlyKahalaMaggoty="payola">
        <criollaSawneb>pivotalBleachs</criollaSawneb>
      </cascromPostins>
      <pygmiesDrubs uighurWereassSylvia="quass488" dinder="nonliveFlutterSeiche">
        <anlageYackedUnsharp>saltly51</anlageYackedUnsharp>
      </pygmiesDrubs>
    </whaups>
    <lungiTwiglet sawingWizzensTorsks="sewersJugalHerbal" oysterBinocsSket="vitricFleur" tumainHipshotWeaken="oarlessXenia94">
      <snideryIdled>handleOar</snideryIdled>
      <pubic ketoseArecheDekes="oremanLawksBestuds" meethLicuriSensory="soakyErgates6197">
        <dwayneSociatePrise>rumbledSaecula65</dwayneSociatePrise>
      </pubic>
      <shottsFixgigFilar>
        <loonLagunasSaban>69125681</loonLagunasSaban>
      </shottsFixgigFilar>
      <urease bhutanGladys="rewakesJaded" feasten="386791979">
        <sweeseKainsiCessio>invertKarewa8839</sweeseKainsiCessio>
      </urease>
      <deratsNarenDaytale sluices="vampingCavort">
        <sker>1</sker>
      </deratsNarenDaytale>
      <trading>
        <cuprumsPushup>gregalImmanes30</cuprumsPushup>
      </trading>
    </lungiTwiglet>
    <krissChuhra>
      <brucite>brawnsRubbedPoy</brucite>
    </krissChuhra>
  </valouweMutatisUndock>
  <tipmen landsatIrk="43">
    <enmist>
      <stadiumCoyed>mammeesTophs</stadiumCoyed>
      <braizesDeposerAwedly gothsRabbies="diveWagaun1" kunmiutMotacilSipper="wastmeSunweed">
        <thenneTrotlet>quoitsWhush</thenneTrotlet>
      </braizesDeposerAwedly>
      <organerKanaFictor spied="kalBillard" saffiorMisfitGarbell="educedRegive">
        <phageda>ouphish</phageda>
      </organerKanaFictor>
      <robaloPearlinLeased torahNeneResign="natusIzafat3" deckelSoviteRoughed="150">
        <wasirMannessTrojan>kainsPailooBeemen</wasirMannessTrojan>
      </robaloPearlinLeased>
      <outdrewCanabaeFont aleut="hereticSandals" harminsStonily="mogadorTenonUnfunny605">
        <cicadasMorrisEadish>3775731</cicadasMorrisEadish>
      </outdrewCanabaeFont>
      <urban harrisWhilend="8620" indicoSubdeb="diapersRemolds">
        <nuaduSellaSwedger>156</nuaduSellaSwedger>
      </urban>
      <sunbeamList marathiNubianLepry="peavie" rataBoffos="barreSuccise">
        <brantaEastersJudicia>easersPursierTor</brantaEastersJudicia>
      </sunbeamList>
      <hapukuDunchTrama mundariSeawifeAxles="308878">
        <bendays>excerpAkekiArghan4</bendays>
      </hapukuDunchTrama>
    </enmist>
    <boyo>
      <dooverOffals>knolls</dooverOffals>
      <sindhi cogwoodHye="clopsHobbilGiant" imparks="centradBegrimsSpattle">
        <oarsmanGeldForwelk>54</oarsmanGeldForwelk>
      </sindhi>
    </boyo>
    <emperorMoschiEpoche>
      <buxomer>rephaseBotts</buxomer>
    </emperorMoschiEpoche>
    <vestee>
      <flit>kyatSchmoe</flit>
    </vestee>
    <soapboxJessesLofted>
      <ferretyGliffyLactase>foistsAbib</ferretyGliffyLactase>
      <laborJacoby flatletToptail="riotingArist">
        <wallabaFeriaDaffing>bopeepMopped</wallabaFeriaDaffing>
      </laborJacoby>
      <perkish opheliaCarneol="swipper">
        <tumps>wintlesDeckieCornage</tumps>
      </perkish>
      <unmightRals>
        <ditionAinsell>665</ditionAinsell>
      </unmightRals>
      <litchiSubject ccwTrockUps="wordyReadingAuctor13" octylMentha="etuvee">
        <presageFungic>618971</presageFungic>
      </litchiSubject>
      <mongoeYengeesCtr>
        <lobatae>laccinHandles373</lobatae>
      </mongoeYengeesCtr>
      <lynchesEssartSultan>
        <deedyJailsBino>domed</deedyJailsBino>
      </lynchesEssartSultan>
      <aliofar foilsBrrr="lindies" foster="vrille6741">
        <elfwifeDeleterVellumy>gaolsBarker</elfwifeDeleterVellumy>
      </aliofar>
      <jutish vatfulsSignoi="sialisAccountMuladi3656">
        <epiceneDelire>luggiesWurrungEnders</epiceneDelire>
      </jutish>
    </soapboxJessesLofted>
    <tubs crepier="gypsumsBabylon5" lapidesDigue="rookiesChittak3525" manlierVentageTubar="dislimnStyler">
      <isletedTrickBewray>indiciaRapping83</isletedTrickBewray>
    </tubs>
    <gldWharfie equuleiArbutes="tola6" brockleRebukerMusicry="loynGodsons1" reprise="orfgildFlamingMousier">
      <bosquesAulicalWethers>googYetling</bosquesAulicalWethers>
      <calycliModish shirtsFinisesCog="nogDebyeSuwandi" scewingOutherGlop="740270905">
        <listens>forageFed</listens>
      </calycliModish>
      <daftly bacachDusken="fleecerWorthyQuittal">
        <mammyPinylZande>79</mammyPinylZande>
      </daftly>
      <prososDelayedGlumly penaltyPacts="508">
        <rayful>sikeTintMume2447</rayful>
      </prososDelayedGlumly>
      <conviveRomeo ensuite="460">
        <kaluntiHeiferKohls>231046311</kaluntiHeiferKohls>
      </conviveRomeo>
      <areolarEpitra coulureCassenaDibbled="canonryKhalkha9136" amylanNeglectEnherit="insight">
        <anobingProton>giveyCalesin</anobingProton>
      </areolarEpitra>
      <ropeRingeye defaultRenoirInhibit="miniverAlethea9502">
        <ergoism>catsosZelant</ergoism>
      </ropeRingeye>
    </gldWharfie>
    <heedilyLeerierGuidage>
      <stanesUnrollBedash>9</stanesUnrollBedash>
      <offing arctiid="60149319">
        <hemmed>kefirs97</hemmed>
      </offing>
      <sestuor delimedCaprine="hummaul" togatedSkewerCony="8515357">
        <butylicFumify>sirplePeacher</butylicFumify>
      </sestuor>
      <waesuck seamew="meninxAcroamaChez">
        <belam>1</belam>
      </waesuck>
      <anansiForfareUncanny mittyBiasses="gaudsPaulin" lichenyRanliAbir="billionBunkoedPpl">
        <katar>egoizeRomain</katar>
      </anansiForfareUncanny>
    </heedilyLeerierGuidage>
  </tipmen>
  <wackesOphir neigherGouterToom="aralieBridoon" />
</stowerFootlerCoition>