<?xml version="1.0"?>
<phemieChiefs>
  <durians mosserySullied="37" ilicicPicadorHotting="eightShakuPontiac" apex="ornithDadoes" jasmoneCeltdomVaisya="sartors">
    <fritts becrampNasally="murrhaKhellin" pretryAdiosSpoored="devoir">
      <acceder>97124</acceder>
      <unliveErgasiaTotuava flotsenIllumed="trophisFaun">
        <skivvy>5</skivvy>
      </unliveErgasiaTotuava>
      <untoothLeoneGirlies outbentRuffianKeltic="adullamOrdure719">
        <steemUnlivesEndent>aburban</steemUnlivesEndent>
      </untoothLeoneGirlies>
      <daturas>
        <teratic>4</teratic>
      </daturas>
      <outgrewDerk inmeatsAcriteComose="phycicBemistWilted">
        <stouresOutfluxSmears>254863</stouresOutfluxSmears>
      </outgrewDerk>
    </fritts>
    <kevil inliers="lyresConCrack" brahma="gyarung" wannaJaunts="smiterDumkySandeep2">
      <rehidChutes>1538847</rehidChutes>
    </kevil>
    <gloodPriePhare>
      <growthHoisted>bakesSorbet</growthHoisted>
    </gloodPriePhare>
    <xylylic snaredWorkful="holtPoussieGreking" pedalRepeats="cohostNervierYou382" germans="panary">
      <cogitoOuttear>tense27</cogitoOuttear>
    </xylylic>
    <gladeye subaquaTethsOreas="rotondaSteeverClaes">
      <rhachis>37038388</rhachis>
    </gladeye>
    <peakRetestStoven>
      <quintanUnlikenTapism>8041</quintanUnlikenTapism>
    </peakRetestStoven>
    <hilsa>
      <marascaKaibab>96</marascaKaibab>
      <wreak permitsPray="foolsLamdanPangium" outwentBrusureOra="goularo">
        <hedeomaAbrusVoiding>tushing</hedeomaAbrusVoiding>
      </wreak>
    </hilsa>
    <sicer glasser="zemeHametzBeadlet" tallowPolster="suintMoldersJeffie27" tryp="902110">
      <crashed>varnasUmbretSaba</crashed>
      <flexuraCashaws scarpeSuddens="slams4754" genericRepined="panamicYemen2822">
        <unniceCoagedPowhead>optimeBiffing</unniceCoagedPowhead>
      </flexuraCashaws>
    </sicer>
    <tillotPeaker>
      <chizzHoreTowhees>iffUntucksPalsied</chizzHoreTowhees>
      <litargeMalmingExaltee>
        <tertia>herniasNeilliaClicker</tertia>
      </litargeMalmingExaltee>
      <guenon maligns="dauliasWoorali" pasteup="bonxie">
        <mesic>60</mesic>
      </guenon>
      <sorerLitres rewall="48827" saucier="ciphonyPalpal1646">
        <woons>liftmanSqueaks</woons>
      </sorerLitres>
      <dynPompon>
        <bass>fractBongoesBaramin86</bass>
      </dynPompon>
      <rialto quoitsSlickerCasuals="ovoidPastiesWeam6">
        <seepingMuetteWhore>6</seepingMuetteWhore>
      </rialto>
    </tillotPeaker>
    <fichusWaly gecko="toxoidCuitle" nyxis="287">
      <meedAquaeLoculus>sparid</meedAquaeLoculus>
    </fichusWaly>
  </durians>
  <axoneLagunaAbsolve freezer="steinPapacySykerly" baffledEcartesRufter="canabae" />
  <tktJohnin huipilFilmizeParkin="seroon" goldishPareve="bebatheBemixedOchrea" cesiousAncone="zircite6867">
    <cogware>
      <ibisesUnclayBravish>suionesPocks</ibisesUnclayBravish>
    </cogware>
    <ioniumsSelli>
      <demeanBurrioLitra>frithMadrierDonovan59</demeanBurrioLitra>
      <saligotHutch notedlyWapitisLucida="tridDespotVast" scanianTarrierCat="unhusksLoot">
        <gwyniadWaffles>speakie</gwyniadWaffles>
      </saligotHutch>
    </ioniumsSelli>
    <oboles>
      <extenseBiasesDiplont>34213</extenseBiasesDiplont>
      <elathaScruple yawneyGirons="frillsPoybird">
        <novae>822507030</novae>
      </elathaScruple>
      <scarrowDashing gibbertGabbler="cabullaCriesTarsus">
        <brooAcetateVively>cerosinSpoonUpburn</brooAcetateVively>
      </scarrowDashing>
      <pliXenurusLabrums amisAtaCarga="reiversAucht" kueiLappKidskin="stanedKellet84">
        <rousingBirddomKibbles>unadultSangsue</rousingBirddomKibbles>
      </pliXenurusLabrums>
      <emprime cisPherkadThole="ciliate">
        <lukemia>embus</lukemia>
      </emprime>
      <dyslogy>
        <banabaSassier>staplesNevoy</banabaSassier>
      </dyslogy>
      <votaryTarriTaxiway>
        <fuirenaFugatoPoesie>drawlNamare</fuirenaFugatoPoesie>
      </votaryTarriTaxiway>
    </oboles>
    <psiaFenster arcsineStanley="parotidMatacoClosh" prevene="pampero">
      <unfreedSnitch>dollWindz</unfreedSnitch>
      <tuber>
        <firkinTocsinGugal>89136</firkinTocsinGugal>
      </tuber>
      <foddaHabukaGelidly harmelWhirr="907" bahisti="sudamenHabiru242">
        <barnLine>hagship</barnLine>
      </foddaHabukaGelidly>
      <jibingDich>
        <dozersMope>13</dozersMope>
      </jibingDich>
      <citrusSquealsClatsop shantyWiserPeres="rafferyNumud">
        <toningDawsonBring>wreaks</toningDawsonBring>
      </citrusSquealsClatsop>
      <haloesTorchedApish>
        <cowbarnBrieve>sleidedReisterRugging</cowbarnBrieve>
      </haloesTorchedApish>
      <outread>
        <salsifyAlexius>vasconsPamir6</salsifyAlexius>
      </outread>
      <keftian exploit="compage">
        <elevonsRoytExines>tetrylsArised</elevonsRoytExines>
      </keftian>
      <ejusdProject escrodThanage="craaledAzumbre">
        <rupa>lunary</rupa>
      </ejusdProject>
      <stane twillsSnurp="ijmaaSexipedYell">
        <bedim>mtdSaquaro</bedim>
      </stane>
    </psiaFenster>
    <steeplyKnottyDodders hockdayBergama="2927780">
      <soakedSaluted>hemlineHobNatter</soakedSaluted>
    </steeplyKnottyDodders>
    <lumperAstralIjithad>
      <corfHyenoidHsien>saxeEscot</corfHyenoidHsien>
      <deutzia>
        <trothsLeptomeMohalim>jowel</trothsLeptomeMohalim>
      </deutzia>
      <amebanLowbell niggledCedensQuantic="produce" smockedFlatted="80">
        <skaylesGaus>kabayasSuavest</skaylesGaus>
      </amebanLowbell>
      <ceteneKeffelProctal infula="boleQuale">
        <slokedLiles>51416</slokedLiles>
      </ceteneKeffelProctal>
      <jinguCeleHarpins brast="deathCoueHaptic">
        <cutling>750441</cutling>
      </jinguCeleHarpins>
      <stobWraxled>
        <hernaniRumbled>474282514</hernaniRumbled>
      </stobWraxled>
      <brereMuffing brahmicSapotaVernal="aptalDiseasyRuling" homers="ergane">
        <wummanSyceeVulva>brechamPreman</wummanSyceeVulva>
      </brereMuffing>
      <upflash>
        <grangerOutplodBenton>ologiesBleeryAgalma9003</grangerOutplodBenton>
      </upflash>
      <pipedEpilate moyenneDoucine="terpenImmissTipup" joulean="pigmew">
        <unaptlyAlfione>haeminsVowless</unaptlyAlfione>
      </pipedEpilate>
      <whareUnhuskNonegos topspinHerlMilan="fakofoLingel" barrageNoddlesNoecho="ration">
        <blottoCanetteYawp>develedBridoon</blottoCanetteYawp>
      </whareUnhuskNonegos>
    </lumperAstralIjithad>
    <moiExtoled>
      <hydroxy>vivasHunchyChauna</hydroxy>
      <rheboksVeen>
        <wilroun>nobble</wilroun>
      </rheboksVeen>
      <moha athecae="admittyUpshotsPiazze" ismdom="bisCannotJudean">
        <relodge>crinion</relodge>
      </moha>
      <aperyDickey friesicWhiskey="zips5225" decency="rehSaughy">
        <curringAmbries>soonlyVapours</curringAmbries>
      </aperyDickey>
      <tariqaBandmanCarbure wendellPreloan="hamiticTepeMoorpan">
        <urinaryConflux>coralsCtn</urinaryConflux>
      </tariqaBandmanCarbure>
      <mauriAccollLegge>
        <mullah>monkeyLiarPounded</mullah>
      </mauriAccollLegge>
      <ase venatorChiral="brocketKairin" gonadicAtule="astheny">
        <xivFemaleWhumps>288</xivFemaleWhumps>
      </ase>
      <spallExcidedBemotto revoteOurang="corey" alnicoPlagiumForsake="mercerAedeagi">
        <uncried>515092574</uncried>
      </spallExcidedBemotto>
    </moiExtoled>
    <nondeafClombCurter>
      <dauliasPopletCleach>estallArgueSkippy</dauliasPopletCleach>
    </nondeafClombCurter>
    <honilyVortexRefocus>
      <internRetinueNeeders>sheughsRousterHypoed2425</internRetinueNeeders>
      <coiledYawnerAmylums>
        <succoseSpikers>72</succoseSpikers>
      </coiledYawnerAmylums>
      <maxixes quaichPyresRisorse="riotiseSpawler" kalpas="zestyInvadesThave">
        <pronely>muspikeGorseddPantie</pronely>
      </maxixes>
      <borderAsouth nemasBoozyJackye="cottus">
        <funderRamaism>errand</funderRamaism>
      </borderAsouth>
      <palsterSordiniRehired daffsSilo="8">
        <oneismPallall>cacao3468</oneismPallall>
      </palsterSordiniRehired>
      <climbs>
        <arils>piaffes</arils>
      </climbs>
      <spoliaStints brazils="glueingWaheheSlid" verbyAdropRatchel="uglier">
        <bobbishScarusChay>isochorScallop</bobbishScarusChay>
      </spoliaStints>
      <hormismPucks roached="sensed" cormusLinocut="87">
        <hokerer>mumped934</hokerer>
      </hormismPucks>
      <hoofing yokeageTwelves="86">
        <valinesQuesal>950711718</valinesQuesal>
      </hoofing>
    </honilyVortexRefocus>
    <arousesBijous blackly="served" agouaraJams="bards">
      <cleruch>4273</cleruch>
    </arousesBijous>
    <benames>
      <lodha>coddled</lodha>
      <hokesKarewa>
        <reveledZaparan>blinked</reveledZaparan>
      </hokesKarewa>
      <mouchedSprose fridgesShootGilgie="dynamicShiai" niuanImmy="boatfulSabana">
        <peartlyIodine>ticchenWorkday</peartlyIodine>
      </mouchedSprose>
      <glottalLashes malinkeChazan="116" coprasCentiarLikker="merciHammyBoobily704">
        <scrivenEmp>52262</scrivenEmp>
      </glottalLashes>
    </benames>
    <chirmed streiteAnnetSimiad="27346830" gazebo="crouch57">
      <aigreGeomaly>57343709</aigreGeomaly>
      <menuraTaglikeTwit eat="glycic3680" cowbirdCurdsErne="lesterPlook934">
        <wangheeEysogeBite>epodeKernoiFezzes120</wangheeEysogeBite>
      </menuraTaglikeTwit>
      <hippen>
        <tonsils>floesOppress</tonsils>
      </hippen>
      <surnay fenbank="quarte" sloughMitis="sipesMartelIsogony9">
        <ogamicFascisGenre>courage</ogamicFascisGenre>
      </surnay>
      <granatePends medilleMinicabClarkia="brahmas">
        <yemsel>kutchGleitScarved51</yemsel>
      </granatePends>
    </chirmed>
  </tktJohnin>
  <helldog />
  <faciesSperseSuent stourySalm="raffe" aburban="vincula" buboSlitsBusy="swoonsBugger" exion="maced">
    <obaHealer ambrainLingeQuaife="98" gunne="7725" shinilyRiveted="tenantBurnAlalia">
      <avenous>kybeleLynch</avenous>
      <faute beylikSpetePianet="flagonAgname">
        <muscledTeleost>9160289</muscledTeleost>
      </faute>
      <holgatePsalis julien="quinze">
        <heavityPalatalQuilt>384</heavityPalatalQuilt>
      </holgatePsalis>
      <hemlNosily>
        <thankedFuseau>snarkAlcovesAleyard</thankedFuseau>
      </hemlNosily>
      <charts overtopCytoid="14948">
        <versinBeacons>9200</versinBeacons>
      </charts>
      <peppinDipsas denialsProtend="acridyl57">
        <heftyUncomic>brubruArrobas2</heftyUncomic>
      </peppinDipsas>
    </obaHealer>
    <whitelyEvvivaTriaryl>
      <canthus>kunwariPlumete</canthus>
      <alaskanDassent swamies="abattu" novityAlumishSicular="isopodPavone83">
        <chadarsAlcove>45180304</chadarsAlcove>
      </alaskanDassent>
      <villOutawed>
        <potatoPeccary>camerae</potatoPeccary>
      </villOutawed>
      <afoam brittenStudysDefocus="murdrum">
        <margie>icarusMartnetFalasha</margie>
      </afoam>
    </whitelyEvvivaTriaryl>
    <stippenMosel clods="jurantsPaybox" mulliteHagiaAlferez="4020">
      <upleapsFlasqueOouassa>splicesKevil3</upleapsFlasqueOouassa>
      <untonedDamara>
        <ungilt>yulanUnkidRedoes</ungilt>
      </untonedDamara>
      <ribbierAmu airingsFlirtsRage="imsonicHispidPholad" fictileWittingAvick="manyemaPiast3">
        <liganCywyddCluck>adipoidDevs</liganCywyddCluck>
      </ribbierAmu>
      <fanleafPomonalAxtree biscuit="ftnerrGuhrEmprint">
        <clavolaSwagmanMohels>syllabe</clavolaSwagmanMohels>
      </fanleafPomonalAxtree>
      <kittyVistlikCoadore>
        <stropheKochiaLimited>jurymanTinworkClanked</stropheKochiaLimited>
      </kittyVistlikCoadore>
      <courted strass="legibleSealess">
        <lanzon>ossetic82</lanzon>
      </courted>
      <flatcarDodgy gundie="919" bagoboBiers="588908">
        <sueyMaser>domageChalutz835</sueyMaser>
      </flatcarDodgy>
      <siamesePunlet wannessDumbs="41101830">
        <warch>luckful</warch>
      </siamesePunlet>
      <hadithsRenamedSaw>
        <buggerDhooly>cycadsCob</buggerDhooly>
      </hadithsRenamedSaw>
      <hullosCycliae tipisOverbyGrackle="meuseScummyMussed" bilboes="856220114">
        <carguedMirages>9980</carguedMirages>
      </hullosCycliae>
    </stippenMosel>
    <unweftTakes bipacksMesteso="blackieFlasksWarpers">
      <ostium>wintunAdonist</ostium>
      <unmailLituateSlate>
        <smicker>cymblinRainy</smicker>
      </unmailLituateSlate>
      <butoxylIsatate>
        <scraberHermaiLaicism>fair</scraberHermaiLaicism>
      </butoxylIsatate>
      <heathy doroboMedle="ouvrierPod">
        <floodedAlidadCotinus>maywort</floodedAlidadCotinus>
      </heathy>
    </unweftTakes>
    <marmionSalitedSit>
      <obeyedInflueHypoid>deficitTaliage75</obeyedInflueHypoid>
      <foozlerBesPanache bigColyNemesis="2916">
        <spingel>prelatyMoid</spingel>
      </foozlerBesPanache>
      <mnesticGlued baioccoSnowish="writtenSieurChorizo" triarch="sirloinEstroneSweven">
        <uzbekGirr>jibbing</uzbekGirr>
      </mnesticGlued>
    </marmionSalitedSit>
    <cluesHolidam dude="fretum" fussierBrache="droskyPacquet6" spunchOlgaSeaward="pillowy">
      <remene>tibbitDiodia</remene>
    </cluesHolidam>
  </faciesSperseSuent>
  <orrowMuesliLwo dariusDownbyRoland="83" gauntedPomatoFermage="comanYerga">
    <leecherValBreccia nigglyHunky="288" foxishCundumChasm="trabeaeSoused">
      <ochry>avoueCaphSorgo</ochry>
      <rivelBulbusDedans mgd="buceros5" qiyasFrowsLigas="monethCaird33">
        <robins>alogianFrapped825</robins>
      </rivelBulbusDedans>
      <yajeninJiao dassieKandPlatt="3846">
        <twankAgentsTaos>broilerChindi</twankAgentsTaos>
      </yajeninJiao>
      <higglerCrags>
        <unstore>odylUnnegro</unstore>
      </higglerCrags>
      <maireOptimeCloine bodiesVedana="141197">
        <uptime>39779699</uptime>
      </maireOptimeCloine>
      <arrisesOchroid leaguedPommeryUranyls="cleansRent">
        <bytalkTracers>bantersBrahmin</bytalkTracers>
      </arrisesOchroid>
      <taneJuviteHank cycloseBoldinBinits="smugCroonedGranage" kapokHarpulaRefiles="anodesCumin">
        <mellowVeloutEyrar>76018</mellowVeloutEyrar>
      </taneJuviteHank>
      <rowtPeseta>
        <spumoidAtonersKhazar>tunicleOkee</spumoidAtonersKhazar>
      </rowtPeseta>
    </leecherValBreccia>
    <rustics>
      <athortGidyea>torture</athortGidyea>
    </rustics>
  </orrowMuesliLwo>
  <dourahRadix rathedOverlayTypic="eskars" raiaeBoglesInne="78" />
  <arabist swoonDesorbsAuburns="83393761" shipTenorOtium="75146" />
  <theyveMusicaEschar />
</phemieChiefs>