<?xml version="1.0"?>
<loobily>
  <golilla fowentSinopia="tarsiaMumpish633" surmark="overnew8680" vanity="aerariaCamdenDuskier5758" purposeBarnardToletan="622800163" />
  <gnawnPriaDeturn tammiesBetowel="wanier" khanjarInbentSquatty="22894536" burg="conduceEndome">
    <phenomSpasmusArable>
      <bronchoRamsch>goatish</bronchoRamsch>
    </phenomSpasmusArable>
    <zoopsia>
      <pasewaSwine>gaveledImposts</pasewaSwine>
    </zoopsia>
    <adrenalDrivenCauseur lubbers="8005185">
      <ardoise>gashyPhonics</ardoise>
      <tfr guyotsPlacula="unswornGreaves" alaliaMohalimBogatyr="dovekiePassageYamun">
        <sowars>87</sowars>
      </tfr>
      <abattue greavedInunct="cynara" bibblerIdylianRhina="tendrilBrashReseeks">
        <cansSquidLoopy>geegaw</cansSquidLoopy>
      </abattue>
    </adrenalDrivenCauseur>
    <chairsRepugnsNoxial>
      <jicaque>zingedExtendsChive</jicaque>
    </chairsRepugnsNoxial>
    <unsaid>
      <trinelyPsocids>proclei</trinelyPsocids>
    </unsaid>
  </gnawnPriaDeturn>
  <vichyEctasiaPunkie biodMartius="aestive768" costalWurrup="muddify6734" />
</loobily>