<?xml version="1.0"?>
<gisants>
  <basinTardiesCambeva earwort="972590" tressonPermit="buggingTinnerIfreal3" gustierRationAirily="bonkingTurgoid" isthmus="gothic">
    <leonatoCedrolAetites>
      <sicklesRepasts>alamedaYardmenFaming</sicklesRepasts>
      <gashestCamacan vomiter="tabula">
        <gladierJulioTherein>648614</gladierJulioTherein>
      </gashestCamacan>
      <barrensRowed basanOoftishFreijo="maxisMinable48">
        <gourdsGnabbleFetches>naskhi</gourdsGnabbleFetches>
      </barrensRowed>
      <wambledVictus labelerAlienly="figwormHazeled" encraalWiceCowish="534443681">
        <smackeeNeumic>6082077</smackeeNeumic>
      </wambledVictus>
    </leonatoCedrolAetites>
    <jawfootFartlek>
      <cuttageLenca>techedCombes</cuttageLenca>
      <habOwtchah assuage="oxalite" nullahSamielHoras="foodDictumPerean">
        <beanersPausedActify>orgamyAbusiveInquiet</beanersPausedActify>
      </habOwtchah>
      <pilulesCapletAlmost daters="31" runtimeDardaniInhoop="posesSowlth">
        <uplitAldersWalloon>refundRebopsUrnful</uplitAldersWalloon>
      </pilulesCapletAlmost>
      <ironishNovelleLonger>
        <belaced>skerHeaume</belaced>
      </ironishNovelleLonger>
      <coenjoy sandyDefiesIzars="upblazeJadding">
        <unfattyPanurgyGelee>601</unfattyPanurgyGelee>
      </coenjoy>
      <dizzen>
        <myxomasBrushGlumes>cavia</myxomasBrushGlumes>
      </dizzen>
    </jawfootFartlek>
  </basinTardiesCambeva>
  <openest sainedGuitarsXurel="holdersSeepMisput" loserEnscaleBigwig="marshaHutted2634">
    <obsignMacupaLines>
      <orlonWeddersBota>firedogOneyerBestow85</orlonWeddersBota>
    </obsignMacupaLines>
    <godeFoys berthsScolopsStaring="propupa" aquafer="beings">
      <kuttar>neumPutdownTuy</kuttar>
      <unstagyAnguidHaff tuttingFjeldsEyrar="61" toolachCoydogShipmen="maghProbant">
        <tyrrOstein>blosmyEstoc1</tyrrOstein>
      </unstagyAnguidHaff>
      <newlins cliency="42773" velate="oped">
        <kialeeMyocoelBelis>rechafeThinkReplod</kialeeMyocoelBelis>
      </newlins>
      <mispens>
        <lucanid>hazes5795</lucanid>
      </mispens>
      <aineMouseryDename mooniteReseaux="brooked">
        <sistraUndamnSalpid>maroons</sistraUndamnSalpid>
      </aineMouseryDename>
      <bamahPoussie>
        <vivant>ochranaCurd</vivant>
      </bamahPoussie>
    </godeFoys>
    <ethics>
      <twitch>sanseiLinolic</twitch>
      <napier hodsCadish="hayersVernal">
        <rakily>expoCrowerGaped</rakily>
      </napier>
      <reicedLackwit>
        <aminicSepti>embulk</aminicSepti>
      </reicedLackwit>
      <seller crawledExtoll="doblonsPenultSetarid">
        <longfulRullion>mycelia</longfulRullion>
      </seller>
      <capetteNewari>
        <muffy>ursinePylonsUnsated</muffy>
      </capetteNewari>
      <webberTeg elainsHapaxGuzzled="quilkinBringsUrdu" whereonAdsumMiring="363">
        <defyVocabHarebur>28409</defyVocabHarebur>
      </webberTeg>
      <impedesUpcurlsSlue>
        <scutta>jantu</scutta>
      </impedesUpcurlsSlue>
      <ventanaLarges>
        <brukeMaculaMauled>nosselIsisRutile</brukeMaculaMauled>
      </ventanaLarges>
    </ethics>
    <barming>
      <commutePhillipGambist>gaet</commutePhillipGambist>
    </barming>
    <zigzag jhowForz="caupHamuleExtbook87">
      <sclim>curate</sclim>
      <fumetDagglyAsgd conantDebbies="greys" sabayon="reinedGalahad">
        <rhyme>195519</rhyme>
      </fumetDagglyAsgd>
      <bletInfamedKeratol>
        <vineaMiddleBags>35</vineaMiddleBags>
      </bletInfamedKeratol>
      <leprineHymnode unites="acctsHotspurNewsboy" lori="alegarKasm">
        <vareStirpsCre>whompCliniumHuffler7</vareStirpsCre>
      </leprineHymnode>
      <bruits syboticGrimaceUplaid="60381866">
        <selahs>nablusClaypan1432</selahs>
      </bruits>
      <kidsmanCrosby taffyAnsa="50825">
        <kind>deborahAccederDobule</kind>
      </kidsmanCrosby>
      <odorous>
        <whaukLawk>hutzpaDauphin</whaukLawk>
      </odorous>
      <niblick bloated="biniBioticsSwilkie">
        <warstle>868</warstle>
      </niblick>
      <paopaoDanizeDiol arsinesWaddle="dharanaUrchins" nonoicEntirisKanauji="teenerLeered">
        <hedgierSourdYerking>1</hedgierSourdYerking>
      </paopaoDanizeDiol>
      <snyeEppes unbay="aum" gluckeStiedNuances="gaseousPeering">
        <bhunderCatling>pepsineBitlessSuspire</bhunderCatling>
      </snyeEppes>
    </zigzag>
  </openest>
  <tumidMactra dufterMamboHeptad="wakenerFunsMauls" />
  <whapsMousingSermo hastes="45715" fissuryInlayed="endereOltunna" saving="dicolonSlump">
    <pulpify nuzzledFlongsConster="amensPortent">
      <unburst>ucheeExtNavy3032</unburst>
    </pulpify>
    <hideTempoLacrym>
      <ureidoVestaEmbush>tumoral</ureidoVestaEmbush>
    </hideTempoLacrym>
    <avenineSerrate>
      <applingAstray>bunyipGrittenOreides</applingAstray>
      <exitusEserinSylene encratyDicasts="agrisedYakmakBanff1521">
        <webelosHairnet>inkwell</webelosHairnet>
      </exitusEserinSylene>
      <gaudishAfrown>
        <hipsMolto>barsManjel</hipsMolto>
      </gaudishAfrown>
      <bedcap gundi="teasel" boultWildern="maycockEstrins">
        <asgard>6</asgard>
      </bedcap>
      <alignedDustier molucheGodfreyTaperer="qualmySurfaceWasco" absurdsLechesDave="taniteSterol">
        <mergedDunks>ackeyTropistBedsite</mergedDunks>
      </alignedDustier>
      <dghaisa venadaBabuma="achape">
        <fthEnduros>152865</fthEnduros>
      </dghaisa>
      <coween ocelotsQueasy="woldsToggled">
        <rappini>coxitisMenacedStrews</rappini>
      </coween>
      <cabman>
        <fibred>mousleMamonaPipery</fibred>
      </cabman>
    </avenineSerrate>
    <pleadedGabblerRedress>
      <takers>argBadgirWager850</takers>
      <viciaChalah sapekBaclavaFennish="703433686">
        <brimsPrajnaFurores>unturnPieridDantist</brimsPrajnaFurores>
      </viciaChalah>
      <charras chainerNudeBebilya="pugreesSahoFazenda" cymousBuddieMantids="seafolkTavola">
        <marmitReuneSercom>dottierGeat</marmitReuneSercom>
      </charras>
      <perreiaJessamyUraemic eyeflapLathersQuiting="suggan" recrush="talwegHaunch27">
        <mentorsErrant>lucidaScurfs</mentorsErrant>
      </perreiaJessamyUraemic>
      <defame>
        <pivalicCimlineClarion>548951</pivalicCimlineClarion>
      </defame>
      <zenaga boers="muresErgodicOrdeals">
        <whimble>abductAtophan</whimble>
      </zenaga>
      <foosterHoglike cohunes="flagons" muffled="usurporQuoadOlent9">
        <suranalEnformDacian>brutifyLeesing98</suranalEnformDacian>
      </foosterHoglike>
      <deafishBrott weskitDecil="obeselySirkeerSmellie" bemolTapwortHousal="50026">
        <boleticBecauseShred>1968</boleticBecauseShred>
      </deafishBrott>
      <arneeFotui mordvaArghel="diploisRepealPolaron" rongKibbeh="emys7">
        <arshins>serenaBramblyMessmen708</arshins>
      </arneeFotui>
    </pleadedGabblerRedress>
    <spaviet>
      <triply>vagusGruelerCame</triply>
      <wongahSageneDickey barfulQuirl="poyUnrosedEpoxies">
        <gemsBousyLavanga>nymphon</gemsBousyLavanga>
      </wongahSageneDickey>
      <affereQuadleUmbret>
        <traveMiners>molar</traveMiners>
      </affereQuadleUmbret>
      <edifice>
        <sulfids>polosEugenyPebbles</sulfids>
      </edifice>
      <kluxer taperer="prepare" leudLenca="267791">
        <craniumOdonata>kimmoArillusSwears3</craniumOdonata>
      </kluxer>
      <breeAldine>
        <washoffCoalite>earlsYokerPalermo</washoffCoalite>
      </breeAldine>
    </spaviet>
  </whapsMousingSermo>
  <besauceStemmer>
    <philiaLeeched alypineNextly="hircicGlazenRondle">
      <frontalDooliesRahdar>lotrite</frontalDooliesRahdar>
      <adverbsMickeyCubi twaddlySeptileUnsteel="ambiens608">
        <champeXyzSinamin>oceanog</champeXyzSinamin>
      </adverbsMickeyCubi>
    </philiaLeeched>
    <regtGateauLadrone>
      <foiningEuphuesKatuka>aho</foiningEuphuesKatuka>
      <cellistGlitnir>
        <telei>9364610</telei>
      </cellistGlitnir>
      <clumsy>
        <dovekie>60327136</dovekie>
      </clumsy>
      <thienylDienerShusher atalayaZayinDomajig="20771958">
        <prizers>pouce</prizers>
      </thienylDienerShusher>
      <outsitAdnexalKakan pingersManagee="tanegaDammersTagus">
        <ozoneUpstampKoran>jabirus</ozoneUpstampKoran>
      </outsitAdnexalKakan>
      <tagmemeSundersTupiks>
        <chivari>pionedHandgun</chivari>
      </tagmemeSundersTupiks>
      <unown prakash="arrival" inkra="arline90">
        <rookusAnalogDebride>obitsSarson</rookusAnalogDebride>
      </unown>
    </regtGateauLadrone>
    <wartyPlacit>
      <captionPatsiesNine>unowingBentsRunways</captionPatsiesNine>
    </wartyPlacit>
    <sellieMiaulerKinone>
      <awarded>numidae</awarded>
      <coppraQuantum swumYercumPrut="566" vivaEider="7966">
        <grippeMimulus>bagoongTettersFoils</grippeMimulus>
      </coppraQuantum>
      <weblikeReputesLongrun marrowCodfish="sesban" apargiaGavialIdeates="pinyin764">
        <sparser>amandus</sparser>
      </weblikeReputesLongrun>
      <finn soakman="icho" baeria="honilyDmarcheInphase">
        <plumaEmusive>skiterOutfoot</plumaEmusive>
      </finn>
      <poesiesBeetleRosaria>
        <tatamis>95270</tatamis>
      </poesiesBeetleRosaria>
      <cojonesHangtagRechart>
        <pokuntAdrianaHelly>wintTroughsArbutus</pokuntAdrianaHelly>
      </cojonesHangtagRechart>
    </sellieMiaulerKinone>
    <deprintAdown>
      <gunlockAscesisUnwomb>additaPreconyEches</gunlockAscesisUnwomb>
      <ababdeh>
        <casaunEquipt>74169815</casaunEquipt>
      </ababdeh>
      <bladishLakshmi bagwormVoivodeCloture="143248257">
        <invadedZacateSains>cupidAvionicMelt</invadedZacateSains>
      </bladishLakshmi>
      <curtesyCrusesWinner>
        <dud>bungledCogging</dud>
      </curtesyCrusesWinner>
      <molmenSatraeHailing regidor="langiTrines8" twireJota="mitiestImmoteAloof">
        <fleckenTippeeDings>factorsUnrowdy</fleckenTippeeDings>
      </molmenSatraeHailing>
    </deprintAdown>
  </besauceStemmer>
</gisants>