<?xml version="1.0"?>
<overawnIntrigoDecking>
  <quatral alifJavaneeCornuto="benting91" palls="thuliasConnu" />
  <sotBautta cribbedSurfier="cho" grapeysPaverNeocene="37108546" coulee="fordullDibutylUnlock" aphakic="dinkDecadi">
    <barkeyMenderUntumid>
      <aphoniaCanonsEncloud>152361</aphoniaCanonsEncloud>
    </barkeyMenderUntumid>
  </sotBautta>
  <payaguaVaginaeZill enveilAcyeticPorry="gyrosynChukchiSellie" suaedaStogeys="conveth" tribalExegete="mounterSubraceHemagog987" />
  <kaliph koniagaCoveDefault="glyster" tolansTrickDecided="indicesAmusesBeslime" />
  <goboneeRaced enchant="towneeAcacineCovite" scaul="sayee" gametal="churrCrusterFasti8400">
    <knout whiskBefancyAzonal="hotrod" windwayTidderUnluck="verso" azureAmunamDeaned="6">
      <tigerlyThewed>994746</tigerlyThewed>
      <royalAmsath>
        <synodsAtomSmectic>goggledHoedown</synodsAtomSmectic>
      </royalAmsath>
      <eryx wafture="larine96" vijay="240699">
        <zonurid>pinnersUndigneBechern</zonurid>
      </eryx>
      <frowzeHowsourHandset>
        <housageBoatEndogen>onychiaWaddles</housageBoatEndogen>
      </frowzeHowsourHandset>
      <aroShalluBoppist>
        <pittite>agrilusOdeumCamail69</pittite>
      </aroShalluBoppist>
      <rush>
        <panseMsourceNomine>emerods</panseMsourceNomine>
      </rush>
      <cagiestHaikwan chleuhCokyMoonlet="junkman" quashedHaslet="cireThonderRashes">
        <yogi>craters</yogi>
      </cagiestHaikwan>
      <shewers wheenSubjackStubbly="cleptCecily" fatlyPharmic="payoff">
        <biacuruLasque>tukra</biacuruLasque>
      </shewers>
      <heddlesCutlet alembic="97" accountKoeri="crocardChaletsGulph">
        <nunnifySensizeOaten>cabalasWarehouReef</nunnifySensizeOaten>
      </heddlesCutlet>
      <scuddlePoduridBourse>
        <musketo>gauming</musketo>
      </scuddlePoduridBourse>
    </knout>
    <bogansAbacotThreats lubbardPshav="tweedyGawkierTasco" pumelo="withalArugula" inopine="tythesItalian">
      <wiryPorkiesCarfare>tzetseSenoresLatexes</wiryPorkiesCarfare>
      <fumarylFreebieNeoned>
        <trochedGassing>964410</trochedGassing>
      </fumarylFreebieNeoned>
      <barking>
        <micron>flopped</micron>
      </barking>
      <repotPiaster ensear="inlyingEntrailPsetta3" extancy="3084">
        <yeat>tomcatFeelers</yeat>
      </repotPiaster>
      <mirkishNards>
        <seorita>bruzzMandapa</seorita>
      </mirkishNards>
      <andricAgelessOnmun porty="droningMuskier" zapus="neumesDates31">
        <peaches>2889</peaches>
      </andricAgelessOnmun>
      <auxesesShinerDisert emerodsHendyBrasen="resellCoppin" buda="rillyEchidnaCasqued">
        <sandyxStoureVade>dopeyDargahBrowst</sandyxStoureVade>
      </auxesesShinerDisert>
      <tacet>
        <lavantHajjiNeedn>yacked98</lavantHajjiNeedn>
      </tacet>
      <rockedUpridge>
        <outfedPorkerBiopic>manisExpect</outfedPorkerBiopic>
      </rockedUpridge>
    </bogansAbacotThreats>
    <amoraBedlamp>
      <bafyotJubusEddied>javerJaggery</bafyotJubusEddied>
    </amoraBedlamp>
    <tellsNiter>
      <miscutJoey>rejig</miscutJoey>
    </tellsNiter>
    <endoverDlvy jalouseOographMoter="315446" toadletNomineGilling="cozySackers" collineYoursel="gradual">
      <dolmenHeapsVeruta>usneaPritheeUndress466</dolmenHeapsVeruta>
    </endoverDlvy>
    <spiresRefocus>
      <gowdsRammageByways>638218700</gowdsRammageByways>
      <mawsieYattersStudia amenismNibongTiff="cyanolGlaikit" draveLigas="malates">
        <gromilMarchesBoxers>almud</gromilMarchesBoxers>
      </mawsieYattersStudia>
      <taximen cte="grovet">
        <schismMaliceHellelt>kalend17</schismMaliceHellelt>
      </taximen>
      <synodalAdiposeTarries variolaVolow="gotrajaElve98" riskierKamassi="housersVenner">
        <enheartLotor>mistingBabulPorella</enheartLotor>
      </synodalAdiposeTarries>
      <elisionReweldsIngesta>
        <savvied>918</savvied>
      </elisionReweldsIngesta>
      <blighty woadwaxDiscost="orogenyAuricle964" crannyKilleseScatty="craningPimbina860">
        <latinusRuttle>suentWiggle</latinusRuttle>
      </blighty>
    </spiresRefocus>
    <nevus>
      <sakaiPlatery>apolarGhanianSpissy</sakaiPlatery>
      <selvaOuphsParangs clareSprettyAccrual="notice" wendEarthy="644836741">
        <stows>tattingPtinoid</stows>
      </selvaOuphsParangs>
      <kahalaRectus dillingSny="agosBeswim">
        <katha>coelomsWelt</katha>
      </kahalaRectus>
      <lathie tummels="steeverProbataZonic">
        <piculsBroosCensive>blotRejournUnvalue</piculsBroosCensive>
      </lathie>
      <federal>
        <aiwainHencoteUnify>spurrey</aiwainHencoteUnify>
      </federal>
      <jingoDividerFaulx libyan="mamelonWaddled" boardyMeropeTubers="77559172">
        <negatesSoleyne>37759</negatesSoleyne>
      </jingoDividerFaulx>
      <branFeedingEnweave ericas="haloaJawboneNumbers1" scaredOorial="372993">
        <laodahRandansOddly>statute</laodahRandansOddly>
      </branFeedingEnweave>
      <resuingHud joltily="lessiveLatched" paikingResifts="70686">
        <skepBetrust>liftIntextSilyl901</skepBetrust>
      </resuingHud>
      <wielarePreveUnhive circusy="stripesInane" aquafer="ollapod">
        <gats>endsRecs504</gats>
      </wielarePreveUnhive>
      <lessest>
        <vetaSoordSylvian>abodahSandra</vetaSoordSylvian>
      </lessest>
    </nevus>
    <retryPorgies>
      <telarSkinksArace>681527</telarSkinksArace>
    </retryPorgies>
    <misdid>
      <twankle>criboYatvyagLure</twankle>
    </misdid>
    <twiddly>
      <kathaStaled>golfedHillos</kathaStaled>
      <narcosBegroan stockedSault="cerimanBigfoot89">
        <roky>googlyDepriveRate</roky>
      </narcosBegroan>
      <bromise elopesOleinsEructs="exturbHimawan">
        <outleadAxelsPollers>sternalPottery</outleadAxelsPollers>
      </bromise>
      <longbow>
        <vigaLarvaePlugged>646785192</vigaLarvaePlugged>
      </longbow>
      <orthrosWiddersBushboy bletherCheeped="burlapWissed" stompKongoniOverden="beetler2801">
        <nunship>arrieroType</nunship>
      </orthrosWiddersBushboy>
      <coochFrenaWust tarpan="unprimeExhedraDeckels" reivesMack="nesliaAerie">
        <lossierRinka>shallot</lossierRinka>
      </coochFrenaWust>
    </twiddly>
    <trismus veniteWenzelEutony="faustCitrineEloine" baculiWeiring="samsaraBonePointes">
      <miaowerPropylaScarn>bonceSolated</miaowerPropylaScarn>
      <blankyFudder guaiolSpeans="bepaperUnhad84">
        <frousy>14337</frousy>
      </blankyFudder>
      <dariusChessetZorgite>
        <lawner>iareFrumety7</lawner>
      </dariusChessetZorgite>
      <barberPobbies owt="henwareLbinitPunkt7">
        <outspy>566</outspy>
      </barberPobbies>
      <ethal boccaro="oathsChark" shalderEscheat="33">
        <alasterBabyish>mown</alasterBabyish>
      </ethal>
      <rly diesesJough="nostoc" deblockMantrap="8340559">
        <liftingTurnupUpdraft>chullo</liftingTurnupUpdraft>
      </rly>
      <salicyl>
        <somital>epulisRobust</somital>
      </salicyl>
      <rhenicEndozoa dola="incutLucid">
        <hiateOctaplaCaingua>53837677</hiateOctaplaCaingua>
      </rhenicEndozoa>
      <petasus lissKrubuts="copesHazierCarhop56" preruptWeelKhet="hag748">
        <sayid>wheeled</sayid>
      </petasus>
    </trismus>
    <warehouDagameBerstel>
      <kyanizeLollyMecate>foyaite</kyanizeLollyMecate>
    </warehouDagameBerstel>
    <accedeJoonOsmols>
      <diddiesDayton>testudoGetasWoeworn</diddiesDayton>
      <oonsCistedHotbeds putcherStafferAvocets="feudist">
        <bedarkForelAlaunt>857332735</bedarkForelAlaunt>
      </oonsCistedHotbeds>
      <ridges cavyRemarks="unlistyTorerosLivened" dronte="shiksasHankt">
        <igiturGleirBoddagh>9164</igiturGleirBoddagh>
      </ridges>
    </accedeJoonOsmols>
  </goboneeRaced>
  <posyShelve readmitChesonDrossy="ocarinaBalmier">
    <cronieLarigoSeymour>
      <troftWhipsaw>4</troftWhipsaw>
    </cronieLarigoSeymour>
    <uresisForlive>
      <maniusBeltineEmunge>theriacInfamia</maniusBeltineEmunge>
    </uresisForlive>
  </posyShelve>
  <tutusFridgesUkiyoye />
  <todayllJimjams pokiestBrith="samurai" upblowHaught="unclayLeproidLadrone" jives="ronions" />
</overawnIntrigoDecking>