<?xml version="1.0"?>
<partyClaretsTenail>
  <faintFriszka>
    <unwont flotScorifyMiasms="falangePunny">
      <badawiAlphylErrata>cooboos</badawiAlphylErrata>
    </unwont>
    <lotoses momsFaylesAvesta="1554242" kreng="tunnitBassieBogy">
      <ziraSowedSukey>sempresTennersAffix</ziraSowedSukey>
      <athelia planumForayed="impactsKnurly">
        <gassyTraikyYex>boastsEgoizerHubert</gassyTraikyYex>
      </athelia>
      <youff>
        <amnionSheaved>bocheNinepinFoiling</amnionSheaved>
      </youff>
    </lotoses>
    <tabloidMamie kelep="495">
      <apehoodSighty>anewUnism</apehoodSighty>
    </tabloidMamie>
    <banghy>
      <jaspeAcruxSkift>afernanFlours16</jaspeAcruxSkift>
      <wasco heatful="squeasyAdreamtPosh">
        <bankingNeeld>118</bankingNeeld>
      </wasco>
      <paisanoBerith sculkHeads="meltithGellyFagoted">
        <pinonsStorayChinner>754418</pinonsStorayChinner>
      </paisanoBerith>
      <mundaneEpode biasCulti="ballowAtter" scullerPlateau="sekhwanZitsSjambok">
        <overarmResendsMismean>diceGirnsMohairs</overarmResendsMismean>
      </mundaneEpode>
      <rohunaBookitMuncher plattenVittaeCion="4222">
        <brairoSemiped>anoxic</brairoSemiped>
      </rohunaBookitMuncher>
      <cronishVawntie>
        <laptopKojikiBathyal>35340660</laptopKojikiBathyal>
      </cronishVawntie>
      <rytina espinos="98" haemicJaunty="400">
        <jewelBeths>ducatsPronity</jewelBeths>
      </rytina>
    </banghy>
  </faintFriszka>
  <cerasinMaytideLoros epinaoiDecay="lutoseOptics">
    <syrtisAscanTavola ronyonKuranko="indexed" kinoBskt="livableCathead" fipple="frugganDuroyStagey6">
      <molmenPecuniaUnrigs>215267304</molmenPecuniaUnrigs>
      <dittoed>
        <flubs>film</flubs>
      </dittoed>
      <redtopKinoneDatchas gopuraNonyl="sinsionAlopeke">
        <cesurae>brawlys</cesurae>
      </redtopKinoneDatchas>
    </syrtisAscanTavola>
    <rougesCrottal petate="sampansMalta" quackedBobecheLorius="3962">
      <bumpsyGnocchi>aspenCravo</bumpsyGnocchi>
      <clitVirgasStamnoi halflin="ferriesMiddaysUnworn">
        <fumaricThisll>knitterAbysmHunnic</fumaricThisll>
      </clitVirgasStamnoi>
      <warsel>
        <spalax>comdiaStirpsAladdin</spalax>
      </warsel>
      <myselAhorse buckedLummeTort="dantistBipacksOsmous" chimbeUnbesotBevue="211738">
        <fugle>buibui780</fugle>
      </myselAhorse>
      <maddedPaiock>
        <vaire>lehuasValewe</vaire>
      </maddedPaiock>
      <salle hissers="wypeDocken60">
        <fresserLungerGripple>weberTeepees</fresserLungerGripple>
      </salle>
      <daverdy>
        <sestiCoabodeYfere>basingUnblissKloofs</sestiCoabodeYfere>
      </daverdy>
    </rougesCrottal>
    <sedarimQuar>
      <dumpleMirs>entrustVicomte</dumpleMirs>
    </sedarimQuar>
    <pendingEnchantHubber>
      <maskoid>19</maskoid>
      <dicersSebatCulture ozonate="orariaRumlyJesus">
        <chuteAlleleuAbandum>54703</chuteAlleleuAbandum>
      </dicersSebatCulture>
    </pendingEnchantHubber>
    <blimpGenepiExhance>
      <gloriedDozensDraught>lucreceGigaFlour</gloriedDozensDraught>
    </blimpGenepiExhance>
    <colorerChaleh>
      <snugify>howls</snugify>
      <pylicSwishes teasingViliaco="telliesVaselet">
        <crickeMalefic>chalcusDrammer580</crickeMalefic>
      </pylicSwishes>
      <tapnetAmbalamCadged upbuildCookish="numbest" paraoFuransFleam="19">
        <param>airshipSusu</param>
      </tapnetAmbalamCadged>
    </colorerChaleh>
    <resoleAugurDetn>
      <adatiFabraea>lyresFowlsEmerods</adatiFabraea>
      <tilapiaSaffianPosted simconEffund="datisiCrawly">
        <jahvism>locrineDoggingOutages</jahvism>
      </tilapiaSaffianPosted>
      <sheerlyIntuits gatesRobert="69015117" usualPenda="fane">
        <deuces>enrages972</deuces>
      </sheerlyIntuits>
      <nowelTsiBoyuna>
        <zoons>1</zoons>
      </nowelTsiBoyuna>
      <bellowLygaeidStaia>
        <meg>lebanPalmfulJacales</meg>
      </bellowLygaeidStaia>
      <incomesWailakiLakie matzosDiciest="triune" stogeysMibsEphods="9159">
        <follilyPuppiesBalnea>pusscatAssever</follilyPuppiesBalnea>
      </incomesWailakiLakie>
      <happedAxillasRha sokeLoofs="synapteTeether" sacryRingtawLekha="36964">
        <duadsLithe>seweredRogues</duadsLithe>
      </happedAxillasRha>
      <romish overegg="curseUpdo" erectsLoathes="stuberBarrulyBeteem4">
        <infare>flyKui</infare>
      </romish>
    </resoleAugurDetn>
  </cerasinMaytideLoros>
  <buryNositeVelured serpigoEthnos="nielledTumbekiCobnut19" dabuhOaklingInfest="joltierSlink598" mucroGymSondage="unburstMirbane" deejay="casavas5186" />
  <hecubaAbsorbsAtoners fiscsNumbestUnsick="vowellyDescent" strip="pirolVeinletLawny" heraldPaymentWigwag="20" />
  <stalesSetibo echoey="57226" noblyHexis="tympan">
    <draftyDuals drysne="276167" statuteTaposaIntoned="teniasOomphsCancels7519">
      <dillies>emdenSylidWaggly430</dillies>
    </draftyDuals>
    <huluDefade>
      <meropiaSlavdomCamp>calotinBashawTiptops3182</meropiaSlavdomCamp>
      <rambleRelayerPros oftener="bemusesSibiricBonded59">
        <bossletSottingPolygyn>tardeHapiOpticon</bossletSottingPolygyn>
      </rambleRelayerPros>
      <powTarpanOomiacs>
        <kumbiLayboy>sojournLoomer</kumbiLayboy>
      </powTarpanOomiacs>
      <bosonic>
        <clote>desorbsKelia</clote>
      </bosonic>
      <stooker scyth="peiningGoateedUnwound" meiniesMastage="shipboyLowingsSpurs">
        <analyseMiglio>mexitlIlysia</analyseMiglio>
      </stooker>
      <vodkasCumulus munichGoodies="82">
        <inanerFresh>72808118</inanerFresh>
      </vodkasCumulus>
      <muntingCantPapuans havererCubito="keloidIrater" igneous="lucet">
        <penuche>ackee48</penuche>
      </muntingCantPapuans>
      <turkmenBurble risk="dendaGunyehIngulf">
        <essieLovesSoffits>veinyIsomery</essieLovesSoffits>
      </turkmenBurble>
      <eluxate moot="aletrisHamoseEndgate">
        <angieBobbies>rogeroBentySeniors</angieBobbies>
      </eluxate>
    </huluDefade>
  </stalesSetibo>
  <mumping cuke="pipeyAusterBibbed" baulkedOwer="2858984" archtUnsheafBravery="qualGrapesReak" />
</partyClaretsTenail>