<?xml version="1.0"?>
<griotte>
  <kohuaForthFine shifty="oilmenKoldajiJuza" cepterFtnerrEscribe="cytase" glozed="rackleReaping" noh="pompoon">
    <camailsGraysbyRoached>
      <govRibbleMafura>koronaAvowing</govRibbleMafura>
    </camailsGraysbyRoached>
    <sac>
      <torsiveGamebag>58</torsiveGamebag>
      <stomas>
        <quirkedMoterEmplume>tavolaArnaut</quirkedMoterEmplume>
      </stomas>
      <pridianCeder>
        <wildcat>alannahTilts</wildcat>
      </pridianCeder>
      <rwdCalool>
        <wrothyUneye>3278585</wrothyUneye>
      </rwdCalool>
      <tasselBaignet kohlYoginisBeylics="14603" nessus="fummelFulgideGleir">
        <icily>finialRummyRetying</icily>
      </tasselBaignet>
      <restrapClews kbar="gilds9" serrano="ahuula">
        <besmoke>2618561</besmoke>
      </restrapClews>
      <maturer>
        <stalinOnanismRats>nugatorIngate</stalinOnanismRats>
      </maturer>
      <slaneRediveSmokery hackie="locrianLeanderSateen8" lithousMislest="3">
        <auntMaidensLatite>somlerMohosCassoni4</auntMaidensLatite>
      </slaneRediveSmokery>
    </sac>
    <laetiHarePigwash>
      <rasgadoWanesBracts>sangriaSkeatSpacer2</rasgadoWanesBracts>
      <shes snogHassleIthaca="femesBleeped">
        <cursesStannerIndane>scarrowLaudes</cursesStannerIndane>
      </shes>
      <buncalGallify>
        <quadraeDromedNoyades>sniffyReddPistils</quadraeDromedNoyades>
      </buncalGallify>
      <lordletAdatyExcelse>
        <rukbat>thereto</rukbat>
      </lordletAdatyExcelse>
      <flybane penner="kaimo" chiclyCotula="quashyMornBittie">
        <skereArgema>2</skereArgema>
      </flybane>
    </laetiHarePigwash>
    <monerBritonsJiggety>
      <bosk>stagionMev</bosk>
      <opianicKinema jurevisPraetor="scaleniTriteMafic">
        <legated>ubussuProngerAlgine</legated>
      </opianicKinema>
      <disbarMugho>
        <chokeys>rosetan</chokeys>
      </disbarMugho>
      <triaminPhragma>
        <thornedRocklay>kisangAgistorCalzone</thornedRocklay>
      </triaminPhragma>
      <awsharOrphizeWigged>
        <upstamp>93358462</upstamp>
      </awsharOrphizeWigged>
      <rabat dared="fallace">
        <pithingStrown>3505829</pithingStrown>
      </rabat>
      <witworm undyeOleose="exodoiDirects" skempSwarthsKoipato="idlesse">
        <itaubaSarapesGrot>panneryBaratte3518</itaubaSarapesGrot>
      </witworm>
      <molttenCellose umbonalJelliesFlare="cavernLibsOasal" rearmCopalWrong="fenders9">
        <pointedAwalimIngests>comals</pointedAwalimIngests>
      </molttenCellose>
      <stadia cessorThe="stemona" forwelkJocksFadable="samnaniIhleite">
        <metepaBurrowsFollow>triture</metepaBurrowsFollow>
      </stadia>
      <genos tchwi="alveolaDero" copulaSnarl="rilievoShrimpyTunmoot">
        <tephrasGleyde>jennies</tephrasGleyde>
      </genos>
    </monerBritonsJiggety>
    <phytomeRoundPrecoil wittomeNidingCrowtoe="widdrim" oidia="winceys8972" scratDonneRude="agrufePunilyBedews">
      <bruisesSondDissour>limu</bruisesSondDissour>
    </phytomeRoundPrecoil>
    <hazaraNoctis>
      <maraudEnols>hapuSpokesWhorl</maraudEnols>
      <calef foxlike="112" railcarAramidZamenis="conviteGlochisUnwaned">
        <mockish>46</mockish>
      </calef>
    </hazaraNoctis>
    <echardAngwich>
      <glycoseHatrailGanch>druxySpeeledMach</glycoseHatrailGanch>
      <tranceSpicyCroset medianFinmarkRazzle="alcaide79">
        <tintsAneticPuckers>begarie</tintsAneticPuckers>
      </tranceSpicyCroset>
      <meropesGravity>
        <ergon>covenEdental</ergon>
      </meropesGravity>
      <unfunny reddle="tpmLagend">
        <wrackRibibe>sabersWeaner</wrackRibibe>
      </unfunny>
      <disused>
        <chapletAlaskaUnrayed>moskerNawGirn30</chapletAlaskaUnrayed>
      </disused>
      <burlap harmful="3639001" bushwaBrev="pinged">
        <dusioLoggy>4</dusioLoggy>
      </burlap>
      <hinterDossier>
        <berneCuticleCocks>micate</berneCuticleCocks>
      </hinterDossier>
      <surview sacralsMoral="maharCasing">
        <peppilyBatatas>pausalFiremen</peppilyBatatas>
      </surview>
    </echardAngwich>
    <manufVersetLadakhi>
      <hiddelsOdellActuose>cordageTuxes845</hiddelsOdellActuose>
    </manufVersetLadakhi>
    <proplex bipont="bibbers318" droseraFurlongRazeed="47">
      <limbaRazzDivise>passageFondle5</limbaRazzDivise>
      <scaff giftedVeeries="royalmeSizzleAntship">
        <zebruleSwoonedStarers>wystyHourly</zebruleSwoonedStarers>
      </scaff>
      <piggleWhabby coelho="chee">
        <exolveQtyPreeing>deliSloshKokowai83</exolveQtyPreeing>
      </piggleWhabby>
      <botargoKlans bellboyCalebSucceed="ooflessFingal">
        <chunterBabooBest>azhaCsardas</chunterBabooBest>
      </botargoKlans>
      <hengCabujaMarilla fagotto="feh" metranReclameVincas="exodermPriapic">
        <evelyn>virific4</evelyn>
      </hengCabujaMarilla>
      <petasosPenuchiIcky craigShank="mawkyContent">
        <vesteesWarbite>daiva</vesteesWarbite>
      </petasosPenuchiIcky>
    </proplex>
    <blankit resets="clicks" hussy="elwoodRatableCliffed">
      <tensify>98</tensify>
      <quiesceForvayArboret myrtlesPachonsMeeth="fantomsKala">
        <curlsAxmaker>3951107</curlsAxmaker>
      </quiesceForvayArboret>
      <niftiesDyasTsimmes seemersZincySpeel="precule">
        <kanjiSlumpRabbler>314205</kanjiSlumpRabbler>
      </niftiesDyasTsimmes>
      <alnagePotail ortiga="30493">
        <eserineCalkingBeride>satlijkAmpule69</eserineCalkingBeride>
      </alnagePotail>
      <bookishFlashed zendosNeuraleEggcups="volcano">
        <cushats>burman</cushats>
      </bookishFlashed>
      <fluky stoush="fay" inchedCandidsNoncock="908409">
        <sacatonStram>lauraTroot</sacatonStram>
      </fluky>
      <typifyMurlock>
        <graysbyChemisDeluge>foresetUnwearyCiudad8738</graysbyChemisDeluge>
      </typifyMurlock>
    </blankit>
    <cangiaJincanNaiskoi ritualTurjiteHarpier="linsangTampons" diazineRauqueHaptens="outkeptUsward75" zelator="devours151">
      <justledAptotic>pelotaRailcar261</justledAptotic>
      <nighest pukateaGrutch="braccioWroteKnubby" masconMysian="milvusBeauneJulio">
        <mamzer>stuns7003</mamzer>
      </nighest>
      <geobios avalon="lestradOutgo" chiliLymphs="whyoStartsPhlegms">
        <zechin>benchesAcroterStoat</zechin>
      </geobios>
      <specThonderPimelic rezoned="babul">
        <rhoeoHoliday>unwieldDiapersWhaups</rhoeoHoliday>
      </specThonderPimelic>
    </cangiaJincanNaiskoi>
    <shewedBedegar abrine="karstPodzolTyphus" kanesYardful="giveth77" kraalNonsaneDhobies="makukZoist">
      <secyToroidsPacota>strewn</secyToroidsPacota>
    </shewedBedegar>
  </kohuaForthFine>
  <affrap unlavedFluster="2" penseesLooeys="phoraPlutons">
    <biniChelaScriber>
      <fease>chalmerUrnlike8</fease>
    </biniChelaScriber>
    <boycottMistico>
      <tartlyGambistBankman>493278849</tartlyGambistBankman>
      <hexineSpitkidFoils>
        <fezzanSambouk>undikedAkinMoschi2952</fezzanSambouk>
      </hexineSpitkidFoils>
    </boycottMistico>
    <sucksCoatie>
      <etamineMatha>elbertaGrotsGossep61</etamineMatha>
    </sucksCoatie>
    <augeanSmash>
      <plashes>xylia</plashes>
      <tarpeiaBereTitmice glideBalawuKenyan="daybeamShojoIraqis6" pyrroyl="63969570">
        <maimersFlumps>befools</maimersFlumps>
      </tarpeiaBereTitmice>
      <vips unpopeOlivileEarbash="matadorMerlinsGrapes">
        <eerierLube>sidemenLogroll766</eerierLube>
      </vips>
      <frisson>
        <bridled>sirsBurbolt</bridled>
      </frisson>
      <cheateeSmuglyWafted gnathoBise="credentFloodPeplus" cubhoodAdvowryPrimeur="32672289">
        <lyncidLendee>rubbeeEpigene6751</lyncidLendee>
      </cheateeSmuglyWafted>
      <tunefulBaniaCara aueto="uruisgTruest">
        <belliedBoxcar>5</belliedBoxcar>
      </tunefulBaniaCara>
    </augeanSmash>
    <askoye>
      <turtled>ebbsEachDockize5663</turtled>
      <kathak seraEmprimeBeblain="stench" drawersBodock="pals7645">
        <unshinyGripers>56</unshinyGripers>
      </kathak>
      <tawnier>
        <wardman>avernal</wardman>
      </tawnier>
      <cuneal venderBayboltGean="hybrids">
        <winkleSulking>skidiFordyGasbag3961</winkleSulking>
      </cuneal>
      <haikDarnex minicamSuffari="276" hefterLollops="ashpitRhytonDoodle">
        <stranySlatingPicrite>cresSoprani4</stranySlatingPicrite>
      </haikDarnex>
      <walshPaussidPole>
        <glazingEphete>vizslasEttled67</glazingEphete>
      </walshPaussidPole>
      <cauch kishkeInhelde="huashiIncivic">
        <deairedKiaat>castileDrawing</deairedKiaat>
      </cauch>
      <lacteanSybo tinsAngoMens="preedIncluse73">
        <unworkBedpadMiniate>gitimFugueKnolly</unworkBedpadMiniate>
      </lacteanSybo>
    </askoye>
    <exultAmoved>
      <blonder>kopecUnnoted150</blonder>
      <fuelledFloroonArcate kukangUpturnRakija="anoineAdermin" iosLightDhava="senna">
        <boasted>103041932</boasted>
      </fuelledFloroonArcate>
      <emblicBahnung femic="nichingExtbookThinned" galliumBayletCit="324501703">
        <barberyNettie>grushieFummel</barberyNettie>
      </emblicBahnung>
      <pailsAionialKabala>
        <epimersDoles>gracileEmbole</epimersDoles>
      </pailsAionialKabala>
      <eggar>
        <lynxesIodisms>ranceSorghos67</lynxesIodisms>
      </eggar>
      <dwellCuspids wrecky="taoistGigueYarrow6405">
        <tansyUnfoolBantay>salivalCantors8791</tansyUnfoolBantay>
      </dwellCuspids>
      <unttrodDoless>
        <gingham>cholaneTapises</gingham>
      </unttrodDoless>
      <perfinCupulaPenancy cachedOkehsSchloop="72755275">
        <anisalAmorReve>loxingSamenCesser</anisalAmorReve>
      </perfinCupulaPenancy>
    </exultAmoved>
    <vinodCrapped gadeanHalestHazanut="waifingAlhenaPlungy" minxishMpangweLulu="birthedOleum">
      <goto>villageKrapina</goto>
    </vinodCrapped>
    <falsismBand mobbie="75514565">
      <scarfe>stoundEugenolVerre3</scarfe>
    </falsismBand>
    <ivylike>
      <armadoCputime>28</armadoCputime>
    </ivylike>
    <pitangaMixable densifyCaperWindows="allieGravatKarats" turtanNessusAporias="brinjalWeskits">
      <feck>pujariReamersToweled</feck>
      <rageAmmos pele="bieldChabotHookman">
        <narkCampus>kaviOldersReboast93</narkCampus>
      </rageAmmos>
      <poucerSeenil enteraFencing="fusionNavaid" pepFenSucks="280234">
        <thyrsiGlobose>hastWigan</thyrsiGlobose>
      </poucerSeenil>
      <gutsy>
        <oof>titusSortedSorting</oof>
      </gutsy>
      <wawledWhipTakins nylastYelling="scarfs" talkersObsign="conches">
        <farced>515</farced>
      </wawledWhipTakins>
      <vaunt ankeeDelilahFeast="resworeLocomanPetkin" pruneOrkhon="uptrunkHidersTahiti">
        <aheap>dammedSassies30</aheap>
      </vaunt>
    </pitangaMixable>
    <puntedJunebudHamlet>
      <airtsCycliae>syconiaValines</airtsCycliae>
      <maudleTyburnFormula hagdonsPermute="perseaJehup">
        <monodon>skimpSandawe</monodon>
      </maudleTyburnFormula>
      <mushersFutwa peeingChoosy="anisic9">
        <mashru>glaived</mashru>
      </mushersFutwa>
      <unlaw stotingBrinishFerk="63021296" cageot="jowing">
        <lubric>minhagThokish</lubric>
      </unlaw>
      <keranaPuntoKat>
        <bissonTiteJig>8</bissonTiteJig>
      </keranaPuntoKat>
      <gard>
        <archfoeGypsied>10701059</archfoeGypsied>
      </gard>
      <bozoPettyYoungly>
        <sabirAivers>167089046</sabirAivers>
      </bozoPettyYoungly>
      <shinnedHobnob segolStarty="6" moaningOvercup="720437">
        <dumsolaVoiders>assacuHerby</dumsolaVoiders>
      </shinnedHobnob>
      <elbert agralAmuzeUnpin="dull" stiddyPalfry="snootySubdial">
        <satrae>475</satrae>
      </elbert>
    </puntedJunebudHamlet>
  </affrap>
</griotte>