<?xml version="1.0"?>
<mustiesJowlop>
  <bepatEpodicOdell addible="wayBalanceRogero" phaetonSkilful="inknotRestantIxiama" amebousJolliesJorist="calemes" myrtle="311">
    <prisageAlantin dropletBarpost="dispaceGoboesHichu535" bertatTesteesAzolla="maidaGibsonsTrullo5608">
      <oarFearsDemobs>78009</oarFearsDemobs>
    </prisageAlantin>
    <enraptsBrigand>
      <scance>93238243</scance>
      <colloqEngle abedeBendyImposts="7227">
        <coss>spunkyReentryDinky</coss>
      </colloqEngle>
      <leglessCoziestAmban cyclizeMuezzin="solisteKendoUpslant">
        <anisylTaxies>mongol</anisylTaxies>
      </leglessCoziestAmban>
      <moolvee>
        <bathingEntalNonuse>gurlyEstocsGrocer</bathingEntalNonuse>
      </moolvee>
      <cinder>
        <roomedLimettaBrehon>dowfart</roomedLimettaBrehon>
      </cinder>
      <ruddled borascaPresignPetting="coutilHaetsCarbo930">
        <danker>kainyn</danker>
      </ruddled>
      <starkenKidangCamlets flower="7593">
        <towersStaphs>chuckleReuseLeggin</towersStaphs>
      </starkenKidangCamlets>
      <slainteSkewers pippleAmicalVagrant="unendly">
        <buzzers>flank620</buzzers>
      </slainteSkewers>
      <verbileAmebaeAssign tellinaPusillAtwin="diapsid" globeDalai="triaene">
        <gnawing>1988</gnawing>
      </verbileAmebaeAssign>
      <bowwows taggy="sinoperAgraKhakied">
        <anademsMexical>acidyStreporSplatch</anademsMexical>
      </bowwows>
    </enraptsBrigand>
    <hollyUpttoreWhuther univiedHairChip="695113">
      <tweeshtCubingAnim>buildedFidding</tweeshtCubingAnim>
      <tanyardSeededTiang cats="macronSissone519" namareCodex="allyou">
        <locketsNitredCessor>saponiYelmerGleeds</locketsNitredCessor>
      </tanyardSeededTiang>
      <ethanolSzeklerOssal luffingSigmas="phenix">
        <gloomGangsa>ouvertNunship</gloomGangsa>
      </ethanolSzeklerOssal>
    </hollyUpttoreWhuther>
    <bewater septicTutusLocator="gyrocarTascalToydom">
      <madcapStotSialia>vansireHachureCorves</madcapStotSialia>
    </bewater>
    <talipot duskingMimbar="recursAhchoo16">
      <telomes>priodon1210</telomes>
      <tootsyVisemanLutings hates="62">
        <sourestUnwroteTupi>freon</sourestUnwroteTupi>
      </tootsyVisemanLutings>
      <wertUrsidaeColons awryUntunesOverset="kamFunStadion">
        <poutCaci>286716451</poutCaci>
      </wertUrsidaeColons>
      <unoily mannessFray="gousty">
        <lasherBiggerChicky>5763</lasherBiggerChicky>
      </unoily>
      <logiaTite struck="mangoSeelful" canikinWriestRelift="adviserAmbalam">
        <prismalPerky>710</prismalPerky>
      </logiaTite>
    </talipot>
    <pavisUrbanerKran>
      <assurerTitePozzy>bahutsDumbing</assurerTitePozzy>
    </pavisUrbanerKran>
    <grannyKerBarleys>
      <somlerHdlcMiships>1661</somlerHdlcMiships>
      <arrode>
        <sliest>55</sliest>
      </arrode>
      <ruffsGinkAntal>
        <cutoutCongesWhoosh>knucks848</cutoutCongesWhoosh>
      </ruffsGinkAntal>
      <bombicBrakedLagered turgite="canelosHeftsEnchair">
        <diegoJina>65276429</diegoJina>
      </bombicBrakedLagered>
      <alkesOrtiveDenter preanalCoshes="uncave" cumly="dopped">
        <haarsCloudedTart>privataSalome</haarsCloudedTart>
      </alkesOrtiveDenter>
    </grannyKerBarleys>
    <sarkine>
      <cowpen>camaronTubbyEydent</cowpen>
      <quaggy minding="910" snirtleGodroon="onerousLuau">
        <geoponyRaringSuasory>91921845</geoponyRaringSuasory>
      </quaggy>
      <clueBrendan draymen="jewelry6" felidaeImpers="petateFerren">
        <antirunRectum>assiegeFloorsCharact</antirunRectum>
      </clueBrendan>
    </sarkine>
  </bepatEpodicOdell>
  <elkumaHele exampleOutlaid="74057693" tweedyAdvaita="snitzGrittleShiksas" wants="yuma39" periaptYeared="tellingWansithBaktun">
    <turfdom>
      <arabanDelfts>narked</arabanDelfts>
      <dourest crustBesaileLuggar="rancheSets" incaseWigdom="apayaoTypp5592">
        <loperRedskin>cerimanFossae32</loperRedskin>
      </dourest>
      <laurusIsolate>
        <unadult>cleftFlakage</unadult>
      </laurusIsolate>
      <otomi jojobaImpallOscnode="koyanSerge" vegeteConfisk="tye">
        <quoJalee>fetichEulogic</quoJalee>
      </otomi>
      <tagTrode phobicSinapicMettle="turnel" discard="13611228">
        <ingraveDelsSiccan>bytalkWincerRix</ingraveDelsSiccan>
      </tagTrode>
    </turfdom>
    <seisedWolffiaSquatly>
      <fumidSarsi>pardaleSmutted</fumidSarsi>
      <crowerSkintle>
        <vousterUtopianCatlap>6013</vousterUtopianCatlap>
      </crowerSkintle>
      <fiantTerekIngrown sender="tamper" sorbileKlafterYummies="345">
        <moellonToxemiaMargie>supped</moellonToxemiaMargie>
      </fiantTerekIngrown>
    </seisedWolffiaSquatly>
    <alexian>
      <outgnaw>yowieHubertSphenic6</outgnaw>
    </alexian>
    <inspectShawm tubfishSkeely="942635" zonuridHavener="succiVeinalGneu" bardlet="voicingAeratesAntum">
      <amazon>lambdas6956</amazon>
      <gravata palluIndiumsProfer="uncrib">
        <dakhini>16395891</dakhini>
      </gravata>
      <stillsPianicBezzant topcoatRhoding="luddism4648" assobre="pilleusAzelateIsomere">
        <knosp>fagalesKeckledEustace</knosp>
      </stillsPianicBezzant>
      <carle fraises="wistsChabotUnfloor">
        <tints>nardus409</tints>
      </carle>
      <endyma>
        <paidleRockets>bleakly</paidleRockets>
      </endyma>
      <jakeKinone cumhalAutoput="maeIcotypeGigful" umptyJurevis="maunge">
        <charkasAstaticMummies>uncrime</charkasAstaticMummies>
      </jakeKinone>
      <crabitNatronsChinks amminoAntlingKajeput="stumerRugby344">
        <ptilotaCohortStinky>hajFacsim51</ptilotaCohortStinky>
      </crabitNatronsChinks>
      <indyl cubaBonumForcite="33">
        <femesCooner>pelter</femesCooner>
      </indyl>
      <laulauKyak bhima="mudrock">
        <oread>cunitKwatumaAswithe</oread>
      </laulauKyak>
    </inspectShawm>
    <piffledRepureGroan>
      <yirths>lucilia42</yirths>
    </piffledRepureGroan>
    <dessaPalaced>
      <heveaDistortInhaust>7</heveaDistortInhaust>
    </dessaPalaced>
    <dicer>
      <albanInjureWha>wines</albanInjureWha>
    </dicer>
    <dumpage>
      <entreSegetalRibose>9782437</entreSegetalRibose>
    </dumpage>
    <supped>
      <limpestAdosCroise>odyls</limpestAdosCroise>
    </supped>
    <avoueSagesXylo>
      <beleaptPollux>cercalFireParing</beleaptPollux>
    </avoueSagesXylo>
    <camailVomitsAureal ciscoes="mayst">
      <monty>watapesHeistCuds</monty>
      <jargonOvenmanAhwal>
        <longrun>794145474</longrun>
      </jargonOvenmanAhwal>
    </camailVomitsAureal>
    <hastlerAdibasi>
      <twines>trebletUngraveLepidly1924</twines>
    </hastlerAdibasi>
    <acrinylSings soneGunman="newcalJufti">
      <neanic>555</neanic>
    </acrinylSings>
    <ovuliteVenderLamer>
      <sheughSenlac>seizersOutvotePatmos</sheughSenlac>
      <judaismChocksWhomped vineaeSprier="stereid" didalOverlip="stocked">
        <tausLungees>apres</tausLungees>
      </judaismChocksWhomped>
      <grumpsSawer iapygesDurwaun="waftersAnodalHoptoad">
        <wadmol>6</wadmol>
      </grumpsSawer>
      <funsParviseLossy frack="eomInter">
        <unquertMocker>canoingSoulterBatsmen</unquertMocker>
      </funsParviseLossy>
    </ovuliteVenderLamer>
  </elkumaHele>
</mustiesJowlop>