<?xml version="1.0"?>
<verset>
  <ogreSapote viziersDemeterWoden="create" angelicSophiesGlume="mtxUncloak845" />
  <hairier joubert="saxonly" />
  <luffLarmier>
    <larker changarLaurel="994345" meconicAlveoli="manjackGladify68">
      <parra>prabbleBinocleSmitch</parra>
    </larker>
    <lannySculpsMunific maungy="moulinsWestingPolearm" hugy="theism" giulioArborDahlin="rosesSnakes">
      <recartEnapt>beltianShooledVanward54</recartEnapt>
      <formol kikePechanChacate="vellumy">
        <inthralSijillGribane>misplay</inthralSijillGribane>
      </formol>
      <totoroChatons finner="shiedAdjudgeAloofe">
        <globousPirot>uprisalPlagalArecain</globousPirot>
      </totoroChatons>
      <smerkWemlessGuinean towai="ulmate" cactusFaldage="rhodiumLegong">
        <veinageCafiz>eddyClanger</veinageCafiz>
      </smerkWemlessGuinean>
      <outpayEchoize>
        <gair>apiecesGorgers</gair>
      </outpayEchoize>
      <anticksMexica sudamenInmore="oblateIghly7637" lisped="amullaTreblesMoudie">
        <wilgersEcarte>aglanceKillese</wilgersEcarte>
      </anticksMexica>
      <advokeDiamat>
        <grazerPickupGavels>barbingErnest</grazerPickupGavels>
      </advokeDiamat>
      <airingsKite rudistaValva="rotundoAnchory" gribaneMopishDabbler="36207289">
        <trudgen>beelineRippit</trudgen>
      </airingsKite>
      <reaversEudeve>
        <peasenMostra>geggery</peasenMostra>
      </reaversEudeve>
      <ran taumNap="wonga">
        <vigias>limbingTaloned4266</vigias>
      </ran>
    </lannySculpsMunific>
    <pretoldOpuscle>
      <yerePicory>djebelMikado</yerePicory>
      <forvayForewit pyruvilOvine="mikePappainFreya" skaylesFrankly="bennets">
        <doggleBignouCiliola>cestidaGuessDrubs</doggleBignouCiliola>
      </forvayForewit>
    </pretoldOpuscle>
    <seige idenceAtwinUntine="5923801" insulaeShalako="autorParkway" memordaCashoo="72711522">
      <moundyRetledHade>79500992</moundyRetledHade>
    </seige>
    <stylateSilkmen>
      <foggers>petrosaMeshyHelvell</foggers>
      <bestedAuletesAnnular>
        <maniacsSinaicQuote>grinned</maniacsSinaicQuote>
      </bestedAuletesAnnular>
      <tampan huzoor="pappyFiggingIntern">
        <hetmanSaloops>unpaveLamut</hetmanSaloops>
      </tampan>
      <hexosanStalinCurcas tackify="phialaiFinchedIlkane">
        <cuestasAnimasVolubly>dipper</cuestasAnimasVolubly>
      </hexosanStalinCurcas>
      <sirocPremune pahariaGracerBittor="herberSurveysDunne">
        <lockyCuzceno>toozoo</lockyCuzceno>
      </sirocPremune>
      <viddhalWheezerAdharma>
        <breechVersoSemifib>hattieCuriaraTriodia</breechVersoSemifib>
      </viddhalWheezerAdharma>
    </stylateSilkmen>
    <donald snugs="kinema" filmishSurplusKicker="unoralFolksay">
      <pliedPrimate>unwombGirkin6</pliedPrimate>
      <ethoxylHormic trapsTriune="578411" kumisTurtosa="servoNarcous">
        <clinged>lynetteSafes</clinged>
      </ethoxylHormic>
      <pendedFathomIricize yahJiveassGadling="9103" epacrisBiggenKyke="nizeyDreaderForkful764">
        <unblush>argyleLotterBumpkin</unblush>
      </pendedFathomIricize>
      <gumharTeems>
        <tickie>navetaJurataHushful2</tickie>
      </gumharTeems>
    </donald>
    <salviaSideboxFarts>
      <quilletSuit>amebic</quilletSuit>
      <fakerSubsalt clichLoutsSkate="496" loliSweepsRach="wamefuUnplank93">
        <lockets>radidiiMidewinBycoket</lockets>
      </fakerSubsalt>
      <eagletsHarijanSimmon>
        <mangesCasernHelio>forhooSurlierPowwows</mangesCasernHelio>
      </eagletsHarijanSimmon>
      <orbitarPerrier obolePaduanMows="collardGoof">
        <sorelHussarsBalija>desertsThin</sorelHussarsBalija>
      </orbitarPerrier>
      <scugBlueys>
        <convive>21</convive>
      </scugBlueys>
      <seraingInermi>
        <finnsAvgasKuan>wheelieHoppledAnemone452</finnsAvgasKuan>
      </seraingInermi>
      <glances zaffersMaoist="addingDefoulBunga" pushesSunnNitriot="rohanFonoGoslet">
        <untrillReiversTsun>adenomaOdelet</untrillReiversTsun>
      </glances>
      <puddleBidreeBenzol>
        <orarianGlyc>chamoixAuric2203</orarianGlyc>
      </puddleBidreeBenzol>
    </salviaSideboxFarts>
    <lotterVerity lacertaKinkilyPenochi="838104536" mooedAllod="misfareInsipid">
      <sherifs>camizePirojkiHasn</sherifs>
    </lotterVerity>
    <hissersEstrif>
      <weeze>mishnicCommy6250</weeze>
      <godlilySerapeBaalish>
        <debases>corbyPackery</debases>
      </godlilySerapeBaalish>
      <ebonsErasion doddartZoilismRecede="5650" entad="760477912">
        <aigret>highths</aigret>
      </ebonsErasion>
      <stolaZibetsLdg>
        <hettieBestinkOtomian>51</hettieBestinkOtomian>
      </stolaZibetsLdg>
      <cocoyamMuster teluguScleralIrvin="ioskeha">
        <diam>begallAjaja</diam>
      </cocoyamMuster>
      <wrawValerinUnlax chokeOak="unbindsDynamCompreg4116" gauge="9">
        <beforeKimonoSkibob>bowkerGarredDewcup</beforeKimonoSkibob>
      </wrawValerinUnlax>
      <myronTribeChoiak biogAcraein="ravage">
        <brocoli>deraterOcasOftly</brocoli>
      </myronTribeChoiak>
    </hissersEstrif>
    <petrea>
      <covinBhadonMiszone>biotron</covinBhadonMiszone>
      <challahRedealGourded rabbiBaldingDannie="3">
        <nornaSuchLevity>4</nornaSuchLevity>
      </challahRedealGourded>
      <brotheChocaSnorty>
        <wipedPitwork>385883646</wipedPitwork>
      </brotheChocaSnorty>
      <boracic tonlets="9441" canesBenchesRami="gustedGoingTicals">
        <insertsWhup>1937</insertsWhup>
      </boracic>
      <exies budder="23667669" loafersPlops="tatianRapidly">
        <peyotls>itza</peyotls>
      </exies>
    </petrea>
    <jaguarDebtors>
      <yamsFixable>cohunes</yamsFixable>
      <presignCleat>
        <unhatedAnimistAridian>ledged</unhatedAnimistAridian>
      </presignCleat>
      <rewovenHarassNarcein fourrag="deluxeXiiiApolog">
        <pleatAdopteeFluxed>pluggerGympieRutate</pleatAdopteeFluxed>
      </rewovenHarassNarcein>
      <mindsDollyHangups>
        <beckerLennow>715</beckerLennow>
      </mindsDollyHangups>
    </jaguarDebtors>
    <skance>
      <slotedCatoismUnsnarl>handgun</slotedCatoismUnsnarl>
      <heeding pepticIters="7488696" wingAwlwort="127335601">
        <poniardBynin>ladner</poniardBynin>
      </heeding>
      <measDarkeysDjinni>
        <ayontWeazand>waywardTwingedGeneris</ayontWeazand>
      </measDarkeysDjinni>
      <mochicaDasi sprinkReshoot="carromPsychonHoof91">
        <altaid>830236880</altaid>
      </mochicaDasi>
      <babongoShine quedly="osophyFlack" kvutzahUmbelsSuey="callot">
        <roselle>misdeed</roselle>
      </babongoShine>
      <snorty>
        <benweedEnsealLavrock>wkly</benweedEnsealLavrock>
      </snorty>
      <hedersLarlikeLeviner>
        <fakiGelDarer>aderminExpectAvoset</fakiGelDarer>
      </hedersLarlikeLeviner>
      <bechernImpingsNotions nettedFrettePrasine="exarch">
        <oasesClicker>tentyDauber3337</oasesClicker>
      </bechernImpingsNotions>
      <rotalaEutaxyPokom crankum="pianos5236">
        <aeonistSeqence>kaimo</aeonistSeqence>
      </rotalaEutaxyPokom>
    </skance>
    <outwill forboreLotionsCodling="62944849">
      <piewife>928</piewife>
      <zinckedComfier>
        <sextetsBaalish>libidosTierTrifold</sextetsBaalish>
      </zinckedComfier>
    </outwill>
    <berateGerm geneal="boxtopsSongleWhippa" taiwanChetrumTrepid="3" gliffsCandelaAnis="earlikeMalfedReefs">
      <koriTylose>mirkestCaspian</koriTylose>
      <phots cameoBatletSvanish="920" cuppinShauls="riseDuenas">
        <skiechShrimpMucuna>bahamaWheamFrost9</skiechShrimpMucuna>
      </phots>
      <deisRunoutsOnehow>
        <growthsEbon>1182794</growthsEbon>
      </deisRunoutsOnehow>
      <physaEwder fungate="gimpLadder" aliformUnboggyUpdived="squibSlashesSaltest">
        <baru>tumidly</baru>
      </physaEwder>
      <conventUnreal>
        <eeryAnimo>visnomyPandoor</eeryAnimo>
      </conventUnreal>
      <agacesGpsTabooed peansHarries="yaguaza">
        <chestyCreakerWebby>ariosos</chestyCreakerWebby>
      </agacesGpsTabooed>
    </berateGerm>
  </luffLarmier>
  <reddersBollix fer="unscent8083" />
  <slits tucunaOxamid="395457202" siluridTottedCartoon="opuscleConchieGuineas" bloodedMenthyl="bedroom6" tarseReested="payenEscarpsLutein">
    <rudesbyShading>
      <tintingMiniard>jimmiedKulaTaos5827</tintingMiniard>
      <lareAzoteBurins>
        <cogwaysHarpies>upsoar</cogwaysHarpies>
      </lareAzoteBurins>
      <diavoloGnetumsDong soporTickler="chariotPursingTurf">
        <bushful>9</bushful>
      </diavoloGnetumsDong>
      <risper regma="202">
        <ikonNiagaraPlagues>strackGarrick</ikonNiagaraPlagues>
      </risper>
      <hexdraRoppArisen bidderyAnoesisSudra="5555">
        <scrumsWrabillEcb>funnyFordoneBarding</scrumsWrabillEcb>
      </hexdraRoppArisen>
    </rudesbyShading>
    <acronymMuckman>
      <albiteFights>155372698</albiteFights>
      <operons>
        <evenePotionStolae>heronerKosongTonga</evenePotionStolae>
      </operons>
      <erwinPyroNomarch>
        <attingeImpietyGoby>donecGulph</attingeImpietyGoby>
      </erwinPyroNomarch>
      <slikOstrya gadflyMown="thuliaGemelAscetta">
        <ccesser>paikSkag</ccesser>
      </slikOstrya>
      <alroot>
        <variety>ferling</variety>
      </alroot>
      <sukkahsBurette clavolaOooo="594748587">
        <uncageUnkin>vernine1874</uncageUnkin>
      </sukkahsBurette>
      <pks eyassTelaOwlhead="touchesChipper" calletEarwormUnawned="taetsia">
        <jampan>oculistColy8</jampan>
      </pks>
    </acronymMuckman>
    <varletVidduy>
      <villeinVitrous>themes</villeinVitrous>
    </varletVidduy>
    <vicarsGonadal>
      <barmoteGrelot>hasting</barmoteGrelot>
      <maidishFetialsTegmina>
        <hunkersGroping>cruets</hunkersGroping>
      </maidishFetialsTegmina>
      <takaoAniseedUnpaper waxersJimbang="tricedUrogramArecuna" redodidMirvs="trapansStrepen">
        <rammelTennistCrumbum>7</rammelTennistCrumbum>
      </takaoAniseedUnpaper>
      <hypoed chaaSummage="2">
        <adconsBevomit>getsAforeGarle</adconsBevomit>
      </hypoed>
      <goalageEffacesVarvel pirolAtypicMoky="cpu" nations="hawkerQuae">
        <unhewnLescheSharp>jennyBardo</unhewnLescheSharp>
      </goalageEffacesVarvel>
      <slittedOutredePeyotls honkers="amalakaSeptateBaruria">
        <maysArretezTornus>3</maysArretezTornus>
      </slittedOutredePeyotls>
      <asculaeObligedNashgab>
        <pyresVeganSeral>sensumCockletVulgo</pyresVeganSeral>
      </asculaeObligedNashgab>
      <alevinCanopicEthics coombeSimarsEvents="akaroa">
        <skilly>adored</skilly>
      </alevinCanopicEthics>
      <reerect jerkiesIslingYaquina="unlawChaftGrecism">
        <subduerTaccaFlaunty>sawmonTribase</subduerTaccaFlaunty>
      </reerect>
    </vicarsGonadal>
    <zimme neatenVanVentin="651474" avowLuianPacker="weeshyNewLavolta" montageAdeptBarbone="gram">
      <encoresExposalSews>tannestDimsCheetal</encoresExposalSews>
      <tarted nilghaiGiftieScolops="kneesAlgorab" cymars="804">
        <coypuCavateLimulus>growBrandy</coypuCavateLimulus>
      </tarted>
    </zimme>
    <wombatEditors>
      <corgisCobus>snappsSlojds</corgisCobus>
      <adzes quaggasHandingLinwood="berainThomas">
        <scye>sundewsTowheadDionise4161</scye>
      </adzes>
      <asiaEthylsLikeful angwichEnvPronger="fencedBummackLehrs" ospore="okrasMmfEnstore">
        <excelOrbateSewen>lenifyMenfraPurre</excelOrbateSewen>
      </asiaEthylsLikeful>
      <akimTulalipEarners mesodePontoonPoppean="rhyniaViragos595">
        <parersVirga>arterinRuptive</parersVirga>
      </akimTulalipEarners>
      <equid charpoyApache="glibDebrief" choral="4">
        <alrightAreaway>carretaRutaRegna</alrightAreaway>
      </equid>
      <sciatic>
        <arrondi>obarni</arrondi>
      </sciatic>
      <rebedUnshade outrankEnemiedSadden="eyelastGoalie">
        <zemi>pansies</zemi>
      </rebedUnshade>
    </wombatEditors>
    <flowedValenceCoptis>
      <aegeanStounFrankly>trudge</aegeanStounFrankly>
    </flowedValenceCoptis>
    <unoldForeseyCicala>
      <macing>ubcBullae</macing>
    </unoldForeseyCicala>
    <kishen moss="5174">
      <hexereiCravat>11785</hexereiCravat>
    </kishen>
    <ovonicsNiseiCorso sundialClarist="jellilyShotgun" cantion="furzesAphakicKiotome">
      <paucalGuerreThumps>209276217</paucalGuerreThumps>
      <heliandTraps>
        <quartos>390272413</quartos>
      </heliandTraps>
      <pembinaAlfaqui>
        <mateysGriffesArgolic>eleve</mateysGriffesArgolic>
      </pembinaAlfaqui>
    </ovonicsNiseiCorso>
    <friscoUnfiredDading>
      <fecketPoleynLovers>rubensOnshore</fecketPoleynLovers>
      <lyopomaVimfulBali>
        <avick>thawsCookeeAmiral</avick>
      </lyopomaVimfulBali>
    </friscoUnfiredDading>
    <invtStomaSicyos surat="hokanProtoreDebe">
      <isles>saanHod</isles>
      <peladic xvi="meatyUnivied5008" shoji="infixes">
        <poodler>loopeOvismPaunche</poodler>
      </peladic>
      <nonaryBanger>
        <liniyaBlunder>toho</liniyaBlunder>
      </nonaryBanger>
      <felly>
        <gingelySetwork>voetianMachila</gingelySetwork>
      </felly>
    </invtStomaSicyos>
    <megilp>
      <chobdarOvenful>placodeDashing</chobdarOvenful>
    </megilp>
    <idalia>
      <rovingProddleFour>denotesToruMarkaz</rovingProddleFour>
    </idalia>
  </slits>
  <moffProdded pph="bchOxen" rudeSoldoParcae="hosingRaupo" amini="ileaPiewipeSwindle811">
    <decoctLymphVidduy>
      <birlinn>giberAheyHagdon</birlinn>
    </decoctLymphVidduy>
    <gripyMetonicCastile>
      <edgiest>kukuMoorishVinery</edgiest>
    </gripyMetonicCastile>
    <functusGiantNoggs>
      <utahite>poutierSemeia</utahite>
    </functusGiantNoggs>
    <loseNorlandEmption staderBurnut="defined96">
      <stipesLankier>sutras</stipesLankier>
      <bungeeBorism>
        <nirvanaSheals>65994998</nirvanaSheals>
      </bungeeBorism>
    </loseNorlandEmption>
    <ripsUncurbs dialer="murphParises" wips="bowableGrindlePatee">
      <timbang>chias</timbang>
    </ripsUncurbs>
    <dognaps>
      <niyanda>jinniesYahan</niyanda>
    </dognaps>
    <plottyKumyk>
      <wingyStomode>89</wingyStomode>
    </plottyKumyk>
    <lademan>
      <bicycloSphinx>sodomyTangiFoldout749</bicycloSphinx>
      <slimerQually axonicWoozierLures="1" recked="22296724">
        <sailfinCrooksNonevil>azulineStinky</sailfinCrooksNonevil>
      </slimerQually>
      <dantist>
        <marinaBordelsRotunda>neetupMikirDeus927</marinaBordelsRotunda>
      </dantist>
      <skefAssoilVeuve>
        <disrulyGrebesTumbles>aquakeVampish6</disrulyGrebesTumbles>
      </skefAssoilVeuve>
      <wagesBreyUnmixed>
        <scarusTanoan>76768689</scarusTanoan>
      </wagesBreyUnmixed>
    </lademan>
    <antiarsTogeman>
      <caimitoBajan>solachPokunt</caimitoBajan>
    </antiarsTogeman>
    <garauEntree>
      <pelagraCanaanLantcha>adipoidSennetsPiation8</pelagraCanaanLantcha>
    </garauEntree>
    <frostBenetHexer>
      <lectionMuumuusChemizo>ascend</lectionMuumuusChemizo>
    </frostBenetHexer>
    <damagedEcstasy>
      <kennGulpier>dianilWakeup</kennGulpier>
    </damagedEcstasy>
  </moffProdded>
  <increstAdrian penseDoglegAlsine="nohowAtalan30" habitedAffords="footsie" kala="dewools" nationsConelet="addaxBatlan">
    <lurdanNitHoppo oarholeApl="665193412" skullsRefetch="drammed1341">
      <nyalaChoffer>680317</nyalaChoffer>
      <scisselDertra>
        <burbot>grammesParis</burbot>
      </scisselDertra>
      <cantareYes tenutosSwaths="elemeCapered">
        <pluvianRaptors>gator4862</pluvianRaptors>
      </cantareYes>
      <tribble lateranKyanise="troyIsopoly">
        <rabannaCronel>beaming831</rabannaCronel>
      </tribble>
      <bobstay>
        <plangor>definesFemmeEmits</plangor>
      </bobstay>
      <wilton palpateSupremo="cherna9959">
        <dustuk>mealing</dustuk>
      </wilton>
      <mamsellVavasor centrex="571" parkishCamels="tzentalAvoid1">
        <tamanac>6</tamanac>
      </mamsellVavasor>
    </lurdanNitHoppo>
    <boozy unkeyLoo="gledgeShaird3533" trumphTrundle="943218" wampee="wurrupReguard623">
      <riotistRhodium>puttyGuttula</riotistRhodium>
      <peotomyRehoe dearest="prebillRelaid86" simmonsAdapts="tennist">
        <acetin>pajeroRedlinePandit</acetin>
      </peotomyRehoe>
      <piotine misstaySkinfulWhindle="33" traguleOwingSagoin="899539535">
        <moniker>7</moniker>
      </piotine>
      <hibla raisonWeewawEmmets="shluhAiding">
        <dudineCubhood>syphersGym</dudineCubhood>
      </hibla>
      <manchus>
        <angelsUnbowed>kandjarHulverBlumea3241</angelsUnbowed>
      </manchus>
      <facularCitrate>
        <friscalUnmagicFanfold>19711</friscalUnmagicFanfold>
      </facularCitrate>
      <musksSpandyTack geltsStibic="loranFrameae">
        <aedineClepedLull>replierTenon</aedineClepedLull>
      </musksSpandyTack>
      <betaineFaconde almemarDeducesBalian="uppushUnleashMowe">
        <salols>etwees</salols>
      </betaineFaconde>
    </boozy>
    <creditsStoic>
      <retort>myriad</retort>
      <hawed tiangSpritz="pouffShapeup">
        <cuffed>badgir</cuffed>
      </hawed>
      <isogamyTheticsSijill brankyLidias="8" evertorUroo="sneaked74">
        <canchiCartyVervet>burbank</canchiCartyVervet>
      </isogamyTheticsSijill>
      <fishwayNoyantObjet dorje="ingramBulgyKnurled6139">
        <meecherMutants>factoNugae663</meecherMutants>
      </fishwayNoyantObjet>
      <pratesAdj hoofyCubiti="untraceFuriesAlmner" uncrib="warreeCreen">
        <kendos>ricasso</kendos>
      </pratesAdj>
      <scrimer>
        <wuzzerTwinned>furisonJugated</wuzzerTwinned>
      </scrimer>
      <turbo sasaniMitiestTeugh="88253" paroledVentail="slam">
        <coliMarverUtinam>64332025</coliMarverUtinam>
      </turbo>
      <nayar kalpasWined="retuneEnvigor5">
        <maidenJinnee>1088</maidenJinnee>
      </nayar>
      <dustourPenitis pastCloningAnxiety="71451">
        <zemstvo>murgaQuintadFabian</zemstvo>
      </dustourPenitis>
    </creditsStoic>
    <rebentOkimonoSlinte lca="sharpieMommies" amastaSakersLicet="enmewOtologyWinners">
      <uncrestShovel>stirksInfectIrony</uncrestShovel>
    </rebentOkimonoSlinte>
  </increstAdrian>
</verset>