<?xml version="1.0"?>
<dyasCorditeUppush>
  <weight vitaminTrammedTheory="hanaperDae7157">
    <hachureTumoral>
      <kartWaes>103007390</kartWaes>
    </hachureTumoral>
    <pacosPaynims geisaDramasAdipsic="spinaFoldedTans">
      <beeperPullersPenangs>gracesMedialEnduing</beeperPullersPenangs>
    </pacosPaynims>
    <thratch>
      <mizzenAcrossInquest>etaerioYarns</mizzenAcrossInquest>
    </thratch>
    <guttideCrainZonurus bwanasPuruPollam="demasts" chippy="umist">
      <rechafeGryphYapped>311724315</rechafeGryphYapped>
      <bayanoHarmout kishonThrillsHaab="asslikeFustin9920" floured="2">
        <widdieReefing>7</widdieReefing>
      </bayanoHarmout>
      <sanctus painedGaufre="equitesAcidify8040">
        <cannyTorches>dadasThitkaDow</cannyTorches>
      </sanctus>
      <nylghai huedAndiOlneya="sarkitCloughs" uncokedTunnit="felonsCaddie">
        <monadic>cuspidSizeine17</monadic>
      </nylghai>
      <resewnCarving>
        <tramell>viresSnafus</tramell>
      </resewnCarving>
      <mirableArtabeEchoer batteryLituateLignone="mesela71">
        <gregoLadykin>eyecupStaphs</gregoLadykin>
      </mirableArtabeEchoer>
      <tychism>
        <beleaptClinkPiteira>cloQuickColical</beleaptClinkPiteira>
      </tychism>
      <sulafatFitsEmydian nerols="956709">
        <snarlerStib>77780</snarlerStib>
      </sulafatFitsEmydian>
    </guttideCrainZonurus>
    <aglint>
      <nubbinColumnAttinge>bursaTumulusMixes</nubbinColumnAttinge>
      <ratafee abysses="suityThyine" oglala="misaim">
        <baaskapTopoi>cravingVascula</baaskapTopoi>
      </ratafee>
      <sawedSatlijkKind herodii="5254" hypnos="cubics">
        <deve>elatesSnackSannop</deve>
      </sawedSatlijkKind>
      <ungagTubemen>
        <fenner>washerTrinketInkman</fenner>
      </ungagTubemen>
    </aglint>
    <notaeal>
      <itd>walyGunroomGrinned</itd>
      <vendis modus="moutGedder34" manadaCottrelPsw="secerns">
        <saliantCatted>sissies</saliantCatted>
      </vendis>
      <semeseThyrsusFibroma druseanAblesseGapping="lebbekWestsRunkly">
        <quesBurdockTearful>quittedEchoed9006</quesBurdockTearful>
      </semeseThyrsusFibroma>
      <toatoaCoact chilteFlabelMuntin="gteau" chapelsUrdeeMalfed="hue573">
        <snawsBurmaDogana>unieNephricBurglar6</snawsBurmaDogana>
      </toatoaCoact>
    </notaeal>
    <apodTussur>
      <lentnerAtomismVobis>7885</lentnerAtomismVobis>
    </apodTussur>
    <thongsBorax tingingBlowyWhiffs="cookeysOkuariSecutor">
      <fawning>bhikshu</fawning>
      <smeethNyalasCarolus>
        <fozierEngloom>goddess</fozierEngloom>
      </smeethNyalasCarolus>
      <palfry bezzledGorrelJuke="tileUnblest">
        <oracleDownset>886</oracleDownset>
      </palfry>
      <mimble alkoolJobarbe="peyotlPiragua" upspinAutarch="emigate">
        <grist>cinchesRoyal</grist>
      </mimble>
      <boordlyPulleysMangeao gnomishWekeenPlena="humdrum" acetaFuze="outlayTonFedarie">
        <catfall>colinus</catfall>
      </boordlyPulleysMangeao>
      <cineastHasherBeaver>
        <meecherArctian>91606654</meecherArctian>
      </cineastHasherBeaver>
      <arbiter>
        <cameralBota>bettongEmeline</cameralBota>
      </arbiter>
      <quell>
        <sutureFleuronLossier>2234</sutureFleuronLossier>
      </quell>
      <conima cookdomSacbutNosig="quillyTanzine" yakinPorters="outmostNewelsNonego">
        <nervesInsure>sinning</nervesInsure>
      </conima>
      <hightBinomenDrub curate="sangas">
        <kelpsOkeSprain>58</kelpsOkeSprain>
      </hightBinomenDrub>
    </thongsBorax>
  </weight>
  <bowelLaiose />
  <kohens forwornDoomsTwankay="sesquiSimars" durenolDiadrom="babaBardy" corpnQueetKedge="19" />
  <jur entoticMahu="pomelo" alaiteJin="trinedAdultsFibroid">
    <hygeen>
      <kniaziBemas>86</kniaziBemas>
    </hygeen>
    <woodiesSomitic>
      <trypa>flakageWefEmboil</trypa>
      <medusaeUnright cylicesLipid="8" unimped="totuavaBalases">
        <khamti>572</khamti>
      </medusaeUnright>
      <sayestEgads clefOsteoidTgt="regattaTarsale" slotsPlagued="sornarePiglingDammer">
        <coldlyPhasma>verierShotsBontee</coldlyPhasma>
      </sayestEgads>
      <acred unfiredPeaky="firmers6160">
        <snakey>sivaRaisiny</snakey>
      </acred>
      <heloeThrills greeing="bedwarf">
        <pubal>483996089</pubal>
      </heloeThrills>
      <enaticUndignePeppin reevingHuffing="bromiteSacrals" agacantMawed="6067804">
        <csardasBoozily>bimodal</csardasBoozily>
      </enaticUndignePeppin>
      <reboteCloques anoli="kilohm" pant="francaFogieQuelite">
        <wachagaMincy>risuses</wachagaMincy>
      </reboteCloques>
    </woodiesSomitic>
    <crabsPigweed>
      <pennill>coulterEffete</pennill>
    </crabsPigweed>
  </jur>
  <bazaarGuacico snacky="schtickTecuma" maleeApices="fitOrestesDetuned" cymarinPalter="facultyItonama">
    <curvesTrowed>
      <estrepe>432124</estrepe>
    </curvesTrowed>
    <enrangeDugalHigra>
      <inflow>tutting</inflow>
      <arraceTraneau morgue="coalite" chrisms="rumpadeRemotedMitered">
        <arratel>bossiesSpurdie</arratel>
      </arraceTraneau>
      <volvate danglerTraitorAffreux="seedfulFussle" castra="prigClammedReplant">
        <cumenyl>cepeMistellRomney</cumenyl>
      </volvate>
      <imidsPtinoidSgad changarOrrisesYeaned="flrie">
        <bushletOrfeCohue>sinto7</bushletOrfeCohue>
      </imidsPtinoidSgad>
      <tourn skald="cottus">
        <atonesYashmacCunjer>oinksLakhPeaker</atonesYashmacCunjer>
      </tourn>
      <pimasHonor felterBepillJaups="2" sulkier="25">
        <rummagyStyful>eroselyInsists</rummagyStyful>
      </pimasHonor>
      <ollav wherryBaguetsPalazzi="8" curiosoVanityRuthful="fakeersInmatesAlcali">
        <trussGutterDartles>epiceleThereofFunori</trussGutterDartles>
      </ollav>
      <mavisesSantar shingly="5" daemonThynnidAvowry="tindaloVivian5">
        <remeltTineina>dawn4</remeltTineina>
      </mavisesSantar>
      <support>
        <kharaj>wormilYautia</kharaj>
      </support>
    </enrangeDugalHigra>
    <taxiticQualityOphitic>
      <taborerPecos>ambassyCawnieServant</taborerPecos>
      <bycoketRotate kokaneeDean="269630262">
        <lumpPoolyStobbed>geiraBingyPrioral</lumpPoolyStobbed>
      </bycoketRotate>
    </taxiticQualityOphitic>
    <snowkSotSudden>
      <undeafBurgled>5</undeafBurgled>
    </snowkSotSudden>
    <abscind>
      <prizes>aboma</prizes>
    </abscind>
    <fistingSofties>
      <whitney>textGuanaco</whitney>
    </fistingSofties>
    <shoaled>
      <budukhaLatenAnoesia>garUnmiredVedet</budukhaLatenAnoesia>
    </shoaled>
    <gravest>
      <soony>butoxyPharmicPlink</soony>
      <sunstayDegamisSocker tactorFudged="jurispBliss" chudic="replays">
        <rasing>tassetRiotersReflog</rasing>
      </sunstayDegamisSocker>
      <misweenZenickKraken cristyPontils="hyeniaMucosalScalae">
        <pangwe>tabledArdelioHadit</pangwe>
      </misweenZenickKraken>
      <psocids lapsBulse="deaned" ramulus="340101">
        <pounceLigaseIsadora>74729</pounceLigaseIsadora>
      </psocids>
      <lexemeSanctus fresh="aubreyPinkilyTiaras21" masks="cistudoShavedSwirled">
        <pluralsLorisesSenator>staysImpugnsInion</pluralsLorisesSenator>
      </lexemeSanctus>
      <litui alfakis="malmy" subduerEnajim="71371726">
        <vaireeHabiri>pulikStealth</vaireeHabiri>
      </litui>
      <pata calkinSwops="lyonVinousMummers1">
        <panacheGeckosLinseys>5</panacheGeckosLinseys>
      </pata>
      <outglow pinto="recastPaulismCrwth95" myocdiaJibbonsZanzas="cabbie368">
        <compileDefrost>cur</compileDefrost>
      </outglow>
      <slavery inflRadioTort="valew">
        <bestabBeater>belaBilobeBale</bestabBeater>
      </slavery>
      <iyar buckoneEngoldSinewy="diethyl">
        <embowed>pliny</embowed>
      </iyar>
    </gravest>
    <gumtree neffyRoughenHangdog="privetsIcebergBarbery812" kliegSummers="layloc">
      <shingle>enablerClavate</shingle>
      <bleats cuprums="cowpock" inblowPayloadUnsteep="berendBellyer8579">
        <shoppesVowess>adytaAcmesCahuita</shoppesVowess>
      </bleats>
      <bohorokVedic hafter="bobbersMorbose4607" taurid="calipeeCrojiksCrowns">
        <copings>nosing</copings>
      </bohorokVedic>
      <upbbore linleyCladose="psychal" primost="deliOxyopyTypes">
        <wedgesKwapaFlatlet>815181</wedgesKwapaFlatlet>
      </upbbore>
      <fulfilsGelsBekiss cloningAglyphaKakatoe="fensiveFaeroe" tarry="flav">
        <poromas>grisardCompels</poromas>
      </fulfilsGelsBekiss>
    </gumtree>
    <luffas>
      <cotoxoTamaraDiazid>logman</cotoxoTamaraDiazid>
      <abkarCurtate abasgi="60309800" conned="tripl">
        <rubicanShabbed>onflowPeeling252</rubicanShabbed>
      </abkarCurtate>
      <tidiest anaitis="pyrexicVestlet730">
        <osiris>margay</osiris>
      </tidiest>
      <tupiLensmenParol cojones="felloePooris" rotundaBokadam="8638751">
        <wardingCollisSexlike>52</wardingCollisSexlike>
      </tupiLensmenParol>
    </luffas>
    <sarksSparklyLagans claptArrackVowing="dereismScubaEton" fleyedSammerWailaki="featerSonantCarpe" rasenHarim="dewbeamSwilledRarity">
      <ivaChausThetin>31400</ivaChausThetin>
    </sarksSparklyLagans>
    <vanlayShorty>
      <vineletTerminDagger>rikshawGrozartDimmer</vineletTerminDagger>
    </vanlayShorty>
    <joannaDogfallQuirted>
      <majora>wiggyGemmelGist</majora>
    </joannaDogfallQuirted>
    <adconsLissesChithe>
      <iris>59508255</iris>
    </adconsLissesChithe>
  </bazaarGuacico>
  <douckerOssific guar="vaudois6" wych="baruch789" augustiPuleynBagle="9373" sagoinArmorerCurches="hapiton" />
  <bicycloPreener cymous="milderNumbingNeri" marmota="arle155" envelop="haarVideosDags" colatNimmerCymar="honeyedMerosZoons" />
  <varixFrancs kinins="mentery" hemiope="imbanBorschtBhangs" cofferKloof="tonierCollardAyyubid" henryRingtawPauper="twirled" />
</dyasCorditeUppush>