<?xml version="1.0"?>
<nakir>
  <inspeakBoxlikeOxphony />
  <phytome ticticWorkoutSailers="4406232" adactylMammets="candors" apium="culmen935">
    <saintedAbreactBurgul subaquaStythe="1840" buhlRheebokTalthib="montreKarateBinocs46" fidelis="hosedCassinaGuserid">
      <tean>lunnMiracFurls</tean>
    </saintedAbreactBurgul>
    <duomoTukePumices domains="tenezLessee" maddensLvalue="rameousPredateBonfire572">
      <terbicPlotted>screakGaults</terbicPlotted>
    </duomoTukePumices>
    <amicron>
      <saverDuelersSerting>odesSongish</saverDuelersSerting>
      <sahmeUngaite trib="dabbles">
        <cicadPaniersSkirled>podiumsGreenthParrel</cicadPaniersSkirled>
      </sahmeUngaite>
      <tankkaLinusDecarch>
        <ezra>888</ezra>
      </tankkaLinusDecarch>
      <moniasGravid misbrewAubinNotaeal="onanGauss1773">
        <versifyPanimeExedent>neet</versifyPanimeExedent>
      </moniasGravid>
      <shiksesCarnet addends="peonsGarance">
        <pewsKiller>barche</pewsKiller>
      </shiksesCarnet>
    </amicron>
    <yamalkaAssists scenaBefilthDeify="linns" eimerParentMounts="dkgTossesArte">
      <inkpots>chab</inkpots>
    </yamalkaAssists>
  </phytome>
  <gorceNearerCribble bensheeRhumba="319655145" gedunkBingle="foilThank" matheSorb="gooralsBrasenParsee539" />
  <onliestCytitisWasat>
    <birdersMattinsStaree>
      <conn>ratingMullock</conn>
    </birdersMattinsStaree>
    <gaussVoidee capless="4827988" pleatQuartan="techilyClons264" reflyBelfastKaolins="sextosStand3">
      <leapingChronosTorah>camelid</leapingChronosTorah>
    </gaussVoidee>
    <sjaakSclaffs cassis="fannier3865" ribbon="geneseeDiamido">
      <traumasVinerTween>radulae426</traumasVinerTween>
    </sjaakSclaffs>
    <duotone>
      <marasCaroome>cropper</marasCaroome>
    </duotone>
    <debellVenaticHushel>
      <indicia>912010</indicia>
    </debellVenaticHushel>
    <caribPobedy>
      <alanineCircOdinic>expleesPewy</alanineCircOdinic>
    </caribPobedy>
    <civeBughead palourMelonHayrack="shairnBefogsShor">
      <beweepKnosps>smitDilker</beweepKnosps>
    </civeBughead>
    <collinsUngear expoundNymphet="334197" pasiDeadestAstound="950782" faintZaires="clueHaysRondo">
      <inglutBethels>beetPenmanStippen</inglutBethels>
    </collinsUngear>
    <shruff angelimLagoonsGuesses="kneeingJondla6788" davenedTawer="reruns">
      <adenylsHumbles>kopisMonierSar</adenylsHumbles>
    </shruff>
    <uplaidCondoleJaded tegular="arace" cell="581">
      <poodsRappingFeeded>952</poodsRappingFeeded>
    </uplaidCondoleJaded>
    <myxaAckmanSides kerry="748" backageDeliskCycl="hashabiTroakedKlooch">
      <ferren>ditch3774</ferren>
    </myxaAckmanSides>
    <zongora arrange="netter">
      <prudelyNabaloiUnread>lithicSieurPgntt</prudelyNabaloiUnread>
      <pinkeysVaguely laddishAlinedTacks="oofbirdFilicinLimner">
        <gadfly>roomilyPearceToran</gadfly>
      </pinkeysVaguely>
      <flingyFeued>
        <nomadsHugsome>661352</nomadsHugsome>
      </flingyFeued>
      <herneRepute gargetyPahariFacete="bourgs">
        <toleBasosGoggly>lour</toleBasosGoggly>
      </herneRepute>
      <rouensRosularOmphali posits="merlionDorsumBrazee" arseCulices="fearingLupid">
        <gouramiSofar>dibbed</gouramiSofar>
      </rouensRosularOmphali>
      <scouseClaque>
        <sluggedImogenRudas>pragueScrag</sluggedImogenRudas>
      </scouseClaque>
    </zongora>
    <cantonsVerismoPothook>
      <faintlyRevives>99418</faintlyRevives>
    </cantonsVerismoPothook>
    <dodgilyLycid copyism="30411096">
      <bancha>mootingTynedAbided</bancha>
      <dlrWhelmed>
        <pipperKetones>estallHilborn</pipperKetones>
      </dlrWhelmed>
    </dodgilyLycid>
  </onliestCytitisWasat>
</nakir>