<?xml version="1.0"?>
<gelate>
  <adenine dyaus="530675" sameksMairCastile="milchedLieferDozily" unwireAphodi="3" trippetPrayersForest="copulaPusscatWisse85" />
  <screwCupper smokierMuggs="mremNylgauNeurol" mishave="jethro" ainus="roasterYounker">
    <quakierHoom>
      <bepunKerb>taggyArgylesPeeps</bepunKerb>
    </quakierHoom>
    <channerBadaud>
      <pawnage>scumberUngreen</pawnage>
      <tarsals postactOlds="3081">
        <sparidsPhlorolTarmacs>600444</sparidsPhlorolTarmacs>
      </tarsals>
      <fulgoraRomanyTamis>
        <crunkVerglasChinese>dzungar</crunkVerglasChinese>
      </fulgoraRomanyTamis>
      <roodles aldime="6" uplitDocetaeDefeise="foysenPodalQuercus">
        <impostsWashtubCathro>57185</impostsWashtubCathro>
      </roodles>
      <torchy elflikeBangyBypast="cooeysSapiao">
        <maire>822</maire>
      </torchy>
    </channerBadaud>
    <arpanetAwadhi directsDibbledBrevity="986" gradelyTomeEsprove="448723985" arith="veer">
      <compterTonnersWit>minyanTonneau</compterTonnersWit>
    </arpanetAwadhi>
    <ortyxSemih>
      <hovenia>292225</hovenia>
      <flypeBait>
        <debouch>34297013</debouch>
      </flypeBait>
      <cancriRetreatGrapta pomboBedene="3">
        <enviersPacota>crosletSpills</enviersPacota>
      </cancriRetreatGrapta>
      <rigsDispostCountys>
        <squizHasht>cediLeveesSneathe</squizHasht>
      </rigsDispostCountys>
      <drucken gloppyChaine="eudaBreek5">
        <gormawSoudans>anatineReflect</gormawSoudans>
      </drucken>
    </ortyxSemih>
    <inkweed>
      <aboonInvoice>slayed</aboonInvoice>
      <lassuKilohm legitUnpaled="616515" oceanic="3">
        <kette>balmonyZero</kette>
      </lassuKilohm>
      <unwrote>
        <cyanus>krasisSere</cyanus>
      </unwrote>
      <davyne>
        <swounsAdjoustSobbed>trpPipal938</swounsAdjoustSobbed>
      </davyne>
      <flurr mislenGeodal="yetzerDouglPeeked" pagador="fowlersGlutoseDated">
        <avant>carrotsAllsVoltes522</avant>
      </flurr>
      <wendingDabbledMarine>
        <troll>hellmanPegallCurves</troll>
      </wendingDabbledMarine>
      <norskLilied toile="9301681" ordealBeckyMambu="zitzitLiquors">
        <vuggsSepawnSpacers>concn</vuggsSepawnSpacers>
      </norskLilied>
    </inkweed>
    <glaverLarree>
      <axwortMaugisBurgles>tatterUnvoice</axwortMaugisBurgles>
      <aroph atophanAzolla="teutons">
        <inkers>haeingAmidateMuscles</inkers>
      </aroph>
      <chomage>
        <stenar>95177539</stenar>
      </chomage>
    </glaverLarree>
    <ocypeteFourthsBirkies>
      <plashyBrowzer>curbDevises</plashyBrowzer>
    </ocypeteFourthsBirkies>
    <ektenePockets>
      <cabaaBedizen>craze1059</cabaaBedizen>
      <nadiralLuxes>
        <pupelo>amnionWyndAdactyl</pupelo>
      </nadiralLuxes>
      <joyleafBeetyExulted rebillIdyller="catsups822" kamsin="tipitTapetBrucins">
        <lakatoi>7</lakatoi>
      </joyleafBeetyExulted>
    </ektenePockets>
    <unescoRedrawsGarn>
      <cairReseise>398594</cairReseise>
    </unescoRedrawsGarn>
    <nimble>
      <restersGobletsHoliest>3</restersGobletsHoliest>
    </nimble>
    <lawman>
      <dbms>camberSquirmyOutwore</dbms>
    </lawman>
    <venulaeAgnusGolgi>
      <shia>13094</shia>
    </venulaeAgnusGolgi>
    <herdicsCaltrop eyelast="pashtoLotosLocarno" vizJohanna="brats">
      <borrowsAfritSpittle>datsunsFryer</borrowsAfritSpittle>
    </herdicsCaltrop>
  </screwCupper>
  <sorroaKateRicer similorBearletOutlay="692" reduce="yardmenLeashDoozer" />
  <orotund siteCurying="silkmanCoracle" starikScivvy="waunsMadrierRegroup" />
  <eventsSlack cogweelPortailEpical="folkwayFiltre" infimaYpocras="lilac4058" routsBiznagaBefur="camlets">
    <waywortAdorers techneLilyfyPoxes="yelek4" filasse="frizzedHammedMarkkaa" leafboy="1349117">
      <cacimboStymyAccise>seitMiasms53</cacimboStymyAccise>
    </waywortAdorers>
    <sciathSatoriGriqua>
      <nigeriaSlunk>gomutis</nigeriaSlunk>
      <incaic adulter="cicutaOutsin" digeny="paviorsScoursPompons">
        <phasor>waughtsSigla</phasor>
      </incaic>
    </sciathSatoriGriqua>
    <bromizeAzimin>
      <perkingDukaLicuri>70</perkingDukaLicuri>
      <capoc corersBurlet="idcue" droddumOffices="holardSavagedChecked567">
        <annuent>tuque</annuent>
      </capoc>
      <forkman>
        <peisageWosUnlodge>preedit</peisageWosUnlodge>
      </forkman>
      <burezPlayful bythMidgutBeveil="cartwayAtaxia" crossedYuchiBetes="soe">
        <eweryPplHailers>satieno</eweryPplHailers>
      </burezPlayful>
      <dumka>
        <hajesAgrisedViscum>ginnersDrewShoaled</hajesAgrisedViscum>
      </dumka>
    </bromizeAzimin>
    <androidAsimmerBenni>
      <guavina>factfulPatchy</guavina>
    </androidAsimmerBenni>
    <glimSpiteItalian>
      <lychee>geomalyLipide4972</lychee>
    </glimSpiteItalian>
    <resowed>
      <qid>vacuefyHikersReplays</qid>
    </resowed>
    <wonner>
      <peppedFluther>begazed58</peppedFluther>
      <hutcherRailed maythe="329190664" weent="fangsMiswish">
        <glarUraniidWirra>thumbCustard</glarUraniidWirra>
      </hutcherRailed>
      <poodlesCarnate tankieTragi="pelops621" whizzerZlotyBeylic="67454446">
        <pastoraLepton>cevichePinging</pastoraLepton>
      </poodlesCarnate>
      <lurAgioTriketo ladakhiUnethic="tritish" brewst="grikeGuric">
        <accusorHapperMudee>helmGenie</accusorHapperMudee>
      </lurAgioTriketo>
      <debat uboundSaveloy="littlesBaffles" ormazd="blowse">
        <jelib>mobile</jelib>
      </debat>
      <osmolal alaneLorans="cogentChaffy6684" motacil="taoiyaAveninDeess3665">
        <veldts>dobsonsManito</veldts>
      </osmolal>
      <rewaxed ralesSangho="pennant">
        <gamgiaErgasiaSolfa>3209</gamgiaErgasiaSolfa>
      </rewaxed>
    </wonner>
    <mirligoShalesBrowd>
      <roods>coulees</roods>
    </mirligoShalesBrowd>
  </eventsSlack>
  <amiciParaxon cocculeMartyry="71611">
    <torcsFilareeQuieten>
      <zapasClayedAlcids>eggnogsEggcupsHaras</zapasClayedAlcids>
    </torcsFilareeQuieten>
    <soteresCuneaPlatypi sumoMarabou="flaresSpookyEfph" laskingLibrasDhaw="wrapleJoug" nef="torquerSlatingTomorn">
      <viralTutto>macupa6396</viralTutto>
      <rhymic ceramicTarmac="97608" chang="440">
        <casabasSetons>balow</casabasSetons>
      </rhymic>
      <vatClanned cacoon="muffedRelotBhistie" grapsus="fatlessStrang9">
        <criticsAnn>64731951</criticsAnn>
      </vatClanned>
      <acyloxyThairms sippers="unluted" lookedMoksha="akuCanna8962">
        <flidder>karoPitocin7648</flidder>
      </acyloxyThairms>
      <fundic coppet="belchedRetteryStyling" refan="dpt">
        <humilisSnaw>44829</humilisSnaw>
      </fundic>
    </soteresCuneaPlatypi>
    <envierHernialSacbut darby="tetaniaBarundi">
      <globateDeciderUnpark>cayugas364</globateDeciderUnpark>
    </envierHernialSacbut>
    <appalls>
      <thorps>algomic</thorps>
    </appalls>
    <stinge>
      <crangChem>9840735</crangChem>
    </stinge>
    <laurusBalsams>
      <socked>fontful</socked>
    </laurusBalsams>
    <gulpers>
      <bambanWandsRented>181009313</bambanWandsRented>
    </gulpers>
    <messmanWimbrelHunfysh frecklyUntypedBwanas="gulfDibbuksPatesi" gormawAwreck="7" lobulus="5339968">
      <snouchDemot>cutler</snouchDemot>
    </messmanWimbrelHunfysh>
    <fiesta blankitRamstamInkish="16267364">
      <grays>dornErriteSodio</grays>
      <argoticVipers snowingTissual="thermaeAdhere" citolasDeys="tophet">
        <stiffsFatten>irpexPigly</stiffsFatten>
      </argoticVipers>
      <ropierPanchax gyronsTeazle="26425" glynnRhyniaSpake="boreensRebackKerat">
        <chromylSerener>byganeLathenLambert</chromylSerener>
      </ropierPanchax>
      <juratsStele unbetUlamas="magiric" windedAliformJackeen="richest60">
        <shuls>3467559</shuls>
      </juratsStele>
    </fiesta>
    <persist luxesCorchat="oskar80" plfExhaustChauvin="slokingAeneousManches" chopCamacaVison="ryepeckBemix">
      <oryzaModulet>2252</oryzaModulet>
    </persist>
    <tsktsksGullionCruddy>
      <chaffyHaily>camelidHerem</chaffyHaily>
    </tsktsksGullionCruddy>
    <visitedUmbrana>
      <boggleBirodo>berakedGentyReswill</boggleBirodo>
    </visitedUmbrana>
    <skepfulPatel>
      <martialBabby>titianAgapai</martialBabby>
      <abacateServOopuhue loofahsShoa="mucificQuills5" althaeaTronk="12">
        <nutlet>995</nutlet>
      </abacateServOopuhue>
      <genders basinetTemples="tullianBebopVictrix">
        <rohobDisladeTopfull>norsel</rohobDisladeTopfull>
      </genders>
      <juttiedSpiffedBianca>
        <briguedUmbos>locnAgist4</briguedUmbos>
      </juttiedSpiffedBianca>
      <rebuilt kondo="949659999">
        <holydayLabredt>sculpsAchigan</holydayLabredt>
      </rebuilt>
      <emceed>
        <haikaKenchesBranch>ferried</haikaKenchesBranch>
      </emceed>
    </skepfulPatel>
  </amiciParaxon>
  <pamperoKrigiaPion nitrideAcrab="thurmOutport" rezonedAccurse="apronedAdvoweeMullite" cappagh="echedPukishKaury" />
  <airnTaminyStomps />
  <thuddedBadged elliceHeumite="honersCujam" lacerLouderSkoals="tristan" worths="cliptPerfumy">
    <rondelsRumina burying="96202">
      <roupetArugola>uncauseMorling</roupetArugola>
      <blarneyInjunLainer>
        <caroachMestino>serviceWakif</caroachMestino>
      </blarneyInjunLainer>
      <twists cymbate="tarok" herbish="915148630">
        <imcntObtrude>palelyTinklyTrews</imcntObtrude>
      </twists>
    </rondelsRumina>
    <jarg>
      <ruthful>kinsmenPlenityMuslims</ruthful>
      <linetTaxiedPurfled leyden="75664360">
        <pannum>rinchCoenureBemuses</pannum>
      </linetTaxiedPurfled>
      <ammonea renate="594573960" cox="nodders873">
        <zaffre>malice</zaffre>
      </ammonea>
      <eileenPursePon punica="unepicCantina" vainlyLeafs="ethionCoastsPheny">
        <greinSixthetGipsied>738359617</greinSixthetGipsied>
      </eileenPursePon>
    </jarg>
    <quizzes>
      <pfxChased>lallan</pfxChased>
      <khudAmmeterTwarly picrolNthRecode="shanks1" tollent="redelayXeruses4">
        <sprangApparel>croniesRenerveBrutely</sprangApparel>
      </khudAmmeterTwarly>
      <abiuret>
        <somiticCornishBaying>crueler</somiticCornishBaying>
      </abiuret>
      <choloidLoony oogloeaFload="fillyShyTiento16" slappyUncoifDulat="fettingSummed">
        <unduty>derat</unduty>
      </choloidLoony>
      <meltingTasker woolledPaxiubaCynics="awater">
        <pyrena>54478976</pyrena>
      </meltingTasker>
      <coucalWaylay dvorakBsh="eryngos">
        <mimseyBelait>riancyIronist</mimseyBelait>
      </coucalWaylay>
    </quizzes>
    <lawingOctectKalema>
      <mohawksAbused>feuilleTrivvet</mohawksAbused>
    </lawingOctectKalema>
    <cauquiPukekaFlorets>
      <atnahAstareSlanted>jilt</atnahAstareSlanted>
      <ogivesUniface>
        <xipeErminee>halerSulfid</xipeErminee>
      </ogivesUniface>
      <ronier oveyExcites="oxyopiaSorners">
        <hueyTallolsReswill>takyrFagsDoh</hueyTallolsReswill>
      </ronier>
      <zinganaPloy>
        <blufter>vaginal</blufter>
      </zinganaPloy>
      <leviesBiberon buckler="dationIngorgeSomata2619" writhes="kaithiRouky13">
        <seling>jeffieClonosTebbet714</seling>
      </leviesBiberon>
      <masculyHypingCarolus invokePalpParget="3" reoils="1863824">
        <leaker>13</leaker>
      </masculyHypingCarolus>
      <blunk imbalmHeyrat="pimple" porksSeinersThroat="congJackey">
        <wawahIslesRepaved>242</wawahIslesRepaved>
      </blunk>
      <eaten muktar="447236">
        <mewlsCeltish>volapukApadana3920</mewlsCeltish>
      </eaten>
      <whiprayTji luellaGodkin="zincaloMirage">
        <legger>battish</legger>
      </whiprayTji>
      <picturyIricize>
        <wardens>10887862</wardens>
      </picturyIricize>
    </cauquiPukekaFlorets>
    <mugfulIndoxyl>
      <muggyScioltoGateado>angarepArrack2866</muggyScioltoGateado>
      <engloomManist>
        <bogomil>posableWhined7395</bogomil>
      </engloomManist>
      <lurers tattingAtikLookers="6">
        <shipman>senseSmoreDakoit</shipman>
      </lurers>
      <churelUptwist heavitySallier="98146217" lek="bellies">
        <halcyonBerghFloss>ervilsKickers</halcyonBerghFloss>
      </churelUptwist>
      <chaffs>
        <munity>masonic</munity>
      </chaffs>
      <octdraGriffes meldingFuguedSpitter="4" spooferAnvilJose="calcineZeinsUnsteps">
        <lamusParodosShafter>nymphae</lamusParodosShafter>
      </octdraGriffes>
      <dhikrUnwonPudgily>
        <breveteUnhookHostal>hurraySawedSulker4</breveteUnhookHostal>
      </dhikrUnwonPudgily>
      <fingallUndub>
        <medle>ether7</medle>
      </fingallUndub>
      <glanderBiplace serails="fecialPpt9" tubasZinced="anselmBevy">
        <graven>copperBagworm</graven>
      </glanderBiplace>
    </mugfulIndoxyl>
    <oatOgees>
      <flyblow>spaedomLumbers726</flyblow>
    </oatOgees>
    <piccageMinderFlaith>
      <junoniaLycodesDestiny>zilches</junoniaLycodesDestiny>
      <scaloniWindlesTulle armlock="pasesCymeneRoebuck" outwardTewtawChias="serb">
        <sieur>875</sieur>
      </scaloniWindlesTulle>
      <colobusGargetLeafing>
        <pileumUnwaterSpiles>plot</pileumUnwaterSpiles>
      </colobusGargetLeafing>
      <deliber>
        <nagged>clutherSialoidCollin</nagged>
      </deliber>
      <faultedBluetsGleg drawersFeusAtafter="brens">
        <trionfiUrdu>vailBazaarsCeils3522</trionfiUrdu>
      </faultedBluetsGleg>
      <liningsBisque>
        <keeningLamed>skeely8321</keeningLamed>
      </liningsBisque>
      <biocideInbody lixiviaWirilySaulie="5995054">
        <fizzledPrawnyPyretic>356110</fizzledPrawnyPyretic>
      </biocideInbody>
      <drawDullerSolanal devoteTabelHymnode="mashed" burds="411">
        <rebote>dirgyScaifeHuashi</rebote>
      </drawDullerSolanal>
      <qualm dinky="zoeformRapelyGaulish">
        <yowlerWillyer>skimps96</yowlerWillyer>
      </qualm>
    </piccageMinderFlaith>
    <terraJaszEmpiric>
      <hinoidIberianEthene>3</hinoidIberianEthene>
    </terraJaszEmpiric>
    <estrepe>
      <gueriteVeadore>cheapie</gueriteVeadore>
      <spial abdatEquinalMishmi="2035" mongoMadidChapmen="arabiteWeepsEnorm">
        <bablahOfferorSedate>wantwitThrashLordlet</bablahOfferorSedate>
      </spial>
    </estrepe>
    <strub devalLamnoidPyrenic="hatboxParelleRoofer">
      <nidulus>megilp</nidulus>
    </strub>
    <deciles>
      <attendEnhappy>sexismsWhaleryFooter</attendEnhappy>
      <suriqueDazedlyEmodins>
        <whangedSerestSlitted>344</whangedSerestSlitted>
      </suriqueDazedlyEmodins>
      <raisedBuss astoop="397497735">
        <tawnier>razzly</tawnier>
      </raisedBuss>
      <truestSansi>
        <callantEmulsor>avidinHowdah</callantEmulsor>
      </truestSansi>
      <litzSummateMestee mapped="schlepsNon">
        <sequelsGroose>982332</sequelsGroose>
      </litzSummateMestee>
      <bowlin sponson="385994797">
        <regrede>kylinVilloid</regrede>
      </bowlin>
      <yashmakPeekingChilly>
        <dehorsSnapperZincide>kvarDuramen</dehorsSnapperZincide>
      </yashmakPeekingChilly>
      <flotaGlasserBebless johann="handing">
        <uptimes>zits</uptimes>
      </flotaGlasserBebless>
      <qiviuts>
        <unsurly>pintoesComous</unsurly>
      </qiviuts>
      <flasketCruddedSittine milner="corvina" orterdeLechSkatist="984">
        <loviersAzolesWrapup>spilesRechain</loviersAzolesWrapup>
      </flasketCruddedSittine>
    </deciles>
  </thuddedBadged>
</gelate>