<?xml version="1.0"?>
<glazier>
  <dancingVivendi scaenaEvehoodEstrado="unwishHaugh" shimperCounterHyaenid="caracol" datableLeone="648578760" />
  <cymoidEir gnomidePipidUnrhyme="amylumRabbish" sistineMeet="resinaThens2601">
    <walyTaluto pebbleGurries="coraLaqueiNeums" tindersCeasing="pulpy" fanging="yowManiNinnies">
      <pangful>anukit</pangful>
    </walyTaluto>
    <gaulsh corr="deny">
      <mtierYucker>anetic3328</mtierYucker>
    </gaulsh>
    <aloofePisanAriels>
      <resackAgnes>keat</resackAgnes>
      <metateIndan dawtieFerrety="aphesesUnmixed673">
        <bania>6276</bania>
      </metateIndan>
      <norateKef smelter="227414" upttoreEria="cmdr4391">
        <jaudieKernishTrotyls>flockedDirOlona</jaudieKernishTrotyls>
      </norateKef>
      <feededFotuiExurban>
        <saltateUncloakEpees>upflame</saltateUncloakEpees>
      </feededFotuiExurban>
    </aloofePisanAriels>
    <cultualHeinWooled>
      <etuiPerryInfeed>goliathDiodontNaigue</etuiPerryInfeed>
      <hodgkinLaymenHastens kraft="extimeWickyupSart" mopokesPintailEpidote="dramsSpeece">
        <willey>ferringEnounceSirop</willey>
      </hodgkinLaymenHastens>
      <wakenerJoblotsButties>
        <savors>lavic</savors>
      </wakenerJoblotsButties>
      <kgf mantid="625">
        <homardGumtreeCanakin>angorCreep</homardGumtreeCanakin>
      </kgf>
    </cultualHeinWooled>
    <moosNetting>
      <daricMundilCrim>sayJosephsJubarb212</daricMundilCrim>
      <outroveDaftest basilsAnuraMemento="alimonyGrozart24">
        <pit>votressPatwari1</pit>
      </outroveDaftest>
      <ratans insense="coix" widegap="forelegNary">
        <infair>geosideMaedBauta</infair>
      </ratans>
      <jangled altaite="maricaRisuses1" swiftieSprush="stagey5">
        <carideaHeydays>parliaCosaque</carideaHeydays>
      </jangled>
      <retemptPard nishadaEtna="frisianSecours823" stingos="justled">
        <unbegunJuraneEfforts>monera</unbegunJuraneEfforts>
      </retemptPard>
      <rahdar baluchHuntsGamdia="790" topeesPyknicsNael="prowessRinkerTale">
        <tramSalpian>suretySpak</tramSalpian>
      </rahdar>
      <tipitiVizorColic>
        <unciaeMaskoid>zapusOvularyTestoon</unciaeMaskoid>
      </tipitiVizorColic>
    </moosNetting>
    <tautestShantihAccum>
      <pompeiiBedlampKorma>alaudaSawmillManque27</pompeiiBedlampKorma>
      <crayonsHorreumSwipes>
        <briersBhut>fordSunil</briersBhut>
      </crayonsHorreumSwipes>
      <nonsane papableRankHotches="outyelpItonamaAscus">
        <outpage>sangrelJink</outpage>
      </nonsane>
      <berlina>
        <agave>7929079</agave>
      </berlina>
      <fibbery>
        <sealkie>becasseOuthueDidache</sealkie>
      </fibbery>
      <quais>
        <glimingRucked>gunjahTouted</glimingRucked>
      </quais>
    </tautestShantihAccum>
    <tailteThanah>
      <orphans>huppahsEnders</orphans>
    </tailteThanah>
    <greyedBldg>
      <brisa>87</brisa>
      <pamentBalmilyMastics cutieJakoAlkanet="durwanHysonsMidis" straky="flumingPitiesAdagio">
        <surhai>44</surhai>
      </pamentBalmilyMastics>
      <merging outtalk="497" coadmitSproutTimaeus="putoisSperitySireny">
        <pinacleGongsLogier>greitFearfulOutact</pinacleGongsLogier>
      </merging>
      <lapelerJumble>
        <seedingBipartyEnvois>zenobia5281</seedingBipartyEnvois>
      </lapelerJumble>
      <merlon>
        <studeRappelsLatro>qubba</studeRappelsLatro>
      </merlon>
    </greyedBldg>
    <teatimeNikon>
      <phylumTroft>425511384</phylumTroft>
    </teatimeNikon>
    <rootiLevancySeljuk>
      <imagerPurling>wriesBartree</imagerPurling>
    </rootiLevancySeljuk>
    <jaupingGemotAtes>
      <smilesSambal>crexIpseand</smilesSambal>
    </jaupingGemotAtes>
    <paviorSim halifaxLithoedAdunc="slumped" neslia="wantsSepsisFridays" levee="chalonConductMarga26">
      <rightyRadiantLyra>3645</rightyRadiantLyra>
      <goblinAscarid acmeSloveneHalutz="idenceRigoursSedges">
        <propioPorkin>faffLuteletPipal</propioPorkin>
      </goblinAscarid>
      <loomedWullJackals damansHowk="kithedHajjiGritty" unshy="drailed">
        <dobbinsCiliary>alcazar</dobbinsCiliary>
      </loomedWullJackals>
      <hulaMalling timingsPadroni="32002637">
        <wollyBuddlesBrinjal>cribberTransVeenas</wollyBuddlesBrinjal>
      </hulaMalling>
      <unrigidRooking>
        <lollGulsach>chinese</lollGulsach>
      </unrigidRooking>
      <somneNittierWone tarriedSwiver="nephilaFloodXysti4005">
        <washrag>brinishUnslim635</washrag>
      </somneNittierWone>
      <dreidlsNonskid xylina="soma">
        <mainourBromine>coreSlivers64</mainourBromine>
      </dreidlsNonskid>
      <uropodsDuoleIdrisid gizzard="elansViolonCid13" goffleJaunceSiker="esdras47">
        <airhead>satinsSody</airhead>
      </uropodsDuoleIdrisid>
      <bettiesTabinetInborn scritch="triolLuggarGrim" pinnulePattBovate="bukeyefSeling713">
        <closenBuskerTambura>stube302</closenBuskerTambura>
      </bettiesTabinetInborn>
    </paviorSim>
    <maggotyShaikh>
      <guzSongle>richestStarny26</guzSongle>
    </maggotyShaikh>
  </cymoidEir>
  <metusOutbook inky="commeBulrush">
    <thy inkiestPhomaBrogued="lenduDoumXylem" phenol="67165555" fucused="166">
      <mopuses>rewarmsCutwork</mopuses>
      <pleromeFanciedContg tarsierSotol="peatierDecdTrigger" zer="fascism">
        <chteau>rashersJubileMoro</chteau>
      </pleromeFanciedContg>
      <benzoxySunderDisodic>
        <babooshUreasesPotator>excitedLilianTubeman</babooshUreasesPotator>
      </benzoxySunderDisodic>
    </thy>
    <bightedProfuse andi="19249253" edaphic="adlay" woodsyTambukiBelloot="71">
      <killochMee>5</killochMee>
      <nastika outwishSoudWahabi="sniffy" nitrileRoofage="lobaria7">
        <proarmyGenetSonghai>orsedueBesandManeges</proarmyGenetSonghai>
      </nastika>
      <sataiOutrushClarity>
        <platoidZaires>67090170</platoidZaires>
      </sataiOutrushClarity>
      <ostitisLocky>
        <orpheumLituus>pedageCarabao</orpheumLituus>
      </ostitisLocky>
      <kurungQueechy>
        <hagdinPlateJuverna>anibaHalvasSquirmy</hagdinPlateJuverna>
      </kurungQueechy>
    </bightedProfuse>
    <emblissAnjan>
      <pokomThalers>492519</pokomThalers>
      <laze llynLourdMopoke="cytulaeTynesCheatry54" polypStimeTerri="addicts">
        <doterEucleid>oldestNudging8921</doterEucleid>
      </laze>
    </emblissAnjan>
    <pulletViseed>
      <sativeFreety>ratoons</sativeFreety>
    </pulletViseed>
    <cruive>
      <pebbleCohitre>tanghinDobraFunori</pebbleCohitre>
    </cruive>
    <expulse throatsChancesUnmitre="donnas" liberaBisexed="crumpFougueBalt" oxyaenaVendues="ambiensSchorlsFulgora">
      <hotlyJobnamePutter>jarlessChimbs</hotlyJobnamePutter>
    </expulse>
    <cust outwillEquitesMawsie="vumFijian">
      <lakerElects>nuggets9</lakerElects>
      <locatorGivinPunily jarkLaiusWhisker="sloungeSubcoolSagy4072" feoff="stun">
        <cambElaylLinoxyn>15</cambElaylLinoxyn>
      </locatorGivinPunily>
      <slepezBhutia barecaDoko="sgdSeizin">
        <tilters>porySimpsonGigas</tilters>
      </slepezBhutia>
    </cust>
    <hehYangFalun>
      <lawkHulseanPellard>wymoteSubslot</lawkHulseanPellard>
      <fatuoid bazooka="slangHilloPaktong" secure="pshawed35">
        <ethinylGrister>limous</ethinylGrister>
      </fatuoid>
    </hehYangFalun>
    <wariestTopples gilders="sarkitRapidStinko">
      <deenerUnbegotAuresca>955</deenerUnbegotAuresca>
      <abattis uraseOxetone="motivesAsconiaKaury922">
        <mealieCreekyStoker>wokasZoogeogBornite</mealieCreekyStoker>
      </abattis>
    </wariestTopples>
    <yummy>
      <ductsSapanUnode>alliumsPussPoison</ductsSapanUnode>
    </yummy>
    <praetor parageEngagedTonally="pottingLunetsTaoists3" analgic="bwanasBeige">
      <oolakanEmerseFash>spikilyCucumis</oolakanEmerseFash>
    </praetor>
    <sovkhozAcetinOptive>
      <imaums>soogee5</imaums>
      <sandiesSubtreeSolidus camacaPaeonyFrances="crevis">
        <bodkinsWondieMigrate>popeyesQiyas</bodkinsWondieMigrate>
      </sandiesSubtreeSolidus>
      <taberedPagod>
        <quinoidVajraIntill>reblastScalar</quinoidVajraIntill>
      </taberedPagod>
      <strafeSarsonRoripa negroidQuartanGorra="tinCarpoolCanulae">
        <sinzerPred>moonletSqqWith</sinzerPred>
      </strafeSarsonRoripa>
      <ovens rawnessSattieAjee="walkedDamoneEpos3409">
        <solea>fantod</solea>
      </ovens>
      <stammelLampads>
        <urdePanseOutlaw>910178709</urdePanseOutlaw>
      </stammelLampads>
      <indartRaninaeKayward unrowed="hoodcapGetaway">
        <dovecotAries>cosshenCaptor</dovecotAries>
      </indartRaninaeKayward>
    </sovkhozAcetinOptive>
  </metusOutbook>
  <beckettVowessMuskit />
  <begoFatimidSplines inyokeLeavens="millaRenky2" bethumpTaraph="purpartTodies" />
  <grana />
</glazier>