<?xml version="1.0"?>
<rem>
  <suneGradedLucken>
    <dioecyLyndon voltageTonishRenewed="viscin718">
      <special>35286</special>
      <granat>
        <nutatesTacnodeUnold>7</nutatesTacnodeUnold>
      </granat>
      <wemCutlersPrunes>
        <sternlyTopful>porchesGerontHugest</sternlyTopful>
      </wemCutlersPrunes>
      <pupulo supBawn="emilia" leath="staidSucrosePotgut">
        <adaweAwaitedRation>rebringSememesYaffle</adaweAwaitedRation>
      </pupulo>
      <stoppelKyteBun bemire="birlinn" rechipObstetHonkers="therm">
        <takhaar>teletex9158</takhaar>
      </stoppelKyteBun>
      <taoiyaWirebar sapo="mitringSwearer">
        <zebecksWarmish>abjuredCoritaStaigs</zebecksWarmish>
      </taoiyaWirebar>
      <ghessSpletExec>
        <hangarsRosetsSulphur>agameteParode</hangarsRosetsSulphur>
      </ghessSpletExec>
      <botelerFers icaco="zydeco4547">
        <arsonAdipicDeerlet>lachesOjibwaGloam8840</arsonAdipicDeerlet>
      </botelerFers>
      <ithandApii beliked="palinal" haydnDurity="coloryOuthitsOuabaio291">
        <bubsEnders>195198</bubsEnders>
      </ithandApii>
      <tomosisStaigs>
        <dopa>landman</dopa>
      </tomosisStaigs>
    </dioecyLyndon>
    <rightsWilletsBhikku hamelRock="517295638" algyHearers="gnarlyAnthems" enrageFoxishChancel="marvelGleadBlowth">
      <oozily>ketones</oozily>
    </rightsWilletsBhikku>
    <ligateBattelsLoess ritelyMammoseJellico="attired812" obvertDar="ptilotaBeebeesBraize159" sumoist="pipesSurinam">
      <zokorTintsMollies>jejuna</zokorTintsMollies>
      <blip hylegBulks="zeistAgada" lips="unketTycoons">
        <steepGrilledRushees>canzone</steepGrilledRushees>
      </blip>
      <rhapis truckieHavocGenny="9" dioseGorst="toymanAleaKlaxons">
        <exactasOuiGoitres>coelom</exactasOuiGoitres>
      </rhapis>
      <humans>
        <gyveStroppy>dundees69</gyveStroppy>
      </humans>
      <tamlungCitrateOrtygan>
        <looney>brumePinweed</looney>
      </tamlungCitrateOrtygan>
      <kembWambubaWhacks raptlyStep="canelos" doreeKetylCentage="calaite">
        <quinismBowboyZein>jarvyPhrasemJettons</quinismBowboyZein>
      </kembWambubaWhacks>
      <aswashRancor>
        <squissTasksLumpy>homarus459</squissTasksLumpy>
      </aswashRancor>
    </ligateBattelsLoess>
    <perloirArariba circeanJousts="9848" ahu="notchy" abeMinchen="rostelCacara">
      <amesaceProcessPowter>7</amesaceProcessPowter>
    </perloirArariba>
    <wuzzled>
      <rabificLexicogOrgue>waddyShallop</rabificLexicogOrgue>
    </wuzzled>
  </suneGradedLucken>
  <dand skylookHiltedWader="32515" floodHairdos="925732832" scianEzba="codfish" />
  <incisorOutswumViolist faucesMultoElb="487575" />
  <yodlesShrame>
    <ragefulPebbleWissing>
      <loth>pizzaUndriedOculars</loth>
      <bugan>
        <imbrue>topazes</imbrue>
      </bugan>
      <cooreeCaballo>
        <crayerHillsStylar>wackenBeele</crayerHillsStylar>
      </cooreeCaballo>
      <brekkle euctiThulirHobits="vaagmarKanchil37" higraPayoutScram="squawJacanasMinibus">
        <lorn>mugwetPhenomsNeatify</lorn>
      </brekkle>
    </ragefulPebbleWissing>
    <lasts>
      <circusDudgeonAlbion>9574924</circusDudgeonAlbion>
      <maintOlpaeYis sprettyMotets="petr">
        <rewend>namerJessicaTauri</rewend>
      </maintOlpaeYis>
      <extructAlulet>
        <apheses>pomp</apheses>
      </extructAlulet>
      <lad>
        <jannockWilroneSelfs>ogonium</jannockWilroneSelfs>
      </lad>
      <zirianSinnedFuzzier>
        <pedroCandled>decream</pedroCandled>
      </zirianSinnedFuzzier>
      <goetaeTipi>
        <megrezKaftanManetti>inquiet</megrezKaftanManetti>
      </goetaeTipi>
      <reeMarais idotheaWaisterRemiped="alpieuFlaggerCuplike">
        <slummed>59279341</slummed>
      </reeMarais>
      <magnonCorvesIpso reluctsAssegaiDoze="stuartRufferWinzes">
        <fiotDatives>lepric</fiotDatives>
      </magnonCorvesIpso>
      <pogiesPervert suckGirosolRaglin="loamingPalolosUnroost94">
        <ferriedRailageClaye>xoanonSungar</ferriedRailageClaye>
      </pogiesPervert>
      <defamesTopless flyers="8">
        <dhowAwreck>aplaceMydineBagie</dhowAwreck>
      </defamesTopless>
    </lasts>
    <pallidArette>
      <corrode>phidiacAlipata95</corrode>
    </pallidArette>
    <cotmanGotchyChield>
      <atavistWayakaSatorii>swipeTunsTimerau</atavistWayakaSatorii>
      <tethysNarcoDeific neukPsoadic="ailweed80" morpheaCaret="eluder">
        <hebrewsBloomy>feuterVendee952</hebrewsBloomy>
      </tethysNarcoDeific>
      <feedersInclipsCarped ritWhorleAldazin="umpireLofty">
        <dezincsFescue>62</dezincsFescue>
      </feedersInclipsCarped>
      <lintierCenotes barbionSlayers="5">
        <grebeOceanus>chappow</grebeOceanus>
      </lintierCenotes>
      <encoopBuglers juloid="joyingWoods">
        <outbent>khayalBushedPlomb</outbent>
      </encoopBuglers>
      <danicWhistleLoyalty>
        <lutherCabaneEgally>graftedKitlopeSophs763</lutherCabaneEgally>
      </danicWhistleLoyalty>
      <eratZurlite>
        <mandril>asteepLowsed</mandril>
      </eratZurlite>
    </cotmanGotchyChield>
    <excheatFiasco proteidCloseupSods="rodinal">
      <gien>showdChewed478</gien>
      <wudge wardayDghaisaAerose="nicolo" avadana="chookieWelficDulcian">
        <cumarClocked>umiac</cumarClocked>
      </wudge>
      <nepetaAnnexPetered junk="deejay">
        <harmfulLotteSlipes>unjolly</harmfulLotteSlipes>
      </nepetaAnnexPetered>
      <steamie zowieKermess="magueyHail" strewsOxbiterFootsy="illestPedetes8338">
        <cytasePapagay>competePotty</cytasePapagay>
      </steamie>
      <fumishOmber zlotysGatTroupe="wauchtSalacot" toyoRugaeDimaris="1920142">
        <dunlopSaggard>44430</dunlopSaggard>
      </fumishOmber>
      <myoticsLaggingBons fanfarePoter="unroofsGalaxyIsidore" birlLaziesMagpies="sleteByrriGibleh">
        <vened>silexesEdwardsClotter</vened>
      </myoticsLaggingBons>
      <sulfatoSchuyt>
        <rackety>shalluAmnestyEmbogue26</rackety>
      </sulfatoSchuyt>
      <apolarCelebre forget="endurosTalinum353">
        <shirrsYonicAtopy>medleys</shirrsYonicAtopy>
      </apolarCelebre>
      <gooseryTackety twaltWowsersAtweel="57450224" sapoursRelendNinja="yonnie">
        <nizamutCockingPiecer>bewrapFaddy5488</nizamutCockingPiecer>
      </gooseryTackety>
      <wisterYaquinaRly tubicenChainSipers="figuraeIntro">
        <enlard>duxes</enlard>
      </wisterYaquinaRly>
    </excheatFiasco>
  </yodlesShrame>
</rem>