<?xml version="1.0"?>
<canduc>
  <slimilyPlops hires="amplifyOrrice" cringesNunlikeSicular="amanitaPraxean82">
    <roilierViharaWangler>
      <atoms>relever</atoms>
      <dereismUpdates>
        <forty>goadedRuddersDaturas</forty>
      </dereismUpdates>
      <severed unmazeRestive="draconeOvicystSeoul">
        <fumetsSurette>708</fumetsSurette>
      </severed>
    </roilierViharaWangler>
    <illicitInditesWoom voyaged="kowtowsClima" briocheDevisal="thingumShakes">
      <facientMyoneme>kumharSiros</facientMyoneme>
    </illicitInditesWoom>
    <pronavyZigBays shilyToised="modiGeticElusive" setworkMushing="buddled" patellaPph="mimaIngoing">
      <scleriaSuint>pretext</scleriaSuint>
      <tambukiArg remover="cynism">
        <asteep>1453</asteep>
      </tambukiArg>
    </pronavyZigBays>
    <allegedEnergyCopulas>
      <nimbi>burele</nimbi>
      <ledenUnhoop unbefit="echesSnockUdal" manuaoMmf="acrazeLearns2">
        <cordHuffcap>miconia</cordHuffcap>
      </ledenUnhoop>
      <quackedPtisanMaims>
        <subanalGainfulLappish>greasySkyphos58</subanalGainfulLappish>
      </quackedPtisanMaims>
      <pannumAssizerCompert brekkleWakwafi="haffatDrogue" viably="primoRovettoVespal">
        <beetles>gabbleTiffish</beetles>
      </pannumAssizerCompert>
      <ecdysisBedmanAugment>
        <arcualeGodsake>375717494</arcualeGodsake>
      </ecdysisBedmanAugment>
      <remansPenance madelonInleak="395031">
        <overuseDegageInsol>dopRamularSnary</overuseDegageInsol>
      </remansPenance>
      <deponedToph>
        <mankieAtty>outwindAlfa</mankieAtty>
      </deponedToph>
      <saucersKilljoy futeHulloas="breechBicronSandia">
        <riped>teave</riped>
      </saucersKilljoy>
      <mamaguyHalesia undragShih="lahndaPsalterRets" furryGhizite="fusilOnanistCookery">
        <jubiliChalkyFipples>451</jubiliChalkyFipples>
      </mamaguyHalesia>
    </allegedEnergyCopulas>
    <thicketOughtntCummins>
      <unspokeOxacid>radomeColuberDottle6108</unspokeOxacid>
    </thicketOughtntCummins>
    <greyly>
      <flanged>baresLbsItacism</flanged>
    </greyly>
  </slimilyPlops>
</canduc>