<?xml version="1.0"?>
<hypeBezoars>
  <inanelyVenner intaker="statRecutsTonger" legmanFloutedPeglike="whid">
    <cairnyCamata yookMaiidaeStader="928777">
      <endshipGittithFunnels>417080</endshipGittithFunnels>
    </cairnyCamata>
    <etang>
      <debell>homelet</debell>
    </etang>
    <tardiesMusive forgot="854264">
      <goniumsBeachie>19</goniumsBeachie>
      <megaergCon>
        <cranch>305238</cranch>
      </megaergCon>
    </tardiesMusive>
    <karriHoldman>
      <erects>ungiveBespokeRisky78</erects>
    </karriHoldman>
    <imberDefuse>
      <soupingChelideTjenkal>78890</soupingChelideTjenkal>
    </imberDefuse>
    <sivers exerts="caapebaBankmen">
      <laggen>jodelr6424</laggen>
      <layshipCzar swanner="knacksPolska">
        <inuring>84679895</inuring>
      </layshipCzar>
      <snawing desiredFouth="hissGoldish" celtsLaurin="syrticAhuntDinar">
        <torpedoButyrinPortas>crowbarHotdogs</torpedoButyrinPortas>
      </snawing>
      <butyneMitoticSancta zemiOctoon="daman">
        <pallCalaberRebob>blawnSwungen3590</pallCalaberRebob>
      </butyneMitoticSancta>
      <doghood jibmanWargus="dourer" alowGashing="atelic">
        <goyleEmmetsHula>adobes</goyleEmmetsHula>
      </doghood>
      <frenalArbitryAmmos>
        <miterExtinctNabbed>19827</miterExtinctNabbed>
      </frenalArbitryAmmos>
      <evertsDiodont purdaLaceier="lati">
        <saverSprewSagai>aguamasTunder</saverSprewSagai>
      </evertsDiodont>
      <jokiestPatriot>
        <pariliaKofta>cashersSwanks</pariliaKofta>
      </jokiestPatriot>
    </sivers>
    <sileBleaunt>
      <sarcleArmilSkeller>mooryHornierGhurry</sarcleArmilSkeller>
      <draveHaiver cnidianDrey="84" doura="alipedWickiupMammae">
        <unbrentDartled>enochBlueyUnfiery</unbrentDartled>
      </draveHaiver>
      <cleach>
        <mirrors>assumed139</mirrors>
      </cleach>
      <akoasma poppiesReiversReputed="squenchGestsHowlet">
        <gervaoIntwine>nephite59</gervaoIntwine>
      </akoasma>
      <maroonMonadPinup cybelePicsBegirt="81" ecthymaSegged="tornadeDamozelWashpot">
        <zeekoeIredChapt>pacoletTotonac80</zeekoeIredChapt>
      </maroonMonadPinup>
    </sileBleaunt>
    <dewlessOctavia>
      <wetsuitWaygateCupidon>patin836</wetsuitWaygateCupidon>
      <trtBrache agilityGallopHinoki="elevonLapdogsSkyphos126">
        <dibholeLyceaKendyr>agalHafnium</dibholeLyceaKendyr>
      </trtBrache>
      <banuyo postinsBaggierSmee="werwolfUrgingsVise" achaqueNuderSougan="tiger">
        <ancreFeretraRoyale>302163</ancreFeretraRoyale>
      </banuyo>
      <ewesChokers proveneSombreKatun="unwallSkidi">
        <mealedRebateAzons>lencan3524</mealedRebateAzons>
      </ewesChokers>
      <baboenGauzes>
        <prises>137</prises>
      </baboenGauzes>
      <helvineAlenge vitrumBenty="lexemicBestore">
        <woning>deboner</woning>
      </helvineAlenge>
      <taborerHauled terrabaRoosing="bannsHoofed" duoviriOvine="gcdLancers178">
        <peascodAcridid>bourdisMuesli</peascodAcridid>
      </taborerHauled>
      <overage>
        <paluli>skewingAnanite</paluli>
      </overage>
      <wadesBowling apamaThecoidLinseys="zilaUnbefitBrawns">
        <meshy>kebarAmpyces</meshy>
      </wadesBowling>
      <endeChuckieTrainel olidWhorls="leach67" stupingPloppedAnuria="voluntyDwells">
        <matchet>favorSye</matchet>
      </endeChuckieTrainel>
    </dewlessOctavia>
    <memoirs tupmanTeethyAnode="catwiseDeroRefont">
      <autismSulung>gorhensHandel</autismSulung>
      <claroSquailDews>
        <brahmasZimmi>querkenExinite</brahmasZimmi>
      </claroSquailDews>
      <anatronChapmenVulcan stownet="saphead" pyrolasTiptoe="favnAfflate">
        <mopseyRefaces>akhaReseam</mopseyRefaces>
      </anatronChapmenVulcan>
      <twinedPortas ephoiFrowlDizzies="67741" untiredDuo="strepsAllanHeidi">
        <carfLudibryCathy>rybat60</carfLudibryCathy>
      </twinedPortas>
    </memoirs>
    <aboulicSexpot>
      <pleaseCiteeGnocchi>susuIsoxime</pleaseCiteeGnocchi>
      <briocheDroves zuddaJuncousPounds="skirretCururo">
        <bowersPlumpyKate>papooshTwiddlyCroak</bowersPlumpyKate>
      </briocheDroves>
      <nippier adetPalaced="parlorTuscanyMoun">
        <interimUskok>780466</interimUskok>
      </nippier>
      <hygeiaLibrPepless couridaFrazed="encheatBrest" dottels="genipaShrieks7045">
        <zorillaQualify>reubLobs</zorillaQualify>
      </hygeiaLibrPepless>
    </aboulicSexpot>
    <guysWinraceMuzzily>
      <pyjama>wintledSwink</pyjama>
    </guysWinraceMuzzily>
  </inanelyVenner>
  <cocainsLynxes brothy="soroseMopeyCallo" buggess="hacek" />
  <ampoulePoryProles passeeBeylics="agamasOutsendRumkin1">
    <sinlikeIcesparDetinet>
      <soukMadronoLineman>emceedOperasDekkos5116</soukMadronoLineman>
      <evulseGudeBusload>
        <ogmicCallid>balticDismayCuvies</ogmicCallid>
      </evulseGudeBusload>
      <bragsNeuma trainy="gibDevourNarthex">
        <coelomLazily>tooart61</coelomLazily>
      </bragsNeuma>
      <lucrineFairingKatsup>
        <putons>flawsRareyfyEila</putons>
      </lucrineFairingKatsup>
      <evesBoder>
        <blouse>966543794</blouse>
      </evesBoder>
      <murkily cockingSeisers="189424869" relimeAcetalsUnbusk="breaghe">
        <igorotMesitaeEnsweep>achedMerisesSpready12</igorotMesitaeEnsweep>
      </murkily>
    </sinlikeIcesparDetinet>
    <canalesPrewarm>
      <jestersJassidsDossals>8093912</jestersJassidsDossals>
      <bepride>
        <erastusIodated>growersTsadePowdry</erastusIodated>
      </bepride>
      <decury plonksTollery="setnessAfforceMuskox">
        <tambor>godsendEnoch</tambor>
      </decury>
    </canalesPrewarm>
    <downsSerious>
      <armoursDrolly>antsy</armoursDrolly>
      <mickeryOncotic signalsPaizedNongrey="ambitalGulphArcheus" boatage="13">
        <gillnetDeicticSnowier>2144</gillnetDeicticSnowier>
      </mickeryOncotic>
      <untaPallors>
        <sousesAfrightLeglen>tapuyanFizzTatther</sousesAfrightLeglen>
      </untaPallors>
      <pyrexiaAblach imaretMaraudsRisible="cml" culbutCedens="reworksGlial">
        <unisoilAguilt>uncutAutumns</unisoilAguilt>
      </pyrexiaAblach>
      <keensDante>
        <depicts>pesosUnnoisy</depicts>
      </keensDante>
    </downsSerious>
    <rhodingPsychicOuthire>
      <zoileanCashouBedewer>174830</zoileanCashouBedewer>
      <purely makarRousant="bracteaPresoakHecuba348">
        <titledAsaphNostril>827952</titledAsaphNostril>
      </purely>
      <zirai mokeWrapleJapygid="isobare" fleasPiceaEspavel="sacate">
        <corveesCrambleSleigh>squshyHenrys</corveesCrambleSleigh>
      </zirai>
      <holsomGossan blendSolatedPlugged="equantStot" stoned="smirks">
        <sheraniSemianLances>vinedDecaniPoor396</sheraniSemianLances>
      </holsomGossan>
    </rhodingPsychicOuthire>
    <lynnBrocageBegulf>
      <kookeryLotrite>6615</kookeryLotrite>
    </lynnBrocageBegulf>
    <buscarlStamen>
      <moarian>cepes</moarian>
    </buscarlStamen>
    <buzzWeedowSpilt jaziesBabbageFumados="drury554" dawtiesMenadicMissals="gnus210" russell="23019">
      <rotalMisacts>pullery</rotalMisacts>
      <elision>
        <threip>osmerus</threip>
      </elision>
      <cogmenChymist>
        <veep>unpickServusPrepn757</veep>
      </cogmenChymist>
      <nowadayCorach schemySpottle="bonded4" fatal="resweep">
        <waferGeumsPollist>unismFulica</waferGeumsPollist>
      </nowadayCorach>
      <unhopeFlymenBanian culbutCauloteCoof="ashilyFoll25">
        <ginneryDuel>yagisGovtWhaddie7604</ginneryDuel>
      </unhopeFlymenBanian>
    </buzzWeedowSpilt>
  </ampoulePoryProles>
  <lcaTabacin />
  <zappingContes camases="aggraceWaicuri" narwal="athanorToysGuiding" groundsCuppers="futureChekist" okruziZyrian="sapheadDimissSoar5559" />
</hypeBezoars>