<?xml version="1.0"?>
<nad>
  <peteYarkeeSmitter>
    <seguingBepaid>
      <creeseMiaow>fanger</creeseMiaow>
    </seguingBepaid>
    <cutupsBrinnyTract>
      <bragasAbsorb>stroker</bragasAbsorb>
    </cutupsBrinnyTract>
    <skiwiesFuriosa>
      <ovariaChakarNatal>spiltLingual</ovariaChakarNatal>
      <silenceSwept manakinJamshidYoursel="10226">
        <rusUnsteckAfrasia>wooingPedrailGroping</rusUnsteckAfrasia>
      </silenceSwept>
      <xanthinMasonryWinos>
        <ainhumOthake>untimid</ainhumOthake>
      </xanthinMasonryWinos>
      <polaccaUnvalue zamiaBriardsCabocle="8673">
        <grissenHauberk>studiumParsecPath</grissenHauberk>
      </polaccaUnvalue>
      <coholAsunderBahoo wimpler="withdawUbi" areolarMarbles="147443">
        <embrawnMuladiSiring>charredDump</embrawnMuladiSiring>
      </coholAsunderBahoo>
      <ricardoIlludeAlnager>
        <myophanBelate>7</myophanBelate>
      </ricardoIlludeAlnager>
      <mikra slakers="22476">
        <sagaman>analogs</sagaman>
      </mikra>
      <feffCreachSoget naskhiOutlimnLlama="untrustPosh">
        <subherdWansome>717677</subherdWansome>
      </feffCreachSoget>
      <kufiyehRealer opium="gleemanCuratorIndulin">
        <smytrieSubruleSmidge>nocktatExactasFirmed896</smytrieSubruleSmidge>
      </kufiyehRealer>
    </skiwiesFuriosa>
    <lathenVicaireOrlon>
      <poniesManics>hokumsYauping</poniesManics>
    </lathenVicaireOrlon>
  </peteYarkeeSmitter>
  <schoneCumbu ivin="oceaned" fleyMakoua="59318" pommageZincoidAgrilus="agazPotboy">
    <stickFawnyAnonyma>
      <fellahGoofingOvular>6157</fellahGoofingOvular>
    </stickFawnyAnonyma>
    <exudate>
      <capulet>benemptComingTwicet</capulet>
      <howdahCormsNeonate ferijeeFrocksChalcon="neoceneScopineOuteats">
        <ferashSinging>4152983</ferashSinging>
      </howdahCormsNeonate>
      <mixtion putouts="dunster">
        <humhumYanquisKelp>lacy</humhumYanquisKelp>
      </mixtion>
      <inlayStyrian>
        <emodinAntiars>gluttedMattinsDentel</emodinAntiars>
      </inlayStyrian>
    </exudate>
    <gatewayColleyHooves>
      <inductEricius>kivasBibiruBosomed</inductEricius>
      <recharUnhelms resackVenada="125072" sapidAccess="burmite">
        <jutty>spavinDormsUnwinly</jutty>
      </recharUnhelms>
      <heehawsCycases copouts="jovyColds31">
        <dandie>4648034</dandie>
      </heehawsCycases>
    </gatewayColleyHooves>
  </schoneCumbu>
  <eerockUntunesZacaton yeta="congoSashing" peepySwivelBelong="pomelChalaco" upspear="gerateTaurian" branles="plurifyRearose" />
  <selinaOverwinLionne gomavelDauliasSubgod="polloiImpreg" olegSabeingHummum="baskerMergus" cooWorded="suzy" tambuki="costPaepaeTerbia" />
  <peluTweakyRigsby>
    <limbed>
      <coccic>72</coccic>
    </limbed>
    <wart jessicaShrinesVolapie="ballow" uniateManta="baris4" flirtedJewry="punjumTucanaSlewer">
      <mysoreSwack>parsleyRefootPalette92</mysoreSwack>
      <locatedNubbier aphemiaEserin="wielderOrae">
        <podgierCosiesSpouter>exempliCariamaPhasmid22</podgierCosiesSpouter>
      </locatedNubbier>
      <diableCress canuck="tunalScarmanGoo">
        <braccioBlancsEndnote>ricecarSekane</braccioBlancsEndnote>
      </diableCress>
      <queyAmoksEmeute piquetsSwear="jacobinRubbled" fumets="mantidsKaas">
        <gujarEbcd>477452930</gujarEbcd>
      </queyAmoksEmeute>
      <soldadoAsylum morionVax="1308">
        <chantyDenials>traliraFounce2895</chantyDenials>
      </soldadoAsylum>
      <paring heptaceHacksawResail="timbresApteral" bulgurs="savery">
        <whuskie>elatesTiturel</whuskie>
      </paring>
      <prixBestrid gaulshNemaWhirr="99485622">
        <uphealDufterLysogen>pyruwl</uphealDufterLysogen>
      </prixBestrid>
      <sextonUnmadeCrusca>
        <meriterFlamAbide>17317</meriterFlamAbide>
      </sextonUnmadeCrusca>
    </wart>
    <squails rorippaHimaAcron="awinBogfernSweat" sporidDuoleJan="tootsWigherAcumble">
      <emotesUpbyPeg>classesAnubinIpso</emotesUpbyPeg>
      <servileMaius>
        <whigged>pencilUncolyCarites</whigged>
      </servileMaius>
    </squails>
  </peluTweakyRigsby>
  <bushpigDiacle stagerKele="dirt" />
  <organumEuxinePower waddie="301384871" oeci="rompuAskariClarist">
    <midsAmbashRewater>
      <davySarra>recentPrower</davySarra>
    </midsAmbashRewater>
    <ripoffOgmic>
      <visageIddhiTari>bandedCaiques</visageIddhiTari>
    </ripoffOgmic>
  </organumEuxinePower>
</nad>