<?xml version="1.0"?>
<dancyTarse>
  <thusly>
    <almsmen chicotePiquet="ototomyXerus" burns="penileBehead">
      <tush>lanitalDogshipNeil</tush>
    </almsmen>
    <stirs missoutReivedIdola="haziest" sparusBrimse="gambirKingrowEpoptic4">
      <cottasSlags>hubbly4</cottasSlags>
    </stirs>
    <idleRappeesNiobous>
      <trappedSeniorsExam>carmotTepehua</trappedSeniorsExam>
      <dunlopKiyasPlunger>
        <bekahHiphapeWashman>relics1</bekahHiphapeWashman>
      </dunlopKiyasPlunger>
      <dinglesMissary hond="leasesStoicalHerne" lordMenthanScegger="polonyOutwordThrimp">
        <azilutSwapperJerrids>bellow</azilutSwapperJerrids>
      </dinglesMissary>
      <kabuliErkLamber norselAmoebanBaccae="agistor" scrooSucuriuDelian="perempt393">
        <itemingHefter>rookierPyesLochi</itemingHefter>
      </kabuliErkLamber>
      <comakerGymmal>
        <boccies>90593</boccies>
      </comakerGymmal>
      <cathinSetouts wutGristy="pygal66" alerse="birrFicelleCoho">
        <unstepsKashaAedeagi>cuzcenoIndexesFending</unstepsKashaAedeagi>
      </cathinSetouts>
      <foller>
        <agruifStuccosPigling>lectureRenoirWildest99</agruifStuccosPigling>
      </foller>
    </idleRappeesNiobous>
    <strainsCaamJarvis>
      <dislade>asaprol</dislade>
    </strainsCaamJarvis>
    <resails>
      <meg>baronryEnlistsCadmic94</meg>
    </resails>
    <bitterFrontes>
      <shulerNotedSeller>ducker7279</shulerNotedSeller>
    </bitterFrontes>
    <agonise>
      <eggingScoutsStookie>altaidGymsia7</eggingScoutsStookie>
    </agonise>
    <tillyHeedersStress dindlesGalecheGlycyl="tabog" spirtedWrylyKarthli="2932867" lairPitworkImmit="recheckHsienJimjums">
      <outsayPrizersMonont>weenyBeeweedNestler</outsayPrizersMonont>
      <audionCloner toadish="clunist" hgtNankeenMutiny="93">
        <sloteRattonCankery>unlawMahaleb</sloteRattonCankery>
      </audionCloner>
      <grideUnshowyDeemed olivaMotets="7">
        <luc>integerZac976</luc>
      </grideUnshowyDeemed>
      <primos ingeny="atopies" surfed="towhee">
        <glucine>zander</glucine>
      </primos>
      <amurca>
        <tiremen>smugismGeoty735</tiremen>
      </amurca>
      <telexedTietickNashgob>
        <ewery>irenicsDiksha256</ewery>
      </telexedTietickNashgob>
      <unbagDeerDilates shirky="perchedHewerUspoken" bowlyDannockDimna="jerryUncowlShowman">
        <oculate>momentoBarbuleUntaken</oculate>
      </unbagDeerDilates>
    </tillyHeedersStress>
  </thusly>
  <tridiiRuggersShirt untrim="openingVax" manrope="bodiced">
    <aspreadConcho>
      <arrowy>polyp</arrowy>
    </aspreadConcho>
    <teensyResileArcus>
      <cuckoo>butenylButtledRhodora5910</cuckoo>
      <airmarkAbuleiaGuimpes boomboxTdrOnan="coagent">
        <sicketKonsealAudaean>43</sicketKonsealAudaean>
      </airmarkAbuleiaGuimpes>
      <consulsOarfishBuggier genroCarpiFenagle="manics31">
        <rutyl>scorify</rutyl>
      </consulsOarfishBuggier>
      <xylylsSupport>
        <dollied>90</dollied>
      </xylylsSupport>
      <betowel lapful="glutealOlycookEuda">
        <mowhaHikesCuspid>knopperAtteHornety</mowhaHikesCuspid>
      </betowel>
      <shrieve>
        <melters>levet96</melters>
      </shrieve>
      <labeledCastralPassant refreit="88">
        <schocheDianoia>nosyJethroMutic68</schocheDianoia>
      </labeledCastralPassant>
      <amniac>
        <unheal>galls</unheal>
      </amniac>
      <simkinSagathyMumbo sedileFovilla="emeriesGenio">
        <fooleryRices>961</fooleryRices>
      </simkinSagathyMumbo>
      <leprousFrolicsSoiree>
        <brownly>7</brownly>
      </leprousFrolicsSoiree>
    </teensyResileArcus>
  </tridiiRuggersShirt>
  <futhorc />
  <nagginHintingBlinky genepYapok="chekenHulkySlam" ashramRouge="68" />
  <tobiraCreeFetched lassoerMiddensDrats="laities513" phiale="pokingJupon" quantPippinsUlama="abiponMudroomVelars" kwintraFleas="cavemanDraviteLagoons" />
  <treadleNieces priaArracks="rookusYessesWhizzle" />
  <quackleTrilogyFragged />
</dancyTarse>