<?xml version="1.0"?>
<kneaderLaighsAmbaree>
  <maritaEnneads dermicWatherIncurse="ganch8161">
    <sachemGuapenaJehovic sambursMopishKiho="fiscalsAsteer" awestHemlineTroppo="42188" cuttingWhomGinnery="livethGildingUncloud1539">
      <styanInfilmPetrosa>ulamaTarocs</styanInfilmPetrosa>
    </sachemGuapenaJehovic>
    <enalite blentGedd="gater7">
      <bdellid>preageJuggerGammon</bdellid>
      <pentolSurgeOutrick then="sudsmenSmoot" proasSettersCullay="shrimpsTabletsSwingel">
        <externYoruban>outlead</externYoruban>
      </pentolSurgeOutrick>
      <lathierSorghum how="pikaMellic786">
        <guidonBonus>ohioan</guidonBonus>
      </lathierSorghum>
    </enalite>
    <dalliedFungoid worseAbaser="468985" chud="willowy" squamaeUnsuit="4216089">
      <netwise>342294797</netwise>
    </dalliedFungoid>
    <shrinedCartier>
      <resoles>strickSnowilyMucaro859</resoles>
      <wychBullpen ganguesMakars="ilkane">
        <bullingSpurrey>amebaYouzeQueasy</bullingSpurrey>
      </wychBullpen>
      <funnels>
        <plaices>elativeTurningBaas</plaices>
      </funnels>
      <sortiesCladode reverso="guffsClyerLobatae" deductManlingGoony="caromsIrkingBridals">
        <flaucht>afd</flaucht>
      </sortiesCladode>
    </shrinedCartier>
    <argoanWasters>
      <unpope>chalkosEntalTatou51</unpope>
    </argoanWasters>
    <luhingaCramblyQuokkas>
      <cubera>annSwiften</cubera>
      <congedRadiale ephetae="raunchyEpicure" zambiaCathryn="zonesPyal">
        <linje>548</linje>
      </congedRadiale>
      <thawerShoofa tuteleHokiest="thickWasatch">
        <budgieBreads>94556</budgieBreads>
      </thawerShoofa>
      <neaten>
        <pepsinTightly>wilfulCocket17</pepsinTightly>
      </neaten>
      <blakeBielby dromeBeefUnrein="wosome">
        <hurrahsToucher>lamentUrledCertif</hurrahsToucher>
      </blakeBielby>
      <cestus>
        <ramarkThrift>ignavia</ramarkThrift>
      </cestus>
      <gibAbsey messias="activesIncites">
        <absurd>daysman</absurd>
      </gibAbsey>
    </luhingaCramblyQuokkas>
  </maritaEnneads>
  <bubs instore="bilders" fillsBaffAdnouns="250963" />
  <ballanBewashFroom concordUnspikeNagger="triariiApexed" hoddins="relatchMirroryBloat" />
  <yockRundiGonofs kneziTiffany="ahaHurried" adamite="begarHarpago" hasslet="gatemanAcids" pioneer="yondTomboyJudaize">
    <picinae dendricSinapisPaintry="enurnyPotters" forhow="ogtiernTrisulc">
      <buttesNippled>dirigeCaster</buttesNippled>
      <varechBootboy verbifyAblet="beginsBiofog" ejidoAtomyGroat="maegbotReheelsSchnoz667">
        <willowyBalche>adfroze</willowyBalche>
      </varechBootboy>
      <jag hamata="scruffyLeadway">
        <sparusLanaoChapon>hygeiaAbandum</sparusLanaoChapon>
      </jag>
      <animeGibbalsPrelaw>
        <burger>41325</burger>
      </animeGibbalsPrelaw>
      <pushersHotboxDeair finsLuraBender="fetidApterFastly">
        <dolmenEmporia>tetricKerslamRyme</dolmenEmporia>
      </pushersHotboxDeair>
      <morusGratia glucicMiscRekeys="reshow">
        <warish>housyTweeshtPorkpen</warish>
      </morusGratia>
      <pomp>
        <colesBassonNymphic>begallsHematin</colesBassonNymphic>
      </pomp>
      <sayings lunetteMolas="zeuxianVaudois" cotylar="bloopedGracerFacks">
        <poulter>reportRelinesAlares</poulter>
      </sayings>
      <flowed warnersCasteth="bac">
        <hookum>aptZingana</hookum>
      </flowed>
    </picinae>
    <urtiteCarlotPoddle>
      <abearBredBecomes>boult</abearBredBecomes>
    </urtiteCarlotPoddle>
    <cessedStitheFunster eponymsReearns="theat">
      <sethian>passagePrisal</sethian>
      <crivetzAulete flaserMondo="95896">
        <saprine>volleys</saprine>
      </crivetzAulete>
      <sixthsIncide>
        <rates>skippedRameal</rates>
      </sixthsIncide>
      <unheal freathAetherMuang="killTestbedKisang801">
        <stasisZest>alcladCriniteRetied2</stasisZest>
      </unheal>
      <bunsenGumpYazata yirkFlustraOlearia="noisilyWidows" onymal="thonderMarlaTurkeys37">
        <rasersUpcheer>tecture</rasersUpcheer>
      </bunsenGumpYazata>
      <acerata>
        <quaggyGagmanKooka>unputBabesia</quaggyGagmanKooka>
      </acerata>
      <call xylariaTroadGome="slavedReich" unwindyLeadout="newing3386">
        <wackierBirt>karmicXiphiidConning</wackierBirt>
      </call>
      <itelInulaTolt>
        <sitientRicheMutably>trisectRoquesGourdy</sitientRicheMutably>
      </itelInulaTolt>
      <cocoonsEggcups parody="bahooKraaledSquishy995" botonee="gaggerSweated">
        <citral>343084</citral>
      </cocoonsEggcups>
      <mick hurlerCygnineKlva="957419">
        <lakierAmant>2299</lakierAmant>
      </mick>
    </cessedStitheFunster>
    <olegEnduros shinto="guayabaFuroreTortrix" billowContoTwoling="seld2527">
      <bifilarTutwork>studentAbandum</bifilarTutwork>
      <aeroseSaultsHuffing>
        <lucombeGhawaziSpook>binningSilagesRechart</lucombeGhawaziSpook>
      </aeroseSaultsHuffing>
      <adobesMailboxYava guelfDrudgedBibliog="arryComoid">
        <xeniasHastedJubilee>garava</xeniasHastedJubilee>
      </adobesMailboxYava>
      <prickyFlexuraGuddled omanderGerming="taiahaDecrownDiurna">
        <ceraGeratic>tcawiPanes</ceraGeratic>
      </prickyFlexuraGuddled>
      <outdoneDorminsNome cystousEpopticBrats="nilChigoes" buriatKiekie="rheumic">
        <luting>fideism2</luting>
      </outdoneDorminsNome>
    </olegEnduros>
    <charcoChurripDjerib rondeau="liraRasters" lorumCowriesCookish="zendoArar2427" retameQuickenPoppean="umblesClombenBullate">
      <dallierSorex>athanorFurmetyCornier</dallierSorex>
      <shisham>
        <sozzle>ylem4</sozzle>
      </shisham>
      <glasserKalmuk sairyNohexPiupiu="cultishAlluredConfute" pruntExclamGaypoo="mankGawRecant">
        <benben>cluckyDorisNeut</benben>
      </glasserKalmuk>
      <diciestAcylTript redoutOutdure="rikshaQtam">
        <angaraGesteUppity>dowsersIdlemen</angaraGesteUppity>
      </diciestAcylTript>
      <litatu tassCaller="harrowsSememicTyne9">
        <mangleMahdistSchelly>carboxy</mangleMahdistSchelly>
      </litatu>
    </charcoChurripDjerib>
    <agyrateManicon>
      <tropineOarfish>twosSolKitcat</tropineOarfish>
      <rerivalDowfartChoy>
        <formatWifock>bedells248</formatWifock>
      </rerivalDowfartChoy>
      <vaginaeDunksFino>
        <tricingCumidinDazy>605764824</tricingCumidinDazy>
      </vaginaeDunksFino>
      <beduinSnifflyTiento marquis="hiodon" enniche="zend">
        <excludeLavash>testeLaulauDealate</excludeLavash>
      </beduinSnifflyTiento>
      <yakking svelte="4" sneesty="4781">
        <adradGanamReleivo>grecian</adradGanamReleivo>
      </yakking>
      <soonly>
        <acton>becrawlMarredCesural</acton>
      </soonly>
      <retile washedArrive="94592281">
        <astrer>warl</astrer>
      </retile>
      <sockedHumeralFaithed okinawaCollis="obsedeRouthy992">
        <guibaHinter>jujube</guibaHinter>
      </sockedHumeralFaithed>
      <swived sings="eyeletAhead">
        <stairedDoating>joggledCrashed</stairedDoating>
      </swived>
      <nincumRouerie venireNosingsGinzoes="bledRawnessCycl545">
        <topesRapier>alogia</topesRapier>
      </nincumRouerie>
    </agyrateManicon>
    <rufflerSeamenFixate>
      <misfateSniteForth>nibble805</misfateSniteForth>
      <toured ansated="embrowd97">
        <paisano>asdicsDiscostOphism</paisano>
      </toured>
      <tambalaSlakers>
        <mandolaFetas>louseMalter</mandolaFetas>
      </tambalaSlakers>
      <unbentMalleliGisant cause="83196">
        <sossle>hittingIconic</sossle>
      </unbentMalleliGisant>
      <elonHylePaauw tubikFusc="cauqui">
        <olesBaja>44</olesBaja>
      </elonHylePaauw>
      <gigunuNagmaalOarlike rasantMortals="sultanBemoans" duredDiedralGrads="chalahsShrikes">
        <renvoy>carlotLethal</renvoy>
      </gigunuNagmaalOarlike>
    </rufflerSeamenFixate>
    <blanchi>
      <flammedRobbins>prizeAsgardDecors</flammedRobbins>
      <koosinGerated barundiPulpitAgnosis="sneesty" poetiseChafferDart="349920">
        <caabaHellene>dea</caabaHellene>
      </koosinGerated>
      <sweller alurWank="gobbyClerkedRiskily88" mapauDispair="1415903">
        <melchHammockAtmos>3338</melchHammockAtmos>
      </sweller>
      <oolithLakedTinsman>
        <aymoroDrossed>outmostDisknowGlobule</aymoroDrossed>
      </oolithLakedTinsman>
      <jaybirdVeinyDareful nimiety="5">
        <coalifyHulas>viaBabassu66</coalifyHulas>
      </jaybirdVeinyDareful>
      <contexThreaps>
        <sool>ethrogsScriptGruf</sool>
      </contexThreaps>
      <caving>
        <raddleWadmalKeuper>mohegan6</raddleWadmalKeuper>
      </caving>
      <magics tackingGlyph="niellosSatiricBatz1" ashcanWise="wilsome">
        <coderBridged>947375</coderBridged>
      </magics>
      <hundi chays="1816">
        <brensKroons>bannutUirina728</brensKroons>
      </hundi>
      <vanirFordBewith luesVastateRetain="syrphid" acnedHayloft="smewsSutler">
        <zoqueanZimmyAbacay>ikanArcoseMeldrop</zoqueanZimmyAbacay>
      </vanirFordBewith>
    </blanchi>
    <neer beehiveIdiotcyReefer="548057" goerSultany="sagasAsouthSaxe" rowtedDrabbet="ghylls">
      <benzoleSwiftsKas>turgentAngo</benzoleSwiftsKas>
      <oicksJesuate>
        <taneKenafs>ajaxAtrial9969</taneKenafs>
      </oicksJesuate>
    </neer>
    <pottyHitchesChangar>
      <negaraPeropusPlayas>hostedDribAntar</negaraPeropusPlayas>
      <akawaiHopbineGelosin circutsBotony="cameliaTittlin">
        <bywordSquishyKemp>unoilDicingToga</bywordSquishyKemp>
      </akawaiHopbineGelosin>
      <henceGeegawsSeton sandbin="tumbeki">
        <bundles>dhootisBowyer</bundles>
      </henceGeegawsSeton>
    </pottyHitchesChangar>
    <profileObispoRefront>
      <therms>plagueyBrodder</therms>
      <vouchor ensaintBatinoWanton="charges2">
        <wheetleDrouthy>poliadTempura</wheetleDrouthy>
      </vouchor>
      <wiggeryDojoCasebox>
        <quichesSmectisSloosh>81186</quichesSmectisSloosh>
      </wiggeryDojoCasebox>
      <joggly veining="rescrubUpwarp" zoneWigless="zills1504">
        <lythrum>boggy13</lythrum>
      </joggly>
      <graip>
        <gata>670</gata>
      </graip>
      <creachDrossyFuzees unheavyMainlyAweel="halutzBlooped">
        <leucite>227630</leucite>
      </creachDrossyFuzees>
      <tweedySwabber obeseLovely="cenoteBunArrand" derivVolingDoub="cowbaneDanaideResplit3">
        <tessaraTagetol>amastaBruleeTardily</tessaraTagetol>
      </tweedySwabber>
      <glee quakeryMicahAnnoyed="duan">
        <eastmanKetenes>334380709</eastmanKetenes>
      </glee>
      <gagmanStolonSkeeing>
        <eolithsUpdoDhootis>eyebeamFenrir</eolithsUpdoDhootis>
      </gagmanStolonSkeeing>
    </profileObispoRefront>
    <tabanidPhytonApeek>
      <ghyllVolte>miensBessyWhew</ghyllVolte>
      <pepinosChorded pedalLoses="svabiteHeeders" fuehrer="sirrasAlgores">
        <typonymCricoidVermil>unbornKippin</typonymCricoidVermil>
      </pepinosChorded>
      <sagasTanselPointal atresyAvivesEscopet="ffaScroff" missed="smudgedSleavesTrifoil9573">
        <luces>puppetsOutswumTilters</luces>
      </sagasTanselPointal>
      <bubbler witheResaw="erasureEnspellChatted57" prising="68094">
        <tormina>eleutResweep</tormina>
      </bubbler>
      <acanthOntKnyaz acaraRankle="harier">
        <overage>acrab</overage>
      </acanthOntKnyaz>
      <comismSenAxinite>
        <buildsBarba>85445</buildsBarba>
      </comismSenAxinite>
    </tabanidPhytonApeek>
    <uraFarcied>
      <rustful>won</rustful>
    </uraFarcied>
    <persesSatsumaStory fylgja="aurore">
      <watchedPeshito>notableCringesBarman</watchedPeshito>
    </persesSatsumaStory>
  </yockRundiGonofs>
  <thrutchMiswire sandbox="outnessReagree" pinner="prevue">
    <kidnaps>
      <estrusRoeyLeanest>trophicMuted</estrusRoeyLeanest>
    </kidnaps>
  </thrutchMiswire>
</kneaderLaighsAmbaree>