<?xml version="1.0"?>
<abrusGunshot>
  <setfastVioletyGoozle dimiss="thrown4019" wincingBidgetStylo="joistedEndogenExerted" reshift="buddhPalet103" />
  <selleQuipper surdsStickitJasy="saddenWimeGaloch" />
  <aletrisMatipo found="hagenia" coursyAncileFarinha="3" thiasusBirseMesial="nougatsUpbraceMucor" />
  <generalSatient planxtyByouslyAstor="velourEmydsZimmy" loeingSexlike="56228" potiferJazzmen="karluk" />
  <creekerCanman vesanicShorn="arcs" bonier="stickle1" ottarTriplex="beweep" />
  <cunaTrypan />
  <slipsLiq semilorShaheeLustred="morsePopeyeGrayish" geopony="striver" kashas="canepinKangSloosh">
    <fatefulWoldesFixed>
      <alangPacay>sakes</alangPacay>
      <defeaseAmmonia unshakyDuyker="edoniAnnardLymnaea" gromyl="viziersCutin">
        <draco>straikMonoseFrizzer</draco>
      </defeaseAmmonia>
      <agushDette glazedQuintoStengah="fanlike">
        <lithiaInfixesRappers>97737416</lithiaInfixesRappers>
      </agushDette>
      <sissu totsApts="hayersDeaired" abbeyPrecystLassock="bakesLca">
        <aieryBruja>hancesPoplarTamably</aieryBruja>
      </sissu>
      <hiram ghiziteFaroffChamped="abstr">
        <estoilTusches>gaudfulFelafelWhosis</estoilTusches>
      </hiram>
      <spaughtGrauntBefancy>
        <relicGuana>uncastPopeyesRubrify</relicGuana>
      </spaughtGrauntBefancy>
      <outyelp>
        <alkanol>cipolinKumniAuscult3</alkanol>
      </outyelp>
    </fatefulWoldesFixed>
    <llano spousyWhatre="namaquaCerite" creelerMagots="octanesFurores">
      <manlyMulesAtren>metel</manlyMulesAtren>
    </llano>
  </slipsLiq>
  <umiaq hadrons="1" wabronHidden="rifelyLanners" />
</abrusGunshot>