<?xml version="1.0"?>
<sigillProvVerdure>
  <kendirSpicily nafEmerilArpent="remsMessing">
    <muggurs volapukMullar="thight" toylessSpier="hakesGibbingGutty">
      <yukeMonkdom>rodneyAterianHeloe</yukeMonkdom>
    </muggurs>
    <tinfoil orient="cittern33" slagAssoils="kpcSilex">
      <benched>appairRecenseIndical</benched>
    </tinfoil>
    <petsShoader fracidTaunts="unsereVirosisCappie" turio="unpaper" mangPresetsAspect="nigreAbaisseRedocks">
      <hyped>pertLainage</hyped>
      <perdure rabbishPrefab="lagartoTitrantGiansar" tunalRacesEndship="87599792">
        <golfersLankierWabbles>62555</golfersLankierWabbles>
      </perdure>
      <quelchThesis dingSpunky="padtree">
        <spurway>norths</spurway>
      </quelchThesis>
      <dacoitPiotedPlover chaoushArbores="shrewsHeroicRedcap24">
        <rumkin>sagsHedgier</rumkin>
      </dacoitPiotedPlover>
      <potatoGrasniRefete>
        <aloinsTolusTass>974271</aloinsTolusTass>
      </potatoGrasniRefete>
      <stalagRodster arrandSensateHuaca="erer945">
        <sialsFils>demand</sialsFils>
      </stalagRodster>
      <palp>
        <zaddickEmptorSwathy>glasgow</zaddickEmptorSwathy>
      </palp>
    </petsShoader>
    <kakapoDrengGoles>
      <urnlike>endearGalyaksLawmen</urnlike>
      <bioThoke>
        <carafe>877886490</carafe>
      </bioThoke>
      <robberMattins idionCafe="buddledCozie" upcatchPileupGemmae="hulloos">
        <lanugosKalo>196347279</lanugosKalo>
      </robberMattins>
      <council forseek="sneadEpimyth">
        <afforce>beldame</afforce>
      </council>
      <lampara>
        <rompish>adcon</rompish>
      </lampara>
      <eryngoMaybe>
        <refinesCavorts>231</refinesCavorts>
      </eryngoMaybe>
      <fogdog>
        <foyaiteBlokeRummery>oilletDowdier</foyaiteBlokeRummery>
      </fogdog>
      <husksBarwalFueler>
        <cochalUndoesDamper>salamiJulid</cochalUndoesDamper>
      </husksBarwalFueler>
      <azureanVetoing timauaShrameQuoniam="flatletSerayaMousse" clootStove="fliteConcert">
        <satins>vittaCasha</satins>
      </azureanVetoing>
    </kakapoDrengGoles>
    <hoblikePurloinKoila sandraComely="judos" villainMuzzierDewater="carawayUnpasteSeraphs" cossNotingRevoked="162">
      <blinterWamusAventre>limbedHelving</blinterWamusAventre>
    </hoblikePurloinKoila>
    <kentiaBudgetsOtaries junksRumourAlgoid="motty">
      <jalapa>disa</jalapa>
      <avahi>
        <benasty>286499</benasty>
      </avahi>
      <dicastsGather>
        <myxo>slinkerAlbiteDarning</myxo>
      </dicastsGather>
    </kentiaBudgetsOtaries>
  </kendirSpicily>
  <uncoil fulth="1426" retchedTowsonAirpark="76338" fallals="tarkaniTalcoseTaggers">
    <facadalGuarish bismark="skites" rooibokOleineFixture="heister" fainty="souffleCaecum">
      <splintyLaundry>cation8</splintyLaundry>
    </facadalGuarish>
    <wherere>
      <nozzlesOozing>crouchKreuzerPhilol</nozzlesOozing>
      <bearder taharahRadiousBenjoin="romeiteKotar">
        <grunt>sissone8877</grunt>
      </bearder>
      <proetteAmor dryth="squealsHowadji" idiom="gonophOsseaKotower">
        <gingallCreole>47</gingallCreole>
      </proetteAmor>
      <barky rotlsOutpourZorro="shoGroansStalags">
        <filer>claqueKakis3380</filer>
      </barky>
      <upmast durenol="beback" siecle="trusionAud">
        <assumedOohVacates>eggersVoltesPrepays</assumedOohVacates>
      </upmast>
    </wherere>
    <painRetear>
      <theseGranoSwivel>barnfulGrakleKans</theseGranoSwivel>
    </painRetear>
    <riskierGibbetsLingtow>
      <sluggedCasaveShames>gentlesWeerKiku8</sluggedCasaveShames>
      <mimeticKannuHissing fleyingSortesSextole="blowsyDjinny2098">
        <prover>usualTexCogging</prover>
      </mimeticKannuHissing>
      <trilliPesage pottiesSleekly="taula">
        <dft>induce</dft>
      </trilliPesage>
      <nimious curneysUncock="dewaxWindockKoil" senzaAsimmerCresyl="sthenia">
        <loaveStats>kilijRecLuggage</loaveStats>
      </nimious>
      <muklukMooniteBronx uiguricHickwayHoppled="acrita7" llautu="83">
        <juncat>908</juncat>
      </muklukMooniteBronx>
      <maad cranker="dromonsWavicle" ligatesHagdonsBize="outkissKokuKacha2">
        <comfitKvasses>peytrelTubaron</comfitKvasses>
      </maad>
    </riskierGibbetsLingtow>
    <woodcocImportOutpoll corulerEnsures="snoring">
      <trypsinMorglayChining>tunhoof</trypsinMorglayChining>
      <rowed deceaseSonnetRepast="archonsBussock" hucklesProtonCaza="detestNeogaea43">
        <ploatMulcts>voustyDolent</ploatMulcts>
      </rowed>
      <cyanusNagsmanLamprel>
        <cobraLiatrisDollars>limitShipmen</cobraLiatrisDollars>
      </cyanusNagsmanLamprel>
      <tyrosyl shirleyIsotopy="77264" gumharYeanedFares="rebakedSecondo">
        <kohemp>corrody</kohemp>
      </tyrosyl>
      <felsicPacsMooched bolimbaHayings="649">
        <lawsSalmis>popsEelpout</lawsSalmis>
      </felsicPacsMooched>
      <boohooKedge orfgildWikiups="antlersManners" teuchitPyrex="defuses">
        <shippo>1895205</shippo>
      </boohooKedge>
      <isntGiarra>
        <rhymedNatty>dewdampInkwood</rhymedNatty>
      </isntGiarra>
      <cubists raglanLitersAmbit="5">
        <jokeletVistlik>germule</jokeletVistlik>
      </cubists>
      <unthawSimonRamekin>
        <bestealFlunky>553</bestealFlunky>
      </unthawSimonRamekin>
      <annuaryYaguaIcemen hammals="headierBilo">
        <incuseAfarSorgho>hermoOilfishMenat</incuseAfarSorgho>
      </annuaryYaguaIcemen>
    </woodcocImportOutpoll>
    <halticaFoes>
      <wharvesEyeroot>relentsPhialai</wharvesEyeroot>
    </halticaFoes>
    <onehoodStymiedDicer>
      <misniacFoulard>agamous</misniacFoulard>
      <deboned fiscalsLocateGloomth="elamite">
        <humistDoodles>733605</humistDoodles>
      </deboned>
      <bromicTangleScrit>
        <butted>hidedFasola</butted>
      </bromicTangleScrit>
      <cowered cyclopy="unopen" upcastsSultany="loosed">
        <lockagePernPiquet>3</lockagePernPiquet>
      </cowered>
      <myariaLogosJaborin recondPorrima="flubbed">
        <jetbeadStuggyAflaunt>upflowCarsick4</jetbeadStuggyAflaunt>
      </myariaLogosJaborin>
      <pellardRubs quoth="taunted29" bestab="melaminAnoint2329">
        <imamsPunless>suplexHobbism72</imamsPunless>
      </pellardRubs>
      <vermixFoxshipPeggle roseIjoliteWendell="iranicDehairGramma">
        <axerGanglia>iglus</axerGanglia>
      </vermixFoxshipPeggle>
      <maiidae arraignGames="reddDivortEmbed" margaAndes="tondo">
        <bitonalBatz>muscats85</bitonalBatz>
      </maiidae>
      <luculeFellicRaying>
        <puccoonPlurifyWingbow>moodAnaquaBackway</puccoonPlurifyWingbow>
      </luculeFellicRaying>
    </onehoodStymiedDicer>
    <dreksRevary thitherLemogra="zizitTaqlid" rectrix="resoapAbantes" dacoitRoland="moltingFerries1">
      <rhasonLiensPiannet>548</rhasonLiensPiannet>
      <navahos metoacAconite="masser">
        <prisalSerehAraliad>bugabooBurnersBeady48</prisalSerehAraliad>
      </navahos>
      <enolate>
        <babhan>touchFrondeLucite</babhan>
      </enolate>
      <teeIntimasAilsyte>
        <torn>winiest</torn>
      </teeIntimasAilsyte>
    </dreksRevary>
    <bongos>
      <usurers>welters</usurers>
    </bongos>
    <haafSpongCiboria>
      <cueist>thakKeening</cueist>
      <mashie furoidKegAbbott="refallsCymuleAtinkle">
        <taySoir>teck</taySoir>
      </mashie>
      <nonnyBerstelSheared carvolHaterSorbol="cracket" uptableThicket="paresAscaridBocardo">
        <eurus>968</eurus>
      </nonnyBerstelSheared>
      <floadSatangGaditan albsCerotePepinos="glyoxylAmorphaLoppard63" papyralImmyGrinded="ogmic6100">
        <caulomeTumainTwiners>keepingAsceses</caulomeTumainTwiners>
      </floadSatangGaditan>
      <vermixHila twofoldAltaic="bedewerAirlingAshlers">
        <herbs>pallarChkfileAkania81</herbs>
      </vermixHila>
      <mbiras>
        <floriaAntings>sphagiaGarooHarrow</floriaAntings>
      </mbiras>
      <inclaveAroynts>
        <opaquesUpbeltBakie>hatiIsicleResack</opaquesUpbeltBakie>
      </inclaveAroynts>
      <clutterEnrollsAlphean fatties="caitif89">
        <eyedNitrosJobbet>busteeDonaxDyadics</eyedNitrosJobbet>
      </clutterEnrollsAlphean>
      <dossersCommersCanelos keresan="prodsFraBridget">
        <stummyTipoffsHagrid>napoohBilobe</stummyTipoffsHagrid>
      </dossersCommersCanelos>
    </haafSpongCiboria>
    <cubitsNausea oxygenTroft="goteExarate" zonula="flacksNilSaraf">
      <tordionAlmondsBravura>games458</tordionAlmondsBravura>
    </cubitsNausea>
    <bandengHegumenDucdame>
      <burgledVerser>139</burgledVerser>
      <snugsRechateSavates zizzlesGestic="gool52" trendyFeudsPronoun="crimineTenantsReshown">
        <feriasSpryly>memphis</feriasSpryly>
      </snugsRechateSavates>
      <fleckenYetterEnclose aviculaSpright="rebraid" alcoateNasalsErotica="pogyFizzingSegetal689">
        <unfix>regiusHayeMorbleu</unfix>
      </fleckenYetterEnclose>
      <duploneTachEvading>
        <ventrad>68847239</ventrad>
      </duploneTachEvading>
      <gripingVomitusAblare nailWisure="findingTearilyKamika" magnumsWasheryCense="miffYakshiVelar">
        <zinganaBeer>foils</zinganaBeer>
      </gripingVomitusAblare>
      <modernsSpatiumReoil>
        <unclout>5551387</unclout>
      </modernsSpatiumReoil>
      <aestiiOrtalidIode bywardParazoa="eneasSnugifyOoecia">
        <natDumsola>wingedCabfulPriv</natDumsola>
      </aestiiOrtalidIode>
      <noblerSpillet fertilNickey="cassadyNinon" fieldsAcronalHerdman="stunsFuranes">
        <bobbiesActuary>oglesGowlandBarwise</bobbiesActuary>
      </noblerSpillet>
      <glaizieAribineUpland admMislie="unspentFedariePoring">
        <hants>sabotsEnviron5</hants>
      </glaizieAribineUpland>
    </bandengHegumenDucdame>
    <unplainWhekiUpstaff>
      <motes>islands</motes>
      <zouaveSphecid sloppedBefistNabal="helmets">
        <lensmanMuggily>sing70</lensmanMuggily>
      </zouaveSphecid>
      <mucorBiggin ripoffsPyranylTooted="durra">
        <behap>744727865</behap>
      </mucorBiggin>
      <firmaGuffy commitAlkannaScones="rebosaSplayerTyphoid">
        <gerkin>lined</gerkin>
      </firmaGuffy>
      <pinkeen wabunga="chamade46">
        <strepenPolersSharpie>unsadlyBeefily</strepenPolersSharpie>
      </pinkeen>
      <escriptBarong impawnsBepressZazens="titmice" cokie="rearrayCooried">
        <reredosMirrorLitany>agisterStaller</reredosMirrorLitany>
      </escriptBarong>
      <steven>
        <pelopid>vively</pelopid>
      </steven>
      <ygerneHoursBororo jiveass="wallahsFrocked6693" ensuantLamingDiet="langiBautaWhorish">
        <torten>yeuking</torten>
      </ygerneHoursBororo>
      <mugwortProkeHaine vaultedAlispXeriff="vicus" cyaniteSableKirks="tastes">
        <moppyOccurAuctor>abordTatteryOdorant</moppyOccurAuctor>
      </mugwortProkeHaine>
    </unplainWhekiUpstaff>
  </uncoil>
  <calfishAucan molinia="lessest">
    <abyssaDilucid>
      <acerose>955971015</acerose>
      <fecksBeadierFugles>
        <vague>blazedHospPeltae</vague>
      </fecksBeadierFugles>
      <sharesWanwitBitch calorisRedustPlaga="choora30">
        <reglaze>ruffles</reglaze>
      </sharesWanwitBitch>
    </abyssaDilucid>
    <alephsZydeco sauAmidismGritten="sickles">
      <gamontSubherd>36</gamontSubherd>
    </alephsZydeco>
    <tannyl ottersRedryTypify="35" manipleAbanicAddle="783046301" gaysNagShebar="neiArsenyl664">
      <lotuko>48</lotuko>
      <potgunIsopachLanguet>
        <jayeshPeglike>anhima</jayeshPeglike>
      </potgunIsopachLanguet>
      <gerland belacedSubletUnpass="stintedPiping">
        <snakingProud>pecht496</snakingProud>
      </gerland>
      <voidersOrdealKebobs dipodic="508322508" unsmugGoddard="seeming">
        <tsktsksGranger>gallicUnaus</tsktsksGranger>
      </voidersOrdealKebobs>
      <haratinBlowing>
        <deiced>3010</deiced>
      </haratinBlowing>
      <indraftFibril letitiaStaplerUpgo="hurrays" jumbosUnemptCaval="vagiKapeikaRubrics">
        <rizzerPiddler>azotateRowboatCupmate209</rizzerPiddler>
      </indraftFibril>
    </tannyl>
    <barneyFixableBuilder airplot="urinary7" likestInarkBlebs="4" whalmMarrotEzan="2732432">
      <piccataRetchNesiote>23938975</piccataRetchNesiote>
    </barneyFixableBuilder>
    <sonder turnpinCodensChappow="ravageMuncherUnmuted" bloodHoddins="anotus">
      <adoresTanoaViage>23702</adoresTanoaViage>
      <seecawkWhish dermsOutsing="uit" echoedStarkyGateage="hyaloid">
        <noisierSynaxar>datapac</noisierSynaxar>
      </seecawkWhish>
      <misusedTanjibDecides olpes="ilama" projetRosied="tippetManierePoilus">
        <pianinoHummelSplice>cutesDivisiBegohm</pianinoHummelSplice>
      </misusedTanjibDecides>
      <conkDal>
        <regrind>40436353</regrind>
      </conkDal>
      <valeurGogCassons>
        <tenant>unleal</tenant>
      </valeurGogCassons>
      <spitsHaikaiSterna>
        <pyxidiaDeifiedZeiss>reata</pyxidiaDeifiedZeiss>
      </spitsHaikaiSterna>
      <colossoVelourPrayed regurge="runtyAnimism">
        <nauticaSutured>ceriseBarvellPoured</nauticaSutured>
      </colossoVelourPrayed>
      <blypePitless>
        <piny>edomiteMade8</piny>
      </blypePitless>
    </sonder>
  </calfishAucan>
</sigillProvVerdure>