<?xml version="1.0"?>
<ozonidBoar>
  <beglareUnhoseVigone>
    <olid>
      <prelawWaivers>chuhra</prelawWaivers>
    </olid>
    <pattieLenca myrick="275364" pubesHantle="mediciCecumsErgal3152" latham="9610286">
      <postieGodkin>6015</postieGodkin>
      <warehouSlurbanCoutil>
        <donal>deipara</donal>
      </warehouSlurbanCoutil>
      <bority kittly="4" vassosPetwoodSciaena="857533">
        <foolerJulien>ohmsHeliumCooer</foolerJulien>
      </bority>
      <miaeAntsierEddying>
        <parangiRefute>63843968</parangiRefute>
      </miaeAntsierEddying>
      <eightvoOnlaid uptaker="8">
        <scrauch>endymaAztecanFortier</scrauch>
      </eightvoOnlaid>
      <boarder sejoinPuddlesAscent="abortsQeri" paddyCharpitDhurnas="443">
        <calciumRadulaeAsarh>52499</calciumRadulaeAsarh>
      </boarder>
      <samhita schorlPalishKines="hermesGating" tolaneCostly="lotium">
        <teak>norbertTaotai</teak>
      </samhita>
      <ameen rumsLaiDeboned="abacotPervial">
        <stators>tourizeEnsuant9810</stators>
      </ameen>
    </pattieLenca>
  </beglareUnhoseVigone>
  <yahweh cagmagFlidder="barolo" orgeatsSublotTost="bambaraWigger" />
  <glamorCosinSeem linjaOrraPippins="96941907">
    <bluings>
      <demeAstony>leakierBegobsCoccic</demeAstony>
    </bluings>
    <forliveKeesCyprus>
      <freightPasquinKatsup>93</freightPasquinKatsup>
    </forliveKeesCyprus>
  </glamorCosinSeem>
  <septumHamuleMudlark snowmenCausonUnalarm="scaleneEvokedStyrene8" trinket="haugh" impactBlierSkimo="curiosa" cacara="iranismPujariArches50">
    <molestRases frowyErupted="pelias">
      <undyThrove>kewpieCoco</undyThrove>
      <dinkKohls guidonsAbpUnwarm="mdntDinglyDegree" tongsKenny="exorRepress">
        <cadCloddy>crickleScheme</cadCloddy>
      </dinkKohls>
    </molestRases>
    <northAmimiaHolists>
      <glauberJirga>epocheBootle</glauberJirga>
    </northAmimiaHolists>
    <dalapon vadiumAbidiOutsea="fogiesPhineasChlored" elevensGrazers="72065967" pygmoid="whiprayHoperAggrege">
      <aecidiaRokelayEnzyme>distrixRapide6</aecidiaRokelayEnzyme>
    </dalapon>
    <fatter>
      <sewered>allegerEunomyGabarit903</sewered>
    </fatter>
  </septumHamuleMudlark>
  <misshipRowansCadere />
  <alodiaWyndsSalinan crooken="31666473" confixTonuses="sivanSantimi" />
  <fennelsUitotan zuluBeteelaAerotow="potman" glean="flaite" ilkEngarbLongyi="765294532">
    <rezoneUnroughCarbo>
      <nasrolOxalatoMachan>cutout726</nasrolOxalatoMachan>
      <clasps symbolsUpsoars="dancy">
        <inlook>waddieMuffing</inlook>
      </clasps>
    </rezoneUnroughCarbo>
    <jinkers irisingFthm="zat" fealUnwooed="doseOvermix63">
      <outsin>nocuousCruxesRotulet</outsin>
      <harkedSitheEmbark goelTeindsNastika="99950086">
        <depelBittium>meableMandraDashing</depelBittium>
      </harkedSitheEmbark>
      <oilcampPhis banburyDegorgeBluet="appense">
        <arteriaGroopGome>hijacks</arteriaGroopGome>
      </oilcampPhis>
      <alonzoBrabble bloomLazMonoski="52">
        <eocene>alanylUnrestSubzone</eocene>
      </alonzoBrabble>
      <beglozeBirgus hardingRewakesGenome="8718">
        <didelphLore>hellimGroin</didelphLore>
      </beglozeBirgus>
    </jinkers>
    <peddlarOverbar>
      <seadogsGoldiTritely>pith255</seadogsGoldiTritely>
    </peddlarOverbar>
  </fennelsUitotan>
  <unchidEcphory sarindaCowweed="35528182" primosAstrolMarchen="impfBolimbaEquals" />
  <pristis mantidsUreidoTetra="lownessCabook">
    <volumesWaselFashion>
      <larumLumpet>suttenDearth</larumLumpet>
    </volumesWaselFashion>
    <taivertHaysuckBabools>
      <gymsiaIraqisSieur>91</gymsiaIraqisSieur>
      <snocatManateePacks chawle="betasPionicPimped196" wairchOximateTuguria="deulCrosnes">
        <refuserPangamyCierzo>henriesColterOxyacid</refuserPangamyCierzo>
      </snocatManateePacks>
    </taivertHaysuckBabools>
    <canalisFramesJosses>
      <chancedTurbitDoodad>9</chancedTurbitDoodad>
      <botiHyenas cal="879172">
        <chomper>apparat</chomper>
      </botiHyenas>
      <codedThereat thrimpOrtalisMattoid="linenerWildernPiked" helderUttersPumped="volableBars">
        <coesite>cockupsLushesManille52</coesite>
      </codedThereat>
      <talitolOutworeExocone elysianSpece="giarra" grushieFrey="34038">
        <argentsSenoraCele>lunareAvenuesBorzoi</argentsSenoraCele>
      </talitolOutworeExocone>
      <hempie hamadaStreenSilybum="whinyBotonyOrdure" travLimbusSquared="cusping7612">
        <monactDiauKylie>kinaseTornesi</monactDiauKylie>
      </hempie>
      <runtedDaimons>
        <locustaUresis>melotePulaya</locustaUresis>
      </runtedDaimons>
    </canalisFramesJosses>
    <frondsZooperyPreace lianaMidgeToddles="amelandStytheBowwow" candorsSummate="97911363">
      <hogshipJarless>ofttimeAnomalaRifled</hogshipJarless>
    </frondsZooperyPreace>
    <unrimed>
      <tutrixSeised>heroismUnfelon</tutrixSeised>
      <donutsUnlash coronaCoarsenCuffing="clour" sarcler="faunulaTurgentPuplike">
        <analytQuaArenoid>mizzlesBotanic</analytQuaArenoid>
      </donutsUnlash>
    </unrimed>
    <stratasAptlySubdeb>
      <bilalo>52</bilalo>
      <stampleCuthealViscid>
        <mlx>1754</mlx>
      </stampleCuthealViscid>
      <celestaCebianPuceron>
        <alo>tootherSatinedMeath</alo>
      </celestaCebianPuceron>
      <admixedSapanImpinge>
        <laudesKobanFrosts>adjag</laudesKobanFrosts>
      </admixedSapanImpinge>
      <tariqaSabikHoudah>
        <triunesVoucher>642</triunesVoucher>
      </tariqaSabikHoudah>
      <mudfatLucigenPeep jingle="meristCasave">
        <enzooty>raucidPlud</enzooty>
      </mudfatLucigenPeep>
      <thimble azotizeBluggy="liardsOrion">
        <syddirBothersTex>caracksRelic</syddirBothersTex>
      </thimble>
      <jumbler dammeGrylle="shoya">
        <discordWhiley>479958458</discordWhiley>
      </jumbler>
      <fusticKelowna bubblesMisfile="ramealGawpGroten" rosingWong="tippy2017">
        <daracCatties>9315</daracCatties>
      </fusticKelowna>
    </stratasAptlySubdeb>
    <klicketBendletStalin kinboteNahoorPed="poorer">
      <myrtlesTimingHetaira>draggly</myrtlesTimingHetaira>
    </klicketBendletStalin>
    <prittleSkits>
      <feuderElapid>deveinsWingy</feuderElapid>
    </prittleSkits>
    <aldane>
      <annat>calemesGobet</annat>
    </aldane>
  </pristis>
</ozonidBoar>