<?xml version="1.0"?>
<ingrow>
  <unwofulBideneGuardo pretorMuscoidStrike="taeniaEvacuee" grylli="doupFulicaAlay" haplontHelicalRaisins="chibol" feloidPosher="marranoFlameBumtrap">
    <pownyRefuged>
      <prescanRomanic>concionHyalinRimfire</prescanRomanic>
    </pownyRefuged>
    <fittier rifart="ensealCookies" boccale="cydippeDance">
      <unmixImbibePily>1193</unmixImbibePily>
    </fittier>
    <dindled>
      <laureEtiquetPardieu>dustSecuresBorize</laureEtiquetPardieu>
      <pigfish scripts="celtic938" pipetteHaltica="338">
        <hunkersDerfly>1</hunkersDerfly>
      </pigfish>
      <prorsal terriesAbluteTahsils="schizosElbower" bionics="94878">
        <ephods>933</ephods>
      </prorsal>
      <malaciaNardine gripy="2964985">
        <maydaysWalter>bagelFanumsFaecula</maydaysWalter>
      </malaciaNardine>
      <azulineHokesFrizel enlive="fantSaucersTrug" abaiserCations="foalsEndites">
        <vielleWhorleUsara>dialist</vielleWhorleUsara>
      </azulineHokesFrizel>
      <flavourJaob khadi="olenus718">
        <brutingCornice>koumys</brutingCornice>
      </flavourJaob>
      <cobaltsUnrareHorsily farleyAgonies="cudgelTophousWajang" basadWhipped="ovular">
        <skoalGollopYwis>intentsSuborns</skoalGollopYwis>
      </cobaltsUnrareHorsily>
      <ctrlRectumsChinee>
        <grolier>9680150</grolier>
      </ctrlRectumsChinee>
      <aprMeseled sossShune="dabble" cocherRuffles="inshootGlazenCatchie">
        <damsCountryQuoit>sigloi</damsCountryQuoit>
      </aprMeseled>
      <aleck emballUnlayThack="857681">
        <forehewLitchisRociest>mimiDen</forehewLitchisRociest>
      </aleck>
    </dindled>
  </unwofulBideneGuardo>
  <lunets />
</ingrow>