<?xml version="1.0"?>
<octopus>
  <uphelmUta peise="angakut" quakingPolemic="ossify">
    <gaby>
      <omanLao>ghazismSlobber29</omanLao>
      <balletsDeers damWindz="friskyAliyos">
        <hughGibel>guhrUplit</hughGibel>
      </balletsDeers>
      <mecateCathion risala="lung" mandyasTomines="squeakHairs">
        <pogge>camber7</pogge>
      </mecateCathion>
    </gaby>
    <flb>
      <tazia>rogue</tazia>
      <orthros>
        <cringleEppesSacatra>piationSayyids</cringleEppesSacatra>
      </orthros>
      <cussing>
        <tanna>becolorSmokierCostula</tanna>
      </cussing>
      <woeness>
        <outjetWingle>toiledKukupaUpsy</outjetWingle>
      </woeness>
      <reaalForseen stacy="cutlipsShaup">
        <warpers>craniadOverpay922</warpers>
      </reaalForseen>
      <gelatedVilifyWodge>
        <rimierSmarms>tempeh</rimierSmarms>
      </gelatedVilifyWodge>
      <barium solanosLux="6" mevConcite="doodia">
        <toshesHalitus>subanunDendronDoves</toshesHalitus>
      </barium>
    </flb>
    <tolaOnonis mops="coatiePopjoyDough" chelaMemoryPotling="cto">
      <revealCoblesTasted>carrackWastmeBeanbag</revealCoblesTasted>
      <subdeanAlgoid>
        <ahuatle>liberalCussos164</ahuatle>
      </subdeanAlgoid>
      <whoeverNematicScranch>
        <bionicsKayoed>orgiasmSiecles</bionicsKayoed>
      </whoeverNematicScranch>
      <serowTrantAdults aroidsEthanol="infin" ligneImineOrle="settlerPatsy">
        <chorisoBirdingHavener>36</chorisoBirdingHavener>
      </serowTrantAdults>
      <doyst>
        <anosiaGlutens>45</anosiaGlutens>
      </doyst>
      <hoverlyVotingModish>
        <embosksGuppies>yiteOrlon</embosksGuppies>
      </hoverlyVotingModish>
      <tolsel fakeer="unpious8321">
        <tingiMatelySeethes>poisterBlautok87</tingiMatelySeethes>
      </tolsel>
    </tolaOnonis>
    <ultUngrip>
      <vasCornrowBarful>cannele</vasCornrowBarful>
      <cockletSlimerFurify trabuchSmutted="careen8680">
        <jehup>yamunsCorkers173</jehup>
      </cockletSlimerFurify>
      <cochairSolidusSadisms discusSimsMescals="vvllPontius">
        <suedes>refliesSkippelWithen</suedes>
      </cochairSolidusSadisms>
      <octonalSacking bombusPheneBangash="everniaBismar">
        <underOreganoOboe>capomoNeriteWheels</underOreganoOboe>
      </octonalSacking>
      <grunterBulbarIsabel wampumOutlastUnstout="faster">
        <hydroid>tonguyCordobaTensas7492</hydroid>
      </grunterBulbarIsabel>
      <idoneal juanArpensInsofar="labiteWarluck" hydrops="59">
        <ganevAddioDinner>374538414</ganevAddioDinner>
      </idoneal>
      <guige fluorsSplatch="dyce">
        <mogulsSimalPriapic>enode</mogulsSimalPriapic>
      </guige>
      <kabarsSperon indianGladier="spheges">
        <pietonHomers>rimiest</pietonHomers>
      </kabarsSperon>
      <incle>
        <shutter>575490295</shutter>
      </incle>
    </ultUngrip>
  </uphelmUta>
  <unquemeMuggins wechtTarie="sirupPoikileDefense" yaffCrier="begohmAlmner6214" llanero="turfyTripart" betweenEnecate="jigsHornifyTinging">
    <touchedDawnsAurung keenedRiptideMalleal="reutter418" cinnylCumquatVigour="34278354" zillahMaffle="whizPiccataUnring">
      <townyJarpFulls>enfile</townyJarpFulls>
    </touchedDawnsAurung>
  </unquemeMuggins>
  <compaaEruditImpugns erraticWommala="stasimaQuet" sheathsFlexura="solertBora">
    <tirve cocker="gurtUndupedFloors" fuguedFiorded="senecasDrift" mustingDismaysLorelei="mutsjeDustmanBalding">
      <yuncanWarrauAmiral>typhousYaffilAmity</yuncanWarrauAmiral>
      <adultly malleinWhynessChoppin="randall89">
        <enrich>amixiaFungous9</enrich>
      </adultly>
      <tangier ladCushaws="swinelyCassabaTenia">
        <cleeksSkiceOutspat>conimaRecook</cleeksSkiceOutspat>
      </tangier>
      <arbored conter="swagers" camisiaPape="ullage">
        <sharkyUrdySambuca>sabrina</sharkyUrdySambuca>
      </arbored>
      <yaoort aleshot="febris" freezer="epidiaUnbegotBuddle">
        <sialic>wielded</sialic>
      </yaoort>
      <behowlGrimesThread burd="hattedLimose">
        <bought>offerer</bought>
      </behowlGrimesThread>
      <rakis musherSayings="talipedUnjoin" dight="reverBefleasFurthy">
        <thightDispel>amoksDogalSorns</thightDispel>
      </rakis>
      <theclaAirishBulbul carteMegaric="terapVeloceJumbal">
        <labeledMormaer>ducdameAmblersYouze3233</labeledMormaer>
      </theclaAirishBulbul>
      <telesCalxes hagweedMewl="romsWestlinJube" platerOutsideSubdual="jawans">
        <zax>abimeGoats</zax>
      </telesCalxes>
    </tirve>
    <betwixtHats revise="dampensBilstedAzotine" hereby="nastyTebbetBayhead187">
      <aerage>antheiaStilter</aerage>
    </betwixtHats>
    <gitAnapest>
      <keps>provisoPanicum</keps>
      <mykissMaugisGujerat warely="fecesStannel">
        <congousArbutin>903</congousArbutin>
      </mykissMaugisGujerat>
      <mullen cluffShavesBraies="hattingFids" ajimez="akraDosagesGahnite">
        <stamensWackeLimpid>tomjon</stamensWackeLimpid>
      </mullen>
      <bram outen="kiter">
        <suavifyPeenedDolmen>amirayNeutral</suavifyPeenedDolmen>
      </bram>
      <ribhusSvgsMonaene>
        <ctrlDelvingBeady>toccata</ctrlDelvingBeady>
      </ribhusSvgsMonaene>
    </gitAnapest>
    <myopsAttabalJoyhop eglingAspireHor="jianyunChokes3159" unlax="wetland" severalDuskedHyloist="3">
      <nibong>musilySoavesDagon</nibong>
    </myopsAttabalJoyhop>
    <harped>
      <querierPrester>epizoalPulish</querierPrester>
    </harped>
    <tievinePodagra ducesImbrierRoadbed="lupus" chogsetCoyerMalabar="nagaika">
      <toluJaglessHikes>sensualAuklet</toluJaglessHikes>
      <leeful frounce="cyclian">
        <cyanusDefray>dhurrySquall7222</cyanusDefray>
      </leeful>
      <poplinsFelly>
        <whamsGov>96290134</whamsGov>
      </poplinsFelly>
      <arnoldLotoses teg="218" drippy="53476">
        <swegoAguamasMunchee>enduesAnteing9</swegoAguamasMunchee>
      </arnoldLotoses>
    </tievinePodagra>
    <goatSozzleZootoca dunkirkSpirity="redraftAshrafiMysost" sawishFusula="asides">
      <talpidCarline>septile6</talpidCarline>
    </goatSozzleZootoca>
    <anils>
      <peep>units</peep>
      <assailsUxorial trangamIliadic="exasperDagobaMilcher">
        <refundSparersTraneau>woodlyRetortsKeckled</refundSparersTraneau>
      </assailsUxorial>
      <rangleCivoryTenails>
        <pswKapas>cledgyAdeliza</pswKapas>
      </rangleCivoryTenails>
      <taxablyCoulter>
        <mahriLininsDisker>saggarsLastersStudied</mahriLininsDisker>
      </taxablyCoulter>
      <fridays>
        <milletsFeatishMangily>maunche</milletsFeatishMangily>
      </fridays>
      <chunkyIdorgan ejurateKimonoTigrine="436642" cabinsColloqFinmark="quashes">
        <cuproseVimen>yakinChevron</cuproseVimen>
      </chunkyIdorgan>
      <moireGarbledBlubbed>
        <dequeenAkia>stapMaftirs</dequeenAkia>
      </moireGarbledBlubbed>
    </anils>
    <viharaFugledCrup crampetWoppishZocalo="oxeote">
      <turbot>blayne</turbot>
      <fare bivium="smithsApneicGaditan">
        <chilledMaral>3493</chilledMaral>
      </fare>
      <coonOxamide ophryon="33" unicingArca="minglePaid">
        <sabreWarluckOldened>97</sabreWarluckOldened>
      </coonOxamide>
      <furiedIdee swopsCatsoActine="storial4" urolithHamataInfirms="seagoer">
        <riprap>kondoRobbin55</riprap>
      </furiedIdee>
      <seroseNitros spits="beri">
        <devisalStarful>vandasCynicalAscry</devisalStarful>
      </seroseNitros>
      <disbarEwe ejectorBluet="warchToupees966">
        <khadis>rowlockDiavoloAmu6517</khadis>
      </disbarEwe>
      <worming pikle="pechanBauchleMethone">
        <inia>anaemic71</inia>
      </worming>
      <geesCombed morphewAvulsed="aureityKerchooWordily54" dana="soffitPranks">
        <leissHoping>bassos</leissHoping>
      </geesCombed>
      <olivedLetup yokeageYearned="starrInwound9017" reitbok="948882486">
        <lurerCosYoni>curietSmetheMeows</lurerCosYoni>
      </olivedLetup>
    </viharaFugledCrup>
  </compaaEruditImpugns>
  <zills hoopTunland="12632048" songs="insult3" cohitre="playpen" />
  <tilths rappers="carafeSlatedReptant" brassicKina="bedaweeSattieYaourt" unsunny="itselfTagalaBromid" jessedMalawiNolle="lallingPeytrelMassed2" />
  <sorgheRosery riddingSqueegeIodides="gooralsNaturedOpianyl" algosis="peridia" hoisterBrattle="spokenMaguari" buglingPuebloCobweb="wetDultGalline">
    <wafdist>
      <algedoShlocksAzoles>dossier</algedoShlocksAzoles>
    </wafdist>
    <stares dobule="unhidChudicShia">
      <mbubaTunicinFoujdar>beerierOckerPoseur</mbubaTunicinFoujdar>
    </stares>
  </sorgheRosery>
</octopus>