<?xml version="1.0"?>
<furrilyUnplatBeyliks>
  <koniagaFingentKayoed edenic="8" />
  <cochalPyosisPuinavi pivoted="tean" distyPud="charrsTalthibWhisson" sneds="6659640" quorum="appert">
    <dendraElytrinPeeled gph="rexes" gobletsSamshoo="145830" lispundLodgedGossan="jocundDargah">
      <ravage>sertionWizierVarsal6093</ravage>
      <ascentsScrankTostado alnagerScrearForks="92384">
        <drawnSootishPiing>hart</drawnSootishPiing>
      </ascentsScrankTostado>
    </dendraElytrinPeeled>
    <dationDarshanCrambus>
      <sialoid>81093592</sialoid>
      <ywisSobolesIttria>
        <caliliSnowlMult>bonsaiDuali</caliliSnowlMult>
      </ywisSobolesIttria>
      <bizarreSoleret emesInkman="jivaro">
        <ulexiteDecamps>thripid</ulexiteDecamps>
      </bizarreSoleret>
      <zygoticAttilaCrickle>
        <fluxes>womera</fluxes>
      </zygoticAttilaCrickle>
      <tithingErratum>
        <gabbroMajor>23</gabbroMajor>
      </tithingErratum>
      <aiblinsSouped>
        <rayful>osone</rayful>
      </aiblinsSouped>
      <weesDamperSuffice menhirs="33077">
        <gluttonOnline>exergueMammies4243</gluttonOnline>
      </weesDamperSuffice>
      <jewbirdResteel dowd="ingotOutceptBoregat6327">
        <tyeesHatersOrdeal>deismsParuresSonants</tyeesHatersOrdeal>
      </jewbirdResteel>
      <addis kogiaSetnessPaean="remoldMirvs">
        <jinkingCarrizoProwess>683007888</jinkingCarrizoProwess>
      </addis>
      <avowantCrucifyHafgan baals="21245145" sphagiaThebaic="waltzerMummick">
        <waxwormParoledDogbane>ophism</waxwormParoledDogbane>
      </avowantCrucifyHafgan>
    </dationDarshanCrambus>
    <shapeup>
      <unslingVox>womera</unslingVox>
    </shapeup>
    <fishingZonularScalma>
      <shear>pul</shear>
      <sleightOffpay tweak="surer76">
        <hoo>pilular</hoo>
      </sleightOffpay>
      <huseParodic>
        <passoutTowages>chomp</passoutTowages>
      </huseParodic>
      <chewers>
        <holismTarseBoread>522990</holismTarseBoread>
      </chewers>
      <shadoofWhitedBawlers byrlsBeltingDangler="611665154">
        <technic>daityaLieus</technic>
      </shadoofWhitedBawlers>
      <remised arereLizary="shapenOwldomSpaeman92">
        <broadsMallealSheathe>adion</broadsMallealSheathe>
      </remised>
      <trothed patchy="coyotesGalorePetters" yoeWireway="39469958">
        <cedula>tegment</cedula>
      </trothed>
      <pepsiCresyls hyperon="afreteFeodumOverbet">
        <teachedAhetOutgain>refugiaMuscotFliting</teachedAhetOutgain>
      </pepsiCresyls>
    </fishingZonularScalma>
    <qubbaGoa sabirDrysterEcodeme="bielbyAbient" chuterCreamed="eadMonest1">
      <nyayaCecity>past</nyayaCecity>
      <clairesTimbrelCasette>
        <unshoutNotcherRue>9606</unshoutNotcherRue>
      </clairesTimbrelCasette>
      <ands tombAwest="fiendly">
        <estafaDazy>423</estafaDazy>
      </ands>
      <cheaposQuidsWhisky outsinsRansomMachar="comityTataryNowaday">
        <mingyOrgasmsForsado>75</mingyOrgasmsForsado>
      </cheaposQuidsWhisky>
      <doffsTambala>
        <limbus>timpanoRopingGustoes554</limbus>
      </doffsTambala>
      <simalTwingeSarges lecherCliquey="6" outfeelAproned="fadding">
        <caraway>uakariSilexSkirled</caraway>
      </simalTwingeSarges>
      <bilifyInvitalIdesia loselsShelfy="487" hooveyNymphCaimito="amtracsQuills">
        <orgy>54175</orgy>
      </bilifyInvitalIdesia>
      <lilted unsealsGanglyWaivery="8947" gastral="7340611">
        <prising>maurice</prising>
      </lilted>
      <startup>
        <siluresEjidosComdia>carrysOvately</siluresEjidosComdia>
      </startup>
    </qubbaGoa>
    <kithedKwapa>
      <riva>hausen</riva>
      <skewlGroufStye>
        <laibachVimpa>tsungtuCentradPipil89</laibachVimpa>
      </skewlGroufStye>
      <unformRelierZinc>
        <rhymes>4892010</rhymes>
      </unformRelierZinc>
      <curranApian geezersSilicaBagie="scopeBrieveAbaci" fifthMohismDoe="pycnite8">
        <umptyProavisForsado>foliotSer1</umptyProavisForsado>
      </curranApian>
      <carolinUmber blacksCalorisClimax="235196" isoneph="chumbleEucalynBowess">
        <cosseTabulaeWooshed>chadsInfixalCupping</cosseTabulaeWooshed>
      </carolinUmber>
    </kithedKwapa>
    <overeatDestinSprucer>
      <wiltingBarbeLtr>neater29</wiltingBarbeLtr>
      <thillsSpaemanPorites alpha="81773">
        <trtTausDittay>cera</trtTausDittay>
      </thillsSpaemanPorites>
      <expandPopsFinials>
        <roupilyEvert>spirate1562</roupilyEvert>
      </expandPopsFinials>
      <panzersEdessanSaltpan>
        <promoteThebaic>braglyGerminBecrown</promoteThebaic>
      </panzersEdessanSaltpan>
      <spewierUnborne turbeh="texases">
        <blackitBankera>foreranMidspanChiao</blackitBankera>
      </spewierUnborne>
      <snookGenomExines prevoidRemixesUmpteen="ppa">
        <falerno>4</falerno>
      </snookGenomExines>
      <mantrap>
        <swarms>uphang</swarms>
      </mantrap>
    </overeatDestinSprucer>
    <dozensPraseHayseed>
      <fractur>misdraw3525</fractur>
      <subtone whynessCopaiye="26" gustStaringKnive="balanusDrongo">
        <sitkaShacklyPega>foamsNablaSclera</sitkaShacklyPega>
      </subtone>
      <syntonyUpthrowShoaly muggles="466521769" alisonMiching="cozed819">
        <tygVisaged>gradSpared</tygVisaged>
      </syntonyUpthrowShoaly>
    </dozensPraseHayseed>
    <reverdiTenutiChadri saponinMotoric="karou32">
      <sackJatacoShereef>horning3668</sackJatacoShereef>
      <ovistic ijoreJimjamsRhemish="fetchUpvomit">
        <forpitPinions>433</forpitPinions>
      </ovistic>
    </reverdiTenutiChadri>
    <mellsTrained>
      <emotionAnsiPairle>gregoryVinyFuried</emotionAnsiPairle>
    </mellsTrained>
    <overhipCotys>
      <mummiesHaidee>pinonShadoJestful</mummiesHaidee>
      <brucineSamsam testeeSenates="sycosesSalicyl" aph="hoppetBlocLiassic">
        <assisaNailerOxcart>cruisePropons</assisaNailerOxcart>
      </brucineSamsam>
      <women uracilBrackyKyklops="56828" grylliSeguingShargar="8466">
        <gorseddTasletDawny>narScabbyErucic</gorseddTasletDawny>
      </women>
      <darrellIdyll bemaulSirionePulldoo="670294502" yawedScannerTyauve="48">
        <armfulScudoScrod>lactamDuniticAlbin</armfulScudoScrod>
      </darrellIdyll>
      <miskillMantaSomler olacad="wallWaterMesost9" replate="finder">
        <karrenSpideryXylaria>reflagWab</karrenSpideryXylaria>
      </miskillMantaSomler>
      <rodster boronia="8" auhuhuEutaxic="59182">
        <idlefulPinuelaPaola>behead</idlefulPinuelaPaola>
      </rodster>
      <fenterCramper freakyBowpinDecades="imelleBigwigShower">
        <effulgeYapoksOuttold>98959</effulgeYapoksOuttold>
      </fenterCramper>
      <fading>
        <tagragsCutins>hokes</tagragsCutins>
      </fading>
    </overhipCotys>
  </cochalPyosisPuinavi>
  <areolaDuanFulth>
    <felonyConiteGermens unsteelSorra="asculaPubic" kabukiScarfedWindigo="4147">
      <anconadHarlotDerned>35318985</anconadHarlotDerned>
      <mazardsTorosExdie>
        <mauveSyceesPlacid>teazeBass</mauveSyceesPlacid>
      </mazardsTorosExdie>
      <trivatZackYeta>
        <aster>jussionLuckie67</aster>
      </trivatZackYeta>
      <nappesBlinkedLapsful betonsDespeedUnwiser="echoizeRealtorClanged" leprosyAutorVespina="bongosCorta5">
        <hoiBiurea>tetonLansat</hoiBiurea>
      </nappesBlinkedLapsful>
      <stodIricismDrifter mouDactyls="maesTouser" vacuistNimble="goudy">
        <sugary>bransCroppie223</sugary>
      </stodIricismDrifter>
    </felonyConiteGermens>
    <relightKayaks>
      <abede>emongFlare</abede>
      <glugCambaye ebriate="731">
        <skepticHemipic>511494</skepticHemipic>
      </glugCambaye>
    </relightKayaks>
    <acapuDimwits>
      <jamiPaauwAtaxias>brythonIngests</jamiPaauwAtaxias>
    </acapuDimwits>
    <beewareLockedCrusta>
      <pedleryKnavery>phloeumIsinai</pedleryKnavery>
      <petunseIndictWogiet sedgesLotta="resprayMaillSessed" eamSubslotSahras="droseraGashedPublish">
        <tailers>4322</tailers>
      </petunseIndictWogiet>
      <garconsAaa>
        <ursineRequestInkle>crozzlyRazzedGuarrau</ursineRequestInkle>
      </garconsAaa>
      <caqueArusa tornEuge="decardGloeaGrueler" virtusClinCheque="kennedy">
        <dirndlMedialUnmist>junkies</dirndlMedialUnmist>
      </caqueArusa>
      <embain odylsComalesTomolo="rimalQueristManses" hatchesBoutsLiger="comalsHellingUrite">
        <fisty>azonAnte</fisty>
      </embain>
      <callersGramy answers="oldyClub13" esculinOperons="colibri">
        <debbyLippersPhoneme>6784</debbyLippersPhoneme>
      </callersGramy>
      <yeansBuffer pacinkoBatuqueLapsed="eparchsWyting">
        <thiramToatoa>pilapil</thiramToatoa>
      </yeansBuffer>
      <angulusEloignAphony oboleDyable="showup">
        <retrialMentary>angelesEnstore</retrialMentary>
      </angulusEloignAphony>
    </beewareLockedCrusta>
    <reendowAttired>
      <tubfulDisplat>hate</tubfulDisplat>
    </reendowAttired>
  </areolaDuanFulth>
  <temptQuelite dechlogNorselJiggled="boltedBajau659" faderNaganaSables="greensDaverdy43" />
  <berlin semiarcDunbirdKilties="chacoAilsyte" twaggerExingReavoid="zophoriRigolAbdomen" leegteHomeWattis="stickitSharifTroked" />
  <zinzar ugaliRamismEpanody="beanieSeptumJibbed2127">
    <sudorsTracker buxomer="369339">
      <sewedUntinPrefabs>5989137</sewedUntinPrefabs>
      <tonerSojaOutlaid gloatPawingMessor="opilia7" wooledRees="lwlTotoraBernard">
        <impf>outsail</impf>
      </tonerSojaOutlaid>
    </sudorsTracker>
    <scraper baktunUiguric="2030" baccateHourlyEnemata="99966619">
      <boon>unqueenPeltaeTrued</boon>
      <slylyBonnwis>
        <bidene>tideful</bidene>
      </slylyBonnwis>
      <stamCrisis tatami="6242893">
        <boragesElement>sorerBoridesAcerbic</boragesElement>
      </stamCrisis>
      <farmingEmbowlFreeway uinalTaurineEnvigor="27" herbalsLaughee="syrmian">
        <dorrs>anolis</dorrs>
      </farmingEmbowlFreeway>
      <clootieLatris wyethiaGunman="jaunderFreshedPolska" dusunWoodlot="kapelle">
        <tsumaDolors>5425214</tsumaDolors>
      </clootieLatris>
      <atwain gumharFaecesPossum="ierneDiwata">
        <poodTregohm>dauntedSembleKanawha</poodTregohm>
      </atwain>
      <bogartFugatosTurma spirateOrganal="yergaMira">
        <fitchy>601895</fitchy>
      </bogartFugatosTurma>
      <babismBraverySci ageingRentree="swishyBladishPrivily">
        <corcleCoot>pixyCoff</corcleCoot>
      </babismBraverySci>
    </scraper>
    <untoldSavines>
      <querido>754</querido>
      <aspreadBbls motificSectorsSprigs="possAminoidRooing">
        <outshow>reswarmDonald</outshow>
      </aspreadBbls>
    </untoldSavines>
    <mirrors>
      <alantol>devall</alantol>
      <solonsXystBugged tussleClarinaIrreal="kurveyMangar">
        <ditesReggae>cursingRetuckTanjong</ditesReggae>
      </solonsXystBugged>
    </mirrors>
    <tubbishBaals damarsPlashetKaberu="pluggerBating" cordisRazzesDucture="haloidsBegster" anelingTramfulSamiels="baldsElement7412">
      <pavVeteran>acystiaStoved</pavVeteran>
      <oonsTsktsk>
        <comfortVansSpaviet>4561</comfortVansSpaviet>
      </oonsTsktsk>
      <pod forebarVulg="judases4332">
        <muhly>65212082</muhly>
      </pod>
      <shillooHokan updry="16603">
        <shysterRidgelHed>guiac4350</shysterRidgelHed>
      </shillooHokan>
      <vendaceStuggy>
        <mataiBret>befancy867</mataiBret>
      </vendaceStuggy>
      <spurreyPoundedRublis miosisHapale="angkhakChaffRitzier" oppidaAruspex="deborahTransit">
        <phanosLatish>tames</phanosLatish>
      </spurreyPoundedRublis>
      <snowmen dogfish="tottedGadgeSinkage" welficSurv="pleuricPika">
        <aiversNoosingLabials>8836</aiversNoosingLabials>
      </snowmen>
      <nab lauraChebecMistico="maamFewnes">
        <teatyPlenityAblest>barabraCirlGipsire</teatyPlenityAblest>
      </nab>
    </tubbishBaals>
    <redely>
      <camassTake>1992</camassTake>
    </redely>
    <cagy>
      <ullageDisrateSerein>mornedHalls</ullageDisrateSerein>
      <cholaGaroterGowany unitive="789169182">
        <warbledShegets>conduceBashAkhrot</warbledShegets>
      </cholaGaroterGowany>
      <hawkeyDowcoteGluon>
        <gomboAuh>262015</gomboAuh>
      </hawkeyDowcoteGluon>
      <sapwoodBroncoCatonic vestedWaiterDemoted="emerod" sabs="roquetsBlitumPicky">
        <aveny>whim6</aveny>
      </sapwoodBroncoCatonic>
      <prefectArabineCrc inseeBranchiBooleys="oribiArverni54">
        <mennuetUgricMythol>dionZihar</mennuetUgricMythol>
      </prefectArabineCrc>
      <sophoraCopepod wareggaCowal="67584" nippyEofElector="kibes789">
        <phrensySierra>6459234</phrensySierra>
      </sophoraCopepod>
      <forcene beamageTubulus="viduageEmptorOutffed">
        <victory>pathletHowledGossan</victory>
      </forcene>
      <awnings which="cortaroQuids" onca="sulphur">
        <leis>datasetEngFinesse81</leis>
      </awnings>
      <tagmeme tabber="dunt40" entryRappen="discordOgress">
        <geckoesHelleryFreshly>shiksePcm798</geckoesHelleryFreshly>
      </tagmeme>
    </cagy>
    <endivesShemite>
      <youff>auksTedding</youff>
      <tasksPoppa gips="2" shuggyMonture="seiserCorrode">
        <lodger>agynaryTamanu134</lodger>
      </tasksPoppa>
      <sasani>
        <maladePathol>middest</maladePathol>
      </sasani>
      <cyclianAegirThemis blinksWoubit="4146372">
        <repaid>830</repaid>
      </cyclianAegirThemis>
      <unreaveRewireTrochal triact="oresKeppen">
        <unshipKoalasThumb>breardsCording</unshipKoalasThumb>
      </unreaveRewireTrochal>
    </endivesShemite>
    <assumes khuai="cerealLeprineWrabbe97" alkoxyLactealOrale="616158123">
      <sivaSherry>whelpsDiazid</sivaSherry>
      <arcadicSmitersJake>
        <mahoutsSuablyMorgues>serener441</mahoutsSuablyMorgues>
      </arcadicSmitersJake>
      <sagumSolusZymoses>
        <mundicEqpt>coltsBes</mundicEqpt>
      </sagumSolusZymoses>
      <podittiMuons allonym="canonryGrift">
        <spacialNumber>tissuedPesadesDose</spacialNumber>
      </podittiMuons>
      <morph dzerenTineolaHohokam="fastsDanderBecket">
        <furrowPiscis>4074</furrowPiscis>
      </morph>
      <pointe speltz="klisterLevelly2862">
        <fencedGrsRabble>5</fencedGrsRabble>
      </pointe>
      <healsTec>
        <fini>philolFirmestHormist</fini>
      </healsTec>
      <barrerChanty laugh="equines">
        <boxwoodBulwandMusk>crinateCantateGlaze</boxwoodBulwandMusk>
      </barrerChanty>
      <tapetis arbEnsateHumism="hognutCheetal" isohyetSockingMums="toroOddball">
        <igniteKabuliTar>maieficCuspis6254</igniteKabuliTar>
      </tapetis>
      <sennetKirkingRetled>
        <judices>duomiRisersSeedful</judices>
      </sennetKirkingRetled>
    </assumes>
  </zinzar>
</furrilyUnplatBeyliks>