<?xml version="1.0"?>
<bluggy>
  <ancillaNaither lalaquiHoary="sneapsBaron" slyer="858" xint="accerse" puristZaramo="pandasSlurredParcher34" />
  <finspotGemma gryllidBeflag="cyanide" myariaAminity="pandiedCoifing12" isoflor="mylarBezanCathy" aeron="8273" />
  <inconelSangsue thimberBoultAerogel="brendaHussiteAlephs" undrest="burlersBunkoTagala" perturbMethoxy="9029" fauxCorojoLoamy="demastTampon" />
  <steeledCalando dollopsSparserIllusor="snobismReluctChantor" bobbledCatbird="pyemic96" aidmen="gob" />
  <everyHants costedGreingAparejo="shoolGlali" lucan="catso" />
  <kiokoBantyMopey>
    <quern>
      <xintPrexes>chuckleVernin</xintPrexes>
    </quern>
    <koppaSolfaGauds>
      <varas>upgazedSolatesZaqqum</varas>
    </koppaSolfaGauds>
    <malgreNavally indiceBroadBasiate="34">
      <souryPunatooRenomme>oregonDiodes908</souryPunatooRenomme>
      <gibbles>
        <aeonicLinacsStade>maximHarshly</aeonicLinacsStade>
      </gibbles>
    </malgreNavally>
    <bojoSordine>
      <uranite>starersLispedOocytes</uranite>
    </bojoSordine>
    <pitiersRecantsReina>
      <figoAfield>makatea</figoAfield>
    </pitiersRecantsReina>
    <cytonFileaPalmar eundem="vellum">
      <griot>gipper</griot>
    </cytonFileaPalmar>
    <dummied>
      <flentesHorny>koshers</flentesHorny>
    </dummied>
    <deair>
      <lullyAuksinuTwofold>tilings</lullyAuksinuTwofold>
    </deair>
    <sterolsPicturyOvist>
      <agitantLewBolt>discant</agitantLewBolt>
      <papulesCholoidPoof smewsAdpress="begladsHitter" wotting="49">
        <iffy>zonelet</iffy>
      </papulesCholoidPoof>
      <leadLucrum>
        <sinoper>hawky</sinoper>
      </leadLucrum>
      <lipomaMuskish>
        <joshingFissury>winkedMas</joshingFissury>
      </lipomaMuskish>
      <faze coontieIvyPinkey="achreeComdt" boodHickey="90287690">
        <rouperLouiePeyotl>862280877</rouperLouiePeyotl>
      </faze>
      <bootingDossingKinot>
        <recrownLemelExcept>risible</recrownLemelExcept>
      </bootingDossingKinot>
      <kluxerAndorJampan riempie="dextralOcrea" bowne="cloakBeshlikCora">
        <witchesEschew>coelderBadgersShammed</witchesEschew>
      </kluxerAndorJampan>
      <pesade naipkinOboistsLaagers="18" kleagle="suineTychismWurst3">
        <wagonryOnlap>337703514</wagonryOnlap>
      </pesade>
      <pumper>
        <fittier>mongolsMethene</fittier>
      </pumper>
    </sterolsPicturyOvist>
    <linseed>
      <fugatoUnpieceBoosted>macanaLoud</fugatoUnpieceBoosted>
      <greingPiannetSoldier polioSlopedGaleae="orarian" nieceOxyopyOphis="vitalic">
        <reptant>amexSutures69</reptant>
      </greingPiannetSoldier>
      <basils tunaSlowingPonera="seeledPlantedDespite" recuts="crudsArrases2">
        <woodierTorana>fouldreGimmals</woodierTorana>
      </basils>
      <turkleKwammeTur>
        <roupyLinoGrugous>falsumMurkier</roupyLinoGrugous>
      </turkleKwammeTur>
      <detent>
        <arbutusUnclad>95797410</arbutusUnclad>
      </detent>
      <unbasteHelotry vivelyEffClamor="portionBulderApathia" midyear="musarComethDeipara">
        <pajock>3695</pajock>
      </unbasteHelotry>
      <maskingSmeeks diallelWalerGipser="donorHumerus">
        <yuga>44050640</yuga>
      </maskingSmeeks>
    </linseed>
    <boilMuster>
      <lakelet>tsadiHokum</lakelet>
      <adipomaLack gatchAjugasSilipan="casesMinuter">
        <plassMelch>greedAineeUncrisp</plassMelch>
      </adipomaLack>
      <kays>
        <fagineBoxer>deerletSaxtieLeonis</fagineBoxer>
      </kays>
      <userMidnoonTabetic mafura="bulgingPurlinsProbata" unlikeManteelOspore="aumakua">
        <scowlsAliunde>5</scowlsAliunde>
      </userMidnoonTabetic>
      <amebaMohairsMidlegs prosodeTopeeTupped="bufonidMorphFumado">
        <phialsIsoldeSubvert>situp</phialsIsoldeSubvert>
      </amebaMohairsMidlegs>
      <atelets>
        <mamryGoosishInking>aflaunt</mamryGoosishInking>
      </atelets>
      <woken jahveRakitBetis="sstor" exited="riteKnurl">
        <resewMatka>7327</resewMatka>
      </woken>
    </boilMuster>
    <ocellar>
      <adulateAlkanol>223095392</adulateAlkanol>
      <upgaleBebackDeckie oragePialaRichest="55656" bowfinUnyoked="unicef">
        <lollopyBraza>pardZinky91</lollopyBraza>
      </upgaleBebackDeckie>
      <idyllic smoogeGenerisEnsured="57" startupPoriteAlmous="damagedCerosBypaths">
        <lequearFurane>punamuEphah</lequearFurane>
      </idyllic>
      <spoot volingObiit="sheolRebrushZanze">
        <demagogRateenCamaka>86424</demagogRateenCamaka>
      </spoot>
      <musjidScandicPelamyd pinwormListredOtidium="goetic" caubeenBundiesAssuror="clavusSpokane">
        <pumelo>lilesLogan</pumelo>
      </musjidScandicPelamyd>
      <muggur>
        <shona>jujutsuBaloloCater</shona>
      </muggur>
      <slurpedPreener>
        <emydianCizar>cuirassOhmMatrace</emydianCizar>
      </slurpedPreener>
      <upbayGammersAnear bawlyPreburn="ailsyteMeiobar" laveroc="vipera">
        <takeoffJestfulDraping>finnyNuzzledKumkum1</takeoffJestfulDraping>
      </upbayGammersAnear>
      <rodletAdanceHays youthTropalMatchy="927343478" antGroinsGeums="allonym">
        <lasherRampier>cirsiumRemedy</lasherRampier>
      </rodletAdanceHays>
      <tyronic>
        <skyfte>tropistGotraRefont529</skyfte>
      </tyronic>
    </ocellar>
    <hays>
      <joinsSquiz>aymaranBolterYaourti</joinsSquiz>
      <pyropenFearing chamadeDisyoke="nymphs" notaeal="diiodidKifs">
        <wakiup>edgrewAgami98</wakiup>
      </pyropenFearing>
      <granes fuchsinWoksDrain="skeough">
        <douaneRenGenys>1538831</douaneRenGenys>
      </granes>
      <confineOutwaitCatena tartufe="cienegaSeudahBlitzes" colorumSondeSims="36768">
        <jabbingCronet>sabinsAnnetLungee9</jabbingCronet>
      </confineOutwaitCatena>
    </hays>
    <mbirasShaikhi coppersMiddledJoy="typika">
      <auresNicer>scalfeSelfsFauster</auresNicer>
      <lobatae greece="senhoraDigitTills">
        <capotPiupiu>halas</capotPiupiu>
      </lobatae>
      <wrabill laylockMbalolo="marianGatling" monishGoave="311645">
        <gloams>pilon</gloams>
      </wrabill>
      <carpid tornalPoleynsRemble="skelterVizMorels" puliolHalma="heukMantrasMisacts">
        <schwaMomserArbacia>embole</schwaMomserArbacia>
      </carpid>
    </mbirasShaikhi>
  </kiokoBantyMopey>
  <orals>
    <helonin cantaraBaleful="deplaneInject" lawsone="droukitArbaciaBarrace45" baguio="unbaitHetDilate">
      <pennonMonish>minimal</pennonMonish>
    </helonin>
    <uppile>
      <badhan>dvandva</badhan>
      <vibrios gulaeAnas="17">
        <diaperyIncipitCreem>ogmicAcatesEthine</diaperyIncipitCreem>
      </vibrios>
      <soldansNappyAgarum verses="passuCuprous" tantra="hock">
        <akamai>rainout</akamai>
      </soldansNappyAgarum>
      <hethShadoof yeraver="9" iddioUngift="bussesAnnihilNoex">
        <potreroDogies>lure9</potreroDogies>
      </hethShadoof>
      <ohioanComelyDepends charsFoistsApplaud="idcue" chark="5733417">
        <bobbers>notchelBesaileDenizen</bobbers>
      </ohioanComelyDepends>
      <dados umbonesBuzziesEurytus="gobberColumns" cullion="vowelHazelAlure">
        <subcleiElicit>roxyNarrows</subcleiElicit>
      </dados>
      <espadonDeliverYonker endasehRoaders="goralsFaille" iareReg="88632">
        <luxatedAglets>justledUnfain597</luxatedAglets>
      </espadonDeliverYonker>
    </uppile>
    <anethum>
      <ectopiaTeil>edict</ectopiaTeil>
      <mirzas decoatUpalongMani="mastersMealerFourche" oitavaRhetors="93597">
        <aworry>pouffed</aworry>
      </mirzas>
      <rainbowStupingFizzed vineaePannadeCanny="forgoneUnsappy">
        <rolpens>miseats</rolpens>
      </rainbowStupingFizzed>
      <lokshenRifting>
        <cotlandFoxskin>nancyCariousNat</cotlandFoxskin>
      </lokshenRifting>
      <bepraySanka>
        <airdrop>idlemenGrelot</airdrop>
      </bepraySanka>
      <erudite peppingJutted="742696196">
        <bendelWanmol>berberyPorto</bendelWanmol>
      </erudite>
      <fanalBulbierMoit>
        <umpyMispaid>exradioIzzards</umpyMispaid>
      </fanalBulbierMoit>
      <quizzesErnesFishgig pimlicoChokHaul="oboli5328">
        <hospitaEncage>danicPhasersMantuas</hospitaEncage>
      </quizzesErnesFishgig>
      <nag mayaTonical="809390" guzzlerRewBiking="agname">
        <mussily>too</mussily>
      </nag>
      <widthsErical>
        <sebagoQuakily>shibar</sebagoQuakily>
      </widthsErical>
    </anethum>
    <bafyotAssuror rissoid="novaeRecept" recalls="dykageLaugher64" esrogs="934164">
      <apheliaBeeleCorpus>589520</apheliaBeeleCorpus>
    </bafyotAssuror>
    <splaysClarreWellman>
      <folkish>marqueeNaghtDavach</folkish>
      <juncosMarryerDevelop>
        <rimerPhecdaGalera>dana</rimerPhecdaGalera>
      </juncosMarryerDevelop>
      <dosedEntwistCivvies>
        <alloseSanjay>429082650</alloseSanjay>
      </dosedEntwistCivvies>
      <lasts anxiety="leifTantawy">
        <waefuKhasiCoilers>lip5306</waefuKhasiCoilers>
      </lasts>
    </splaysClarreWellman>
  </orals>
</bluggy>