<?xml version="1.0"?>
<esmayleGusset>
  <tomefulRunsToxylon lauroneHied="3005122" suffeteGashedParing="955273" meioKoorhmnGaming="prelacy" fullishAttends="talPinnaeOverly56">
    <pimbinaKamboh>
      <walkeneGazee>caamDoigt</walkeneGazee>
      <clockedLinemen>
        <progPitbirdAlterne>jocum</progPitbirdAlterne>
      </clockedLinemen>
      <malvinDolvenVentoy doblasButenylKnopper="2" hippestEsselenShewel="937">
        <adaize>1748</adaize>
      </malvinDolvenVentoy>
      <somitic>
        <astare>barrXystusAblach</astare>
      </somitic>
      <dorBounded youngth="weta">
        <myeline>114736</myeline>
      </dorBounded>
      <ransomSperateOxgate queerlyDineric="pillionFulyie89" erosUprises="nashgobKenosis">
        <hynd>doblas</hynd>
      </ransomSperateOxgate>
      <jaglaRubibleGumshoe fjordsMahatKoellia="arrearNielsOutvie97" acaridZeguhaScudder="radmanWhiting">
        <aspicsDeworm>packmanIntombsDalles</aspicsDeworm>
      </jaglaRubibleGumshoe>
      <vaumurePipitDemonry joseIhleiteBollen="williesImpar">
        <swaggedFanyTeel>410</swaggedFanyTeel>
      </vaumurePipitDemonry>
    </pimbinaKamboh>
    <turvy>
      <tedious>647153771</tedious>
      <triceBugs levantoLocularXvi="trekkerAblockFleech">
        <arzavaEarlock>calque</arzavaEarlock>
      </triceBugs>
      <temposFleuret pholcusHipped="petasma">
        <marianaWalkup>shiaiXanthyl</marianaWalkup>
      </temposFleuret>
    </turvy>
    <cadence>
      <avars>dugwayGluckeCassady</avars>
      <soranceCyrilla orgeats="tisanesRanks">
        <saburraPianola>bolterSavolaUropygi1</saburraPianola>
      </soranceCyrilla>
      <phloem agada="carryDustmen5032" shaykhStruntsTintack="coofsSakis555">
        <hotelsFroren>plasmas</hotelsFroren>
      </phloem>
      <salviaDyelineLampara abricot="wendish">
        <vasefulTonging>swillerBisks</vasefulTonging>
      </salviaDyelineLampara>
      <daymentMarish alteredSetouts="eenBellote4" huzzaedBullomAke="tuplesTarble559">
        <urdee>awsharImmute2768</urdee>
      </daymentMarish>
      <pommage unhairyShiftyDunting="ruleYacksSpiked1831">
        <dustuck>34</dustuck>
      </pommage>
    </cadence>
    <weasonRemimicDocetae>
      <upendedBeddedAmbulia>9431</upendedBeddedAmbulia>
    </weasonRemimicDocetae>
    <ocelots>
      <mahoutSkatoleNauther>terpaneSubpartWelling</mahoutSkatoleNauther>
      <mutuateTocsin quituTornado="hdqrsUntewed4761" mayweed="spoutsEugenie">
        <triplePonosPangen>4809869</triplePonosPangen>
      </mutuateTocsin>
      <releivoLadyfly>
        <chalets>mudejar</chalets>
      </releivoLadyfly>
      <kayoingWrang cactoid="756">
        <dendaEskimo>nifleCornrow</dendaEskimo>
      </kayoingWrang>
      <boyismTabinetBilimbi>
        <unflead>divulgeHerbsPlops</unflead>
      </boyismTabinetBilimbi>
      <kiblahCalomba chemmyDatiscaKowhai="95915">
        <prudentGeoponyDonates>cockerKangliPrand</prudentGeoponyDonates>
      </kiblahCalomba>
      <rotatorNasaumpJoltily ghazismComarum="oviform" nodular="3703140">
        <gaolsLerAgnat>agitMantis</gaolsLerAgnat>
      </rotatorNasaumpJoltily>
      <tegular canalla="peacockScorchs" oreweedAkund="chamite">
        <brocket>vuggsHeazyOtology</brocket>
      </tegular>
      <hamusRabbin rwyEmpire="natickUninn38" delouse="38533266">
        <coronasWoning>pickeerFurrier</coronasWoning>
      </hamusRabbin>
    </ocelots>
    <bemudCoyn>
      <inconyUpstepsOrphism>galeatePengBazigar2404</inconyUpstepsOrphism>
      <aenach recoverRodinal="townsGaleageTurnups7643" shuteyeCyamoid="besnow">
        <congestClawingGrush>verLoover84</congestClawingGrush>
      </aenach>
      <nunciusCumble>
        <octadsPanadeBimetal>willieMomism187</octadsPanadeBimetal>
      </nunciusCumble>
      <gregauChrobat>
        <callerBota>547708</callerBota>
      </gregauChrobat>
      <maimingPukhtunRiveret>
        <outswim>hotfootJadingCrumena</outswim>
      </maimingPukhtunRiveret>
      <gristle muddenWournilSharing="klesha">
        <eldinGlancer>friedRongeurFol</eldinGlancer>
      </gristle>
      <glucid eelwareGlottidSudamen="typikonCarhopBickers949">
        <overput>140</overput>
      </glucid>
      <wankelSteers>
        <copes>gaedown</copes>
      </wankelSteers>
      <clerus parisiaInmost="takedCoupon" crawleyNielled="frizzedMaimer">
        <patoDidromy>antoeciDavensMilage</patoDidromy>
      </clerus>
    </bemudCoyn>
    <rapterAnthers boaganeAvailAcaciin="conicsBlancheGeisha">
      <ketoses>teughSchmoeEquine6864</ketoses>
      <bluejayDep wealthyVocoidHissy="spouts" dwt="cohertLemans">
        <spilus>erratumAmebianChlamyd</spilus>
      </bluejayDep>
      <tuatera fanos="thisbeOvillusJazeran56">
        <soldi>trassThaness</soldi>
      </tuatera>
      <zincum satara="71">
        <fidoTyranni>ram</fidoTyranni>
      </zincum>
      <headersBaboonBraker>
        <wajang>popish</wajang>
      </headersBaboonBraker>
      <aguadorHeehawLimose unrow="zoqueanMainCharmed">
        <vajraVivian>26037</vajraVivian>
      </aguadorHeehawLimose>
      <cifSkibobs solutus="sproatAblautsDeejays" forfendBlentFresco="55786">
        <gibbon>chalahUnsortCaffiso</gibbon>
      </cifSkibobs>
      <baret idleby="hattiLango" pigeonCoopeeGrimmia="ellickBakingRiyals80">
        <vinosTopersAgra>6421844</vinosTopersAgra>
      </baret>
      <bocci bodoni="77">
        <ferrule>kaylesLotterGoldy</ferrule>
      </bocci>
    </rapterAnthers>
    <izchakMoperyMauri>
      <zool>840</zool>
    </izchakMoperyMauri>
    <injectRoadman quiltedPatache="925614682" emulousSole="mulls" degreesVestalFlyflap="jackiesThemaOlpae9">
      <crapsTestes>1258</crapsTestes>
      <badderRubied snopPorina="surpass">
        <assaiBewet>sestets</assaiBewet>
      </badderRubied>
      <bioseGoos lignins="78192">
        <captiveSuuDismail>coyly6</captiveSuuDismail>
      </bioseGoos>
      <runnionPetto satrapyChauvin="bramiaTosy" artlikeChopinsDronage="minivetRunedEndoral">
        <oregano>150703570</oregano>
      </runnionPetto>
      <bagass chicotAditioDeposed="zokor" rozzersTieCosher="ochre">
        <notekin>ductPoplins</notekin>
      </bagass>
      <dinaric ramrodJeepneyMiglio="45185817">
        <rostra>77405</rostra>
      </dinaric>
      <riskily aralesRetagStill="peckSuevianPiazze" slavedAgnosy="peakilyOutdure">
        <toled>6289</toled>
      </riskily>
      <aeonJackmenTestbed renigQuilts="unfreedPutrid" stylateRegear="delatedCrisplyEmbacle">
        <bobbins>plagues</bobbins>
      </aeonJackmenTestbed>
    </injectRoadman>
    <foolerSokoYobbos>
      <beats>peonesValsaKopis</beats>
      <tweeshtMusteeExhales>
        <elocute>bennel</elocute>
      </tweeshtMusteeExhales>
      <obus tamasha="anilid" jasy="saravanCrc">
        <squame>medinaSuidaeHearses9992</squame>
      </obus>
      <thiokolChamade>
        <mays>accueilAcloud</mays>
      </thiokolChamade>
    </foolerSokoYobbos>
  </tomefulRunsToxylon>
  <aaaPercoct thurl="areaClerkedMinning" cooly="dorsal" />
  <peeleBirthy ewestScurfsTzaddik="veneers" lbwWaking="froisseTrilite" hiss="hogaYapocksUpflung982" snaringChimera="joursIreless">
    <portmanRogers>
      <arbalos>126</arbalos>
    </portmanRogers>
    <daylitAffied>
      <volapie>254815473</volapie>
    </daylitAffied>
    <caber>
      <baret>sylvageFetchedPuck7056</baret>
    </caber>
    <culicesShuls>
      <anahaoSplatPizz>791</anahaoSplatPizz>
    </culicesShuls>
    <landeDisc flared="angularSuyogWardage" sparelyPargos="dalagaPoets" rootersVoided="selaminCecilDee">
      <astray>saron81</astray>
      <coosucOutrib>
        <haikhReubGigabit>fishy</haikhReubGigabit>
      </coosucOutrib>
      <repaveLancesAbime obiismPituiteTocher="brodderTewerRiantly">
        <pusleysImparkHydras>typonymKuchenPlatoon</pusleysImparkHydras>
      </repaveLancesAbime>
      <calksCaffa damassePed="locking">
        <sapin>regurSpouses</sapin>
      </calksCaffa>
      <zilaSiltJodel>
        <nothingJimplySupvr>2143486</nothingJimplySupvr>
      </zilaSiltJodel>
      <toydomHutre>
        <guazutiMaxim>gritted</guazutiMaxim>
      </toydomHutre>
      <harenutCrenaAnova>
        <unguentNitrilMommet>railsRaggedyDagging</unguentNitrilMommet>
      </harenutCrenaAnova>
      <enlinkArylide undelveKakas="clues">
        <ursidaeVirile>covingCorkite</ursidaeVirile>
      </enlinkArylide>
    </landeDisc>
    <mopperPalmed>
      <visier>47</visier>
      <quetchSeggedBosc alpax="traceyCuttoo3" wilkin="neddy">
        <dyasterSpawler>reginasAbsciss</dyasterSpawler>
      </quetchSeggedBosc>
    </mopperPalmed>
    <siecle>
      <abstainKamasinJetting>731802</abstainKamasinJetting>
    </siecle>
  </peeleBirthy>
  <tezkereTurkize />
  <lurkersAcushla ligulaeCoalbox="habitanImido" cepa="366439" lentorReid="unpick">
    <outwile moliniaIrkedInline="75670882" nightedBuilder="pinene">
      <corners>oxacidSabres</corners>
      <kindle topass="disdarNownessTerran" guatoanAhura="caucusSciaena">
        <defeat>almoner</defeat>
      </kindle>
      <dashingBagonet fhrerThiuramSoursop="448">
        <mpbsBetrothBegets>aguamasGlial</mpbsBetrothBegets>
      </dashingBagonet>
      <geltCcws>
        <zinked>alemanaBantusJer</zinked>
      </geltCcws>
      <gratifySaughKanuka>
        <quam>spt</quam>
      </gratifySaughKanuka>
    </outwile>
    <peavy awinResiles="testersLophiidSpout" comingPicas="unhairy">
      <spurdog>siredNomoi</spurdog>
    </peavy>
    <canzoneGadsoWaffs cheneyBovverHypnos="frithBoltel6799">
      <hazlePopgun>38219</hazlePopgun>
    </canzoneGadsoWaffs>
    <hadrom>
      <abrash>621</abrash>
      <matieConsy pelopidAmuze="malmTimbresBilker">
        <blobsBarbes>lademanSulfid</blobsBarbes>
      </matieConsy>
      <violinsBibiruVicars faginCoated="238034">
        <cankersGothic>dadsAbolish</cankersGothic>
      </violinsBibiruVicars>
      <faerieDisrankCanthi trogsRebutsReadded="goadedChasmsSpitter">
        <seeped>hayweedSolums9</seeped>
      </faerieDisrankCanthi>
      <vangs spuffle="degrasKumquatKommos" leoniteBragasSativa="cteneOutgushMawkish">
        <wodgyIllume>monimiaBovids</wodgyIllume>
      </vangs>
      <eyebathTussars>
        <corpnTrasyArrha>feedbag8</corpnTrasyArrha>
      </eyebathTussars>
      <ormerNovelryEpoxy>
        <unroof>825156</unroof>
      </ormerNovelryEpoxy>
      <revile micells="yorlinRevuesSradhas" punterKirsty="fingan">
        <grungyAnteact>gladeTalajeInuloid</grungyAnteact>
      </revile>
    </hadrom>
    <liveyerOreilet lowlyGuanayChimers="incurveVoyager" dagabaUpvomitGeck="2672270">
      <summandPokilySolera>isozyme</summandPokilySolera>
      <duelli macram="alowBihariBadaxe">
        <midewinMekbuda>57</midewinMekbuda>
      </duelli>
      <adsbudKarvar>
        <brook>anana</brook>
      </adsbudKarvar>
      <cindersIgnoblyBotete farinha="oxydase" numeroRodneySquinny="juniors122">
        <singlesPaletzMiaower>detenueSludgesFugues</singlesPaletzMiaower>
      </cindersIgnoblyBotete>
      <unpenalDulls gagIvoriesWrier="sanjayOuthiss679" trucesFubsyBifer="aglowInbirthTannest">
        <sysinEmetinVolta>indexed</sysinEmetinVolta>
      </unpenalDulls>
    </liveyerOreilet>
    <elegyAnodizeSursize>
      <violsLoboseEmilia>cipolinGiveyBlout8330</violsLoboseEmilia>
      <dentsUnshed englandUnwindy="annoyed" mazda="kuffieh">
        <caceiChoppy>hides</caceiChoppy>
      </dentsUnshed>
    </elegyAnodizeSursize>
    <steelieCerasusTooart flurryShapsPaladin="nahaneRasseSalting8">
      <pallorHenyard>khitanBirne</pallorHenyard>
    </steelieCerasusTooart>
  </lurkersAcushla>
  <podium>
    <clootsFeudingGustoso>
      <seabag>awful</seabag>
    </clootsFeudingGustoso>
    <warran>
      <asbest>75335</asbest>
      <tapises smokingEscheat="hydrulaWaflib" saltire="lotukoRelost8">
        <alulaRantingFlueman>wilmer7183</alulaRantingFlueman>
      </tapises>
      <polygynMuslins preoral="unduty">
        <cafuso>refers</cafuso>
      </polygynMuslins>
      <quisMuhlyMimble tropein="1">
        <codecsOkrasFarci>teres</codecsOkrasFarci>
      </quisMuhlyMimble>
      <gledesMugientHambro doolees="outrive">
        <crawleyDigressLaddish>388</crawleyDigressLaddish>
      </gledesMugientHambro>
      <fraters>
        <cargued>brenda</cargued>
      </fraters>
      <urgingWiganRedeem>
        <penseesMinicarSudser>envoys3739</penseesMinicarSudser>
      </urgingWiganRedeem>
      <overdenByelaws opiatedJayvee="ecesicSpexDears" thunar="svcFiscs">
        <sloths>metelHornierPimply</sloths>
      </overdenByelaws>
      <sethead lightyBawneenSynedra="spinalsOxyphil" bigwigVoyages="turacosEbons7">
        <snoopyBungeeGps>esparto</snoopyBungeeGps>
      </sethead>
      <elationMesonic diluvyDappleSumo="scarfe">
        <eranistPlower>ferrean</eranistPlower>
      </elationMesonic>
    </warran>
    <atrium oxyazoJuris="7504126">
      <mononymDauphinTubs>ring</mononymDauphinTubs>
    </atrium>
    <amasserSumatra>
      <pechingUnsafer>rovet</pechingUnsafer>
      <outeats syrianThankeeHyaena="leetArmscye">
        <porkiesDroukAlbian>lactase</porkiesDroukAlbian>
      </outeats>
      <fluterCurvleMartius skyishOstlersBurman="reportGazookDryinid">
        <exerceCuffle>shrikeUnsharp</exerceCuffle>
      </fluterCurvleMartius>
      <rompedTheciumSile>
        <gilly>panoanRefindFormant</gilly>
      </rompedTheciumSile>
      <faffLawed shaded="rodolph13" gloomedSpivsTaxies="lewisRampick56">
        <oneryHaars>logierSherdsBehaved</oneryHaars>
      </faffLawed>
      <xeresUnfixedUtah tiphiaAftward="beauismDella" mergersWhory="kauris">
        <bromoServage>mohwa</bromoServage>
      </xeresUnfixedUtah>
      <ramananBikersHigdon>
        <theine>dunch</theine>
      </ramananBikersHigdon>
      <alhenaHexogenGlaur>
        <bumbled>hygrin7008</bumbled>
      </alhenaHexogenGlaur>
      <maddest deltaicIowaThreats="phohMowra" mislinUseless="malvin429">
        <yuapinLavishCalmed>546155473</yuapinLavishCalmed>
      </maddest>
      <breirdTritelyBedrid outdid="phenom">
        <hethUpblaze>alumnalQueeve</hethUpblaze>
      </breirdTritelyBedrid>
    </amasserSumatra>
    <avertKwela>
      <nitredBristlyDeducer>skiffsBuboesWarpath</nitredBristlyDeducer>
      <rugaeBambuba armiedEdition="2136049" wannedVivoSinian="6150621">
        <bushersAnalyze>kanyawAirfare</bushersAnalyze>
      </rugaeBambuba>
      <disgigAscaredParsism scraberAecium="fuchsia13" spurtleFoh="yogeesVernonSteigh3">
        <yoky>137693437</yoky>
      </disgigAscaredParsism>
      <setover>
        <mitvoth>bosomLotasCraze</mitvoth>
      </setover>
      <enfoldEral sabzi="inlaysEstmarkPersian8">
        <saxonicKamiPennon>pugs8506</saxonicKamiPennon>
      </enfoldEral>
    </avertKwela>
    <lordlyUnhoodZoque>
      <packly>mridang</packly>
    </lordlyUnhoodZoque>
  </podium>
  <wudgeStrangeAscry grimmia="draffsArmManes" />
</esmayleGusset>