<?xml version="1.0"?>
<leydenCheeked>
  <drupelAmoebae>
    <sonde>
      <bedaweeThoughtArabite>accost</bedaweeThoughtArabite>
    </sonde>
    <wadmelsWaffed eagleLollopsNonyl="doveletUnslainKunkur" ailsyte="kop">
      <rusin>snyeSabulum</rusin>
    </wadmelsWaffed>
    <kebarsCertifyWilliam pancakeSoln="dimyaryCrankedFlask" preampsZigzagBetell="boogieUdos">
      <holistDoeskin>gabelleAltair</holistDoeskin>
      <direxTagtail spaadSamsam="laddockSilicam" bidery="wealful">
        <guckiArendCutest>gustsAbaff</guckiArendCutest>
      </direxTagtail>
      <atropos agaliteSwabbedSkidder="miterSpumoidEen">
        <cupful>chab</cupful>
      </atropos>
      <cascara>
        <glomeJericanLwp>vedic</glomeJericanLwp>
      </cascara>
      <mazardsDancersCutie outactsSame="scrauchCantiga1556">
        <whetter>logwoodGayly</whetter>
      </mazardsDancersCutie>
      <thingBorrelGotra>
        <grayest>pfcTerceUndight</grayest>
      </thingBorrelGotra>
      <fizzedRehired sarodsReagreeRemask="theistBattle">
        <copsole>deadeye</copsole>
      </fizzedRehired>
      <bojoBrowdenTorus lilacIsohyetAscarid="stouresGobiesBucking" wrasseMammin="speckyCanalerDotlet">
        <bightedSpeirFenmen>96587</bightedSpeirFenmen>
      </bojoBrowdenTorus>
    </kebarsCertifyWilliam>
  </drupelAmoebae>
  <etoiles />
  <danesSulidae damplyOuroub="terai4531" cordsAdenylPorella="chugKerbaya" chewinkNerverBecks="irk" laboursFurnitSissing="castice" />
  <hydroRents euphemy="intownBeleaptTubate" noricSoots="biasingIsocolaOptimum" necesse="carumWarmishShrag">
    <villageHerby oakboyProtons="juntoReyield" treaterOpiaticCamacey="cynipsWast" skilty="alewhapLowth">
      <blessed>trokerUraniidAsylums</blessed>
    </villageHerby>
    <neuronRuthfulUnevil jagger="votalNitrite" pedro="dented">
      <legallyChowderShood>limpestOxysomeKulack</legallyChowderShood>
    </neuronRuthfulUnevil>
    <cowgateAnlageRacked apidaeFrereKami="factualForrit5375" frisco="holiesFaon" desuete="gerendaDofunny">
      <dieriChiverWifekin>swedgeCanasta</dieriChiverWifekin>
    </cowgateAnlageRacked>
    <dormantSeidel>
      <chut>punyishRetain</chut>
    </dormantSeidel>
    <karates>
      <partley>circlesLoveman</partley>
    </karates>
    <prawnySkelper>
      <stemsonPowanReposes>detain793</stemsonPowanReposes>
    </prawnySkelper>
    <widowFirstsJessica>
      <mopery>sighing2</mopery>
      <ricinusRasperBargh custMerrily="archiePhallinViasma" oppidan="chinkPinchesGrayfly">
        <lanierEmpearl>femmes</lanierEmpearl>
      </ricinusRasperBargh>
      <resectsChappy>
        <enwoodHagiaDallied>shnookTrompil</enwoodHagiaDallied>
      </resectsChappy>
      <kulm sydneyKnotty="saxeAuditRoups" acoelaCulbuteChigoe="asianicMerciesReladle">
        <alaria>jutkaShoveTibbie8</alaria>
      </kulm>
      <subdial darings="odologyDickAnitos" redaubWosome="blindUpriseRapic">
        <leasWheeple>gunselPantGonofs</leasWheeple>
      </subdial>
    </widowFirstsJessica>
    <tedders>
      <advise>backrunBayzNoded</advise>
    </tedders>
    <rasesPrecisoSents decourtAlmugsCarua="sieneseBuzzwigWicks" abacasAlaundIxion="enrapts683" nozzlerRowthGulpy="unguyed413">
      <mamsell>plautusMandril1685</mamsell>
      <uplaidIxodic>
        <nautch>spuggyHippa</nautch>
      </uplaidIxodic>
      <belgium>
        <composeEgret>skybald669</composeEgret>
      </belgium>
      <recadoDicht chiaveTauri="prestlyMado4">
        <fiversRanjit>sopsTelson</fiversRanjit>
      </recadoDicht>
      <snooks morrows="crombecBellBeng">
        <pellet>iareAleak9</pellet>
      </snooks>
    </rasesPrecisoSents>
  </hydroRents>
  <cyton ruttierAwnedSprunk="fossaneExectAxonost" codaminMonosMulct="reglues" chestyFordingDeems="murzimGowfCaplan">
    <greetedNocakeWye officPrueCornett="mootmanHabitueFacund" hoagiesPrytheeHabille="cultish">
      <kerslamRedly>cloyingTicket</kerslamRedly>
    </greetedNocakeWye>
    <unsinewCor>
      <bremiaClintDuomo>8307490</bremiaClintDuomo>
    </unsinewCor>
    <calotteConter>
      <suncupBefume>18087645</suncupBefume>
      <woilieLumping>
        <hastish>merino</hastish>
      </woilieLumping>
      <closureBedmateCuspis envenom="sillersJudcockToitoi">
        <cetylRespondOutspit>flotten</cetylRespondOutspit>
      </closureBedmateCuspis>
      <sutaio>
        <gooneyNarrowsSanctum>531016</gooneyNarrowsSanctum>
      </sutaio>
      <rowenScolog searerDimmish="wamuses">
        <exies>marisClonk229</exies>
      </rowenScolog>
      <fiannaTrainTables meadowDismesOkoume="chasterAnsPimpla468" jarble="yatigan7">
        <crownetCalinePlacit>peedShapesIkon</crownetCalinePlacit>
      </fiannaTrainTables>
    </calotteConter>
    <brogues budzatKorariDaric="zaxVoguesDiddled8677" mungaBracker="36322412" ellen="wandersCarnie">
      <rinde>41</rinde>
      <adoxiesChicks>
        <amidols>wampumsAltheasWerner</amidols>
      </adoxiesChicks>
      <pagumaBrensFibry>
        <addyPeuhl>4651</addyPeuhl>
      </pagumaBrensFibry>
    </brogues>
    <floraBaselyBalsamy>
      <chequy>50</chequy>
    </floraBaselyBalsamy>
    <moultenShantManobo>
      <seceder>curveyFetidlyScolder</seceder>
    </moultenShantManobo>
    <dukesJinglerZootoca>
      <sondageNorate>existerThimble</sondageNorate>
      <rarestTruism>
        <brassia>cilia6</brassia>
      </rarestTruism>
      <dautingGuanin>
        <tunhoofMickery>deiced1</tunhoofMickery>
      </dautingGuanin>
      <herniaAxons sos="aurirApophis">
        <lafiteEighty>wanely</lafiteEighty>
      </herniaAxons>
      <neatQuotityDespume boldestGuilderGaleche="emitterFruity">
        <okieHaffle>bombaxBaldy</okieHaffle>
      </neatQuotityDespume>
      <mutuantKeita coosucWarrinVibes="dautedPatrinHinch" grimfulBovver="5457">
        <moldedBeloidIctonyx>244</moldedBeloidIctonyx>
      </mutuantKeita>
      <ronaldTippy scab="tenetsOphrysRomana" parents="hipeWierd109">
        <murmurUnwork>heptoic450</murmurUnwork>
      </ronaldTippy>
      <baggedPorns pechili="trimmedEartabToecap" sheafy="merinosNoose">
        <spooredCroupy>folds7896</spooredCroupy>
      </baggedPorns>
      <sprengAphodalIcicle>
        <tuaPlows>sting</tuaPlows>
      </sprengAphodalIcicle>
    </dukesJinglerZootoca>
    <rerises haulingExaunDeckle="peeking" fustierCobHaiku="sluing">
      <uproutePanaceaSatron>8683</uproutePanaceaSatron>
    </rerises>
    <cytinusRehoodCustoms>
      <timeous>slavizeFellows</timeous>
    </cytinusRehoodCustoms>
  </cyton>
  <arache zinckeVisas="amarna" paned="vimenGehenna" />
</leydenCheeked>