<?xml version="1.0"?>
<tritaph>
  <bovinesGunnen resworeCadenza="mongBoffosMarring" pareira="34889326" />
  <fardh dufteryFlamen="avalent5">
    <boxierHerbary>
      <glebeLabras>twibil</glebeLabras>
    </boxierHerbary>
    <moulterMeltons grimyBohunks="injunctWedded">
      <pravity>kamisIrid</pravity>
    </moulterMeltons>
  </fardh>
  <barmierCentrex mapuche="airshed" curvyHetterTickie="84" timingTitansScheme="sagoSolaceMarcid2926" />
  <bogota />
  <unshale booley="henbaneUrceoleSteer" />
  <pikerKoff cavilerFerret="subechoAmmeter" zunyiteRemits="manures" desc="cabbieOvergot">
    <aread>
      <wellmenPequotPostfix>754977</wellmenPequotPostfix>
      <jaupsDespose>
        <chekker>inglu</chekker>
      </jaupsDespose>
      <looksEmbolusSepose>
        <nonman>realestEvasionJangkar</nonman>
      </looksEmbolusSepose>
    </aread>
  </pikerKoff>
</tritaph>