<?xml version="1.0"?>
<venallySlumpyBason>
  <recocksRemarry tuilzie="axtree466" intill="dedimusDrippleMarah2" shubaShandryFooting="53938787" bookismLolling="addictsSkippelDocile3">
    <bulimus swearerBookish="langues" traMousee="8">
      <minxish>miladi</minxish>
    </bulimus>
    <woodmanHymnalsFrijole>
      <nagmaal>dorseBugshas</nagmaal>
      <gullCholic skinchIrelandChawk="nevo35" scurvy="pledgedGnessic">
        <hoddensCarrykePartan>lousily</hoddensCarrykePartan>
      </gullCholic>
      <tabbing toopSaki="retrack">
        <ailsPlatoon>boobishTeneralMonks</ailsPlatoon>
      </tabbing>
    </woodmanHymnalsFrijole>
    <pawner>
      <octroisCuter>renewedMuskegs15</octroisCuter>
    </pawner>
    <downing aeaeanImpleadTesty="uncartBrokers" teskereHummockNeeders="tealessWoughAzalea">
      <labeled>mitySacksOutwalk</labeled>
    </downing>
    <unipodChoreas>
      <yarthen>mult</yarthen>
    </unipodChoreas>
    <paynimsVeliger>
      <spiraeValeted>mightlyLunetsOphism</spiraeValeted>
      <squetee boonRapersManling="mayapisCitola">
        <hadawaySwerve>seawornSwage483</hadawaySwerve>
      </squetee>
      <moluccaNitSerrae holmiaDegreeTenino="tanakIscose" frigBoreasMiddy="bravesWhigged">
        <travest>hungersIdahoan</travest>
      </moluccaNitSerrae>
      <goldy balaamTherialSunway="merkVerninDeynt" glom="oxoniumSchlockPenni">
        <winklot>amurruToxifer</winklot>
      </goldy>
      <cautio>
        <swerdBulbarMulmull>sambarsBeworryVacuate80</swerdBulbarMulmull>
      </cautio>
      <facto uploadsName="9" notersBastianHaika="boomletCoxalgy">
        <burkedWahahe>exite</burkedWahahe>
      </facto>
    </paynimsVeliger>
    <reddled blooieNetcha="langleyMacco82" fowMercers="lunda">
      <siftedUnboned>haftersOrnoiteClonos</siftedUnboned>
    </reddled>
    <ino polt="12069" amautVomiter="zemmiFusains">
      <thripid>yamsGinnetReshes</thripid>
      <pads>
        <tannestDuftryWhatd>nipasCapCoenjoy</tannestDuftryWhatd>
      </pads>
      <rufusLynchedBun contourInbowed="393535" flautoPorail="akhyanaVapors">
        <meseledShakenTestril>puleIdoism20</meseledShakenTestril>
      </rufusLynchedBun>
      <plitchSquawkyBoing>
        <monicAmperes>519877760</monicAmperes>
      </plitchSquawkyBoing>
      <yafflePhajusCrowdle>
        <lessen>kleshaSabotedWogiet</lessen>
      </yafflePhajusCrowdle>
      <lankishSooreynNocking inglut="uglify" rajaOslo="orgiasmHablePunic">
        <uncurbBrinceWonga>fiannaBazzite</uncurbBrinceWonga>
      </lankishSooreynNocking>
      <tummockFibbingStallon mawseed="cope" macduffMissel="pawawMeleeSphalma3">
        <proveCrozersSeptier>ponerid</proveCrozersSeptier>
      </tummockFibbingStallon>
      <outmenKeet memphis="voculeGufa" rozzerMurgeon="424538">
        <woofedChorwat>subjee676</woofedChorwat>
      </outmenKeet>
    </ino>
    <qintar>
      <geum>3</geum>
    </qintar>
    <cutoutChulpa>
      <caitif>haulmy</caitif>
      <ahrimanPenheadHushes opsins="entrepHies" aspirer="13464">
        <osmolLorate>velvets</osmolLorate>
      </ahrimanPenheadHushes>
      <friskinWheal>
        <aloe>var</aloe>
      </friskinWheal>
      <celloid bargesStodgeSwage="anticorThalers68">
        <gibliChurnedReshot>unsnapsVomitTillaea</gibliChurnedReshot>
      </celloid>
      <arni>
        <dermoid>35446242</dermoid>
      </arni>
    </cutoutChulpa>
  </recocksRemarry>
  <kurdish cloopGuemalUnible="earmarkAuf76" convito="jaysPateeStradl" hadit="align" cougherIguanas="zygomaMadre4462" />
  <vagusSpecif painty="burros" champakNarwWoft="larynxAspcaFreshed">
    <tarrish>
      <grigs>14180</grigs>
      <zingaro mashier="motions" awkPokomoRipper="mosetteTuskingParse808">
        <bestrowUnzipRecolor>bushwah</bestrowUnzipRecolor>
      </zingaro>
      <talonedDook>
        <wrinklyAgedFaulty>tchai</wrinklyAgedFaulty>
      </talonedDook>
      <rocheDravya triremeInnuitXeme="skiter" armidaKaddishBarley="365157956">
        <assapanFrundelPilule>puttier</assapanFrundelPilule>
      </rocheDravya>
      <splicedDisdein spelledCollard="usucapt" gripsLittleThree="xurelCheeneyBlarnid">
        <leecherViolandCerias>ruthfulAdead</leecherViolandCerias>
      </splicedDisdein>
      <ohsSyntanPatise ruledPap="384084">
        <weriKirtledFause>koasJohnsonReplot764</weriKirtledFause>
      </ohsSyntanPatise>
      <overarm sebum="snoutyEpactMettar2876" ponesBuckpotBleezy="unhairy">
        <planter>needham</planter>
      </overarm>
    </tarrish>
    <chanted>
      <bonsela>corodyRegilds</bonsela>
    </chanted>
    <scatty pilmyTitlingHassock="unbrentNovumNoyance" rerunsLyrawayMurly="queingSaffior" gordiidDaeva="dilater23">
      <applingVirgula>438277</applingVirgula>
    </scatty>
    <bassieFalcate gardeny="quichePirnKudos">
      <sacking>llbInturnsPallor</sacking>
      <convectEnnuis goloka="676496">
        <unimped>cicadasMossing5</unimped>
      </convectEnnuis>
    </bassieFalcate>
    <remouldSnowl>
      <janders>halweErosely</janders>
      <untriedHonersBox fumagoGhats="7">
        <ixodesBerendKeglers>6</ixodesBerendKeglers>
      </untriedHonersBox>
      <fsiest crusilySpearsFiked="36569">
        <peelersClunk>pallion</peelersClunk>
      </fsiest>
      <millesMina>
        <dewfall>103</dewfall>
      </millesMina>
      <placeYirrs footier="slitSemplesOxalyl" somaliaSquabby="hemagogTheekerBreves">
        <tricing>boca</tricing>
      </placeYirrs>
      <anconasUnpliedBumf>
        <fettersXerarch>deathsIbilao</fettersXerarch>
      </anconasUnpliedBumf>
      <howksZithernCabin>
        <meagreLynch>deedsFado</meagreLynch>
      </howksZithernCabin>
      <targeBlawsKetoses stupors="aglowRapeful6103">
        <rosillaCornier>beaniesBedrockSitkan</rosillaCornier>
      </targeBlawsKetoses>
      <foible agreerTrussed="hessian" haustusCagier="sharnyLappa">
        <sensate>3</sensate>
      </foible>
    </remouldSnowl>
    <spookyChurchAlgas>
      <amidaseHumpedKeena>crimine</amidaseHumpedKeena>
      <alumicSpewerGizmos>
        <chati>matman5</chati>
      </alumicSpewerGizmos>
      <neurualRashesAsoka>
        <semmelEthanal>7230319</semmelEthanal>
      </neurualRashesAsoka>
      <faying>
        <pizaine>subgumRyotsJusto</pizaine>
      </faying>
      <bailer thither="8020054" amastiaSlee="pipeful">
        <mudwort>tuffetsUnison</mudwort>
      </bailer>
      <cineBraceroOxidic jetterDebut="lowboyInfolds">
        <hattock>570048</hattock>
      </cineBraceroOxidic>
      <baldScolderClueing micateTarefaMuckier="3762" scringeAdios="wakesPlowerCrwths">
        <adamsia>acronal</adamsia>
      </baldScolderClueing>
      <higdonEthideDeglaze>
        <voilierDielCojuror>71</voilierDielCojuror>
      </higdonEthideDeglaze>
    </spookyChurchAlgas>
    <enquirePaiche>
      <unison>fretize</unison>
    </enquirePaiche>
  </vagusSpecif>
  <drapet>
    <meagreSnapps trunSparkerUmbeset="2312" camelidFulyie="19634108" skinsGilden="harlots">
      <missFishpotHexamer>elfwifeTabberDinaric</missFishpotHexamer>
    </meagreSnapps>
    <pasternStoutyVirose relicDroned="gantHagmena" deposes="oddish" jageerBrushetSkimps="synodusChuddarZaurak">
      <redelayDespondEddic>648</redelayDespondEddic>
    </pasternStoutyVirose>
    <sambaed>
      <magnify>paletteWiggly</magnify>
    </sambaed>
    <mopers>
      <rasenna>lesghArousal</rasenna>
    </mopers>
    <anaxone coadmitLocumFrabbit="pulijan" vesuvinShinedBeigel="111">
      <pianUnivied>koineGelofre</pianUnivied>
      <satins>
        <delude>scryingRushees</delude>
      </satins>
      <teaslerAbort adalatAcomia="delvers" yodelsUnfrankShoat="jabers">
        <montiaSomber>2</montiaSomber>
      </teaslerAbort>
      <tiptopsDivortCotinus milfoil="pigrootBoke">
        <uroSugarPassage>battlesFlukey</uroSugarPassage>
      </tiptopsDivortCotinus>
      <enrobed>
        <lovepotBenzoxy>5806768</lovepotBenzoxy>
      </enrobed>
      <douche pledge="panicumCantredFlexure80">
        <humsDunnessHuffed>corsiePronged3884</humsDunnessHuffed>
      </douche>
      <maihemsLactyl caulked="35616300">
        <cantala>unbusyFonder</cantala>
      </maihemsLactyl>
      <miltyAbri sorelyGetupMoror="cladineAppaltoSagging">
        <sutler>oses6</sutler>
      </miltyAbri>
    </anaxone>
    <goddedArietteCassius cytulaBalkan="sloomBoyceTrional" reliedAlariaGyve="lassosGebangSyenite107" maubyAnus="caama">
      <hereonTulsiCrool>558</hereonTulsiCrool>
      <wry rallyeJacktar="chrysisKinesisMunic">
        <illuvia>unipart</illuvia>
      </wry>
      <natatorCurucuiRiksha>
        <miscutIkon>9500</miscutIkon>
      </natatorCurucuiRiksha>
      <oilcanLaver detaxGirder="unsoncyEuchred950">
        <touzlesLetupNuda>433</touzlesLetupNuda>
      </oilcanLaver>
      <wahlundKelson areekStookie="becenseSidling9341">
        <atropic>reengeCleridEdictum</atropic>
      </wahlundKelson>
      <flatlyFeoffsLarvule damnii="chills">
        <goonda>lyamRedug</goonda>
      </flatlyFeoffsLarvule>
      <magpieRetail lacernaCanepin="260">
        <huttingPropter>neven2</huttingPropter>
      </magpieRetail>
      <rhytinaGyrally inticeBadaxe="snurlyStaiver" secparAgenizeAlloxy="granola">
        <dyeings>aerobeHerdboyParcook</dyeings>
      </rhytinaGyrally>
    </goddedArietteCassius>
    <ripsaws>
      <achimeSpinageHeteros>wimplerVallums5931</achimeSpinageHeteros>
      <grumpedThrawn aveugleHatpinSilos="unwistCoolsBenin1307" tauriniGrossoMolar="sparkly">
        <despert>citiedBockWerecat</despert>
      </grumpedThrawn>
      <nutpickDieHeroics vidyaNeembaKeftiu="eireneEmptiveCanis" bongarStickelCracca="uncorksDeucedContour">
        <atazirCueist>49</atazirCueist>
      </nutpickDieHeroics>
      <maestroJakarta>
        <jussoryCoulageBoss>lianoidHernialStaithe</jussoryCoulageBoss>
      </maestroJakarta>
      <epidemyOscar>
        <saxon>sledgedPlayaPennies</saxon>
      </epidemyOscar>
      <casaveSuevicSarcle sichtThinglyOath="coastStooter" ediyaOintAnlace="shireTipcartNowed">
        <paraphKlipbok>enochBankman</paraphKlipbok>
      </casaveSuevicSarcle>
      <strateSodium butts="278091469" uses="messesDidosBenzein">
        <nighingOilskinRojak>manageePedeses</nighingOilskinRojak>
      </strateSodium>
      <barbut>
        <sillar>ethanimPegmenEtamins</sillar>
      </barbut>
    </ripsaws>
    <humourOafdomSameks>
      <soaveFane>siemensBoxlike</soaveFane>
      <krangOvendry sintoPorchesLuite="rudasNoes">
        <lulls>11</lulls>
      </krangOvendry>
      <fourragWenchow unducalEngregeFigured="dined">
        <limbal>53</limbal>
      </fourragWenchow>
      <impvLeeched>
        <shaveryOsages>155</shaveryOsages>
      </impvLeeched>
      <ragi tohoDormieKidling="appeachPhren47">
        <ngwee>pria185</ngwee>
      </ragi>
      <rhombsTincladTarrass krigiaSikhs="byblisOafs">
        <beneme>vetustRhymist</beneme>
      </rhombsTincladTarrass>
    </humourOafdomSameks>
    <serosas>
      <otidiaIsozymeElvira>tunniesPilaffItacist</otidiaIsozymeElvira>
      <paal leopardCuffyBisley="3771" vazimbaPatesAbdom="witlingUluaMarly">
        <estocDominic>steward</estocDominic>
      </paal>
      <glochid cymes="1793150" sacbutsOminateBulanda="boratedSalinesIntrus">
        <eelpot>3395</eelpot>
      </glochid>
      <khakhamThonder enrapt="117" sparky="irbis">
        <ored>puddledViduate</ored>
      </khakhamThonder>
      <penangsUnpenPtelea>
        <gushingImponedAborad>abarisDrainer</gushingImponedAborad>
      </penangsUnpenPtelea>
      <gougingRupaCarity soapier="bourgNecroseEemis" spiss="morgSkaffUnlofty">
        <jalapsShrivesFustin>agorasCasuistEaning</jalapsShrivesFustin>
      </gougingRupaCarity>
    </serosas>
    <norelinPawdite>
      <aviates>stept</aviates>
      <tablierUpcityVenator>
        <gambitsHaggles>626</gambitsHaggles>
      </tablierUpcityVenator>
      <dianaOwsenWindowy>
        <balkansSontag>havensLignums</balkansSontag>
      </dianaOwsenWindowy>
    </norelinPawdite>
    <subseaPavenShedu alipata="sweepyLoggishSpider" wiggishHeaumerLouch="calcite">
      <fleabugCabala>timbersMaltaPulasan</fleabugCabala>
    </subseaPavenShedu>
    <gibbiCastorTankage hagletGangion="avijjaBorel" abraderBienly="bambosLuckieConfabs" gawkier="290740">
      <moreoteUnworld>hagwormTrusterMosette</moreoteUnworld>
    </gibbiCastorTankage>
    <shrieveHasntElsehow alburnMidribsScrewy="scrimpsDropper3">
      <foresinPalliaNanoid>bomiRecline</foresinPalliaNanoid>
    </shrieveHasntElsehow>
  </drapet>
  <beedi moodleUptoreLoins="choosyUnlaysRicket" />
  <illureBefilth leadyPlutonsYajna="86283031" dharmasMales="potholeWasango">
    <qiana sarrafDivests="293606482" ecthyma="retrierReblendAlliage">
      <froggerWites>demotic</froggerWites>
    </qiana>
    <unwrapsBelone nousDidies="lepidinPallors" reposed="skeezixLutistDiptote7690" lankerPeahensJocks="758973">
      <ruskin>settled5</ruskin>
      <trotolUplaid herediaGlyoximBrevity="2581">
        <offsideMoraMaypops>27</offsideMoraMaypops>
      </trotolUplaid>
      <erwiniaHaviorNonair akindle="6825703" gutter="boistSwag314">
        <valois>152</valois>
      </erwiniaHaviorNonair>
      <adhererJahvist taylor="pizzle893">
        <curaghsLangueTechily>296353</curaghsLangueTechily>
      </adhererJahvist>
      <drawlerFumilyEleuin relatedMopheadAppetit="lankierResteepSteeple">
        <andaman>stataryRepegVerite</andaman>
      </drawlerFumilyEleuin>
      <acetoneBesogne ravined="zouave">
        <lanum>army</lanum>
      </acetoneBesogne>
    </unwrapsBelone>
    <bechic>
      <surfieDipsie>elected</surfieDipsie>
    </bechic>
    <ervilPindalCobbled>
      <tatuShagletRadeau>cyclizeAltesse</tatuShagletRadeau>
      <orpinsHuffcap wiros="4792024">
        <osmaticAmulas>papulae</osmaticAmulas>
      </orpinsHuffcap>
      <disfenPeyotls doh="412">
        <likensSibbing>rabificTolas</likensSibbing>
      </disfenPeyotls>
      <dedansAlogian>
        <nummaryKidangAbove>604395373</nummaryKidangAbove>
      </dedansAlogian>
      <eathLing gigletsFirmed="riggaldRescued" skouthPleaOds="pom">
        <hassing>runways767</hassing>
      </eathLing>
      <amuguisTarfaCrissal aquoShilohViolas="sequelaRatbiteLopezia">
        <knobbedBeatus>crony9317</knobbedBeatus>
      </amuguisTarfaCrissal>
      <pondusLunatum sarsarKoodoos="haoles" niggleCeladon="1583352">
        <yeel>kerry</yeel>
      </pondusLunatum>
      <scun>
        <wisketSclaffJetsam>unbetTaipeiHeddle</wisketSclaffJetsam>
      </scun>
      <oeninIngenioIwberry cakiest="besighPorRug">
        <jarinasColored>tuilyieChefs</jarinasColored>
      </oeninIngenioIwberry>
    </ervilPindalCobbled>
    <zebrulaDotal>
      <anicut>jugula</anicut>
      <swinkWhushSluer>
        <zestfulAppair>virasonLank2344</zestfulAppair>
      </swinkWhushSluer>
      <grume bury="223" moiling="908">
        <caul>ebonite</caul>
      </grume>
      <durbarsJakos>
        <deployStruis>spitzesNoddleKibla</deployStruis>
      </durbarsJakos>
      <yoni jinkle="contextPsize">
        <dural>chyakJesteeGuaza</dural>
      </yoni>
      <snedsRutate crispinStartMiaows="cypFoined9379">
        <leipoaSculpin>xenicIntelArapaho</leipoaSculpin>
      </snedsRutate>
      <battlerFaciata pactionCarcassSynesis="sithRasion43" famuli="woilieBrune">
        <lawings>904345</lawings>
      </battlerFaciata>
    </zebrulaDotal>
    <bagmanLycid fineerRigger="unjaded" retaker="gloriesCurrans2801" buffontJammy="verayTarin">
      <arecainSynAramis>holesDistn</arecainSynAramis>
      <handbow smrgs="hastNatlSherbet" spoffle="flasherMisknowSprees">
        <ddt>myc95</ddt>
      </handbow>
      <engrailDiciestAirer handarmRummers="ceriasThorpesPeele">
        <umbeledCarica>razorsDries</umbeledCarica>
      </engrailDiciestAirer>
      <smokehoPicotahLimed valmyMissa="jitiViler" striaSekar="cruzadoMayan">
        <shindyGirlism>piccoloRuggerOssific</shindyGirlism>
      </smokehoPicotahLimed>
      <appulsePoschayAlbite coacherJackals="semisFenchyl" jingkoThumbed="outtaskYogaArgolic">
        <africa>5</africa>
      </appulsePoschayAlbite>
      <thungMyotics kainitsReawareChinese="guide">
        <butts>884533</butts>
      </thungMyotics>
      <courbeRacette>
        <egality>fetcherChouan361</egality>
      </courbeRacette>
      <saperdaWreaker scyldFuriousGezerah="severeDanglinOttavas" hydroneSeeablyAssayed="89067826">
        <sifeJaverSastra>nonasCuscusPothos</sifeJaverSastra>
      </saperdaWreaker>
      <illitesFiorin dammars="gruffed">
        <solandsManbria>7517400</solandsManbria>
      </illitesFiorin>
    </bagmanLycid>
  </illureBefilth>
  <sapaSeabag iciness="menuraMisersKibe" />
  <betag sumos="gabble" lamped="ganta4" jivesWhored="sougher" braxies="142351513">
    <lifterMilUnupset>
      <nacaratSookyElohim>92</nacaratSookyElohim>
    </lifterMilUnupset>
    <desmose ainoiPickierBraca="gonneSquet" peepLwmFlocs="tulchin" guiltyLakey="capuli570">
      <xdiv>arcacea</xdiv>
    </desmose>
    <unveils faults="limbedLatinsBurkers" nayward="defraud" amoresFordid="quassiaSepdHidated">
      <pulquesSideage>porerOuthit</pulquesSideage>
    </unveils>
    <agraniaDuredGrandee>
      <agedLaccaic>546</agedLaccaic>
    </agraniaDuredGrandee>
    <eyrie>
      <unripeDemotes>fetingJaipuri</unripeDemotes>
    </eyrie>
    <gisel cathole="spickVisita" fleeces="soughedGuetar">
      <czechs>serumRick</czechs>
    </gisel>
    <bialateMopseyAmazes>
      <merceNoupFootage>styedVitamin</merceNoupFootage>
    </bialateMopseyAmazes>
    <boolianAntlers tostao="sibsApotypeJustles">
      <austriaPeopleBeaded>precedeToweledBehear370</austriaPeopleBeaded>
      <diteExcreta grivois="bowsawPukerPiroot">
        <gibbledSunbow>corkageSyngamy</gibbledSunbow>
      </diteExcreta>
      <sandier mucusesKirimon="ensmall">
        <incantCummer>tushiesBebiteWhited</incantCummer>
      </sandier>
      <rosularAboveBsf>
        <tomtit>slating</tomtit>
      </rosularAboveBsf>
      <larnSpends essedaQuiddle="vitryLambers">
        <hamlahLucule>repeatsHoick977</hamlahLucule>
      </larnSpends>
      <phomaShoeboy>
        <gribble>413</gribble>
      </phomaShoeboy>
      <belacedChaitya>
        <aidCarposSopors>7820</aidCarposSopors>
      </belacedChaitya>
    </boolianAntlers>
    <poaMoki wantonsDeepenDelft="ceratPimps" longestPassedCarbona="1308269" turfdomUnmans="reswear">
      <trendedMarrersSylva>betonyAttacheCassina</trendedMarrersSylva>
      <exactedNiceishMuskies>
        <rober>swills</rober>
      </exactedNiceishMuskies>
      <aging>
        <hoccoNitta>mucusinLucanidMules</hoccoNitta>
      </aging>
      <skitsStonesCiruses sixthly="goodingMurries" dewlapTubbieUniv="gonzalo9609">
        <shy>bengDumberCloke</shy>
      </skitsStonesCiruses>
    </poaMoki>
    <bastantBesomer>
      <freckleWiping>caukMetalawSistern</freckleWiping>
    </bastantBesomer>
    <sistent>
      <aptianClump>puther</aptianClump>
      <cital bawsint="teem">
        <boruca>moneral</boruca>
      </cital>
      <dalea isdnJars="umiacsZorgite" unsorry="1">
        <overply>colatAdluminKudo</overply>
      </dalea>
      <unbagAutisms tamerIntube="dreks8902" mabyerPallas="nuthookBesanRabatos6">
        <leverer>56098017</leverer>
      </unbagAutisms>
      <harpoonCliftSakieh sacaePinier="saglessNeeders996" lepry="bladePercid">
        <ejulateMauriceCorset>stammerFateTollon</ejulateMauriceCorset>
      </harpoonCliftSakieh>
      <linersBagio jaybirdRoin="glidesWhartArtwork" neritaChayoteShinned="hvyCoachesMissel">
        <catelGloealMeggy>baldieChurlsYis</catelGloealMeggy>
      </linersBagio>
      <bavosoWithing stithe="colossoGiguesTrellis" torches="dabReflex">
        <gervao>kegsBewail</gervao>
      </bavosoWithing>
    </sistent>
    <noncoms>
      <akan>yackedFluoran8</akan>
      <rankish cuppinFalls="taredHeptace" outlive="7">
        <screaksSeamlet>dreesRappelsFurile</screaksSeamlet>
      </rankish>
      <ossicle estuous="99">
        <lampicCoppy>nubianQuakedDeux</lampicCoppy>
      </ossicle>
      <swigsTass>
        <boza>lissomeWeasels</boza>
      </swigsTass>
      <venins>
        <hammer>unaxedMistingCutches</hammer>
      </venins>
      <cumalCaptiveSwaggir polity="aerobicScripts4">
        <baryton>summitsPottah12</baryton>
      </cumalCaptiveSwaggir>
      <hoistOnsetMeropia egypt="flectCuppinPanyar">
        <jokingColdsGlim>chanteyCyathiEntom</jokingColdsGlim>
      </hoistOnsetMeropia>
      <pultost>
        <callerTowniesMistend>scrivenKordaxPastern982</callerTowniesMistend>
      </pultost>
      <diacid>
        <paellas>trilby</paellas>
      </diacid>
      <ferash unladedAbodes="unsavedHonorsMtscmd" towheesVorlage="deemerHajjes3">
        <untoned>lenaeum8624</untoned>
      </ferash>
    </noncoms>
  </betag>
</venallySlumpyBason>