<?xml version="1.0"?>
<hymnerUneatedTagtail>
  <smousSurfier taledCedrol="1596758" whopVia="elatine" flixStemlet="4206040" />
  <muley arabanMulley="6134988" />
  <hyliChulhaSurcle reprune="wryneckQuintusAmorosa" spondilYrs="hodureCote" />
  <pisoniaEncadre vacuumArrobaYowies="6262432">
    <joroposButynUpcheer>
      <hareldaDewormsInkle>daturicPlumesPrepay</hareldaDewormsInkle>
    </joroposButynUpcheer>
  </pisoniaEncadre>
  <garava />
  <oelet kyack="hoedownManbaConey6" troilusCantedSleaves="curvateRorqual4">
    <klieg>
      <runoffs>788278554</runoffs>
      <cobbraTads vimSniddleLunel="lentiscOoscope" chwanaSoign="renableFagot8860">
        <sibbsAgade>tonedCubane</sibbsAgade>
      </cobbraTads>
      <innersChebeckAcemila abiosesDovish="plenum">
        <frolicsPawnorClinium>67923840</frolicsPawnorClinium>
      </innersChebeckAcemila>
    </klieg>
    <pylorus shirleyMazersKojiri="retripHittersGemmy" snokeBouses="nontermTobacco" denameSassing="kryptonSwarajSabs">
      <renvoyGoulash>throesHygric3948</renvoyGoulash>
      <staffsCantabRepugn fossaeGawpRipply="unnetProtomeBurbs78" wreakScorifyYemeni="piglyDevotes">
        <zymoticHuskJacktar>copableLobberPalooka</zymoticHuskJacktar>
      </staffsCantabRepugn>
      <locatumNoggs classyKremlin="telicWeerTui5" yes="idlingCroyGoldest98">
        <crumber>noshReusing</crumber>
      </locatumNoggs>
      <dipsosWither gigolosOstlersOaritic="armfulsShadufsRumpus">
        <perishSucrate>430</perishSucrate>
      </dipsosWither>
    </pylorus>
    <gentesXeroxes epithemVetaWaniand="benumbsHatlikeWise" adibasi="8">
      <puggedUmm>palmsScudiYamulka</puggedUmm>
    </gentesXeroxes>
    <clydeOoliticFelup>
      <unevilChochos>muraenaZeal</unevilChochos>
      <afoul neepourAsmearDegame="goriestNailrod9223">
        <lemnianKarstsKanone>hirable</lemnianKarstsKanone>
      </afoul>
    </clydeOoliticFelup>
    <nus>
      <hizzMilages>ruchbahBothriaLepry</hizzMilages>
      <tentory dewdampHerbaryCormoid="hagweed">
        <sedanStanzas>clethraStipos</sedanStanzas>
      </tentory>
      <zoftig traliraByrlady="gryRoadersResigh">
        <boiler>tutrix</boiler>
      </zoftig>
      <goofilyPapio narialAdonistOverweb="coaxers" untax="busine">
        <trawlUndidDesc>raillyJan77</trawlUndidDesc>
      </goofilyPapio>
      <makuk bardlet="realsPattuNaivest" tarazedAvgases="rehayteSeismicSubtree">
        <wichita>bailoAshrafEupnea</wichita>
      </makuk>
      <volante outlainDuntingVell="slagEglingBletted">
        <sorceryEcdyson>estuateCyprine</sorceryEcdyson>
      </volante>
      <wingsDogleg threatsBirsitGutsier="sanicleRecoctTymp">
        <cupPsyllidRivalry>washakiCichlidOffals</cupPsyllidRivalry>
      </wingsDogleg>
    </nus>
    <pilotedPalinalCalemes>
      <wondieValuerDossal>wherryPiestGlovers</wondieValuerDossal>
    </pilotedPalinalCalemes>
    <liverNangerSeaworn>
      <boiloffMumpish>timbreJoyweedFunli1767</boiloffMumpish>
      <stalkedNinonWarbird>
        <nutty>gomerSaw</nutty>
      </stalkedNinonWarbird>
      <greatlyPilosis rostelIranize="bogansClump" aseptic="uchee">
        <abacli>clubby</abacli>
      </greatlyPilosis>
      <timider haglet="kaviEnlight284" defilerSulphas="corking">
        <oddestIdant>487013496</oddestIdant>
      </timider>
      <binodalToyfulUmbeled fibroRevisal="teaboyBrigue">
        <reisnerCracked>emane</reisnerCracked>
      </binodalToyfulUmbeled>
      <killock mummifyPrichTrant="titleneAtaigalSpyboat" adore="sottiePhoniesCrones">
        <swounedArgaileEmmets>7</swounedArgaileEmmets>
      </killock>
      <dramsSerousSuk>
        <ennomic>hingleUnwarnUreas911</ennomic>
      </dramsSerousSuk>
      <calvishCorpUnhull>
        <douckerGuacosCoriin>yquem</douckerGuacosCoriin>
      </calvishCorpUnhull>
    </liverNangerSeaworn>
  </oelet>
  <schleppMyalgia femaleCantrip="mistermApposer" />
  <tassal mattinsCocaoNopalea="33" mumperPasty="cookerSawaliMainour" avocetMandCulti="codexHilloa" draper="unfele">
    <wampleAquasMarmite brawestStashes="7117">
      <carwash>lockupGemmelMislear</carwash>
    </wampleAquasMarmite>
    <mistingSnapoutBillons>
      <bibbonsBoobiesOho>froth</bibbonsBoobiesOho>
      <dhootisHaemPoetry cobaeaPyrexAkra="upheaveClionaCordial" knubbyUncouch="65112">
        <foret>dripBistres</foret>
      </dhootisHaemPoetry>
      <turkishRoster armholeWinos="edmundDzerin" ovidianPlucksLedger="peroneiLatexRhyssa">
        <unhats>euryte</unhats>
      </turkishRoster>
    </mistingSnapoutBillons>
    <cuterRedowa>
      <reswardSiselMantric>4053924</reswardSiselMantric>
      <chalutzCaseinsRicing rumkinVauntGodwit="wreckyCube" piecing="uproseUshered">
        <anonyms>vulpine</anonyms>
      </chalutzCaseinsRicing>
    </cuterRedowa>
    <abowMobbie ramaiteUptimeBaize="unrapedFeeless" xyleneManures="islayRefrain">
      <parulisPalish>cutupHards</parulisPalish>
    </abowMobbie>
    <platans>
      <tonCongerOctants>telesia8</tonCongerOctants>
      <fllCoda begroanSkirls="simooms" fugard="dubbehVatterBordar">
        <calinda>leadersHoneys</calinda>
      </fllCoda>
      <skeensNasrolHowlite>
        <vinos>1</vinos>
      </skeensNasrolHowlite>
      <stomachHajib>
        <psalmyIpmGoupen>canardsLew92</psalmyIpmGoupen>
      </stomachHajib>
      <telome yetling="redo" blowsed="viaBoor">
        <dafferyHawaii>930328765</dafferyHawaii>
      </telome>
      <pteric kippenSimilor="ruboutTussled217">
        <maximedSlokaRorty>pompousGenit</maximedSlokaRorty>
      </pteric>
      <rouches jagger="heresySloshedSadhaka4290" apomictReicing="6234">
        <ferrashLegumes>platten6760</ferrashLegumes>
      </rouches>
      <capping>
        <seafoodPeucylHeptose>blowgunReplans</seafoodPeucylHeptose>
      </capping>
      <squenchTittiesCarrion>
        <pyreneShamir>pleach430</pyreneShamir>
      </squenchTittiesCarrion>
    </platans>
    <sornsHombreBrotula bruskly="2">
      <toadierHurrockBebait>skidiZigger54</toadierHurrockBebait>
      <hebrews>
        <secantGryph>letristRotateQueries</secantGryph>
      </hebrews>
      <outcureBotaSemple gomboMarotte="glaik" fico="slickenWincesPhizog">
        <sahhSaga>slander</sahhSaga>
      </outcureBotaSemple>
      <bannutNarceinSeidels waxlikeStuntedCarves="76888" tydeus="19">
        <inseamSilicas>damner</inseamSilicas>
      </bannutNarceinSeidels>
      <salpaeLongeveBatteau>
        <lettedToyshopGushy>ganyie18</lettedToyshopGushy>
      </salpaeLongeveBatteau>
      <elepaioJinket>
        <stanjenChasses>chukchiTaterHaulse19</stanjenChasses>
      </elepaioJinket>
      <dipoleKatDisked>
        <savingsLukas>isdn</savingsLukas>
      </dipoleKatDisked>
      <hamsa whip="1" logosTwiddlyGarston="guttlesPolitic">
        <aaronKipsSoft>tarteKarst806</aaronKipsSoft>
      </hamsa>
    </sornsHombreBrotula>
    <dune>
      <undarkKirpanChiefly>nitellaPigstyMagenta</undarkKirpanChiefly>
      <pupuloGros ixias="emmaPilaued" chronol="jauncesSpicy7180">
        <piedBonetta>93</piedBonetta>
      </pupuloGros>
      <unbraidFgn>
        <sepioidGyrator>mishnah</sepioidGyrator>
      </unbraidFgn>
      <wiggedSlopy daymentJinksDuctile="limpishRecallsGilver" fiel="cuedStagEmbryol">
        <mutuelsTapuyo>vowelly</mutuelsTapuyo>
      </wiggedSlopy>
    </dune>
    <fenderWaddersEnsafe anticYawnerPierage="3" larine="gharial55">
      <docquet>soundlyMorgSimoons</docquet>
      <conkerMulla dorsers="18226">
        <arginJampaniPlenity>bewigsPallium</arginJampaniPlenity>
      </conkerMulla>
      <karos tryptic="trubCacodylAlonely">
        <snightMazumas>eikonsLydite</snightMazumas>
      </karos>
      <bayman talisayCoactorSaxony="brants">
        <cirroseWofflerTowght>7284372</cirroseWofflerTowght>
      </bayman>
      <poruleDrivel cotuit="bowlful" tabisFiferHarris="refills">
        <tatinekPurfle>studioGheesMattoid</tatinekPurfle>
      </poruleDrivel>
      <tourLimanUnfoxy>
        <agings>anattosFlexureDeburr</agings>
      </tourLimanUnfoxy>
      <tyauveMarie gowkSpissyImpune="recour">
        <undirkMostSirius>amain</undirkMostSirius>
      </tyauveMarie>
      <ateba>
        <rascals>saraStampleFensive</rascals>
      </ateba>
    </fenderWaddersEnsafe>
    <califsSnips>
      <penney>pundit570</penney>
      <fylfots>
        <nibblerWergil>accoyedSiperArerola</nibblerWergil>
      </fylfots>
      <parfey>
        <kauriesAvatarsBabu>braysMazards</kauriesAvatarsBabu>
      </parfey>
      <wheedleEsuUntomb troggerOboe="doodab" weazenySturine="muslin">
        <indow>hatrackRhenic</indow>
      </wheedleEsuUntomb>
      <anthela keyseatMunited="semenceAxilArctoid">
        <besirenFlutist>aspyBhootsIsospin83</besirenFlutist>
      </anthela>
      <tuboidFancifyMinerva>
        <inkle>lectureWhereat</inkle>
      </tuboidFancifyMinerva>
    </califsSnips>
  </tassal>
</hymnerUneatedTagtail>