<?xml version="1.0"?>
<outarde>
  <knitterExhbn casitaCliency="samsam" barmfelSeggard="thyrsiSerowsAtinkle8583">
    <infantEarclip propupa="440615170" dewax="craizeyReasy" mutedlyCokeyRomic="rosins">
      <atropa>armpad</atropa>
    </infantEarclip>
    <stooden breathyRipaParada="fuye3015" vedism="961" lapworkSuffDaalder="heftedVenomedWrithed">
      <pearlinRhino>clartsTibicen</pearlinRhino>
      <frisson>
        <rioterBucare>clapperThanesGripers7174</rioterBucare>
      </frisson>
      <relatchOleates baboo="viagramChirper">
        <cheke>33436108</cheke>
      </relatchOleates>
    </stooden>
    <impalas>
      <rashesLotionsLucrify>moughtUnstrip2</rashesLotionsLucrify>
    </impalas>
    <archt>
      <carfourCrinch>kephirLempiraCrumped</carfourCrinch>
      <shintaiWrossle bedpans="unbainSynoecy">
        <pessaryAvouterApplot>sandaweBoolian49</pessaryAvouterApplot>
      </shintaiWrossle>
      <tribuna>
        <sapsCymeneEmoting>dictaWerecat</sapsCymeneEmoting>
      </tribuna>
      <enfoldBostal juniataEnchestGame="dipyre">
        <tapisesArchersAdhort>tympans10</tapisesArchersAdhort>
      </enfoldBostal>
      <insuperChaule choosesDextro="balkyAlanine">
        <markoBoatel>urbsDirk62</markoBoatel>
      </insuperChaule>
      <versifyMossieRhubarb gibeWhiskSalmin="83432">
        <allaysCoaxerWilles>philter</allaysCoaxerWilles>
      </versifyMossieRhubarb>
      <feruTomatoBuffy xylosidMatron="cyclaneShrabZambo" complinOxyurid="coragePenultNonlife">
        <vulvaYodeIncest>vlachCicely</vulvaYodeIncest>
      </feruTomatoBuffy>
      <renegueWistTearpit>
        <papillaGyms>sturble</papillaGyms>
      </renegueWistTearpit>
      <untidal heroics="10265" pirootRinceau="jibstayJellApsid">
        <sudsers>rodlike</sudsers>
      </untidal>
    </archt>
    <primostLeam>
      <miffy>mazdoorCrubeenSuld</miffy>
      <eugenicBaubeeUptake veta="lauras">
        <fleer>vasculaPinyonsJogs</fleer>
      </eugenicBaubeeUptake>
    </primostLeam>
    <talipesPoseurSueding>
      <intinctHypnone>cariyoOoralisCaked</intinctHypnone>
      <geon>
        <akhoond>830113</akhoond>
      </geon>
      <peebles elflike="emulge">
        <boringsAkingCallat>apatelaMinuted</boringsAkingCallat>
      </peebles>
      <ambroidBold leeserMourn="spavietCapivi" dewilyDhenebWinces="amazers3">
        <peckKaratsAdieus>inulaseRenomee</peckKaratsAdieus>
      </ambroidBold>
      <tarazed pangeneHinterJarrahs="15" refriedBristol="plasmTwilled92">
        <chud>680589910</chud>
      </tarazed>
      <heukMiked>
        <offenceAcceWidener>scotchImpeder</offenceAcceWidener>
      </heukMiked>
      <casaTathNutgall>
        <unitesJoylessMikveh>pilapilCurdsBurbark</unitesJoylessMikveh>
      </casaTathNutgall>
      <joul>
        <perkilyPoplet>sniffPeekeBroguer3718</perkilyPoplet>
      </joul>
    </talipesPoseurSueding>
    <kalianBriseisCerasus gyreCreem="3" advtArake="3272619">
      <carateSoddensXxii>strifeSate</carateSoddensXxii>
    </kalianBriseisCerasus>
    <cnemialBanagoAnthem>
      <cicadScandia>frakenUseably</cicadScandia>
    </cnemialBanagoAnthem>
    <dispend pyro="awheelSheat">
      <tiffingKorari>134724537</tiffingKorari>
    </dispend>
    <tee chicest="83186857" benthon="676" affaiteHygieneKithing="unspin">
      <avoweSemee>prosperDolldomPished</avoweSemee>
      <darooHallux>
        <girnMillileOutmode>tumours</girnMillileOutmode>
      </darooHallux>
      <lappa masconsHexerisPlewgh="anonangPayrollHatless" eskimoLycodesAeolid="weighedZophori">
        <dartarsErotizeQtam>rimplesAutoman</dartarsErotizeQtam>
      </lappa>
      <wapitisOchava kileysZootaxy="transeGlasgowGester">
        <manbriaPiggier>jostler</manbriaPiggier>
      </wapitisOchava>
      <pyesYaffle auburnHalo="murdrumGregalWonned">
        <sained>holaSheitan</sained>
      </pyesYaffle>
      <misly surnaiChapper="battish">
        <begaudyCorpl>49368</begaudyCorpl>
      </misly>
      <acaciaPycnia diccon="lentile" romansToyshop="coms">
        <ahuRushen>wilhelm</ahuRushen>
      </acaciaPycnia>
      <pakchoiTwangDoghole murutDuncan="algoidDansyQophs">
        <firkerLoshScraps>shivoosUridine</firkerLoshScraps>
      </pakchoiTwangDoghole>
    </tee>
    <robinShinaOxer>
      <ids>encashFunkiaKanara</ids>
      <timboPyruwl noireGlogg="tdrStarredBrin" dinking="gulasScritePlastid">
        <cativoPoufWedeln>3218</cativoPoufWedeln>
      </timboPyruwl>
      <deceaseDespendParaphs>
        <nymphalUpleapNots>spaerPimped3</nymphalUpleapNots>
      </deceaseDespendParaphs>
      <victimThundCoodle seroonBiorgan="squarerDovensWinoes">
        <rebladeSubgrinSackbut>sleekedPinchDazzle</rebladeSubgrinSackbut>
      </victimThundCoodle>
      <phorid polaris="cadoukFallaceKirby561" sladangCrusado="razoredMbiraNundine">
        <frenalAgatoidAnteri>6661029</frenalAgatoidAnteri>
      </phorid>
      <niteredAyapanaSacela rindedCheremSnabby="aslopHowdahSigloi">
        <jink>metonym</jink>
      </niteredAyapanaSacela>
    </robinShinaOxer>
    <vampsFlecheOchry solonicSkegger="bedead" lekaneBenderZipless="song" ule="oilcupJeremy">
      <quanta>1417</quanta>
      <castletRonier thow="bacalao" unctionInhaulsChigoes="wantageSilybum">
        <chantedPassir>shishamMudden4416</chantedPassir>
      </castletRonier>
    </vampsFlecheOchry>
    <girn>
      <bienneSnocatHeminee>intoed</bienneSnocatHeminee>
    </girn>
  </knitterExhbn>
  <icticTrowmanFoxtail canada="hijinks" gogosUnwildOrnery="28" />
  <touches conjuryGecksJhuria="thakurSumatra" lieut="49" unwelde="til" />
  <dockCetin varangiAgrom="frisch" thwackPlumetLoran="clinalBedsoreSib" ebbmanRosetta="teemersVocoid5" primacyCstWikeno="sodiumColyoneAbasing">
    <perique vinousLeuciteMize="bottles">
      <whrDeeplyMeated>noesisWaheheBunked</whrDeeplyMeated>
      <thund>
        <weanerBittium>thumpsMissingCwt</weanerBittium>
      </thund>
      <emprent>
        <atour>59037186</atour>
      </emprent>
      <etapeUropygi marchedGrayish="eleminKotarBarad" bassly="aphesisPrecyst">
        <balundaEstate>66</balundaEstate>
      </etapeUropygi>
      <nitta cantalaStookerBoorish="khatibStupose" cotonam="liest">
        <kelty>kadu</kelty>
      </nitta>
      <hypMouthsOedipal gharry="pabbleThulr">
        <tcheka>crinal</tcheka>
      </hypMouthsOedipal>
      <boatedRipplet>
        <spiledJudokaKeels>ballasPartureCimnel</spiledJudokaKeels>
      </boatedRipplet>
      <gumboilCerezaSunny befrets="kabarDemirep501" lawrieSubgod="songo">
        <rusines>irenicsRibbyLegacy</rusines>
      </gumboilCerezaSunny>
      <coda>
        <serpens>oboistsDoloursAymara</serpens>
      </coda>
    </perique>
    <bateauxExempt chalinaPharo="boridesEarwigsPertish" parkasWaddled="semolaCiphonyAdrift">
      <wombatExamsDefend>beblotCaffeolRumpade3340</wombatExamsDefend>
      <laxness>
        <tewly>founShifts</tewly>
      </laxness>
      <vrilledYouthly frowner="turncapIntorts526">
        <derust>gilgieAlkanol</derust>
      </vrilledYouthly>
      <ebulus>
        <usagesKusaTangelo>gullagePiloted</usagesKusaTangelo>
      </ebulus>
      <tissualAcreage conceal="14744843" bitmapInbowedGoodie="outeyedDartedSquid">
        <flambeMedakas>paintyPhymataUnmaze1</flambeMedakas>
      </tissualAcreage>
      <acrasy miscue="221">
        <ligular>tabificWakore</ligular>
      </acrasy>
      <cavidaeRemass harnpan="lupusIllish">
        <hive>akronQuiaWese</hive>
      </cavidaeRemass>
      <marlenaJoes>
        <sliveryFloggedRomping>27358</sliveryFloggedRomping>
      </marlenaJoes>
      <outedgeSpencyGoatpox heaviesBelam="brandPiggie2">
        <buyingEvovaeColola>gleansImpugnTien</buyingEvovaeColola>
      </outedgeSpencyGoatpox>
      <upfeed habenal="typal2" overwebShelvyCreese="zooidalCumber">
        <piewipeScient>inaptFadeout</piewipeScient>
      </upfeed>
    </bateauxExempt>
    <okiSulphoComtian>
      <pranked>recopyWritee</pranked>
    </okiSulphoComtian>
    <farsang>
      <speronHastishSucuri>legendsNauseam</speronHastishSucuri>
      <despondThienyl>
        <snidely>bradoonSoohongPeal</snidely>
      </despondThienyl>
      <recantThyine guze="4989477">
        <gullEisell>2011</gullEisell>
      </recantThyine>
      <traveDiting burooLopeman="sunfall">
        <unswear>2</unswear>
      </traveDiting>
      <bantery azandeHurst="mikvoth" ckw="bironSandhog">
        <liddingBasculeBransle>billianMeanerShined</liddingBasculeBransle>
      </bantery>
      <vilerSubpimp ceilerOutlandDove="greeing">
        <acerbasWisentsPhooka>plyerWaar759</acerbasWisentsPhooka>
      </vilerSubpimp>
    </farsang>
    <faitsGeezerIchthus>
      <sozins>84364</sozins>
      <cachilaNotcherRedoxes styxianBalladsSalsola="225720" allnessDoughtyKilters="essangLoafer">
        <surcleNatl>409247</surcleNatl>
      </cachilaNotcherRedoxes>
      <atheism>
        <tupianUnlives>gibbier</tupianUnlives>
      </atheism>
      <saracenTamis bavaryPollenRother="aliiWickets">
        <golochMaggie>martrix</golochMaggie>
      </saracenTamis>
      <tinting crawledFaming="overawe">
        <buttonGarranSiganid>dapped</buttonGarranSiganid>
      </tinting>
      <spreeCouples whabbyEngemFunje="orians3277" gunneraPuttooPawers="835633111">
        <skidwayLustlyTrismic>padnagsLemelConga</skidwayLustlyTrismic>
      </spreeCouples>
    </faitsGeezerIchthus>
    <hulchMaleCilery>
      <pierageCowbarn>57467536</pierageCowbarn>
    </hulchMaleCilery>
    <oilcakeRamming>
      <banyaiDaywritGoeduck>royal549</banyaiDaywritGoeduck>
    </oilcakeRamming>
    <idesia>
      <briggs>irisateWispingHabble</briggs>
    </idesia>
    <ulexiteWidelyTongers>
      <squiredLanugos>feezedBlearyVirga</squiredLanugos>
      <bundhSprawls>
        <biflexTelembi>lobberBladeUntell</biflexTelembi>
      </bundhSprawls>
      <ambitusPhonetSwangy coypousDoeuvre="leslieSilvanWhats3121">
        <jiltersDevoiceGumweed>kishkaEtruria</jiltersDevoiceGumweed>
      </ambitusPhonetSwangy>
      <pranava>
        <beaneryUnturnBangle>dromondTeasersChorio</beaneryUnturnBangle>
      </pranava>
      <zipper quiina="cense">
        <abasSkeetEria>galiumKivuLindsey</abasSkeetEria>
      </zipper>
      <monacoKercher alanyls="ferulasPorcChurn" mincer="biogas80">
        <currs>peropusForfare1480</currs>
      </monacoKercher>
      <healths>
        <dares>waiseAxmanIllumed</dares>
      </healths>
      <volcaeMoonbowArcanum>
        <wingatePierisStymie>mirksAmsathIdylian</wingatePierisStymie>
      </volcaeMoonbowArcanum>
      <copulae stygial="nostocStoleSpittle">
        <serioso>nigelLaeticRedame3927</serioso>
      </copulae>
      <atopiteScrayeChorogi>
        <flambeeGents>linocutSifeBlick</flambeeGents>
      </atopiteScrayeChorogi>
    </ulexiteWidelyTongers>
    <kaesNosu>
      <parsers>bandieReflet</parsers>
    </kaesNosu>
    <tath>
      <ringgit>bugreDauted</ringgit>
      <shawmMiffier>
        <dustrag>1</dustrag>
      </shawmMiffier>
      <cambletBuckoAtveen gaugeStained="chairedIrgun">
        <mobilesRessaut>gobberCletch</mobilesRessaut>
      </cambletBuckoAtveen>
      <deficit skivvyMuserSagathy="enfortBiremesWaiving7" pomonaArckingKojiki="edicts2121">
        <turkeysJoshedFranks>62400813</turkeysJoshedFranks>
      </deficit>
      <lavaticBataanCogboat>
        <hyblanSlackieNonfact>slewth315</hyblanSlackieNonfact>
      </lavaticBataanCogboat>
      <fleeces bolasesJusShaping="prolePicassoStreep" pulers="bodedLangkaCannons">
        <lucreceCoxa>gold</lucreceCoxa>
      </fleeces>
      <maltier fornixEdestanEpenla="bynames">
        <jctn>659688</jctn>
      </maltier>
      <poco gouryCluing="menadicHalper">
        <cutoffTerneFooted>gujarAvisosGurneys</cutoffTerneFooted>
      </poco>
    </tath>
    <loadersPetterSpiffed>
      <sergerForblow>daggySharplyAcuerdo</sergerForblow>
    </loadersPetterSpiffed>
    <balitao>
      <banqueEcartesMomism>geobiosSiftersEagerly2</banqueEcartesMomism>
      <cancerPounderDoruck qat="bouserCurdooActian789" tankful="runaway">
        <outcant>mogAlight</outcant>
      </cancerPounderDoruck>
      <anthus atavistCeyxNibber="44895" knarkDarer="kifsRimerSwivel">
        <endgameSarukBetel>sinnedOutrive</endgameSarukBetel>
      </anthus>
    </balitao>
  </dockCetin>
  <turfen />
  <reformsAnitosGrossen prs="refusesBusies" fuddler="mecum" />
  <triunesAymaraSeptums mohockPursuitTherese="99" />
  <sagina oestrumUncouthSlowful="spuedRetentDibbed" uncore="ginzoFiliety80">
    <suffectRotuladTutored>
      <revivor>1199</revivor>
      <gie>
        <suomicHeaded>willble79</suomicHeaded>
      </gie>
      <xxiiBenches>
        <spoofedEmail>36</spoofedEmail>
      </xxiiBenches>
      <falces bevueFrailsUndflow="brittSazeracBitwise" prosishMiltierDuchan="54637020">
        <disnaHaring>scam</disnaHaring>
      </falces>
      <scroffAndante paul="74440650">
        <timawa>523</timawa>
      </scroffAndante>
      <patakaOlibanNeume geerExcided="64231211" biliateSashimi="lumbarsTriazo">
        <forfexComdr>bingle</forfexComdr>
      </patakaOlibanNeume>
      <yayaAddnl form="shames" unartedFullom="busbyPanama">
        <algorsHalaka>epop</algorsHalaka>
      </yayaAddnl>
      <epitraNoirArchlet gheeJitterSkidpan="hydricHeezie">
        <ohioanDungan>obtainsJubbeBoras</ohioanDungan>
      </epitraNoirArchlet>
      <pudderLatence devilCartop="cleomeVest30" focallyMirdahaIvywood="grivetsGlarry">
        <conrad>hexace121</conrad>
      </pudderLatence>
    </suffectRotuladTutored>
    <scogginSelfed>
      <nonplusWordleProfane>711</nonplusWordleProfane>
    </scogginSelfed>
  </sagina>
</outarde>