<?xml version="1.0"?>
<mirbaneGes>
  <sulfids hindersRamentHaglin="mobbishWmk9879">
    <retzian>
      <lanx>897417</lanx>
    </retzian>
    <tock>
      <splAirparkPencels>gawbyOswegoHobber</splAirparkPencels>
      <peliticCuracoaWapp>
        <nepetaMslLucanus>fantadYeggmenAnatron</nepetaMslLucanus>
      </peliticCuracoaWapp>
      <noxalSkewedSylphon gonerRaffeEutaxic="dialedAlfalfa">
        <cribralJervin>reawardIllumed</cribralJervin>
      </noxalSkewedSylphon>
      <golfdomDarac>
        <tarbushCuraghLighten>zygosesFarles899</tarbushCuraghLighten>
      </golfdomDarac>
      <floutedSctdGeeks>
        <cocytus>affair</cocytus>
      </floutedSctdGeeks>
    </tock>
    <goetheCarlotSilica>
      <swig>corvenKil</swig>
      <tetricChuddarMetazoa wabronCarvelCrevis="yardageDessil" monied="swoonyOpahs">
        <analavPlumulaOxter>carls</analavPlumulaOxter>
      </tetricChuddarMetazoa>
      <aoudadEncloak crivetzSluts="11">
        <fulkOuselsMarlock>sledgerGruntCueing3960</fulkOuselsMarlock>
      </aoudadEncloak>
      <mopish summons="51726848" bushwasRaouliaScrubs="anneTentily">
        <melasmaOverlySubdean>washoutAbature</melasmaOverlySubdean>
      </mopish>
      <denserSobbing myelineEnfieldFiqh="crazierQuirkedStrag" santy="azoximeThwaitFausant">
        <unpacedPontes>curaresHolloos12</unpacedPontes>
      </denserSobbing>
      <replod>
        <swooshPorose>bornanChuhra</swooshPorose>
      </replod>
      <ortiveProso sneezer="rapidly" tallet="topplesManolisDolores6">
        <flookGarratTeazel>quinnat</flookGarratTeazel>
      </ortiveProso>
    </goetheCarlotSilica>
    <malgre diambAnkusha="turban" emceePolyactOuthiss="archy">
      <octuplyBetony>nuntingReeker49</octuplyBetony>
      <swattedTuant orduresHeady="twister">
        <rooked>894</rooked>
      </swattedTuant>
      <apterMoble>
        <mafiaSongoEnamber>tueSulfatoNigel</mafiaSongoEnamber>
      </apterMoble>
      <fannersSixtiesAflame grandeeFuseCrawley="rotundTatusia" atafterDummel="grapnelOscellaCowitch">
        <snootedSativaeTenuous>hoboingMullensKyack5</snootedSativaeTenuous>
      </fannersSixtiesAflame>
      <exhibit>
        <domedLavages>enamberExscind</domedLavages>
      </exhibit>
      <ushererEthane>
        <toomlyDucdame>cyamidFiscus</toomlyDucdame>
      </ushererEthane>
      <correct sylvasIlluvia="klickPlacer" conned="woosterEryngos">
        <hussarsEeriest>thankHirstie36</hussarsEeriest>
      </correct>
      <taxons adnexed="velarsSedate">
        <hecticNavesAmiga>rotuletStibic</hecticNavesAmiga>
      </taxons>
      <bogginEyefulsEmplane>
        <shodUnrealChime>potman2</shodUnrealChime>
      </bogginEyefulsEmplane>
    </malgre>
    <salpaeDinkum>
      <fears>dal2399</fears>
    </salpaeDinkum>
  </sulfids>
  <ahmet pannageDeadpayEnglish="knurlsLiukiuFrapped" />
  <thulirEnfoldsUpfolds plaintForwear="taste">
    <rockletFeaterLariat>
      <embanksOrcinFrisks>shaikhFelloesSifter</embanksOrcinFrisks>
    </rockletFeaterLariat>
    <humidlyEyebreeMonolog casinosSwarded="unmeltRepress" toled="zebrulaMacedonStech" dreggy="boluses">
      <draggedAlamire>condoleUngrave</draggedAlamire>
      <standee versuteHyllusPanada="agsamOutbear9456" unioGheleemGraddan="993">
        <dewataObvious>cloamen</dewataObvious>
      </standee>
    </humidlyEyebreeMonolog>
    <likensChil aminity="trayAcrodus" misteryMediusEsurine="pottle">
      <boxierToutingTripped>almanDineCanoes</boxierToutingTripped>
      <guiler preachCyborgAxenic="dictumMenApse">
        <scoteDamara>176139249</scoteDamara>
      </guiler>
      <shorerAmorosaOchavo athenorZestingButle="athrillDodgierNudd" exodium="phlegmaOvular">
        <saut>3149391</saut>
      </shorerAmorosaOchavo>
      <swaps peacing="redpollChamletMoronry" darbyEvilestSkeif="55">
        <baccharEmmove>athenee9</baccharEmmove>
      </swaps>
      <clingNomancy tavastGobbetJardon="frisbeeToilersJellaba">
        <dossetyInwitInconel>iguanid82</dossetyInwitInconel>
      </clingNomancy>
      <boveyFurrierRoshi evadneBaitersPahos="563836897" archieAncora="152094423">
        <besides>61270</besides>
      </boveyFurrierRoshi>
      <encaveNihal volableFrenums="tamilic">
        <patinsWrathBads>turnJungian</patinsWrathBads>
      </encaveNihal>
      <perv dinusFinials="1761905">
        <strondCardedFarmost>micerunDanic84</strondCardedFarmost>
      </perv>
    </likensChil>
    <fallage>
      <chevyPeshwaUnpave>toeyUkraineAlvan</chevyPeshwaUnpave>
      <haltere donaryWringle="uncrateRhodes" hotterDatura="galaxMouseryVoyages">
        <formeRedealVively>medicalDiscept7</formeRedealVively>
      </haltere>
      <adjectSwerver magical="unfined">
        <lupeoseBabudomPetasus>morbose</lupeoseBabudomPetasus>
      </adjectSwerver>
      <shroffsNairobiSuplex wulkSpewAginner="sirpeaMalaiseAsbolin" mozo="tapesSteropeShluh">
        <amphib>staler</amphib>
      </shroffsNairobiSuplex>
      <chokier>
        <disturbHelviteDialyze>otologyPressieProg</disturbHelviteDialyze>
      </chokier>
      <forayer haircap="905642596" thyrse="mayfishInutileTeinds">
        <zigzagUrgentNarcos>packetUngluedGumboil</zigzagUrgentNarcos>
      </forayer>
      <gougesMacusi>
        <bryozoaKarrenKruman>ribose</bryozoaKarrenKruman>
      </gougesMacusi>
    </fallage>
    <sirkeerPresaid>
      <imino>drawledWhestenPyrales</imino>
    </sirkeerPresaid>
    <puisneEngoueeMedish abuseeBerun="pelopsArbourSurphul" distal="nandiMedakas" johnsonSuccus="wineyCutout524">
      <faery>perm</faery>
    </puisneEngoueeMedish>
    <kiloradGrouter>
      <operonHeptaceBlooey>45092389</operonHeptaceBlooey>
      <diseurMerkhetIranist>
        <bubosImbrium>tarrabaCoomb</bubosImbrium>
      </diseurMerkhetIranist>
      <unknotsSulfurs>
        <moopNudged>hoopoesItchierGrammy31</moopNudged>
      </unknotsSulfurs>
      <placodeOryAlc>
        <mesopicKipfelRemarks>simuler</mesopicKipfelRemarks>
      </placodeOryAlc>
      <whedder pomadesWlity="steuben" sikesClarin="954550843">
        <pharianLeavesBaching>whangedUnmitre</pharianLeavesBaching>
      </whedder>
      <fadings beards="mudlarkTekken">
        <mimosisTaperlyDolman>wyoming</mimosisTaperlyDolman>
      </fadings>
    </kiloradGrouter>
    <matzo guzeratHootMelanic="woozilyChargeeManicon">
      <truckRefool>mixAnarchoAccepts</truckRefool>
    </matzo>
    <simarreByemanAzygous>
      <anilaoMuscle>roggleSomma</anilaoMuscle>
      <bosser torrAiranKetole="kyackItenean4" hartal="avowingSlurbs73">
        <caners>pottierOfays</caners>
      </bosser>
      <tepacheFeuilleRaze locableBedrel="couleesCommarkFolder">
        <lettedDoliaAgnails>meticRetinic</lettedDoliaAgnails>
      </tepacheFeuilleRaze>
    </simarreByemanAzygous>
    <suasion kitmanJosiah="jinx" guildicMated="romanic15">
      <mayoFraus>scrod</mayoFraus>
      <denizePassen niobate="moodle" cowledCrackRove="26">
        <mistbowAmowtSorosil>pappoxWaney</mistbowAmowtSorosil>
      </denizePassen>
      <ccittSequin stero="outseaPli" cubeb="reliefs">
        <pikaDaidled>8222805</pikaDaidled>
      </ccittSequin>
      <furlanaUpshoot neyandaZontianClinker="8330" pusher="riffHortite">
        <potiUnhardy>82</potiUnhardy>
      </furlanaUpshoot>
      <dokoFloretRoods wizier="olivinePangasPannage8950">
        <wisted>sigurdMistWunna</wisted>
      </dokoFloretRoods>
    </suasion>
  </thulirEnfoldsUpfolds>
  <convito diquatsFannier="sinewsPaven" retain="abacus" hastateEscharsKlaus="indiumsNewels" />
  <returnsHaiariSabine notatedAntipotDona="inhumanPionedFiggum" />
</mirbaneGes>