<?xml version="1.0"?>
<musk>
  <sabaloCabreLungans burstedUnnotedPunty="sigrimCaper" wickerSye="corfShi" filmizeYapping="florateRodolph" />
  <liftZoomErvum>
    <farceurOakesiaMisura>
      <mavens>guranYellers65</mavens>
      <khella gorier="frsiketCoelia9" caubeenOaters="modalDaysman7">
        <hermai>96</hermai>
      </khella>
      <engageeFinableRetch>
        <sugihEnsouls>kazi</sugihEnsouls>
      </engageeFinableRetch>
      <sporingPuanFelloes>
        <warth>arolla</warth>
      </sporingPuanFelloes>
      <cowagesCarlet fatlingAntaiva="deflow" infimaBoskets="muconic34">
        <darogahPhizesSlaty>eugeny464</darogahPhizesSlaty>
      </cowagesCarlet>
      <runtier shellerPiala="capuanSigurdHeuch">
        <kenareh>zetas</kenareh>
      </runtier>
      <beheldVoltaSpintry>
        <whilsFantastGushier>inuloidAffectsByrlady</whilsFantastGushier>
      </beheldVoltaSpintry>
      <expoundSteamedStrome>
        <tupiksPernor>toggel</tupiksPernor>
      </expoundSteamedStrome>
      <chimblyEolith nutateEpocheLaceman="incaskInducerEcdysis">
        <matineeLinten>shia5790</matineeLinten>
      </chimblyEolith>
    </farceurOakesiaMisura>
    <junto degageSunkie="lagenNardus" unpapalBuiltinRecuts="pipersPompon525" twaddlyNegaterLutose="cheveeBlither">
      <slayingLieges>manhead</slayingLieges>
      <susianAswingQuell>
        <jampanSteri>provantEmprize</jampanSteri>
      </susianAswingQuell>
      <mobship blokeTreasrChorale="chilla859" tommer="exter5954">
        <spirtedDaunder>tunga</spirtedDaunder>
      </mobship>
    </junto>
    <midpitSoumHornets>
      <kolasPedant>242595965</kolasPedant>
      <enrages dratsLimacon="mezuzaLampern62" tibetCeromaQuent="martyryTutmanAmbages">
        <cancerCachuaUpeygan>caliper</cancerCachuaUpeygan>
      </enrages>
      <forwake sailing="fortesBonds7">
        <alway>seruleVesteePricker</alway>
      </forwake>
      <crucily frondsRummery="zenaidaMeliaDrylot">
        <ltrDidact>grackle</ltrDidact>
      </crucily>
      <zitzithToffeeSnavel kannadaHelge="khamalJunciteEzan" newlinsUnifySkeined="muezzin">
        <legeAggersRubiate>arainsUlnar</legeAggersRubiate>
      </zitzithToffeeSnavel>
      <opacifyTaborerQuadral scapesEdifies="aileFagottoHdwe">
        <yakutAtikRiposte>749203</yakutAtikRiposte>
      </opacifyTaborerQuadral>
      <bushmanFork>
        <palliumLit>13114</palliumLit>
      </bushmanFork>
      <kiersMayhapBurn phytoma="cahowsCantily">
        <gynecicBendel>32086</gynecicBendel>
      </kiersMayhapBurn>
      <chininWidowerMelonry pudgierKilobarSquit="610698311" bazigarAdvice="books">
        <doabValvedHemodia>fluxileSeptoic</doabValvedHemodia>
      </chininWidowerMelonry>
      <dspPeraiCastoff schnookVariola="pari" ahorseIndigoCocullo="imbodyCoisns">
        <dazedCotted>cangy</dazedCotted>
      </dspPeraiCastoff>
    </midpitSoumHornets>
    <pinfoldPrimeur>
      <wined>hilsahMoonrat</wined>
      <freen fanonsGranch="nutletBosset">
        <citied>tilerTraders</citied>
      </freen>
      <apology tension="danakil">
        <ischar>grayVoulgeWielded75</ischar>
      </apology>
      <cabalasSaura>
        <sulfideCoraciiTacked>clemDisarmsReslide</sulfideCoraciiTacked>
      </cabalasSaura>
      <pentane barmy="7397075">
        <emongYetlinDoyens>54</emongYetlinDoyens>
      </pentane>
      <duckish discampRhythmNebby="inbitsButlerSupines" parangi="gabbierPronely">
        <ivaUncousKischen>anglistSawingsMedlied</ivaUncousKischen>
      </duckish>
      <seq curlily="beatnikGonapod" kiwanisGris="votistBiotomePentads">
        <herpesZebrulaKwannon>undeepVeiners</herpesZebrulaKwannon>
      </seq>
    </pinfoldPrimeur>
    <pentrit>
      <hadntMontera>upsit4</hadntMontera>
      <ungagedNitres nauseumCaphtorTortrix="stionTowmond">
        <creepy>boric</creepy>
      </ungagedNitres>
      <strolld>
        <vivifyRgenBegazes>8</vivifyRgenBegazes>
      </strolld>
      <crewmenWeem emfAshrafi="bartram239" minoan="thala">
        <parasolSvarajMujiks>brouzeFoxesBelling</parasolSvarajMujiks>
      </crewmenWeem>
      <buddh thoriumLarinaeTypists="succahsEarwax" lekhaTulasi="608943863">
        <surestDisard>byrlingGaysomeDisc</surestDisard>
      </buddh>
      <unloved>
        <hallman>bengalBodkin</hallman>
      </unloved>
      <tarboyOxyazo anonymDogmasFerr="hapuku">
        <jurallyAnonyme>chumarDankClagged</jurallyAnonyme>
      </tarboyOxyazo>
    </pentrit>
    <skilpotHainan>
      <scalfe>dwindleCatsos</scalfe>
      <cheaposSalaams>
        <ormond>whelve</ormond>
      </cheaposSalaams>
      <hasterJoseyMittens askHallingLeeful="vichy" gunselsHuskers="3">
        <silybum>85966500</silybum>
      </hasterJoseyMittens>
      <sircar fangsMazame="pennedBemar">
        <mikvothBlentBeliers>circaeaBespiceHosta</mikvothBlentBeliers>
      </sircar>
      <spasms moostFather="nutatedBladishArverni">
        <pitayaFrassZirian>funkedIngate</pitayaFrassZirian>
      </spasms>
    </skilpotHainan>
    <alisoRanchos legmanCakerUnpiped="3512" velungePantoCobbin="tamSement">
      <misknow>siltyUnpower</misknow>
    </alisoRanchos>
    <clupeinBeaned penniedMondegoDimaris="ahsFitters" pomelAderminTobyman="ensued">
      <siss>sawnie</siss>
    </clupeinBeaned>
    <boutoMccoy>
      <marrySiestasDjerib>17</marrySiestasDjerib>
      <calombaMosticShechem woads="repasts" queeveIllume="redcollDarat">
        <sivaismMantic>344</sivaismMantic>
      </calombaMosticShechem>
    </boutoMccoy>
    <descry>
      <anitaUnwraps>manasCadukeBoniata</anitaUnwraps>
      <body>
        <entwistBrowis>osteoidPlurisy</entwistBrowis>
      </body>
      <croftClovesTripple haidan="mummickMiswire">
        <primostOwldom>22904</primostOwldom>
      </croftClovesTripple>
      <piggyCatfall>
        <jetbead>aludel</jetbead>
      </piggyCatfall>
      <georgieSyncomGoober anotto="direclyLyttae3215" sentryBrakierRebush="elutingErmineeCurupay">
        <arbela>218615307</arbela>
      </georgieSyncomGoober>
      <curriedWitney tenableUpperer="almutenExamsBerthed927">
        <tangler>tidi84</tangler>
      </curriedWitney>
      <copulas wanlyInsistsGenty="cetaceaUnnoisy4285" seerpawAgos="gestateMazer">
        <recastThymyl>waningMashlumNecia2147</recastThymyl>
      </copulas>
      <hattMunge weaken="578546639" camYemen="kremlin">
        <arace>sarwanModenaUnpale</arace>
      </hattMunge>
      <deeper karstic="agastCharco482" walachSpalax="bugfish">
        <doodles>palas</doodles>
      </deeper>
    </descry>
    <anarchyFulgid>
      <alightOrogenyOculary>rinks</alightOrogenyOculary>
    </anarchyFulgid>
    <wyvernsTaoist>
      <rybat>waived</rybat>
    </wyvernsTaoist>
  </liftZoomErvum>
  <bucayoMahone kassakBalanAtony="tootsyPhonalKith" levying="111347" soloingTitusPunts="984" saimiriPatenteSoral="shareefSpiedHuckles" />
  <ethanButcher strewnItcze="baunSnudge" cantusFurane="sextElator" extaRetal="151306753">
    <tumbaki>
      <beatifyWistly>uncokedCoroaPated</beatifyWistly>
      <blowoutTeethedAnama judgesToa="754">
        <diaulicBuisson>tensesLakism</diaulicBuisson>
      </blowoutTeethedAnama>
      <sedovic>
        <hish>967338</hish>
      </sedovic>
      <romeoCarbone wabbles="upswellRapersHep478" litch="sokemanTrug">
        <whisksCupayWeeness>60255583</whisksCupayWeeness>
      </romeoCarbone>
      <aerobeEide pruntCobraPlanont="625" sennits="parecy">
        <muncher>outtell</muncher>
      </aerobeEide>
      <tuyeres epulisRauqueSopheme="bepearlDiktats" yabbie="reshipsCanardsCanards91">
        <bedaubsParis>2</bedaubsParis>
      </tuyeres>
      <turcoKakasFakofo machilaWatteau="isohelsScrogsPanamic" frasera="etcherSullan">
        <repel>litanyDoggoNitons</repel>
      </turcoKakasFakofo>
      <releapKushshuSistern kuhniaBalatteSeamen="misuseGoblin">
        <woofsSyrupy>yowsUnhardyImbuia3</woofsSyrupy>
      </releapKushshuSistern>
      <ancylusStriaHamose metiersColias="urceusVaudois">
        <barundi>quasarsCrappoExposed343</barundi>
      </ancylusStriaHamose>
    </tumbaki>
    <redried>
      <ergasiaRepost>cheerosFollyerLauans</ergasiaRepost>
    </redried>
    <scoffFoggier delayerLeeser="thongaSerif859" uretalEvector="caps">
      <khakhamWeaver>skylook82</khakhamWeaver>
      <fourthsTurkey henbillPanga="paws" apliteRitzily="miledh">
        <lagered>murrainBaclavaAvosets</lagered>
      </fourthsTurkey>
      <poppetUhllo lowrie="uphove" arango="foyTaco8468">
        <bauderyIncampCalmed>acediasGravGamasid</bauderyIncampCalmed>
      </poppetUhllo>
      <fixionShangy donableVannic="62433" types="yaksWoundyDryope8">
        <okaysBeeSwotted>setupsAcrisyCraven</okaysBeeSwotted>
      </fixionShangy>
      <vetoedChou residue="27998458">
        <nibbledKota>laddies</nibbledKota>
      </vetoedChou>
    </scoffFoggier>
    <lushedCyano>
      <uptownsStay>hatboxBinful</uptownsStay>
      <tacomaTryms>
        <loot>swaggi</loot>
      </tacomaTryms>
      <haedAmadi tohoPrimedOberon="abtMinkery">
        <areawayAdvectsPament>88</areawayAdvectsPament>
      </haedAmadi>
      <aquasStoveSpt>
        <flamingImbodyFluey>inductCedron</flamingImbodyFluey>
      </aquasStoveSpt>
      <stackupBootieTaxed nanismsRoupyItaves="mockupHaunts">
        <shakes>221339</shakes>
      </stackupBootieTaxed>
    </lushedCyano>
    <entererGiarraPinko parkersDeadsApicula="53459" biceps="ovateEdp" toluidGorryGeladas="2">
      <cholicUnneat>520240</cholicUnneat>
      <tweeny ephelisBitt="1249" clampDobbiesNordic="blier">
        <tiletteCogitFreen>convoyRetest</tiletteCogitFreen>
      </tweeny>
      <trimlyFinishDuoviri rastikPerinde="cathyEpigene">
        <takefulUnstyKlippen>bossing</takefulUnstyKlippen>
      </trimlyFinishDuoviri>
      <pokanAnions naneFogeysFobbed="634519751">
        <mnemePylic>maturer</mnemePylic>
      </pokanAnions>
      <glucinaZephyry greyerBugweedQuayage="5">
        <moyaGriffe>bestian4135</moyaGriffe>
      </glucinaZephyry>
      <rebunchMacedon>
        <retrainMuso>snoreLinecut</retrainMuso>
      </rebunchMacedon>
      <cladode gormanCroh="isodont" baraunaPapuaLatania="disrupt9">
        <enurnyZoeal>daggingDuessa</enurnyZoeal>
      </cladode>
    </entererGiarraPinko>
    <ducklet mommetJotasTanzine="martensAbollaeAvenage" bath="isotopyGadidStellio6">
      <bondarSanyasi>ideaedVasForceps</bondarSanyasi>
      <tolanes iserite="63865592">
        <branchyPashkaPoohed>ticksDowse</branchyPashkaPoohed>
      </tolanes>
      <subpena faggoty="agust" deism="upleadDodonaKokra">
        <yetaSpur>oversew</yetaSpur>
      </subpena>
    </ducklet>
    <pearlsGaleae>
      <eastlinRoomedRigs>76211162</eastlinRoomedRigs>
    </pearlsGaleae>
    <shambaMaoriRemixt>
      <frothyLanius>keffelCarusEnquere</frothyLanius>
      <ostiumWarlord>
        <hatchelCygnine>bostryxKetaGapy</hatchelCygnine>
      </ostiumWarlord>
      <oursel>
        <forlainWorldedMobiles>tidally</forlainWorldedMobiles>
      </oursel>
      <gavageThorn etneanMatloSummits="alanginKinepox" pesoTribes="112023">
        <wob>amicusMarehanHire78</wob>
      </gavageThorn>
    </shambaMaoriRemixt>
    <intaria>
      <tylose>togate</tylose>
      <stereidLearned curtainDazing="slop">
        <spilletSpeedup>beamfulTores</spilletSpeedup>
      </stereidLearned>
    </intaria>
  </ethanButcher>
  <wakenedBurundi enointFulls="psiSkin" papain="fluorinHafniaOdin" />
  <mulcted discept="moorpanCunoniaTymbals" midveinCroniedAtheous="26631239" settlor="unbaleLopseed" pugreeGlacierYuman="gazaniaHazedBowle" />
  <flaconsIntake snuzzle="devisedSounderLowered" misterm="dagobasBillianUnspeak" awiwi="tellyLabors">
    <nybbleEryxEscarp riotedPoodDoebird="whippetTaigaUpfeed" waefulBiontMemory="aubin357" guesserClued="heavityMaskegsFoxhole">
      <ficeTasbih>nailbin</ficeTasbih>
      <taglet>
        <query>davies</query>
      </taglet>
      <skiddooRadulas scattsSifeMaguari="87499470" jehuPrylerComics="zeguha">
        <diseuseUrsine>braemanIhleite81</diseuseUrsine>
      </skiddooRadulas>
      <dumpily>
        <tannate>sleepryLaxest837</tannate>
      </dumpily>
      <parillaPresulNigua>
        <dandieMolted>eurytusHohe</dandieMolted>
      </parillaPresulNigua>
      <progne sikimiTermesCranks="1">
        <shammedHogties>pomate</shammedHogties>
      </progne>
      <unlacedScaltCovey>
        <ereTankardMararie>daviesTrienesSmeek</ereTankardMararie>
      </unlacedScaltCovey>
      <bibiru taiga="buzzierAssisCommot" empiricTlo="enmaskTiterScrogie">
        <grindalSwannetParten>paasScovyCumber</grindalSwannetParten>
      </bibiru>
      <shellyEnnuyeeEtudes>
        <coluteaEquilinPhlorol>552596</coluteaEquilinPhlorol>
      </shellyEnnuyeeEtudes>
      <crustaFlashyPerdy>
        <beagle>areally800</beagle>
      </crustaFlashyPerdy>
    </nybbleEryxEscarp>
    <columnsBeepersOddment phaserHoppledLoli="1378" kaywardPromic="lizards" diduceScritheObits="106">
      <toco>saliant</toco>
    </columnsBeepersOddment>
    <ardoiseDeliver>
      <sheathLappulaWiper>3440120</sheathLappulaWiper>
      <raffiasBarbuleDemurs mislitAnileAcerola="sension" hyenoid="pronaoiVapidFilace">
        <myrcene>coreHalfenInform</myrcene>
      </raffiasBarbuleDemurs>
      <whoosisZonarPygofer>
        <mpbCampong>gabfest</mpbCampong>
      </whoosisZonarPygofer>
      <aldiminFluting tipsify="eva" carinasTutlerUnshout="jibPohCosted">
        <coden>933401</coden>
      </aldiminFluting>
      <monozoaHeapyDraggle amenuse="ejecteeSignal" threapsCorozo="epiboleErstSooner">
        <alcine>finking2776</alcine>
      </monozoaHeapyDraggle>
      <sacredPalsiesLegal>
        <daunted>813326</daunted>
      </sacredPalsiesLegal>
      <stagionHomish deleter="alcheraJurist">
        <germensZeburroSturts>95475</germensZeburroSturts>
      </stagionHomish>
      <tombicNamableDebyes eburineRedryClour="airtedBemadamRiddled3">
        <astareRoquetsGuised>resetQuadrel</astareRoquetsGuised>
      </tombicNamableDebyes>
      <pneumeMancala unisonsHastula="oarlopHelved">
        <ulitis>ephoriAnnulet</ulitis>
      </pneumeMancala>
    </ardoiseDeliver>
    <upbrim>
      <tealMobableSoliton>mirrors</tealMobableSoliton>
    </upbrim>
    <sclim>
      <centile>loserHawkeysPriscan</centile>
    </sclim>
    <renegesSord>
      <throddy>rods</throddy>
      <ierneStractZebroid proxysmTeacupsMumm="agendas" lowserMinette="tarianaDismaskIwurche">
        <pretors>herboseDoggerOutdraw</pretors>
      </ierneStractZebroid>
      <nikolaiHagride altaic="drupaQuartusStreng">
        <corned>seversRamnesEmbusy</corned>
      </nikolaiHagride>
      <lususesTympan frutex="zemstva" wandoo="struma">
        <nielli>883209</nielli>
      </lususesTympan>
      <fades danais="spoonGobletTabler">
        <peccary>5444219</peccary>
      </fades>
      <peering taurus="zonateSnupper" acrylylSalmaHypos="myeloma">
        <jejunaTar>136930170</jejunaTar>
      </peering>
    </renegesSord>
    <godivaSakers humoursCapably="cousinsQuadric" toforn="2962234" petzite="98">
      <muzz>speissKnotDecked</muzz>
    </godivaSakers>
    <stradeIzle>
      <morulaLargyProo>qualmsHaikArsine</morulaLargyProo>
      <whiskyGash homelet="738722557" eyeflapPech="whisksTorvityAmunam">
        <goaBootsReblown>lycine</goaBootsReblown>
      </whiskyGash>
      <jaguarsAproctaOssuary>
        <begoGlairedKolkhos>whud</begoGlairedKolkhos>
      </jaguarsAproctaOssuary>
      <warfareBauboGilled stupentExcudit="pynungChanduyExiting">
        <gibusFleapit>unfitlyThsantKneepad</gibusFleapit>
      </warfareBauboGilled>
      <toledosCello precure="sermons" octarchLogworkLhb="exsectsDetuned">
        <chataka>acardiaTeninoAcarids</chataka>
      </toledosCello>
      <menhirs>
        <manid>reenterCygnus</manid>
      </menhirs>
      <haakIcefishInlier>
        <recueil>kuttab</recueil>
      </haakIcefishInlier>
      <frizzWedset broodyMisallyTourer="amadi181">
        <dotesElonite>blurbGorrel</dotesElonite>
      </frizzWedset>
      <chkfilXyliaBonedog recurSpad="outtoreNanosecCliques">
        <ecocide>grain54</ecocide>
      </chkfilXyliaBonedog>
    </stradeIzle>
    <linseysCystinKamasin throuch="coopee66" poybirdPorosis="hewhole">
      <phenin>5190</phenin>
    </linseysCystinKamasin>
    <psychic>
      <jibsSidleQuanted>3914051</jibsSidleQuanted>
    </psychic>
    <seisins suegeeEnables="kiddoForwrapRangle" doweralMiswedBiff="3">
      <schemasGast>106827843</schemasGast>
      <salaryMaleic>
        <shrewlyFabrileBlanket>aeonsNeilahSpecks5458</shrewlyFabrileBlanket>
      </salaryMaleic>
      <mizzled>
        <incuss>164</incuss>
      </mizzled>
    </seisins>
  </flaconsIntake>
  <agileKentia tangy="composeVersine" />
</musk>