<?xml version="1.0"?>
<yfereCuddle>
  <cloYaird hinterCrocked="bedelsCalymmaVigias" tolaneArchgodHuastec="axiomTawpy" oribisHarem="19" cistudoQuiteZolaize="penatesOutjazzKwaiken4576">
    <ruction wakhi="oozeUpstart" anilins="eutexiaCathaEelier" aggregeBuriatBeezer="83421587">
      <hartenCanelleUnlodge>467417</hartenCanelleUnlodge>
    </ruction>
    <khalif>
      <midtap>2658205</midtap>
      <boni>
        <hydrasKarvalTics>finnack</hydrasKarvalTics>
      </boni>
      <jabFonnish ananterValeur="wheyCession">
        <wettestGarotedPouch>greyed</wettestGarotedPouch>
      </jabFonnish>
      <laharLoisStride treated="asakIncrust5115">
        <mistryNippyBlankly>talcsSeri</mistryNippyBlankly>
      </laharLoisStride>
      <schleppTjaele>
        <jewismHyaenidSiddurs>892</jewismHyaenidSiddurs>
      </schleppTjaele>
      <equals embrakeIslayCyclose="sabringExtentPlushes">
        <daimon>hymnedFumerAnion</daimon>
      </equals>
      <ovarial>
        <quiverMistideFilaree>buckism</quiverMistideFilaree>
      </ovarial>
    </khalif>
    <seawornCoecum giveMastras="weaselNosier" dotards="retapedTebbet">
      <dielec>cystomaFlavousNimbi</dielec>
      <censorDefamer>
        <varies>bethumpDavidIresine</varies>
      </censorDefamer>
      <kamsinBollixScaw benthalOutfitLegions="properSteeler5461" duces="hafted">
        <tallestTenture>sweptDutched</tallestTenture>
      </kamsinBollixScaw>
      <dandilyBlushes>
        <isaminTidying>444</isaminTidying>
      </dandilyBlushes>
      <fiddingTailetAbounds sovkhos="59740">
        <beany>beltwayCoapts</beany>
      </fiddingTailetAbounds>
    </seawornCoecum>
  </cloYaird>
  <sporalBoccies />
  <cfdCritismPorkish swagingMesilla="jacksaw" synchroTagaurBlanda="6474389" barseIonise="badmanCusieCrub" creepieBemixedSulfid="mandore" />
  <trowingCheepedMeaw mendeYirdsTergum="yogin">
    <lameAwiwi>
      <predataWivesFrisbee>gloomPussley7764</predataWivesFrisbee>
      <yankee flanked="jailersCrosses">
        <bloomy>tallishAigrets</bloomy>
      </yankee>
      <reviewVerser skirrsRamage="fuses" anconei="hepteneFacsimEnsete">
        <megapod>genos</megapod>
      </reviewVerser>
      <retrade newness="71744918" muserTehueco="existOweniteUpknell5">
        <kiekie>shackly</kiekie>
      </retrade>
      <cramblyOvile>
        <raucid>bieldPileateMiddays8143</raucid>
      </cramblyOvile>
      <cofferKachariKeymen>
        <crimpySenamBricker>8</crimpySenamBricker>
      </cofferKachariKeymen>
    </lameAwiwi>
    <aponicViatica>
      <enraged>wofullyVesper</enraged>
    </aponicViatica>
    <asarh yabby="cryalTorqueScalds" yautiasPlockAliyas="englutsUsquesAmended">
      <queerer>prune</queerer>
    </asarh>
    <parusTuttiUrian yawweedZimocca="pyrobi" zaireConfuse="frowardEaglingSessa" guppyCaudexDamaged="maximCisele">
      <rachialLifefulSaugh>nubbierWanedBoomy885</rachialLifefulSaugh>
    </parusTuttiUrian>
    <mesitaeIddioTremor>
      <lease>dukedomOutawedTossups</lease>
    </mesitaeIddioTremor>
    <hairdosJagheer>
      <bonzerRoomth>11290913</bonzerRoomth>
    </hairdosJagheer>
    <slantNgapiEcize>
      <quackleGaureWhits>nizamatMedialPhys631</quackleGaureWhits>
      <semeion algazelInburstLagly="chanduyNetbushAlen">
        <ipocrasFunningPalisse>goodAmigasIowan430</ipocrasFunningPalisse>
      </semeion>
    </slantNgapiEcize>
    <errLinemenBryony>
      <apardonAeneanIncised>mappist</apardonAeneanIncised>
      <parvise layetteBaisterBlunger="anomySensualVivify7170" unwiped="jailersFrizzy">
        <lohochLutist>ironedAminity</lohochLutist>
      </parvise>
      <brownsBaycuru thobAncylusAlterne="34432817">
        <unfineSmirkle>nibsomeDofunnyAdults1231</unfineSmirkle>
      </brownsBaycuru>
      <purples condemn="entityVoyagesStats" eluxate="birlAbidiThulias41">
        <arraceUnrobe>cururosTewit</arraceUnrobe>
      </purples>
      <aissorDoumas rakes="aggrosBirchedUnaimed">
        <rattersKeyedSlowful>999371338</rattersKeyedSlowful>
      </aissorDoumas>
      <dirdumCashoosStomode tipburnPansidePokies="bleuMpret90">
        <prizes>accable</prizes>
      </dirdumCashoosStomode>
      <semicCasper>
        <piquetsRulers>liman</piquetsRulers>
      </semicCasper>
      <frontsTawingPus avener="melanic" bakwiri="trikaya">
        <aissorKeno>397654116</aissorKeno>
      </frontsTawingPus>
      <huzzFeriaeClimbed>
        <saa>tendidoChitons</saa>
      </huzzFeriaeClimbed>
    </errLinemenBryony>
  </trowingCheepedMeaw>
  <glazersLepage barneysSmalt="8679" wizens="tontine">
    <lobarGoumi dekedEucrasyOuch="helveHubsWaiwode3438">
      <biloxiVex>crambos</biloxiVex>
    </lobarGoumi>
    <wingcutGloomy>
      <racismSpoornMetochy>balconyDemarch</racismSpoornMetochy>
      <succumbWracksPlusher circut="42487788" pellileHoi="gooses">
        <abhorLipoidDunkirk>surerPratty</abhorLipoidDunkirk>
      </succumbWracksPlusher>
      <justlesTeasle>
        <paveedWasat>limpsey</paveedWasat>
      </justlesTeasle>
      <grivnaSwigger dampyEnlock="eclairs">
        <semitalPaluleArriba>hareldFlowers</semitalPaluleArriba>
      </grivnaSwigger>
      <geotaxy caridTrixieElijah="unipodsEyasesMacchia">
        <eviler>punnersRetools57</eviler>
      </geotaxy>
      <rfreeRouthieCull>
        <tirretMelons>papist</tirretMelons>
      </rfreeRouthieCull>
      <btl legpull="ticked" coelome="dundee">
        <lathAxially>shavingGrippedYenned</lathAxially>
      </btl>
      <straeDelictoKicker>
        <tootler>snabChaco</tootler>
      </straeDelictoKicker>
      <fungoesGoumier aflameTeraohm="332378" poodlerColyoneAmbaris="repage">
        <ploceAvoider>35692618</ploceAvoider>
      </fungoesGoumier>
      <crutchEggless grinEstoniaTolane="195972" plie="seweredCannel">
        <golp>alcineAlarmsMidtown</golp>
      </crutchEggless>
    </wingcutGloomy>
    <unsolarHalling>
      <prune>dynamis</prune>
    </unsolarHalling>
    <myalRerootCauseur>
      <scamsOssal>wosomeCoigny</scamsOssal>
      <sullageHighlow kanasSurnaiCotutor="softGelatin12" lowmostLesathMensas="culrageYuga">
        <alamortResupCloff>rookerOthmany355</alamortResupCloff>
      </sullageHighlow>
      <kitYeuk eryngoCommunaMarkhor="concealCodas" anomiesDjelfa="coursedRetundForst">
        <divvers>carvelAidOctette</divvers>
      </kitYeuk>
      <vehmeSunbackWhod paidle="575">
        <venges>22766093</venges>
      </vehmeSunbackWhod>
      <jai repaysThalliProsect="carcer" jerboa="40">
        <yankeesCopticBat>valetSarodesElisor</yankeesCopticBat>
      </jai>
      <munchee weirdsPoticheCoenjoy="callot2">
        <ormondCobbsVector>576669901</ormondCobbsVector>
      </munchee>
      <virent tophiInhered="835183">
        <quauk>exingHosingHygrin</quauk>
      </virent>
    </myalRerootCauseur>
    <refrain noxiousRetrierDecani="ladybugTosy9" alexineNizams="455">
      <winkersBanandeGuarani>kishon957</winkersBanandeGuarani>
    </refrain>
    <nipaFae sake="7" myaGrauntWees="bejapeNonegosSinto8865">
      <scrotumSenvyCompoed>nye</scrotumSenvyCompoed>
    </nipaFae>
    <makoEyelet>
      <selfismTungsVoided>waggonsLauia</selfismTungsVoided>
    </makoEyelet>
    <acarian>
      <gallfly>yrsMangeaoDodding</gallfly>
    </acarian>
  </glazersLepage>
  <unionicRelics mao="yemenSyrensBeshag" bedman="matters">
    <bilksLauwineKichel debiJibbehOperon="6">
      <adrian>isobars</adrian>
      <monarchLauroylBranle>
        <shavingSeeped>shahin</shavingSeeped>
      </monarchLauroylBranle>
      <vauntsSad pwtLapps="izlePad6268">
        <honoreeParolee>984</honoreeParolee>
      </vauntsSad>
      <combure shoopEmanateCadying="anoineYawnyCathryn3" duckery="enscene">
        <kerned>haptenChoisyaFidget</kerned>
      </combure>
      <shyingLeftiesKerl gleit="5" socht="57">
        <cockilyCone>edaphonStatua</cockilyCone>
      </shyingLeftiesKerl>
    </bilksLauwineKichel>
    <carmelCourierMissels>
      <gauderyBillmanNeri>6381</gauderyBillmanNeri>
      <gonium>
        <diethylKoinonJonnick>allo</diethylKoinonJonnick>
      </gonium>
    </carmelCourierMissels>
    <unusageSerozemInnings>
      <inmore>surfersPottagyTweak</inmore>
      <beprideRavelsWheesht>
        <holierFreckenFulgent>vallarySouushy</holierFreckenFulgent>
      </beprideRavelsWheesht>
      <iranFlowersDusks>
        <detortFoambowEngle>upgrow</detortFoambowEngle>
      </iranFlowersDusks>
      <low damnsCrickeyKayvan="likutaConvoys">
        <trills>dhobiesCostaGoglets</trills>
      </low>
      <rains doglikeOrcanetMonnion="buxomCavemen">
        <next>thitherYark</next>
      </rains>
      <caningFeasesDickey>
        <terneUnpaled>reysonNonya</terneUnpaled>
      </caningFeasesDickey>
      <furySolania>
        <subbankRabicKordax>tholed</subbankRabicKordax>
      </furySolania>
      <prayingLouvar>
        <owerby>bubosPalmulaEnrich</owerby>
      </prayingLouvar>
      <codonBridal tuqueCogenerAppetit="drooper">
        <expungeFry>hookahsDalteenOrby</expungeFry>
      </codonBridal>
      <slavistRallArghel shittim="905155" bargeerPmtHarmout="83362">
        <skuasFute>gnashTody</skuasFute>
      </slavistRallArghel>
    </unusageSerozemInnings>
    <quinuaMinotAlsine>
      <showersAmmoneaRelata>odorizeCrouke</showersAmmoneaRelata>
    </quinuaMinotAlsine>
    <depotsSmookYoupons cubbySandhiNullahs="swiftsPhobies">
      <cputimeFarley>fibChirpy</cputimeFarley>
      <ummPoisersPayor austerUnempt="5399">
        <unsolidHelicedUnplumb>6670777</unsolidHelicedUnplumb>
      </ummPoisersPayor>
      <palookaFatefulToiler>
        <vitalsRotgut>idolaDefloreWholly</vitalsRotgut>
      </palookaFatefulToiler>
      <edifiesBedpostHanap>
        <undrawsGemauveLoord>ocoteHoys</undrawsGemauveLoord>
      </edifiesBedpostHanap>
      <whewsPryingBusier>
        <camla>viroled</camla>
      </whewsPryingBusier>
      <daniel sld="harkenHummeriFounte" unwontLonerAdjt="morceauInject">
        <spiringAbramNeumes>374</spiringAbramNeumes>
      </daniel>
      <brubruSepdApeling>
        <odeaBlends>antling</odeaBlends>
      </brubruSepdApeling>
      <moochOpalish>
        <fyceRouthsPointel>attired</fyceRouthsPointel>
      </moochOpalish>
      <rerob papaio="cotylaDrumlerPlass" scotia="brooms">
        <kookerySigmundWhorish>kooky</kookerySigmundWhorish>
      </rerob>
    </depotsSmookYoupons>
    <garratMinimusGrum>
      <sably>yaupingDronedRankest</sably>
      <glueyMovably zyzzyva="deckmanInstamp" nappiesWimble="cussSaquaro5589">
        <palta>alphard</palta>
      </glueyMovably>
      <yblentEmmy obeyer="26276083">
        <knarrySpotter>flighty</knarrySpotter>
      </yblentEmmy>
      <populumTunhoof pitta="pollistCobangNoumea86" weenScalled="866076770">
        <brewisLooed>soomUnendedGenecor</brewisLooed>
      </populumTunhoof>
      <agoingOvoli skysailHippus="63325" guarabuCarnel="coenuriEosinsWawls48">
        <gaura>twana5257</gaura>
      </agoingOvoli>
      <unowing flagger="ephraim5082" altaidIhleiteKoines="whimsicTuffets">
        <encomicVenues>gingerAnhimaPolska</encomicVenues>
      </unowing>
      <ethmoseDhoni elopsPiggingChagan="precipe1" upseal="hagglesTable">
        <sammyHummockBurdock>whileen</sammyHummockBurdock>
      </ethmoseDhoni>
    </garratMinimusGrum>
    <vardy>
      <tannatePinesapGummose>stripy</tannatePinesapGummose>
      <sundownTanquenCoats outdoer="kapoteMendolePindari">
        <saxonsTrilabe>knubblyThilly30</saxonsTrilabe>
      </sundownTanquenCoats>
      <ruppiaLeptera>
        <rethrowMalwa>onym</rethrowMalwa>
      </ruppiaLeptera>
      <yarely roseolaBagworm="635" wakemenVoarMetric="seaward">
        <amadou>scisselCreditsUrchin</amadou>
      </yarely>
      <hybris>
        <bulgierLisp>labanPatHagging</bulgierLisp>
      </hybris>
      <hallelsMycosinUnwaved>
        <dindleScolops>fewmets</dindleScolops>
      </hallelsMycosinUnwaved>
      <volarWhamAurata>
        <genipapScarlet>gurusBarakaLobing</genipapScarlet>
      </volarWhamAurata>
      <misbrew>
        <piperlyCouchedLumpet>cabinetCityish</piperlyCouchedLumpet>
      </misbrew>
      <unmightWarthog genealGuanacoFeck="738">
        <iodosoOutliesUpleg>954</iodosoOutliesUpleg>
      </unmightWarthog>
      <kitchenJouncesSoliste murchy="mushilySpraichPirate">
        <ganglyDismay>3867238</ganglyDismay>
      </kitchenJouncesSoliste>
    </vardy>
  </unionicRelics>
  <bhima hyracidCompertBert="braver" nicolasHopedMutes="burlier" cheesySmiddy="hedgeAgaces" scatKoolah="smushZebras">
    <cacaoBenumb>
      <wampInwindMistily>aum</wampInwindMistily>
    </cacaoBenumb>
    <mettlesJaobEsopgi>
      <reekyParrs>kilanThicke</reekyParrs>
    </mettlesJaobEsopgi>
    <senderFeculaeBidene geniusFurrow="711">
      <meekestEpinaoiVolumes>comping</meekestEpinaoiVolumes>
    </senderFeculaeBidene>
    <saladeBeworn>
      <salutedWapitiLeapers>madnepScrithe</salutedWapitiLeapers>
      <dryishAbreed bolaLlanos="unbeltUlvasRecoup">
        <burgessSpicierFaecula>armilSekereBuyers</burgessSpicierFaecula>
      </dryishAbreed>
      <adipsiaLigger ristoriNunni="bordman" subaudWorker="376932129">
        <voltoManqueeEspied>daybillCulturePursues</voltoManqueeEspied>
      </adipsiaLigger>
      <shrivenXrayJones>
        <truckedHatbox>sleeks</truckedHatbox>
      </shrivenXrayJones>
      <umberJuncatDetin turnedPorker="unroped">
        <jobadeLarariaHylean>4303013</jobadeLarariaHylean>
      </umberJuncatDetin>
      <uptrace>
        <comingCloningDegged>endure</comingCloningDegged>
      </uptrace>
      <pitsideWitedCornein cuspingEffacePtinoid="weaversDeiceSpheres">
        <ripariiDeface>4</ripariiDeface>
      </pitsideWitedCornein>
      <tchu tutballArtware="2498" tunnageFetingBannack="starsSniperAccolle">
        <pyuria>swomFlungGermina</pyuria>
      </tchu>
      <untoldImmound>
        <crappieCosesFrogmen>loquatKaisers41</crappieCosesFrogmen>
      </untoldImmound>
      <dupping errandPopish="5994" kampongShirker="dregsKroonsPipiri">
        <hydridReslaySeax>predialSheva</hydridReslaySeax>
      </dupping>
    </saladeBeworn>
    <depayse>
      <snoutyCaldera>pasteAutoistOctofid</snoutyCaldera>
      <momisms striper="formed">
        <outleapCharger>3733047</outleapCharger>
      </momisms>
      <dentineDalleWalt>
        <bulbed>boleite</bulbed>
      </dentineDalleWalt>
      <reemit pincianBlushesSubtle="obtuseThumbedPalters" quaver="chummedCoffees103">
        <bayouPilaf>brakingAdreno</bayouPilaf>
      </reemit>
      <jotaGripple>
        <bovidaeOdyssey>gardantFoistedSashery</bovidaeOdyssey>
      </jotaGripple>
      <farming roosersChokeyInburnt="92782">
        <flonMarital>kinguBetonyGreably</flonMarital>
      </farming>
      <miffJobbers std="luteletNapkins">
        <alliant>223453</alliant>
      </miffJobbers>
    </depayse>
    <unguealTenantsMorpion>
      <potheen>luggersAmla</potheen>
      <phizRamist>
        <amarFarmyCome>vinalsVectisDanagla</amarFarmyCome>
      </phizRamist>
      <hairseTemseUnbaked>
        <slitherPrizesSopher>554</slitherPrizesSopher>
      </hairseTemseUnbaked>
      <assishShamoisHevi poemetTreadsSchmoes="8979116">
        <luggies>sides4</luggies>
      </assishShamoisHevi>
      <nerolsDanceryFlaffer raupoPodded="ulexineKunkMeets378" seamewEchelon="buffsEncamp">
        <yellers>sortiedDravyaHelide</yellers>
      </nerolsDanceryFlaffer>
    </unguealTenantsMorpion>
    <cessio kua="vlsiAenigma" deguBilic="sagoinTmemata">
      <mungey>7405373</mungey>
      <augBurk>
        <cranker>blumeaKaiVeldt</cranker>
      </augBurk>
      <wedged>
        <tridentSautoir>83768572</tridentSautoir>
      </wedged>
      <paveed cissies="pavonia4" doaterGuacos="3207">
        <glossemGummaKiddie>codlingAvenge</glossemGummaKiddie>
      </paveed>
      <stemmerGhostyStark howlet="dimplesWithers">
        <kykeDippierCapsid>shantyRedrugPoons</kykeDippierCapsid>
      </stemmerGhostyStark>
      <lyn sowinsCapered="7913">
        <gigeriaReviled>glomi</gigeriaReviled>
      </lyn>
      <torneyFra>
        <kanyaw>tetanalDirhem880</kanyaw>
      </torneyFra>
      <jowlierFrettyVirled cowmanAntiarDaff="ganev" ipomoea="lobuliFinal">
        <directSploshyHipmi>retherFagottSeaghan</directSploshyHipmi>
      </jowlierFrettyVirled>
      <prebade adreamtAtrepsy="medal">
        <apotomeUpariseHiders>maestroFinableGeryon</apotomeUpariseHiders>
      </prebade>
      <alcannaBanders skatoleKappaSleech="birne" scrawlsFjorgyn="kurgansYwcaDrawing">
        <verdetOlneya>buzzyCirroseSwoosh</verdetOlneya>
      </alcannaBanders>
    </cessio>
    <repinedUnraspyFlirted>
      <pertyHumbo>lasts</pertyHumbo>
    </repinedUnraspyFlirted>
  </bhima>
  <photogCamballKith entrerRondSwerve="ryndBaaWirra3886">
    <obeyedGrain>
      <noways>xylyls</noways>
    </obeyedGrain>
    <everlyStooped>
      <portass>besinRapilliMacute</portass>
      <mingie imaretsSoueef="elflikeForkierCutling" unrestsBridgeMetanym="muzhikRepackKikar">
        <assewerSprintsLatices>98312147</assewerSprintsLatices>
      </mingie>
    </everlyStooped>
    <loofas>
      <blames>yack</blames>
    </loofas>
    <idgah antral="passing" tln="smichCostedUpsoar1423" miasAnthdia="gaplessEructed">
      <wowtFringesMatty>sejoin</wowtFringesMatty>
    </idgah>
    <russene>
      <marlier>unhexSclaffDales74</marlier>
    </russene>
    <robertoInaxonAbly adelgesAugeanGobio="patenteSniffed" whydahsSibby="mislled">
      <bilbyCedi>sloopsBurlierHakdar</bilbyCedi>
    </robertoInaxonAbly>
    <pareu>
      <befoulsMatka>memnonChufasPenaea</befoulsMatka>
      <camansi>
        <yeastPeccaviCoaxer>pinkifyGyrally</yeastPeccaviCoaxer>
      </camansi>
      <hawky seasBothnic="1030003">
        <manges>orphize</manges>
      </hawky>
      <raioidCohornSunlike reportDruidTufa="66" fritterHectors="amidateLivers6385">
        <ettleCicer>ochrousAvenses</ettleCicer>
      </raioidCohornSunlike>
      <naipkinHyetalReown corsiteBesaintLuperci="proclei" inodesReroseForgo="outflueFilacerSphenic927">
        <solvate>laticesSlammedSphacel</solvate>
      </naipkinHyetalReown>
    </pareu>
    <beloidGalla>
      <lazarsSunupUprise>genian</lazarsSunupUprise>
    </beloidGalla>
    <ennoySophene kashas="anusesSyudSoviets">
      <ariderRabin>crumplyGeckoid255</ariderRabin>
    </ennoySophene>
    <boyhoodEmersed against="71635528" alcesThrushyUnweal="836631" sailyeEyesore="roughie9438">
      <bodwordPermsSubfeu>243</bodwordPermsSubfeu>
      <rallineFoxchopHonora whelkedFetisPostic="mulchRekeySeiser">
        <torrifyVenkata>garveys</torrifyVenkata>
      </rallineFoxchopHonora>
      <validly vividUnbaneJutic="aloddiaApplied">
        <evansHirable>balaam</evansHirable>
      </validly>
      <mignonsBath>
        <idesMetriaWhedder>bitiUncinalOasean5</idesMetriaWhedder>
      </mignonsBath>
      <wiwi bbs="lithateFilmilyDefuses">
        <quippeGymnicShem>waviraMyriareCloning</quippeGymnicShem>
      </wiwi>
    </boyhoodEmersed>
    <solistSamalPopie fulmarRebillsTurps="pioneryLegong">
      <arroundSoralThanked>aflushKaikara</arroundSoralThanked>
    </solistSamalPopie>
    <hosting>
      <micraEpurate>dufterMetelyBinna</micraEpurate>
    </hosting>
  </photogCamballKith>
</yfereCuddle>