<?xml version="1.0"?>
<dialed>
  <eatable spieledColyticSantar="litres" specifyAnatolyAlidad="whoosisEmblic" />
  <boxfulsGinneyCordon jigglesPindyDvornik="dulcetsChullpa" />
  <hitchyCystinBowsaw lamping="aortal7" altoistSkirledMorgen="51544" skipperGullage="366493">
    <gulfier>
      <laziedFrancsLogget>4</laziedFrancsLogget>
    </gulfier>
    <buzzsawUnbledTeepee oxenCurare="enshadeRanjit" kidangLangkaChumpy="liquidFykes">
      <pattyAfficheSateens>oryssidHoom2</pattyAfficheSateens>
      <beddersShab wilyMoplaZealot="relaysTaigasMedians" ortrudMingyCankers="epidemy">
        <atmidFreqRua>avarishHaganah983</atmidFreqRua>
      </beddersShab>
      <romneyaBowling bitsDeraign="gaudy7" dovensRamusi="ripplyBiferWandery">
        <freshlyUrares>sepadBetideJink26</freshlyUrares>
      </romneyaBowling>
      <todayllVacheChomper>
        <amicus>83</amicus>
      </todayllVacheChomper>
    </buzzsawUnbledTeepee>
    <trayHoboeHomonym scamlesPianistAerose="korero" ragsCilerySneaped="97509905" aubainSkippelSalsola="gurgeTirling514">
      <cholaneEchoeyKongu>fuciSexpot</cholaneEchoeyKongu>
      <retraitOsirianJacu>
        <porettGascons>waddy</porettGascons>
      </retraitOsirianJacu>
      <tubmanAmoke>
        <unwwoveSumo>5673</unwwoveSumo>
      </tubmanAmoke>
      <pitiesEnhydraJackash woosPrewireBehew="9" araruSluiceCueman="kettles">
        <cleomesBasinedSplore>bedrugsSnotter</cleomesBasinedSplore>
      </pitiesEnhydraJackash>
      <bobblesLavatic>
        <sordaSpryerNandins>238</sordaSpryerNandins>
      </bobblesLavatic>
      <kainitsOlaxCottas haglikeBoolean="ligulesAulete" sternlyDipsyEntrees="gowanedNascapi">
        <okiaTodeProtext>43847193</okiaTodeProtext>
      </kainitsOlaxCottas>
      <thanan>
        <powerCripply>ruledNetsmanEstral759</powerCripply>
      </thanan>
    </trayHoboeHomonym>
    <ireful>
      <clairceAgpaiteScraze>rendu</clairceAgpaiteScraze>
      <poverty>
        <faquirsTrompe>graze</faquirsTrompe>
      </poverty>
      <camacaHelp>
        <parsiEmraudDumble>wessandMunsterGuergal6</parsiEmraudDumble>
      </camacaHelp>
      <swig marges="dudlerPerh" solay="sashayEthanimPulpal8146">
        <cashaws>cadgersSerrula</cashaws>
      </swig>
      <sorels barbuts="maggoty378" oyessesNoelsDrosser="solacer">
        <umbraid>carceagAbatorsGranate91</umbraid>
      </sorels>
      <arish aralieAtrypaOleum="caphar67" coeliacLangrel="insofarCoenactNodiak">
        <hitBulbelPittine>pirate14</hitBulbelPittine>
      </arish>
      <jerkin>
        <egriot>chanted</egriot>
      </jerkin>
    </ireful>
    <plosive>
      <battureForcy>364622534</battureForcy>
      <randyStrifesReapers>
        <dadaismPruner>90</dadaismPruner>
      </randyStrifesReapers>
      <coses>
        <embdenTesack>scripTangoedSugarer</embdenTesack>
      </coses>
      <nucleinHemmel dannockTosher="hoople">
        <limnerGarau>weewee</limnerGarau>
      </nucleinHemmel>
      <bidetsCelli crappie="192890082">
        <opaquerViddhal>neem</opaquerViddhal>
      </bidetsCelli>
      <ragger minium="78" taber="15193">
        <ootInfl>910193040</ootInfl>
      </ragger>
    </plosive>
  </hitchyCystinBowsaw>
  <snuff outpushCurling="olivineIdalian">
    <dronyIsodontGrammy>
      <metria>arguersGlew</metria>
      <regildSnop>
        <guruDtenteImpi>curses</guruDtenteImpi>
      </regildSnop>
      <disrateGingallExhorts sansarKlongDroops="valetMistify">
        <gorgioUncoilsShilloo>anise</gorgioUncoilsShilloo>
      </disrateGingallExhorts>
      <tittle idol="aspects17">
        <emptier>7</emptier>
      </tittle>
      <exact>
        <faence>orate</faence>
      </exact>
      <hubsTagmemeYodled ursolicUnnew="spheresBronk" golfs="kef">
        <seletar>93745970</seletar>
      </hubsTagmemeYodled>
    </dronyIsodontGrammy>
    <pusgutPlayboxAsuang>
      <resizesSited>3</resizesSited>
      <laccaicHimself crocinDruryRoomies="atresyWeigelaResuit">
        <feudedSplayed>hexagonErminee</feudedSplayed>
      </laccaicHimself>
      <jacchus zechinGulashSuccisa="439732265">
        <komiReportsAudion>traikedLapin</komiReportsAudion>
      </jacchus>
      <beparchSabeingAtaunto disknowAlesanTroys="482" manbriaGhazies="endplay">
        <powersJinsBidpai>chortenHereto</powersJinsBidpai>
      </beparchSabeingAtaunto>
      <waveyHidings>
        <wilroun>blobby</wilroun>
      </waveyHidings>
      <dimwit>
        <stritSpecula>apexed</stritSpecula>
      </dimwit>
    </pusgutPlayboxAsuang>
    <dotagesPhaseunSprawl>
      <banjuke>cerasWokasDeburr</banjuke>
      <hamzahFactor loftCoriaus="hadronsSulphurEnv482">
        <guimpesProbed>taissleCancanHopping</guimpesProbed>
      </hamzahFactor>
      <pithMeliaKeyslot slutchTuppingPuceron="poriaAdenoid" kumara="chalonShawn">
        <quizzeeGloea>trued</quizzeeGloea>
      </pithMeliaKeyslot>
    </dotagesPhaseunSprawl>
  </snuff>
  <yohimbeCamailsBurger kistful="navelsPinolesUnder" />
</dialed>