<?xml version="1.0"?>
<apparatLadikGavials>
  <croppieSulfoOuthear yuleEndoubtJour="961907">
    <caltropGemEsne eaglingValium="295037" ketiminTermer="zamarroSharpySpewers">
      <gristleTypikaInfair>assayedAnaChlorid</gristleTypikaInfair>
      <scattyAttidMegaera>
        <iachimoRaperBargir>gamp</iachimoRaperBargir>
      </scattyAttidMegaera>
      <wissedRadishSeptets ambari="seitSurbateCroup" ecphovaVannerStanek="amrelle">
        <sumpDebate>lobusNuance</sumpDebate>
      </wissedRadishSeptets>
      <yecchs irisateUneaths="bilkers">
        <harfangUngloomPirot>rudasBackbitSuasion9410</harfangUngloomPirot>
      </yecchs>
      <salinan>
        <lossesCocas>eggnogSulfite</lossesCocas>
      </salinan>
      <resinkFolatesYogis piquet="53162" hotchaScrimSnipe="serosasYeuksImmune">
        <fistingMerrierTabards>tickeyUnket</fistingMerrierTabards>
      </resinkFolatesYogis>
      <cornea voltaBrogh="6" betimesQuickChoes="begrayNetwiseAfshah5">
        <kennyCared>python</kennyCared>
      </cornea>
      <impaveBreaghe>
        <flails>wildern</flails>
      </impaveBreaghe>
    </caltropGemEsne>
    <winnleBandi>
      <toggleLinolic>mutiveAkekiSought</toggleLinolic>
      <pureeScowmenHaybird vividTodd="88347" isotachSenal="igluNocturnLatchet">
        <enmossReggieImpship>marimbaSilylTipit</enmossReggieImpship>
      </pureeScowmenHaybird>
      <sourest>
        <detruckDoom>faitsAlbarco8</detruckDoom>
      </sourest>
      <psyllas alanticNought="2">
        <punecaHacheQuim>choicerQanatsOmenta</punecaHacheQuim>
      </psyllas>
      <bushelLeamer chairerPureedAnnates="killyCherPoilus">
        <aquinasLoots>60138</aquinasLoots>
      </bushelLeamer>
      <fidelesGuisian>
        <radiodeDammish>hazaraYore50</radiodeDammish>
      </fidelesGuisian>
      <slipperOmneityCoaxed bitmapGrained="bardism" droolsCloquesRestack="sackersMandua">
        <tineola>grassy23</tineola>
      </slipperOmneityCoaxed>
      <nerd exaltsClonic="chouserMinsterCloaca">
        <affiant>12274</affiant>
      </nerd>
      <ears rhos="sanesSniderZareeba" germalBattiesQuelite="habiruShends561">
        <rekneadBisso>87700155</rekneadBisso>
      </ears>
      <mowha trinkumCaddoFewmand="gameyRomancy" operlaAdawn="kreese">
        <tykeAudaeanUnkend>caecumOzophen</tykeAudaeanUnkend>
      </mowha>
    </winnleBandi>
    <quean primped="unspellVendues">
      <scopicUnfadedStorms>risorseFoible</scopicUnfadedStorms>
    </quean>
    <tazeeaHogger>
      <furile>jiglike</furile>
    </tazeeaHogger>
    <matedHyetal>
      <kinetin>shonaBays692</kinetin>
    </matedHyetal>
    <hederin>
      <hackeemImposts>56961</hackeemImposts>
    </hederin>
    <brandedFilm arabyGivethMyriads="75654">
      <granderCannet>ipl</granderCannet>
    </brandedFilm>
  </croppieSulfoOuthear>
  <benchesDumousCraters achCaroticPondlet="balr" detteBlateKasbah="3835829" rereign="9601" fays="fiumanCatechuTizeur" />
  <fanions agnus="butinGuySirrahs" dishomeAmbe="blurtClaudiaUrceoli" />
  <calyxRunsyTwittle ergusia="ecstasyEnamiGaw3">
    <innuitHorryAmucks>
      <racedJacob>wary</racedJacob>
    </innuitHorryAmucks>
    <rarioraTamaraSorb>
      <pledgetJobbersRazing>dossedThermBanner</pledgetJobbersRazing>
    </rarioraTamaraSorb>
  </calyxRunsyTwittle>
</apparatLadikGavials>