<?xml version="1.0"?>
<untrodGriper>
  <gagsterVexedlyTrunked paringMerghSoloing="bighorn" />
  <fgrid>
    <npfxMuskits>
      <defeaseDock>domiticPapaneMaddest</defeaseDock>
      <unmakeRatiteAtrium>
        <iddio>berri</iddio>
      </unmakeRatiteAtrium>
      <logrollEntrerAprowl>
        <ormersTotchka>rakee</ormersTotchka>
      </logrollEntrerAprowl>
      <dodunkNei>
        <airtsRebathe>oransChiefryCaynard</airtsRebathe>
      </dodunkNei>
      <airplay updates="mart" nailersDemi="663">
        <rebososPailful>glyoxyl</rebososPailful>
      </airplay>
      <mirdha>
        <locomanIrruptIncrept>flaxen</locomanIrruptIncrept>
      </mirdha>
      <hennaedTheistsOpposer>
        <hencoop>1112185</hencoop>
      </hennaedTheistsOpposer>
      <wyling caecalUparna="buoyingVinetBateau502" nigherTitienUntough="fliffusOnduleDeprint">
        <stutterIdolifyHungers>973400</stutterIdolifyHungers>
      </wyling>
    </npfxMuskits>
    <avens>
      <patten>galanas</patten>
      <breeFerulePewdom>
        <atrium>881</atrium>
      </breeFerulePewdom>
    </avens>
    <scanceLazierTempehs>
      <koklasGansa>21</koklasGansa>
      <rippitNoterseCleaves whicker="imamic">
        <hubberLobata>wadmalsRicht</hubberLobata>
      </rippitNoterseCleaves>
      <ramstam tannaTesteSpokan="eleidinSynodAgriot">
        <alypumGuard>packall</alypumGuard>
      </ramstam>
      <becharmRameousFolioed puckaYearns="pebrine">
        <elapoidIngeny>3</elapoidIngeny>
      </becharmRameousFolioed>
      <guisardGreigeWoodeny fondleMerinosFurthy="engemGarbureEthenes">
        <burdFlybaneKiddies>fizgig378</burdFlybaneKiddies>
      </guisardGreigeWoodeny>
      <coursCowmanPayong>
        <leprous>untiled91</leprous>
      </coursCowmanPayong>
      <kileh honing="kieReifyCabby22">
        <ungaudyUrsid>luddismStoaeSpillet</ungaudyUrsid>
      </kileh>
    </scanceLazierTempehs>
    <urfLamias>
      <turshaLyn>dochterIcbm</turshaLyn>
      <justinaSidemen>
        <urns>tegua</urns>
      </justinaSidemen>
      <orgeatEkeForhooy motoric="805414" rantreeCurage="floozieBoose">
        <zygoticRentree>capsidsTrembleChairs</zygoticRentree>
      </orgeatEkeForhooy>
      <rewhirlTubings elbow="desands" aefaldyYay="clonkedLikingAught">
        <sunned>avowterClump</sunned>
      </rewhirlTubings>
      <gilakiOutbar truancyUnmewedApandry="obliges">
        <spookCoruler>odeSwobber</spookCoruler>
      </gilakiOutbar>
      <folsomDownbyJasione perula="durablyUnshoutSnaring" jassAerVilhelm="1">
        <surgesTilersByres>paulin</surgesTilersByres>
      </folsomDownbyJasione>
      <spender outroot="626950" adaptSozins="rioted">
        <fruslaHoney>patterMonty</fruslaHoney>
      </spender>
      <etacismGaggerJustled aptate="utopistVroom" begin="zebedee32">
        <eneuchWhipper>flexesPalpateVersant</eneuchWhipper>
      </etacismGaggerJustled>
      <tarea retabloDehacheHigra="swabs">
        <upmove>xylenylFlyless8710</upmove>
      </tarea>
      <samianPlacersDuplex cypher="731">
        <slater>fenagleDammish</slater>
      </samianPlacersDuplex>
    </urfLamias>
    <kuruStrub>
      <missaidPremenCosecs>aduskPicStooter</missaidPremenCosecs>
    </kuruStrub>
    <fusil lambes="lawfulSvan" jawline="968072474" enrankZyzzyva="coalbinPatise38">
      <tahinaDewitt>234891966</tahinaDewitt>
      <ficusFencedBulking cratersSlugs="guttler" priced="84796">
        <alsThumb>radulas</alsThumb>
      </ficusFencedBulking>
      <vazimba>
        <gphLeveful>naleds</gphLeveful>
      </vazimba>
      <ladlesCanosBywork tetrodeGoncaloBharal="gelatedFarthCarian" atedDorsadHazes="hangeeEglogueLustres">
        <directBoast>938</directBoast>
      </ladlesCanosBywork>
      <oxalic>
        <cacicus>kennRecable</cacicus>
      </oxalic>
    </fusil>
    <orfraysSadnessZonite trike="cyathia49" pithful="deniersSalamisRazers" serpigoPatte="6">
      <yardCareers>ennomicKeelQuitch</yardCareers>
      <buttledErrandPyxes knopperPhiltreSquarer="palminUpbrace4600">
        <vanman>339354</vanman>
      </buttledErrandPyxes>
      <palierPallionLeawill whist="385">
        <mindCrucianTowels>vinousFarcistScutes</mindCrucianTowels>
      </palierPallionLeawill>
      <yawns>
        <hewn>argan</hewn>
      </yawns>
      <tuitivePontil chitonMonthon="eastersSpeer" mimsy="dipode">
        <kentleZanyishFermal>fishing</kentleZanyishFermal>
      </tuitivePontil>
    </orfraysSadnessZonite>
    <andriasWorldsWhimmed bionicsAitesisPetitio="vibex" palmar="pauseZigan" sump="tonical">
      <tankieCanducBogach>hippicScharfWosome47</tankieCanducBogach>
      <antaeanHabileAcubens upwithGenoms="codon" precant="tongsLooselyFiling">
        <skewers>khalsahMaratha</skewers>
      </antaeanHabileAcubens>
      <gestantMages>
        <flumpedTrudges>545</flumpedTrudges>
      </gestantMages>
      <fowleryBesplitHamulus unfearyPremierCrooks="mowrah">
        <method>fanniesCarriWhelp</method>
      </fowleryBesplitHamulus>
      <ladikSessile good="ticcaEmbullJoules" kumiss="tuberinFalsismRills">
        <reloadsBendingScrub>stagery</reloadsBendingScrub>
      </ladikSessile>
      <musa>
        <campane>5546891</campane>
      </musa>
    </andriasWorldsWhimmed>
  </fgrid>
</untrodGriper>