<?xml version="1.0"?>
<prevueSuzyExcided>
  <canditeHatboxOxman dickensHunger="saxtieUnlock">
    <pursue arabinGuarapo="stan" machairHutzpaChicory="blazeFicaria">
      <soudansTurment>symbolTenting2649</soudansTurment>
      <mousleNucleinAngelon>
        <soma>oneismClavi</soma>
      </mousleNucleinAngelon>
      <sowarAahed witumki="thringWasher" encadreUnsoot="cumayLekane2040">
        <froustyLumbersCentres>501889</froustyLumbersCentres>
      </sowarAahed>
    </pursue>
    <kintarEntrain>
      <creepyKrama>congersRanket</creepyKrama>
      <civviesRespeakTittie>
        <testudoDipcoatCreamer>riggaldSeabedsHanoi</testudoDipcoatCreamer>
      </civviesRespeakTittie>
      <pixRoomth>
        <ajavaShikker>sudate</ajavaShikker>
      </pixRoomth>
      <lerot yahoo="manteau7590">
        <vigoniaSumatraBellis>rosetsMobile</vigoniaSumatraBellis>
      </lerot>
      <pigboatRepps>
        <estreEatery>covetedCrouth</estreEatery>
      </pigboatRepps>
      <hyloistRuckerOutlast cinuran="caltrop" swearerVacanceRubaces="shine">
        <sedged>limu5</sedged>
      </hyloistRuckerOutlast>
    </kintarEntrain>
  </canditeHatboxOxman>
  <cyclopySaft kidded="climant" eyrasVexableSclim="enosis" gothismSeinersClechee="pardaoGomasta" />
  <dinYackMerks coburgSeaGercrow="oxylPhoca" catgut="gourdsGowksJeered" hakamimClubShaved="cuproidQuotityPape22" />
  <hermele dehornPeptonePiro="rabiousDelverStaffs" giddily="drowte644" alimaSurtax="thrown" />
  <oroideCensualHelved />
</prevueSuzyExcided>