<?xml version="1.0"?>
<ogled>
  <bahamasTheah stoked="3075860" patholFratchyLecythi="bedene" tlacoBreathsMedish="hangsGlimeLigands" moodishFrumentGump="footled" />
  <widdy venireNebris="selion" sandan="2285181" />
  <cahuitaOarman naether="hiccupsFerment" gorgons="mowchPrevent" gratton="844">
    <eucre>
      <bonally>2621307</bonally>
      <terralVied imbasePitpropErose="cosinesArterSakeret" senonesSmocker="obelise465">
        <hydDiscageMerks>stooreyToggelJambart3024</hydDiscageMerks>
      </terralVied>
    </eucre>
    <flabel jabbersTopasArolla="nobblesDoyenneYielder">
      <randiaSarsonNorms>cliffyDickersLioncel240</randiaSarsonNorms>
    </flabel>
    <oolongsGrayout>
      <synoekySeedbedDowcote>vesaniaLene</synoekySeedbedDowcote>
      <prudistCequi wrylyPukhtunFideos="17081">
        <pithilyBegarie>doterDreidel5082</pithilyBegarie>
      </prudistCequi>
      <lichenMayOutmove goralsSharns="camacanOolongsOrcinol3337" furlane="lingoesStrikesCorta">
        <ardu>yoopEmmenia</ardu>
      </lichenMayOutmove>
      <quailed>
        <mailbox>dak60</mailbox>
      </quailed>
      <idenceMiaows sahidicShoneenKnorr="lamiaePops8">
        <rotundBarongaOutbeam>5859</rotundBarongaOutbeam>
      </idenceMiaows>
      <crassisRestuffKlicket caphtor="seredPientaoKolami">
        <retroAmhranWiney>mpgLakeUnsawed</retroAmhranWiney>
      </crassisRestuffKlicket>
      <vizorYearnedDewer>
        <bija>9</bija>
      </vizorYearnedDewer>
    </oolongsGrayout>
    <whalishBazziteGallet>
      <fauve>ctenii</fauve>
      <affBrediUnwept>
        <crewel>proudly</crewel>
      </affBrediUnwept>
      <feudumTitties>
        <divelIntortKoruny>ahushComedo</divelIntortKoruny>
      </feudumTitties>
      <pompierReburnMisacts>
        <buccin>553859</buccin>
      </pompierReburnMisacts>
      <puffer vughsShopboyRetube="788">
        <hubbingNimbedCymlins>lealBiliary</hubbingNimbedCymlins>
      </puffer>
      <manlilyShikFell hydridsUnyoung="20871">
        <lemmataPumices>siclikeDamierDowser52</lemmataPumices>
      </manlilyShikFell>
      <apicadViverra>
        <diosminSearingJuddock>subface</diosminSearingJuddock>
      </apicadViverra>
      <lujulaManfulCornets pablo="ragoutsSlovenKauries4">
        <jimpySuablyEluant>baharCangler</jimpySuablyEluant>
      </lujulaManfulCornets>
      <hoofPrink>
        <angiliDevests>shed</angiliDevests>
      </hoofPrink>
    </whalishBazziteGallet>
    <bedownDabbersArkie scotchChurada="reversOutler" moutlerCarbineDespite="geisonOllav">
      <uperizeHeiauRoughy>eluateGummous</uperizeHeiauRoughy>
      <nurlingFakersRightly alshainLinkboyCraping="electorNooksAiel" erasers="adibPswOuphes">
        <blunker>flyball</blunker>
      </nurlingFakersRightly>
      <peartAeons>
        <azophen>sekaniRuggownIncaged</azophen>
      </peartAeons>
      <pulayaGougersNetwork fuguesUptake="alkylsChnFleecer">
        <skyjack>overpetFainlyAdempt</skyjack>
      </pulayaGougersNetwork>
    </bedownDabbersArkie>
    <aquariiRegnaDamsels flumpHyponym="almacen" ushDreamyTopsmen="leasedMididaeBlent" unnegroSnokeToryfy="vexil">
      <estado>titaniaGenros</estado>
      <postmen gyrocarMidways="thuggedDwalePerfume">
        <preformSkatist>agnathaHymnody</preformSkatist>
      </postmen>
      <tret>
        <blatchSolders>31</blatchSolders>
      </tret>
      <chitra phocine="ruffe">
        <roomySewered>nobblesComl</roomySewered>
      </chitra>
      <tarnishFairs>
        <mistal>64494387</mistal>
      </tarnishFairs>
    </aquariiRegnaDamsels>
    <broncs>
      <wailfulEmigr>kiddushDevotee</wailfulEmigr>
    </broncs>
    <fest>
      <kittenTrisulaVisit>belightThence</kittenTrisulaVisit>
    </fest>
    <gisants>
      <vanmenAtomicSewings>42</vanmenAtomicSewings>
    </gisants>
    <nickarNodules sleeperLarches="sundog" spirts="sentLyancePuna" xylenes="walkene">
      <refixes>philicMainpinBacula9221</refixes>
    </nickarNodules>
    <marchenDizzen>
      <urceole>amosite</urceole>
    </marchenDizzen>
    <dolium>
      <jobbedUrled>guzulUnsmokyKabukis5929</jobbedUrled>
      <pauserStepony myoticsWhorageValutas="onymityWelting" labilePrimely="braza">
        <tenablyDottedBurkei>pentose</tenablyDottedBurkei>
      </pauserStepony>
    </dolium>
    <waddyGrithHost>
      <scored>fingalLictor</scored>
      <invictBencherRetrade saughs="lactoseDimly" redye="aurificProponeMoneyer5">
        <scone>roddedAmplect</scone>
      </invictBencherRetrade>
    </waddyGrithHost>
  </cahuitaOarman>
  <emit taniticPutlog="curdsCamelry" />
  <pvt />
  <fishery dextroBombastKnight="altesseHallier" bazaar="agla" arles="cadambaRoundLepered" horatioPathol="sistra" />
  <scunderAgt envied="uncateUlnarJewless" caroid="jatni1578" dorminsPokies="kalongRaspishStrep" demoidDudine="thruHyssops">
    <onionAddoom cahootUnagile="873558248" perukedUnhang="rowdyAnimeMakar">
      <ewryFooChaunts>doglegsGetable</ewryFooChaunts>
      <tidleyDialled clayeBranta="76266" raphaeShampoo="titienAsaphiaNickles">
        <shriver>williPanhead</shriver>
      </tidleyDialled>
      <nowderNogalTiremen kasidaLarding="ziegaAphodiCaulds">
        <wrongGripper>braking</wrongGripper>
      </nowderNogalTiremen>
      <enamiSambelFerulic delayerReplayNantle="concaveBailageCaracoa77">
        <unreave>614560036</unreave>
      </enamiSambelFerulic>
      <cementAlogiaBilic chewingBoudDayglow="65">
        <abscamPampean>hontishComportChaouia</abscamPampean>
      </cementAlogiaBilic>
      <las>
        <siclike>slaversSveltePhoneys</siclike>
      </las>
    </onionAddoom>
    <sunnPlakatMortary pape="uncriedTeutonBrooky" cingulaCiteeMaltine="linenyEssayed" gnomideGleams="yampeeCouve">
      <seletarKukriRhaphae>pallionObitNoster8078</seletarKukriRhaphae>
    </sunnPlakatMortary>
    <elated scaupsDropsyLanseh="archeus">
      <calycle>sacianAudionYegg2502</calycle>
    </elated>
    <amalettBabbleMdnt>
      <griffs>442</griffs>
    </amalettBabbleMdnt>
    <gleitAnlia>
      <rakuLangleHenting>vivandiProles</rakuLangleHenting>
    </gleitAnlia>
    <hookersBulliedChant british="gurge2" sneererEagersTreeify="formousCritter">
      <sconceYedeDetent>wastingNullus427</sconceYedeDetent>
      <redated fordamChalkyValsoid="scrapieMisform" vitrailHardpanHanap="upgo">
        <gunjahPandoraNupe>347520</gunjahPandoraNupe>
      </redated>
      <lamentBelton aitchPasseDeejay="spuingTaysaam3" piracyDiazomaMorendo="misersJahvehDeceive">
        <onethe>cattabuSinge</onethe>
      </lamentBelton>
      <pohnaFetasEuphory codeia="8" trey="qubba">
        <cursorsOuselsCodworm>amulaeArchestLaiose714</cursorsOuselsCodworm>
      </pohnaFetasEuphory>
      <envoys legmen="anuran6" unbidKeltCooped="ayensBooseRely15">
        <quinasBumming>justoAtleSeagull</quinasBumming>
      </envoys>
      <bunglerGesticSkyline mailesSproatShifter="reimplyStrumas" syrinxIneye="shilf">
        <blowsyTalcherCowshed>wrestedImmures</blowsyTalcherCowshed>
      </bunglerGesticSkyline>
      <flakyTrigynRitzy galyakRiboses="horrentBordmanMampus" coriaSanche="novellyDermic9">
        <nipsAidesKoshare>insure889</nipsAidesKoshare>
      </flakyTrigynRitzy>
      <awryCouloirBend>
        <enkraal>1703930</enkraal>
      </awryCouloirBend>
      <hubbiteSanitClypei>
        <whomp>486</whomp>
      </hubbiteSanitClypei>
      <grapedFanciedDoray grumpedBorersRehired="labret">
        <panfryOvolos>shrubs</panfryOvolos>
      </grapedFanciedDoray>
    </hookersBulliedChant>
    <curdleUnakiteAnguine antlersDeekChamsin="moodily">
      <petitSuperKapur>lentilsObelise</petitSuperKapur>
      <alepine kruSorbin="ammelinRustles" oddCholum="enmoss">
        <vicuna>dentPalila</vicuna>
      </alepine>
      <virgateBleedVetch lanugosWomanedAttrite="pootherPeter">
        <tonganIlyaWillyer>745</tonganIlyaWillyer>
      </virgateBleedVetch>
      <jama glowersMibsPortio="41824" salmoRayonne="baptise">
        <shushed>hexylic</shushed>
      </jama>
      <steadedCassMellit>
        <lugsKinsAwrong>zend6573</lugsKinsAwrong>
      </steadedCassMellit>
      <occiputSynoecy>
        <sash>olpe</sash>
      </occiputSynoecy>
      <pipMerely>
        <pusgutNamazUnerect>kermesBrumeSkeller370</pusgutNamazUnerect>
      </pipMerely>
      <stelledYeomanYaups>
        <capletsOphidia>cotefulUrena66</capletsOphidia>
      </stelledYeomanYaups>
      <kyriesRended vitreanBracaeStichoi="algoresTownish">
        <cantles>86433</cantles>
      </kyriesRended>
      <blaverNorelin nasi="gorgedForgo7">
        <cangan>plumlet</cangan>
      </blaverNorelin>
    </curdleUnakiteAnguine>
    <jestThulite>
      <girnyCerumenHawer>1</girnyCerumenHawer>
    </jestThulite>
    <pissesJounces>
      <cosing>82673226</cosing>
      <keypadsExonymGorgets>
        <doliumYechy>squalorCapelApoise</doliumYechy>
      </keypadsExonymGorgets>
      <pinfold>
        <deburseAuxil>doms</deburseAuxil>
      </pinfold>
    </pissesJounces>
  </scunderAgt>
</ogled>