<?xml version="1.0"?>
<lakinKans>
  <saulieTorulusOutsize estraysDeices="optionAntis8437" paled="adenoidRoomiePixels" rammingPoemlet="headingSeggar" blibeCoarsenAntitax="pulingsLoam" />
  <base renameSarlyk="behnStrands">
    <brownieImput>
      <witedOchrousHeros>zirconsBebumpBuffalo</witedOchrousHeros>
      <evaScreamy>
        <smutsSensismEcce>mealily</smutsSensismEcce>
      </evaScreamy>
      <depsideRickshaGavyuti appeachRipenNauseum="dervishEpsilon" bruleeDroll="phytaneSindry">
        <imbargeGabbed>745202158</imbargeGabbed>
      </depsideRickshaGavyuti>
      <naigieBaculi shantey="suite86" carpid="253">
        <eyespotMetopae>bolognaEnrange95</eyespotMetopae>
      </naigieBaculi>
      <muggier>
        <vassosAlapa>5731082</vassosAlapa>
      </muggier>
    </brownieImput>
    <airtimeAxillasMarks>
      <glacial>croupalLigninsCranely</glacial>
    </airtimeAxillasMarks>
    <soilingYirthsVagitus>
      <donsyAcyYoustir>arundoGaul</donsyAcyYoustir>
      <philolSkaffieSwithe>
        <lyasesAyen>5</lyasesAyen>
      </philolSkaffieSwithe>
      <nonegosRiskingShirks>
        <seqfchkBoylas>stetsXyrid7</seqfchkBoylas>
      </nonegosRiskingShirks>
    </soilingYirthsVagitus>
    <loboPreppedAfront>
      <bungler>1291773</bungler>
    </loboPreppedAfront>
    <biminiDebarks>
      <mopsAlkenylMascot>bejewelSacrum</mopsAlkenylMascot>
      <aye warrinPegbox="entriaJunco" sedangTignon="fixJavelin">
        <gambadoRedrugAniline>iowa</gambadoRedrugAniline>
      </aye>
      <sulfine>
        <daityaTrigo>bonzianNonaidTsungtu9</daityaTrigo>
      </sulfine>
      <juntaClanned buryingScove="cymae78" bagleLucarne="slubbyCulti4458">
        <casinoVedaTenible>tzaamSlutted</casinoVedaTenible>
      </juntaClanned>
      <stiposEyelastKloof>
        <butle>unrufe346</butle>
      </stiposEyelastKloof>
      <queiKinbootImberbe>
        <biotopePrimate>sinkedWagesEyeroot</biotopePrimate>
      </queiKinbootImberbe>
      <cobbingStirks>
        <polypGloyCarmot>louringCrangLineas</polypGloyCarmot>
      </cobbingStirks>
    </biminiDebarks>
  </base>
  <keechTrabeae shaulsGoldarnMaill="2" canter="463342813" rayah="uriahAnurousHanded" />
  <tatuDioecia kulaiteDrubNoma="tetrylGawsie2" />
</lakinKans>