<?xml version="1.0"?>
<longeveAimableHurt>
  <intuse redias="chimbAcronEagled94" snabbie="suleaHidatsaBraies" sibiricPaula="dyarchy" />
  <wooler skeeryUrian="cedar" recedeBooley="nondaPickeeCoation5" illupi="75" avicideMugwortMaarten="joinsClachs" />
  <budgetsYokTumulus acrotic="awm" semipedCaissonRegia="softaWigeonElds" coelder="5">
    <abomineAlluresIncurs nurledHareld="2167" baunVeineryPropped="guarsInesite" heirsJannerPerite="estableGlick">
      <charkBiotech>3295312</charkBiotech>
      <agogicsNunky fedarieSheersChoses="63181" fowkNucleiDeify="1220">
        <outfaceWaff>sella</outfaceWaff>
      </agogicsNunky>
      <glacesStufferLehrmen klowetWerecat="9923513">
        <areolae>stomion</areolae>
      </glacesStufferLehrmen>
      <ridgels>
        <cymenes>recable</cymenes>
      </ridgels>
    </abomineAlluresIncurs>
    <ashramaTalayotDustee>
      <summery>nongas</summery>
    </ashramaTalayotDustee>
    <geckoEuda>
      <mastfulCohens>21</mastfulCohens>
      <peroxySamanMurgeon yesesThwacksCuttles="shareef">
        <neumicMalduckPlods>pupateBeguileTrophi</neumicMalduckPlods>
      </peroxySamanMurgeon>
      <facy piranga="sequaProctorGalleon" heistDioxids="joyrode">
        <whaddie>triciaBerwickChord</whaddie>
      </facy>
      <jokyLabJibed lotmentHoodshyHause="grankAvocadoTzar" cassDicolic="10318">
        <succothImphees>hakeFineerGepidae</succothImphees>
      </jokyLabJibed>
      <civilly crex="3539">
        <woohoo>866</woohoo>
      </civilly>
      <salmon>
        <hacklogAmtrak>orationRectusInched</hacklogAmtrak>
      </salmon>
      <apardonNdodermResh lurdan="samshooAnukit20">
        <gurgledNuzzledSafrol>62708</gurgledNuzzledSafrol>
      </apardonNdodermResh>
      <cumlyColima sylphidMestAslop="sootedOuthueInlayer5" skewingFamily="dipalaVengedArchest">
        <antlidEllinge>scarphs</antlidEllinge>
      </cumlyColima>
      <canonry saanenPargoDiomate="68">
        <assyria>axonsFlaredMilla</assyria>
      </canonry>
    </geckoEuda>
    <feastEperlan>
      <martial>bogged</martial>
      <pollackGarpikeEcocide>
        <idiotWheatVitiate>hurtful</idiotWheatVitiate>
      </pollackGarpikeEcocide>
      <ternalEmbraidLoge darwanHiving="clucky4171" cotheAliyos="harems">
        <crouseDesaltLimners>rasionAgcy</crouseDesaltLimners>
      </ternalEmbraidLoge>
      <ovaCrojiks yfacks="moeckBurpedCaldera">
        <rhymeryTansiesCupeler>ektenes</rhymeryTansiesCupeler>
      </ovaCrojiks>
      <redame jitter="napa">
        <besaint>foulageSimiaImparks</besaint>
      </redame>
      <fracheFaience pollanPoesie="flashly998" animine="plutonScenicGamari">
        <firm>healingLatexesCetid</firm>
      </fracheFaience>
    </feastEperlan>
    <tweedy>
      <bhagat>ecoleMisobeyRanding</bhagat>
      <stevenMawsDevels>
        <doserRohunUpstate>saxe</doserRohunUpstate>
      </stevenMawsDevels>
      <aider>
        <ranking>agaces</ranking>
      </aider>
      <erodiumTussled seseli="cooch425" lythrumSalic="trypa">
        <exhumesEjulateGeums>alcoveDinned</exhumesEjulateGeums>
      </erodiumTussled>
      <recurveOuteatWigger>
        <broadax>exerts</broadax>
      </recurveOuteatWigger>
      <orlon poybird="reevingBifaraEarly" tappitWes="jabersXeroxAbayah">
        <frownerBhistie>68107</frownerBhistie>
      </orlon>
      <bubble jigabooGrun="utasBloatedLogged" bagonetNokta="arbustaHabus">
        <dammish>dynamPeanutLapsful</dammish>
      </bubble>
      <gazaniaSashaysTitters>
        <emunct>grazieEniac</emunct>
      </gazaniaSashaysTitters>
      <educateArmorsFustie>
        <dakirFarls>beliliDacron</dakirFarls>
      </educateArmorsFustie>
    </tweedy>
    <pariRabbets ingoing="diazinsMireRetruse" brushy="dvorak580" ennia="rickeysProx">
      <anlace>883</anlace>
      <surerOutbidDiopter>
        <cascaraFawnyFattest>bandorEsotery</cascaraFawnyFattest>
      </surerOutbidDiopter>
      <heuchsAzimineSises>
        <geraera>oftest7624</geraera>
      </heuchsAzimineSises>
      <vestals smitchMildews="propterTheory">
        <scewingZindiq>3</scewingZindiq>
      </vestals>
      <lammingBoobyComonte typhicMks="misreadTyphons" aswingLoryValutas="anabata">
        <bindingSchema>rustilyNichilRisen8096</bindingSchema>
      </lammingBoobyComonte>
      <swapped inkbushEmbain="tilden">
        <gleir>aamEscheveHocking2</gleir>
      </swapped>
      <aquabibChekiMads guggledMidriffBotein="cendreBalete" amidoneInditchGorling="stambaMondesJerkin">
        <maleicReknits>tottyHomosHyde110</maleicReknits>
      </aquabibChekiMads>
    </pariRabbets>
    <entheanEbbetsPalaka reppedAngust="anacard" waitsPyrazin="hirpled7">
      <swishyPouches>tending</swishyPouches>
    </entheanEbbetsPalaka>
    <renigsSpyship charasRectal="delible" armine="pickeerCurvey">
      <grandPiquingAlkynes>mangierVoiced</grandPiquingAlkynes>
      <soothsNejdiPlat thetis="laureal" cesspit="vouchesCustParget4">
        <renigsUncake>bastonTriamid</renigsUncake>
      </soothsNejdiPlat>
      <besnowTiles nebiimDoylt="5217648" kbpsThrallsSecreto="1639">
        <nettlerRad>zambia82</nettlerRad>
      </besnowTiles>
      <maskoi>
        <lionizeSakulyaMalaise>meakingBespateSpaik</lionizeSakulyaMalaise>
      </maskoi>
      <aedegiCacaxteTalliar>
        <tanquamMetissePhrasey>mukade</tanquamMetissePhrasey>
      </aedegiCacaxteTalliar>
      <orcasEeliestHarping eclogue="fellersTrigamyGreta" yexPahariCession="5933">
        <theow>436346036</theow>
      </orcasEeliestHarping>
      <tushyEphraim volto="skyeyLitai18" faucalBabbittAcerli="259">
        <troilusGlade>shucked803</troilusGlade>
      </tushyEphraim>
      <fidibusAvows dimple="embreadYam8187">
        <gabbedEphapse>dewater</gabbedEphapse>
      </fidibusAvows>
    </renigsSpyship>
    <diethylAspaceSixmos>
      <neurad>capper2</neurad>
      <delies purisSlakes="90260234">
        <seminar>ruggedSifflotBreamed</seminar>
      </delies>
      <tentilyLainage>
        <yevenLit>herdicsOutrun</yevenLit>
      </tentilyLainage>
      <ascill mufasalHangarsYapp="goofahDirhemStend101" flywortDesex="livens120">
        <baulks>lauiaCabreeChoused</baulks>
      </ascill>
      <azimineBarked squirtMungoos="dislike">
        <seeded>tiltIdioms</seeded>
      </azimineBarked>
      <xvii viewier="794943863">
        <ramblesRedtopConcert>autoingHazes</ramblesRedtopConcert>
      </xvii>
      <apili damsite="waxen" inknitReatus="sheat">
        <drylot>slurbanSarodsCosta</drylot>
      </apili>
    </diethylAspaceSixmos>
    <oilseed>
      <missals>98919</missals>
    </oilseed>
    <postalSpoofer>
      <mathEngrossWiring>cockiesAsprawlSmack</mathEngrossWiring>
    </postalSpoofer>
    <cermetsKernDonor>
      <seances>benightFinless</seances>
      <whippetUnhigh runtime="noveletProlineSacbut" setaeJampani="ingenu">
        <upo>dodgeSaudis</upo>
      </whippetUnhigh>
      <yogistRiggiteSstor haemTwinner="effulgeIvin">
        <karamu>74815</karamu>
      </yogistRiggiteSstor>
    </cermetsKernDonor>
  </budgetsYokTumulus>
  <kexyWinlessNizamat punk="marok" spann="salay2" aveloz="weltsTrigramPrecel" parralSpatPardao="dismal">
    <tfrPedlar turio="eggFrog">
      <anilideWagered>949667</anilideWagered>
    </tfrPedlar>
  </kexyWinlessNizamat>
</longeveAimableHurt>