<?xml version="1.0"?>
<fip>
  <gentooFroe meathAlexas="hish104" toom="319301835" derbendAssizerHemline="sildsLoneful7022">
    <tewtaw>
      <threatsUphungOshac>3245</threatsUphungOshac>
      <okas>
        <jumped>stance545</jumped>
      </okas>
      <plaintsAlconde>
        <goodbye>robaloColinus9</goodbye>
      </plaintsAlconde>
    </tewtaw>
    <yirringBrigandGanglia tagalogFattierCilery="georgia" jemmyVulpic="limosa">
      <agosWasatch>eneidUrsaLym</agosWasatch>
      <nontanHackiesStiffer>
        <botRosters>boatersCayugasCoadmit</botRosters>
      </nontanHackiesStiffer>
      <anapneaPostinPulses heathZenonic="decorum30" rabbis="3952964">
        <fasciliAloyau>89575</fasciliAloyau>
      </anapneaPostinPulses>
      <intaNablaFanos dowdily="fplotHither" idaho="piqureGuavasQaid">
        <sumoOutjazzBelt>diceboxAtomicsReune</sumoOutjazzBelt>
      </intaNablaFanos>
      <gruffer himselfHants="2019052">
        <shaming>nurhagClacks</shaming>
      </gruffer>
      <slumberJeezPouffs>
        <juliesSpivvy>unlay</juliesSpivvy>
      </slumberJeezPouffs>
      <subitem clonismZymosesFineer="sprintTrevet">
        <atlantaAlin>3073</atlantaAlin>
      </subitem>
      <trilogy>
        <macronCotoxo>abitibiBypath</macronCotoxo>
      </trilogy>
      <wirl>
        <sinking>quarrel</sinking>
      </wirl>
      <unshoeNodsZaires swobbed="4" outbegsBondsSplats="marredFatuusHaddest">
        <kiddedCaicWynds>levenCircuts</kiddedCaicWynds>
      </unshoeNodsZaires>
    </yirringBrigandGanglia>
    <cycles beatnikHiggle="assahy">
      <pouchesRotula>hoolPubDaters</pouchesRotula>
      <globyVimina roeyZeks="armeriaAskesis" limpinBillonIridite="browmanTechousTopes">
        <sevresLupinusSieved>nonskidAmoles</sevresLupinusSieved>
      </globyVimina>
    </cycles>
    <tutworkLennyHolmia>
      <quiversHelloes>40</quiversHelloes>
      <wipeGrander pyralis="tailzieJai" kylie="fittilyRondel8197">
        <sparmMickyTienda>bchsBusiestSkippet</sparmMickyTienda>
      </wipeGrander>
      <topersOutvie>
        <padauksEuouaeMerfolk>craigTolidinRebush</padauksEuouaeMerfolk>
      </topersOutvie>
      <exsculpFoilsCajang joysomeSurcloy="premixTabut">
        <beproseLarkingPinulus>coran</beproseLarkingPinulus>
      </exsculpFoilsCajang>
      <kelvinKebobSuperb>
        <serum>sesquiClive</serum>
      </kelvinKebobSuperb>
      <concAncylusSols blahsMascotsArgo="cartop" butty="nobbles">
        <herbary>drosser</herbary>
      </concAncylusSols>
      <lovesGuayule juntos="racoonRonquil" topropeMicro="unsewsZimmis">
        <navvyPurusha>curtly</navvyPurusha>
      </lovesGuayule>
    </tutworkLennyHolmia>
    <ping thillyTesvino="hemeShottsHeaper">
      <fermacyTawniesBilbies>7755300</fermacyTawniesBilbies>
    </ping>
    <gravitySees>
      <fellonDwine>amarJowar94</fellonDwine>
      <khayal meublesMumnessPeriwig="airableGuard693" repourMaister="875">
        <forkmanRadicel>cradled</forkmanRadicel>
      </khayal>
      <flanken carnate="106599184">
        <umeGulfedUtai>uredos</umeGulfedUtai>
      </flanken>
      <doormenEpeiric>
        <nuddyHgt>79967</nuddyHgt>
      </doormenEpeiric>
      <waives syenite="9671" belched="74845">
        <unsweatDishy>clipped6</unsweatDishy>
      </waives>
    </gravitySees>
    <upbuildGunline>
      <turjite>tudel</turjite>
    </upbuildGunline>
    <rajah bodingWhunCasein="oaryArpens" segSwackenWanning="waspierAtheneeGender" colorumTobymanBoches="tentiePawditeMormyr">
      <crampyDawtetErasing>cepous9153</crampyDawtetErasing>
      <smewsClonesHissing burbles="canthalWagga" trolly="fains">
        <papacyGillnetUpbelt>kabard</papacyGillnetUpbelt>
      </smewsClonesHissing>
      <anagepMired edward="mises" cediBandageYodlers="flexingHuspel10">
        <sighingTridiiEulalia>termer</sighingTridiiEulalia>
      </anagepMired>
      <ichniteRedarnGabon>
        <measureStamba>thruputPineyBirches</measureStamba>
      </ichniteRedarnGabon>
      <backet oilingCubhood="prioDottledWoyaway" delouseOpaquerPickout="koasatiFilateWorth">
        <chylous>547</chylous>
      </backet>
      <hitters reloadFirersGrank="9918816">
        <paytWidths>clefCartierPippins</paytWidths>
      </hitters>
      <ebbetsOkoumeGorbit>
        <tootsy>shojiCosign</tootsy>
      </ebbetsOkoumeGorbit>
      <elodSemitaCharmel waive="tytIsamin" drawl="oratrix">
        <embatheSimasChars>toucherNosyDamask</embatheSimasChars>
      </elodSemitaCharmel>
      <abolishCorrige gygisRedskin="899562" kassiteMuntjacUnfunny="unnethe918">
        <asmileHissedSylvage>idleShapes</asmileHissedSylvage>
      </abolishCorrige>
    </rajah>
    <patesDosselLawyer>
      <calgaryBacopaStrond>sinsyne</calgaryBacopaStrond>
    </patesDosselLawyer>
    <oleinsGrounds wordsGuise="pivotalQueansCulot" rebolt="7">
      <macheteMuttWaglike>subanunCessingCalceus35</macheteMuttWaglike>
    </oleinsGrounds>
    <zagaie ummAimful="10004045">
      <rumpusTurnipsInjury>muffinRube</rumpusTurnipsInjury>
      <azygousHook awlPeckle="kurubaLampoon" upclose="yippedCoveter">
        <shonde>luserDiets</shonde>
      </azygousHook>
      <prevoidNunks>
        <pocosenDetortTaimen>orisonsRowens1</pocosenDetortTaimen>
      </prevoidNunks>
      <judasesSimsJemmily tulasiUnkind="kalmiasSideman" vitrousAquasChumawi="indolinSwitzer66">
        <katButyrylKabobs>preteen</katButyrylKabobs>
      </judasesSimsJemmily>
      <oboleResoakNebbed bursulaBeefsPulls="posauneHampersAsoka">
        <syrphusHyzoneSpense>28605505</syrphusHyzoneSpense>
      </oboleResoakNebbed>
      <oilcampUnsane beclogCared="aralieCalyxesRaphe">
        <undyed>964</undyed>
      </oilcampUnsane>
    </zagaie>
    <pachisiPricey>
      <albergoKillas>xeresHexdraResaca</albergoKillas>
      <cumaceaMeldingResalt>
        <bejazzHidableStunt>8305661</bejazzHidableStunt>
      </cumaceaMeldingResalt>
      <hafCuntPatinae caaba="elidedWeismPukatea">
        <faradBoomy>stealTeatman</faradBoomy>
      </hafCuntPatinae>
    </pachisiPricey>
  </gentooFroe>
  <dialinVeneralDottier sweetenYeansSuba="bodikin" zafree="lacticAdeling" inditePatcher="ejectum3621" greenukCaseins="reloseHiveHydatic36">
    <showedHorsAevum>
      <gymslipBandaid>3</gymslipBandaid>
      <tignumHallock thawersFixture="fausterFuddles" higuero="533220481">
        <atophan>hoedEnochicBlowier</atophan>
      </tignumHallock>
      <prelatePimentaEncrust>
        <gneissGholeBespice>razeingSnouchSpad</gneissGholeBespice>
      </prelatePimentaEncrust>
      <veneficCroppie evelongAmbroid="lindaSynoeky833">
        <orfraysArgling>ashramEnround</orfraysArgling>
      </veneficCroppie>
      <poonacCoction goolde="melePoetize4415">
        <kolhoz>rosaker</kolhoz>
      </poonacCoction>
      <furs>
        <chowrySlunk>82061760</chowrySlunk>
      </furs>
    </showedHorsAevum>
    <djersa selsynGrame="abkariBodegonFabliau" supponeSprongPoddia="dwangAdonai">
      <nokta>brent9</nokta>
      <sholomBroon forgatCheaposGrizel="subjEpacmeRandan" fec="zinsangUntristPelitic3343">
        <midisTrashedBedways>unfaith</midisTrashedBedways>
      </sholomBroon>
      <footle talucheQuean="prisage">
        <wummanBeniBolty>25648</wummanBeniBolty>
      </footle>
    </djersa>
    <knetOrphrey tarterPipery="6935206">
      <typify>clinch</typify>
      <urde dippersRori="funderDunter6">
        <pepless>chesserSprang</pepless>
      </urde>
      <uraliumRhodium allotedTwindleVuln="81314682" outbearRemainsAgag="samletsHeirloHoggs">
        <schismaMossesCharlet>nitrids</schismaMossesCharlet>
      </uraliumRhodium>
      <adatomSpinetConfine letheanRebrew="6" road="mitoticHoickedMagus">
        <shippyBargedCymlin>lumpilyGadoids</shippyBargedCymlin>
      </adatomSpinetConfine>
      <virtuedPolaris abstort="brookePylarGorb8" cachua="textlet">
        <pekansManfish>reseverExtenseBehowls3088</pekansManfish>
      </virtuedPolaris>
      <aneling loam="nempneBonks" marina="pusleySpelunkAdenase">
        <lounder>jctMauriEmbroil</lounder>
      </aneling>
      <unflankDilosCaters yummierPlumaClovers="19090" catskinCinemasDourest="447878">
        <blame>14073</blame>
      </unflankDilosCaters>
    </knetOrphrey>
    <buazeTootsesQuartic shamaloHon="lyctidCowedUnmarry" coddedEngrams="mashers" peruked="peltaeKale">
      <atourBoppist>arborea670</atourBoppist>
      <bozalPrepd pucelleAlmoignRayah="outffed" acloud="fehmicReffoMaties">
        <fidding>resighReaveryWaifs</fidding>
      </bozalPrepd>
      <spouseDwt hogtonSpokyWalling="76" esquire="redowa2">
        <skewer>kynurin</skewer>
      </spouseDwt>
      <tropDetermaSanious>
        <punkieKaliansConine>gitksanSplat</punkieKaliansConine>
      </tropDetermaSanious>
      <talents quibHowsoTumtum="ottroyeDecalogHatsful" endurerQuiteAnnary="85493479">
        <dubbaDomed>apastraRoomletRickey</dubbaDomed>
      </talents>
      <tutty bannackMauvein="8">
        <misdaubHeels>splayerBlotted</misdaubHeels>
      </tutty>
      <sorelsMindedVolenti rubasse="930" trounceElevons="morbid">
        <bizenToaClimbed>571926623</bizenToaClimbed>
      </sorelsMindedVolenti>
      <nursers cubitusCatsupsDixits="babied" punjum="jimpy">
        <curlsSacrum>alloteeKalpaks</curlsSacrum>
      </nursers>
    </buazeTootsesQuartic>
    <radiode>
      <recalk>attribBugweedPrimal</recalk>
      <hairofSooperJuba exstill="spatlumSia5" keresanGabelleHennes="gastreaFoxfish9466">
        <chalcis>lausChaise</chalcis>
      </hairofSooperJuba>
      <rattusTuilzie acoineProsserClanked="arising">
        <tellsDisgood>quinols</tellsDisgood>
      </rattusTuilzie>
      <gimps>
        <mools>curiosiStrews</mools>
      </gimps>
    </radiode>
  </dialinVeneralDottier>
  <arrandPainter mycosisChymase="24606">
    <nazard>
      <coley>fehmic</coley>
    </nazard>
  </arrandPainter>
  <firmers shauled="odacoidSheelAscian" salvingMafias="vagileNovellaLettuce" wedel="natoObstet" butyn="parao" />
  <nupsonTallish ediyaNaughtyCuboids="bringalOwser" charkasRasenFulcrum="casinosBurgul66" hobnobs="herr1631">
    <outmansViolineLoran>
      <crizzlePerataeDasher>cruelty</crizzlePerataeDasher>
      <fellatePipiest espouse="ghetti" libsGaspy="3081582">
        <gemotFries>unmoved1525</gemotFries>
      </fellatePipiest>
      <rimula restiadUnlowlyMande="citoleGnarrJurally">
        <didromy>snarled</didromy>
      </rimula>
    </outmansViolineLoran>
    <czarismClaresFreesia>
      <yaupingCutter>quelmeGlint249</yaupingCutter>
      <indew vervesCongou="saronicMisate" inclineWagedWhities="dropman">
        <rameses>whiteys</rameses>
      </indew>
      <swatCascol syeSerapisDeaths="izar" hackeemRidden="reshipMinsReadded">
        <unciniPillasStokvis>italicsPasisPunyism</unciniPillasStokvis>
      </swatCascol>
      <rosilyUnable fioriteBeflapProsar="740616">
        <smerkedCobbersNewels>deposalSimaba</smerkedCobbersNewels>
      </rosilyUnable>
      <favillaOphion treilleAwmousAdapted="3947113" stowse="hopersNocakeAirship">
        <gulley>leanedFaxed82</gulley>
      </favillaOphion>
    </czarismClaresFreesia>
    <lomtaLipidsOarlike>
      <subpimpPelvicSvamin>thiasosExurbiaArcades</subpimpPelvicSvamin>
    </lomtaLipidsOarlike>
    <phemicEchoism>
      <potful>62094585</potful>
    </phemicEchoism>
    <dominesDegame>
      <allures>989395</allures>
    </dominesDegame>
  </nupsonTallish>
  <molasseMaliePeitho lampateGrulla="hili" burnyMoolasGhiblis="floutedChides" forelayArad="94077" macute="pities3813">
    <nebbyEmmenic>
      <portia>roosed</portia>
    </nebbyEmmenic>
    <furzedSwamperHabutae>
      <bezzled>allotee</bezzled>
    </furzedSwamperHabutae>
    <parusPrescan savacuScreaky="swaddyBluely" kaftans="alleyedPawmark" gaupBanty="quieti726">
      <conopidAttack>babion7056</conopidAttack>
      <torpids morvinCoquinBhaktas="flawierCornifyPod">
        <tamis>kedges</tamis>
      </torpids>
      <gaily>
        <talliesZygaenaEmgalla>coigneWalkerCobra</talliesZygaenaEmgalla>
      </gaily>
      <denter>
        <rhombicKarouIschia>defused</rhombicKarouIschia>
      </denter>
    </parusPrescan>
    <gyricTallyho>
      <gibblesBullanSnipe>refuteArni6682</gibblesBullanSnipe>
      <lalledEmanium malaccaSophene="pyxieScams1" coch="232625">
        <basketHumates>61751244</basketHumates>
      </lalledEmanium>
      <kirpan errands="outheelCollun" aroundUpbeatFlubs="meterRoomage567">
        <brandleWept>sydSlender3469</brandleWept>
      </kirpan>
      <tasletPooka bazar="udoVolentiDentist">
        <turkeryIdlersThilly>lotting13</turkeryIdlersThilly>
      </tasletPooka>
    </gyricTallyho>
    <asap>
      <hooperOnagersWhealed>72419</hooperOnagersWhealed>
    </asap>
    <marcid yerBlkGriping="conuzorHeeltap">
      <issuer>fanfareBaleare</issuer>
      <heftierOfo>
        <kidded>carboraHoundsBelouke47</kidded>
      </heftierOfo>
      <mordv fleabagSacredSerosa="51570">
        <gurletKhedah>podogynBellootPulpits</gurletKhedah>
      </mordv>
      <dockmanKetch unchurn="vagileNothusDentils">
        <splitsLamiumArblast>tingidWeta</splitsLamiumArblast>
      </dockmanKetch>
      <buyHunger sharonInjurerRethe="dheneb" amidideWetlandLichee="curaQuinicCohob">
        <buncher>reaks</buncher>
      </buyHunger>
      <guckedBombicFluther weasonsFaquir="creakIononeMaggle5963" shittah="curtlyThemeSunfall">
        <foetiHeehaw>halmaDazzles517</foetiHeehaw>
      </guckedBombicFluther>
      <hayrideCranetOnes tabanusRazzly="groverOverbit" aumery="pickersTaverTops">
        <tineoidAmastaSorbet>calixBrucia</tineoidAmastaSorbet>
      </hayrideCranetOnes>
    </marcid>
    <zowieAdvisor carrieBatekes="cartingSappyTreys">
      <septileSamian>asbolinImpend</septileSamian>
    </zowieAdvisor>
    <umest>
      <kinkleDiodonJouks>edilesUrtical38</kinkleDiodonJouks>
      <shoredPositor cruiseAhuula="traderObtund" reforgeDiminue="banyanSawwayOrigin808">
        <kippenBank>hasletHatressOiks734</kippenBank>
      </shoredPositor>
      <traipseMiragyTailing>
        <poddedAnodyne>jutJudderTetrole</poddedAnodyne>
      </traipseMiragyTailing>
      <uther colarinUncrazyKeglers="cutlersSeculumMarimba">
        <versos>34054453</versos>
      </uther>
      <direclyOvergoToweled upriveAyahuca="pgnttrpBroosAidance7" writhesGlaux="judWhizz">
        <decanalAvicula>skiv</decanalAvicula>
      </direclyOvergoToweled>
      <ducksBarnmen gunshop="epiglotTamal" judderVexed="agujonHawsingCanopy24">
        <tribble>gargilBespurt</tribble>
      </ducksBarnmen>
      <pacchaFthmBonnie duer="2" dopa="pesadesRoguingPagador">
        <plusesHeader>diastemBorne</plusesHeader>
      </pacchaFthmBonnie>
      <syllabi ionizer="mocheAwan">
        <hardenSnugger>eolian</hardenSnugger>
      </syllabi>
    </umest>
    <jellaba>
      <ailurus>fiscsHarbor</ailurus>
    </jellaba>
    <cloamer paidGuffy="subsea" joveBoloman="dodgeLoudishMullet1" deems="opinersSpeeceAtlas">
      <tantra>mobedSaurianExpect</tantra>
      <brewBagoong pushes="bienCreepieTurps" hoisingAcharne="97">
        <sugentPlater>thyrsi</sugentPlater>
      </brewBagoong>
      <tsimmesTopspinDavens>
        <gragersMakari>estriolLarine</gragersMakari>
      </tsimmesTopspinDavens>
      <colat>
        <pimpishCastLeng>63300890</pimpishCastLeng>
      </colat>
      <wrongdo waft="mobUpturnsGimbri">
        <blason>46995596</blason>
      </wrongdo>
      <pich>
        <popgunNerineGonne>upwinds</popgunNerineGonne>
      </pich>
      <cliffsRicinusAlated wake="maftirs7385">
        <cordageWhishts>swarferCayapa81</cordageWhishts>
      </cliffsRicinusAlated>
      <hadarim cibolaPerplexAnthony="501373976">
        <turnelEndowerLeucon>sharpedLigan</turnelEndowerLeucon>
      </hadarim>
    </cloamer>
    <vicki>
      <hsiHexad>9</hsiHexad>
      <powanPiggyOctavic>
        <bellesEcdemic>alky</bellesEcdemic>
      </powanPiggyOctavic>
      <misrun lenesDari="onagraCoracii" inthrow="theory">
        <aptianKeening>nolos</aptianKeening>
      </misrun>
      <broachShiersRory antliaNantzZacatec="678904865" finnySnifted="common5">
        <abysmLexic>mignonsOildomPlatypi</abysmLexic>
      </broachShiersRory>
    </vicki>
    <halloed>
      <banivaTaccaPinner>bastideAxillaGymnura3099</banivaTaccaPinner>
    </halloed>
    <dabih>
      <jupes>asellusDistrixGraphs</jupes>
      <dalleUpgazes>
        <ganosisEpigeic>nonformPunny1</ganosisEpigeic>
      </dalleUpgazes>
      <iodinJuralLakist>
        <selliLeavingFoeman>maybushFlavoneAbede62</selliLeavingFoeman>
      </iodinJuralLakist>
    </dabih>
    <kluck pineyUnkend="hoodmenSeq" duvetynDumas="aghori1999">
      <savableSipe>maddle</savableSipe>
    </kluck>
  </molasseMaliePeitho>
  <preotic classer="sottieCyclic4778">
    <uroo swoony="9230231" ciliataPrecyst="hornedBurelleDecoll60" dei="pornos">
      <molliePrenzie>lathersReified579</molliePrenzie>
    </uroo>
    <beefy>
      <unhungInbushCassons>funkia</unhungInbushCassons>
      <clouterCurney>
        <grampa>demeoreAlypum</grampa>
      </clouterCurney>
    </beefy>
    <backyKettles>
      <extrema>13007769</extrema>
    </backyKettles>
    <atapRondo>
      <crustedPipiriEtiquet>skylessSolidus</crustedPipiriEtiquet>
    </atapRondo>
    <pantyDyasPlaidie pelamydSonantsFub="snafuBaygallThitka">
      <arabiaWounder>jouncy9672</arabiaWounder>
    </pantyDyasPlaidie>
    <felines>
      <aflowDaimiosCycles>cnemialLiangsLaz</aflowDaimiosCycles>
      <hansaSeeps>
        <disnewVaulterDybbuk>704195</disnewVaulterDybbuk>
      </hansaSeeps>
      <ensured boots="blockedRyalBion">
        <billed>phaedoLehrsGumwood</billed>
      </ensured>
      <browned vandykeGreater="1970">
        <hegarisPleromaDin>jetChenierGemless</hegarisPleromaDin>
      </browned>
      <gaseityCrepy shoya="tarotsPapreg" crip="kith">
        <pretzel>somneItza</pretzel>
      </gaseityCrepy>
      <zamouse>
        <rapideRebeatTureen>albeSlaw</rapideRebeatTureen>
      </zamouse>
    </felines>
    <adversaIsohelJicara>
      <hustlesDirityWaver>sergingVahines320</hustlesDirityWaver>
      <tatar pownie="rasters" lambliaStrikerGnarly="sanedChabukSlojd">
        <lentoidRebathe>leptons</lentoidRebathe>
      </tatar>
      <huggingHylidsJervin mocked="17387002">
        <legendaDecupleOrcanet>celebFooyung</legendaDecupleOrcanet>
      </huggingHylidsJervin>
      <bounden>
        <plenipoRover>indueHodad</plenipoRover>
      </bounden>
      <admits>
        <vivider>singedBoddaghCursed</vivider>
      </admits>
      <simasChiffon dioonTsubo="6799817" matzahs="4900">
        <subiliaFernier>dellAlveolaSpare</subiliaFernier>
      </simasChiffon>
      <arerolaSpillerStoics wadding="houndyUnionic" urealZazen="46625387">
        <pawnRoquetSegol>38</pawnRoquetSegol>
      </arerolaSpillerStoics>
    </adversaIsohelJicara>
    <antiman eshinKipfel="splatsCollin">
      <assacuTahami>intakeBuilderAmpler</assacuTahami>
    </antiman>
    <tiderip>
      <preesLibers>52</preesLibers>
      <mommaColeurCaesar notitia="856195319">
        <sursiseUnloathArizona>boozes</sursiseUnloathArizona>
      </mommaColeurCaesar>
      <ciscoes wurleyViaticaPercuss="keysterBoom" dogvaneAnoureGenghis="tjenkal">
        <warmers>flaconsOssal</warmers>
      </ciscoes>
      <dofunnyCecilyLeavy hejiraMimosasLurer="ellopsGessoesSpicier">
        <adulceApulianFlumed>wussChasseTalis</adulceApulianFlumed>
      </dofunnyCecilyLeavy>
      <fuji weilang="asian7013" fountsToecapsOsc="smaltiLicitly">
        <honey>astur</honey>
      </fuji>
      <zoonalPortageUrubu chemung="ternarOtiantCuttler1870" stroup="stertorReclaimEnvying92">
        <discost>90060</discost>
      </zoonalPortageUrubu>
      <belga podeon="bark">
        <dimpleCaplock>boatmanCrucisBravi7</dimpleCaplock>
      </belga>
      <distadFlyted sliptEphebus="chorwat">
        <azlonUpsey>6881420</azlonUpsey>
      </distadFlyted>
    </tiderip>
    <obscureJaquima dined="663958">
      <deismsVernierGemmy>9519</deismsVernierGemmy>
      <thushi gypsitePancake="alchymyJokiestWearied">
        <victrixVermuth>colleriElodeas</victrixVermuth>
      </thushi>
      <donkey arcformLoup="676" knacker="corplLasingStarvy">
        <situal>keryxDeltoid</situal>
      </donkey>
      <serfism kecks="awed" moraeaTampala="vetus">
        <hearsLambes>plurals</hearsLambes>
      </serfism>
      <scissorCopeck mahoniaPyrope="parge" slurbsNonfact="caribal13">
        <oschealScrush>fanzineArgutaUnlamed1642</oschealScrush>
      </scissorCopeck>
      <dreg solerRomero="piepanBashful2568" anchovy="coef">
        <quartz>invitee</quartz>
      </dreg>
      <apodesElishaMetiers>
        <prytheeOraScomfit>66364681</prytheeOraScomfit>
      </apodesElishaMetiers>
      <beakierTacan vexersAbave="538981" rulerTranterHiper="4553798">
        <gorgioSorrier>65</gorgioSorrier>
      </beakierTacan>
      <guessZenith propaleChane="reshuntDivertsWoodish">
        <intireGlentSextary>chonPirnerBladed4</intireGlentSextary>
      </guessZenith>
    </obscureJaquima>
  </preotic>
  <vendeanGoranFilippi seasickTholliRetill="suffectBegrave" jubesSledgeDamars="loungyUnlinkCogman" nutmeg="typp" />
</fip>