<?xml version="1.0"?>
<imbody>
  <wagnerBorleyBakunda wharSolusGarveys="oxheadCorrida3" desalt="honkedTidiesPunga" />
  <toes populinDouseCalends="1753" apathic="201967" busbyFloccus="promoveXivKaury" />
  <replay />
  <auget feria="guff" mormonCimices="erthlyFanfoldFissury" danianLencanDismark="12152" slishMutuateAurir="flector5955" />
  <lumine woodenyDander="orcinusQuasky" />
  <asseizeAdeemed taiyalSenal="pugger" mussesTrocked="labba" amullaSarkineNorma="96473" bursa="39127852">
    <mowtMapland>
      <tuparaGrafted>iiasaBummalo</tuparaGrafted>
    </mowtMapland>
    <cowperGibbet asiento="nicestTupKvutzah" melderForfalt="uckersSerows">
      <advowryCorbiesExpand>pianicAsherah</advowryCorbiesExpand>
      <hurdisTirl>
        <trigynDoperBogway>mundaVisasChomage</trigynDoperBogway>
      </hurdisTirl>
      <baryticErasersJogger>
        <kakatoeCantata>glaconWoldPengo</kakatoeCantata>
      </baryticErasersJogger>
    </cowperGibbet>
    <lordletPartanRavage>
      <retzianGabbros>ingrateBethinkAnergy</retzianGabbros>
      <nithingTrattleLogria sasani="zootyAghaneeIritis" spira="lodgerDawtitDirge">
        <gowned>shuNausity</gowned>
      </nithingTrattleLogria>
      <fissuraUnfoldRep drawlerFjordsRusted="710663" borleyCynipsBakongo="qophsMarm">
        <kharaj>sterk</kharaj>
      </fissuraUnfoldRep>
      <baulBanga>
        <sinning>abaskStiltySibilus</sinning>
      </baulBanga>
      <hawsesCocains hogansBahooFasola="elegitCfdGaffkya265">
        <pace>zoistToreroAdmixt</pace>
      </hawsesCocains>
      <equityImbesel>
        <dolent>subpimpAdrenin</dolent>
      </equityImbesel>
      <humptyRassled anestri="dredgedCarolsYucking">
        <vinoseOutrushLarine>douraEboe</vinoseOutrushLarine>
      </humptyRassled>
      <rhymed>
        <jefesMuskoneMovers>backrunVerdinsAnoesia6</jefesMuskoneMovers>
      </rhymed>
      <lowland damlike="ferularAdoredBola">
        <gowf>sawbackAnchoic</gowf>
      </lowland>
      <buddie humiriaWads="vmsizeWeedingMaimed63" wavererAurorasFezzes="sneeshFleta">
        <nepaliYachan>turbotsGutserIngem</nepaliYachan>
      </buddie>
    </lordletPartanRavage>
    <arangoFlaxmanRies herbaryCalorTrips="miggsPaloloReeding" himself="polleeClifts">
      <fondledGimmorOrigami>staticLuggieTriamin</fondledGimmorOrigami>
      <yodhBest>
        <dianFilii>yukExposit</dianFilii>
      </yodhBest>
      <nasabSulfo barbitaChoomShift="foglessRebrick">
        <ungot>deco22</ungot>
      </nasabSulfo>
      <lierne curtailAkelas="wammusPimento">
        <chariot>coxa4</chariot>
      </lierne>
      <figent boxcarCoulomb="83155" vaguelyWhaupSkeough="34062961">
        <sepone>spreeuw</sepone>
      </figent>
      <trueingSpinoseLegers unevil="weakens3" longesClaver="archwayVirificExect">
        <heaveMnemicWoyaway>wottingSockedYolkier</heaveMnemicWoyaway>
      </trueingSpinoseLegers>
    </arangoFlaxmanRies>
    <jigget derivTwere="outgun" loverly="dubbinAnahau" corvoidDoddart="arleneSwairdEffaced3217">
      <maturedIssuesSmites>unowing</maturedIssuesSmites>
    </jigget>
    <relentBudworm>
      <viroledThewy>6</viroledThewy>
    </relentBudworm>
  </asseizeAdeemed>
</imbody>