<?xml version="1.0"?>
<enclTimish>
  <icarusMentaryPernod duranceGuttery="diluted" />
  <uncouchEscortPailolo kirpanBiblesByrrus="8228747" nasitis="coupedGogoRetuse52" austria="jerichoSlightsReprice52" croakedGuggles="baroloShikkerIzar">
    <vigias>
      <heleInwheel>burboltAllowerBathala</heleInwheel>
      <tiedog>
        <satinyAmmonea>1310</satinyAmmonea>
      </tiedog>
      <belahPretend ruggownPuntistToraja="243085">
        <taxiwayLubraMesquin>fulminaHollows</taxiwayLubraMesquin>
      </belahPretend>
      <avenary wurstsBtu="shagrag">
        <corralsFlutersZolaize>fitness</corralsFlutersZolaize>
      </avenary>
      <gemMoodleKalifs weakensRegmaLeisten="442">
        <uprip>algoidBriners</uprip>
      </gemMoodleKalifs>
    </vigias>
    <loculusPrankRetoss>
      <vicesPlapPoufed>coxwainHotcakeLauric726</vicesPlapPoufed>
      <giggerBewreak kahunaMogueyThyme="gurts117" samburs="ramiesIncurse">
        <patio>8629441</patio>
      </giggerBewreak>
      <sopitesTissueTodd calefyBialate="nitidAerogunFogged7" jarvie="kuskusJeerer">
        <moggyPuggingNoways>bodiedIliadGoofs</moggyPuggingNoways>
      </sopitesTissueTodd>
      <taffetyAgamian rebated="3681">
        <boffoFinnan>bedubCapstanSubpar</boffoFinnan>
      </taffetyAgamian>
      <rivelChokage tapismCalicesUpswell="54">
        <scarvesNymphae>lewFlentes</scarvesNymphae>
      </rivelChokage>
      <ronyonScogie despose="flatletWhelp5" terraneBepeltNavies="rhodora">
        <caloricWhirledMediety>tornoteOgrismsAsyla</caloricWhirledMediety>
      </ronyonScogie>
      <gaplessProssy brereGrenadoAgony="8206206">
        <welsherVivers>retagVexableShrikes4</welsherVivers>
      </gaplessProssy>
      <racks quiltedLowboy="jockeyBeant">
        <plurTaboredBopper>sackman</plurTaboredBopper>
      </racks>
      <hylistFlogsWaspish cachexy="217525073" giustoLamedhs="saveloyLoppierTocher">
        <abortinJoanna>nevoAdvices</abortinJoanna>
      </hylistFlogsWaspish>
    </loculusPrankRetoss>
    <cretin>
      <chirt>besa</chirt>
      <iboliumNudest slatify="dahlias830" rotala="ganta">
        <sumpt>937287</sumpt>
      </iboliumNudest>
      <wanrest formaStabber="hipeFeelers">
        <unroofsChareFozier>igraine</unroofsChareFozier>
      </wanrest>
      <soneriSpireaOchered>
        <ingenueRclame>stith</ingenueRclame>
      </soneriSpireaOchered>
      <taissle>
        <dianiteDriving>joyceAcmaticNodical4092</dianiteDriving>
      </taissle>
      <raperRappee pailolo="studiumMastful">
        <nifferVesanicRavings>asher</nifferVesanicRavings>
      </raperRappee>
      <katanaErugo stateraTailzieMumping="pithed" fatalWigans="aboded">
        <uncrimeAnaheim>routesFilices8</uncrimeAnaheim>
      </katanaErugo>
    </cretin>
    <gaslessWeskitWarve luiginiNoyTamburs="593854353">
      <waken>hayeyNovela</waken>
    </gaslessWeskitWarve>
    <isles pleaterOdist="savourSettlorGanza8" papioTinnier="yahooGildWithbeg">
      <truemanDivasArtiad>235858</truemanDivasArtiad>
    </isles>
    <munsterSmickly>
      <uncoyly>bull</uncoyly>
    </munsterSmickly>
  </uncouchEscortPailolo>
  <overbetMaklukWeaken />
  <northerNurserPlotted isseiDoigtRetomb="nantle" warmenIngrate="letch" />
  <hurkleStapesRoust ottroye="loughs2436" />
  <oceanedFalbala cantut="485839729" deve="jaguarsSneap" ovumTerzetNooklet="cawny" troadLulavSenor="5" />
</enclTimish>