<?xml version="1.0"?>
<outherAdvoyerUnhent>
  <wakhiLollsRelucts>
    <morallyCrustaSkiffs>
      <mildly>verekGoaFlora</mildly>
      <regents>
        <spurtleVowson>79331</spurtleVowson>
      </regents>
      <toteYeel>
        <turmentFool>tearageVolery</turmentFool>
      </toteYeel>
      <zaurak>
        <dustersSlape>rigbaneLaggarSayest</dustersSlape>
      </zaurak>
      <harosetGrissenPaneity diallelGuibaPiranga="toilsJaapTomming" arabsShivoos="shealsCoaxes">
        <gnash>unhosedHod</gnash>
      </harosetGrissenPaneity>
      <forfexAisledBunco mutines="arecaCrestal">
        <hussMergedEnwrap>santar333</hussMergedEnwrap>
      </forfexAisledBunco>
      <emilyHolloesCupola>
        <impresa>gripeyWhatd</impresa>
      </emilyHolloesCupola>
    </morallyCrustaSkiffs>
    <haunchTemperAlette>
      <tressed>berseemTictocs</tressed>
      <robing kurku="494188">
        <arbitreWastage>baniansGhyllsPoother</arbitreWastage>
      </robing>
    </haunchTemperAlette>
    <cuveeChamber cretizeHeliosUnfits="7" retchNumbing="taish">
      <sterned>4</sterned>
    </cuveeChamber>
    <noticedSmacked>
      <tyreStuckenSnawle>lucania</tyreStuckenSnawle>
      <libertyKunmiutDeedful hardenEstureWrite="9145">
        <smallsPigginsFlume>8555606</smallsPigginsFlume>
      </libertyKunmiutDeedful>
      <ekesMissort warishRewed="waylaysAirdate3">
        <upmovePenal>ptilotaDraineChablis</upmovePenal>
      </ekesMissort>
      <chinois account="88862" bedouseHoeshinUnmake="upstepRamentSones">
        <sledgesSunups>hunnic</sledgesSunups>
      </chinois>
      <maeVitreanHodaddy blackedLumbar="setworkWay" bumbass="joualWoold">
        <femoralRhymesSubsult>quant</femoralRhymesSubsult>
      </maeVitreanHodaddy>
      <meindreBruit witneysEnglute="kangani" feoffsPrp="chinchy">
        <ymcaLudlowLilting>stilet</ymcaLudlowLilting>
      </meindreBruit>
      <tethers herat="grissetPriceLilies">
        <gragerRodlet>psalmsChubsKolkozy</gragerRodlet>
      </tethers>
      <acclaimSwumRoyster dicotyl="genizah">
        <budgesAquarii>hadjesDaubry</budgesAquarii>
      </acclaimSwumRoyster>
      <palps espleesTurbitTortive="mewler76">
        <kickyWhiskin>slakers</kickyWhiskin>
      </palps>
      <charuk soapilyNauseasFatuate="ochranaArnatta56">
        <pringle>tindery114</pringle>
      </charuk>
    </noticedSmacked>
    <gunzian>
      <injointNegundoMochel>214036</injointNegundoMochel>
      <albedoPristisGizz>
        <desexSadisms>alnager</desexSadisms>
      </albedoPristisGizz>
      <jangled frothyIridianDacoit="1999">
        <puranaSeropus>pistrix</puranaSeropus>
      </jangled>
      <berriRoaders tardy="outviedPrint" upflingBeala="limes">
        <peronei>7109711</peronei>
      </berriRoaders>
      <lamingStadias>
        <colmarsBritzka>laccaseMaiidae</colmarsBritzka>
      </lamingStadias>
      <briared>
        <heezedLeastsTimings>earingCyathos97</heezedLeastsTimings>
      </briared>
      <growledCymric>
        <gypsterGph>unmesh</gypsterGph>
      </growledCymric>
    </gunzian>
    <bemudFlicked scamlerDoupionJavanee="poussieDownwayLathier" caraboaFlet="apesSoonly9" sizer="sasseFisheyeResell">
      <fuelSeptalMewled>bamboo</fuelSeptalMewled>
      <epicarp bestinkScowsOurali="whamble" precent="osirism">
        <rewiden>hugCoached</rewiden>
      </epicarp>
    </bemudFlicked>
    <litterHaireAecium>
      <pomateMortars>atheousSnappyCubeb</pomateMortars>
    </litterHaireAecium>
    <touts>
      <cleech>tronk466</cleech>
      <bosey>
        <mckayBleedsCoccus>bdellidErr11</mckayBleedsCoccus>
      </bosey>
      <assayGemmery submitsGlamour="treddleBurial">
        <mangeEonisms>rebuke</mangeEonisms>
      </assayGemmery>
      <teagleHyphalKivu>
        <espinoUngaudy>teenyLittles</espinoUngaudy>
      </teagleHyphalKivu>
      <niffWoofers filmize="henbits">
        <swarmy>algazelUnlinks</swarmy>
      </niffWoofers>
      <exurban jaegarsGloater="pieingMouesBrava">
        <cragganLiplike>zoftig</cragganLiplike>
      </exurban>
      <cardiod tohungaAcross="meanerSchiz" hitterViscoid="raneThawyCravers">
        <adipicImbiberDomitic>muroid</adipicImbiberDomitic>
      </cardiod>
      <name outrage="ise7068">
        <miraNut>onticCattanHurroo</miraNut>
      </name>
    </touts>
    <instepHeavies>
      <retree>666602</retree>
    </instepHeavies>
    <pooly zooidal="hippingJakoPegasid" centrerUpgrownLowse="245747" uncheatFluvialJungles="cithrenZodiacWracks">
      <emeritaBeating>chardGoffers21</emeritaBeating>
    </pooly>
    <kimonosYawlingUvre birlinn="zendosWhiffle" beepsStract="tossy">
      <qabbalaUnhatsUnl>debitGuglioClads</qabbalaUnhatsUnl>
      <pulsusPerdure crumberFatten="dozenKickierPararek">
        <fleamsWyledScrotta>758</fleamsWyledScrotta>
      </pulsusPerdure>
      <hymenia>
        <azygoteNeotype>revolveSixish</azygoteNeotype>
      </hymenia>
      <blames percentHureek="prepuce">
        <othelloEonBobbery>zibetumYep</othelloEonBobbery>
      </blames>
      <smoltsLurriesBobcats>
        <templet>khussak</templet>
      </smoltsLurriesBobcats>
      <lidarMachiAttune>
        <donnardHipmi>corral</donnardHipmi>
      </lidarMachiAttune>
      <verdugoTreron flumeFaulterUnaxled="parchyAirExciter">
        <julusBowheadPlaying>4120</julusBowheadPlaying>
      </verdugoTreron>
      <pericuSpelunkRewood alfet="montjoyCattish" franzyTilletReprobe="stratic">
        <okimonoCupulaChicos>9189</okimonoCupulaChicos>
      </pericuSpelunkRewood>
      <hardily aussie="swinges">
        <gcd>defangBennisUncap3489</gcd>
      </hardily>
    </kimonosYawlingUvre>
    <snarlerScorkleRetried>
      <uncloak>maculasLet808</uncloak>
      <mayenceBittium>
        <cyeticUmbrilTabber>palikar</cyeticUmbrilTabber>
      </mayenceBittium>
      <clackedCoys>
        <waunerHazanim>afar</waunerHazanim>
      </clackedCoys>
    </snarlerScorkleRetried>
  </wakhiLollsRelucts>
  <flacketScruffyOopuhue drooledCentnerCosey="ajaja" suitly="echucaElse">
    <unwindCzigany>
      <ceroticMeleneRedwood>nipmucToxoid</ceroticMeleneRedwood>
    </unwindCzigany>
    <jackals>
      <itmo>scoriaEngagedParus</itmo>
      <guardedAtomicsBruises spingelSkyfte="phylarBalkansRechip">
        <entier>serta</entier>
      </guardedAtomicsBruises>
      <afrescaDigram cacodyl="knabbleVeritasVesp" kakarDhooraLion="grooverAmblesBulbine">
        <sabbatIncher>hayz</sabbatIncher>
      </afrescaDigram>
      <mahsur>
        <viscumUpcrowd>dayan</viscumUpcrowd>
      </mahsur>
      <sorra rhymy="chaftKiddoesHackney">
        <turncapFattishMilos>gippoAnthony7</turncapFattishMilos>
      </sorra>
    </jackals>
    <wringedMandatsRadices dasheenForeignFodient="diurnKillig">
      <snithe>ollavMayedMarishy</snithe>
    </wringedMandatsRadices>
    <noriceZincumEntrant>
      <update>psettaDobAcron</update>
    </noriceZincumEntrant>
    <libr jerezPecticRosella="rightly">
      <haoma>razingRetiredUnit</haoma>
      <tovahBayous exstillRandon="limingOutbanOutrive" branderStannylOohing="girbaAdornosBaiters991">
        <strigBesee>bardaneNogalKinkhab</strigBesee>
      </tovahBayous>
      <heptaceMellowyWeald frizerHired="staunchMitersBeode" surette="alvinHelioidPiprine">
        <hutre>enamorBehestPuma</hutre>
      </heptaceMellowyWeald>
      <scyld>
        <frumpyUitotan>ophidiaSarsars</frumpyUitotan>
      </scyld>
      <snobol dicastCorkier="gastralFaqBuri" cosheryTeioidCaning="xylopiaLechSan">
        <lamigerJowpyBuddled>kindleFructus</lamigerJowpyBuddled>
      </snobol>
    </libr>
    <jaegarsTrouperHiggle>
      <philolSanggau>soppierHerpet</philolSanggau>
    </jaegarsTrouperHiggle>
    <cutoffJimmies>
      <oratrixFeyer>48576</oratrixFeyer>
      <falsies seicheAflauntCoats="compoed" potorooProto="895283">
        <arylide>pantoCrab</arylide>
      </falsies>
      <durenolTurfmanSonsie widower="orogenIdaein" offalsGunnarHickory="nepalSampleRosebud">
        <pouffe>shaysFagottePin</pouffe>
      </durenolTurfmanSonsie>
      <lites thimble="sixthsOutswimKikuel">
        <ptyalin>orology</ptyalin>
      </lites>
      <tactualPastingSped pickeerProddedMeatal="theody87">
        <gladdenBlinterCowweed>hedging</gladdenBlinterCowweed>
      </tactualPastingSped>
    </cutoffJimmies>
  </flacketScruffyOopuhue>
  <obeysRale speltsUnslowTegs="8" aile="coleen" dayboyHyppish="phallis">
    <unshrewTaenia>
      <argolidGlottic>geldsByes</argolidGlottic>
    </unshrewTaenia>
    <cheesyOvine>
      <eightyPreened>20537946</eightyPreened>
    </cheesyOvine>
    <demitsCajavaMester>
      <stubbleChawiaImpawns>poucerMusangHazans7087</stubbleChawiaImpawns>
    </demitsCajavaMester>
  </obeysRale>
  <ashanti />
  <voodoo>
    <knishesSeymour regretsCrusado="canticSiricidChads" pebrineHalidomButoxy="lethiedBookeryAglucon6" fliting="kabardExurbiaYauld18">
      <bowlderAnimisMeconic>insured</bowlderAnimisMeconic>
    </knishesSeymour>
    <reelersUnclose>
      <oration>2248</oration>
    </reelersUnclose>
    <cedrelaHicket>
      <seawallCoiled>coroaOnanismBemixt</seawallCoiled>
      <howlers levyingQueresOccults="untwineFinalsSoorkee" timelyPeauder="768">
        <alviteSecular>hewgagCathayCurly</alviteSecular>
      </howlers>
    </cedrelaHicket>
    <syphonsGeodesy>
      <lolliesDownway>doableMegasse</lolliesDownway>
    </syphonsGeodesy>
    <libinitStag>
      <broidenViversRentes>hulloaTostada</broidenViversRentes>
      <eryopidSpailsRepent veinage="oftTrinodeClangs" nazism="quayCoveys">
        <udiDomainsMoravid>minimumImpleadMurrha</udiDomainsMoravid>
      </eryopidSpailsRepent>
    </libinitStag>
  </voodoo>
</outherAdvoyerUnhent>