<?xml version="1.0"?>
<hexisHobbist>
  <marsianTwit />
  <cumuletSnellerUremic sweenyVedismHenbane="beaningAgata" pereiaAbasicDassy="lucidlyKobang">
    <fishilyWhincowAnahau>
      <syrphidBaiocKabalas>6607</syrphidBaiocKabalas>
      <cupola panting="41774472">
        <rammishKedar>monocle</rammishKedar>
      </cupola>
      <cotCedentSpeared shrinedTupiCertosa="publishBucerosEligent" midairsCicadaeVansire="94075009">
        <acetic>minerva56</acetic>
      </cotCedentSpeared>
      <amyloReveilMyxopod>
        <gypsum>96202475</gypsum>
      </amyloReveilMyxopod>
      <pleonalEmeritaPlupf abregeAttaccaOutsat="badeCupule">
        <girt>decimalAryanDiobely</girt>
      </pleonalEmeritaPlupf>
      <fishletStayer jitneurSisalKilning="galateaBummlerOlena">
        <epodePhocid>leafsSaimAngami</epodePhocid>
      </fishletStayer>
    </fishilyWhincowAnahau>
    <isamine boffinsWazirCabre="airersKickupsSheen" takefulIdeatedIhi="huffilyYenned" freebieSongletSurahi="143">
      <moodishEnemy>446</moodishEnemy>
      <imidsIcepickShapen ungloryJigoteTomial="1967390">
        <fouter>81818722</fouter>
      </imidsIcepickShapen>
    </isamine>
    <gorhens soireeMoxies="nacePuggedGodpapa" kethibhUnearthBellum="bromous" trevisBistateMeithei="52821">
      <uncave>amazes908</uncave>
      <gurgingVermianAmasses>
        <sena>rotalia</sena>
      </gurgingVermianAmasses>
      <emptied gttScored="hiation" sabaeanCamel="popeAiawongEpaule">
        <nankingBinnyNymphos>epitVias</nankingBinnyNymphos>
      </emptied>
      <prostoa regur="357">
        <ledgeAsfastSannops>lakings</ledgeAsfastSannops>
      </prostoa>
      <slayUnhelerBluey rauraciScrooge="siddursThumpsCheery">
        <beheldUnaryDictate>beebeeTangieAdduct</beheldUnaryDictate>
      </slayUnhelerBluey>
      <corantoEquantMambos tango="aas">
        <nangcaRaisinySquats>recked</nangcaRaisinySquats>
      </corantoEquantMambos>
      <sife fungous="picein">
        <dallas>overBursate</dallas>
      </sife>
      <trifledShardUnwifed boneen="starn" antaHemad="1557">
        <mothCruisedMedaled>cedensSclentNanga</mothCruisedMedaled>
      </trifledShardUnwifed>
      <housal redhead="pileFlyleaf" potherb="veal6">
        <medeaShaffle>bedelve</medeaShaffle>
      </housal>
      <bourr organicClicked="786" dameStibic="miloAnotherBawls">
        <muckman>carkPouncedTaj</muckman>
      </bourr>
    </gorhens>
    <coinsDinetteObligor>
      <daywardDance>57</daywardDance>
    </coinsDinetteObligor>
    <domedAsconesAmatols>
      <mallet>reapingEllipseBesting</mallet>
    </domedAsconesAmatols>
    <ovulistSingsKhanga damagesSakai="lieneeOutfeedHained" bleakPopover="52" umuMuffle="foplingNeeze">
      <whishtBatuleSchuss>delimeSpouses728</whishtBatuleSchuss>
      <oneidas>
        <chiuleMaskery>peals</chiuleMaskery>
      </oneidas>
      <tamper>
        <retip>maireEmmy</retip>
      </tamper>
      <waygateRaggery>
        <pinxit>6598</pinxit>
      </waygateRaggery>
      <arcaShunnerCinders stackMahoneTabule="belookLodowicIneunt">
        <itemingAcheerThrew>charpaiDigged</itemingAcheerThrew>
      </arcaShunnerCinders>
      <mayacaGunja miffierAntara="nacres" cormacTerral="indicesUranite">
        <henpeckAnsar>375516</henpeckAnsar>
      </mayacaGunja>
      <wryingElaps gorgetJuha="foun" pygopod="6059565">
        <romano>grus</romano>
      </wryingElaps>
      <faeculaFogoAlae axilla="crownalAnim516" gribane="8">
        <honkyEngrain>mazumas</honkyEngrain>
      </faeculaFogoAlae>
      <rumbler downcryNervosa="timoteLaccolKamian">
        <kvar>877657701</kvar>
      </rumbler>
      <shelfyBruzz>
        <hughPenticeDozzled>lodensStrict</hughPenticeDozzled>
      </shelfyBruzz>
    </ovulistSingsKhanga>
    <danaidKosong>
      <shendsTitlesBiscot>soloth</shendsTitlesBiscot>
    </danaidKosong>
    <bayaTenrecsCymblin>
      <cyanizeUnhave>840870364</cyanizeUnhave>
    </bayaTenrecsCymblin>
    <crosaCotanBendee puttan="epos" gesanAerageBlithen="suffSewars" ravins="workbox6206">
      <anhydEffacedForum>numpsPitman</anhydEffacedForum>
    </crosaCotanBendee>
    <putlogFameuse>
      <coories>mailman</coories>
      <legatosDawcockPathan curstNunry="jaredMatross">
        <plinianHauldGateway>laithe</plinianHauldGateway>
      </legatosDawcockPathan>
    </putlogFameuse>
    <gallyChaped>
      <prisesSwagerSucken>jauncesUntruss</prisesSwagerSucken>
    </gallyChaped>
  </cumuletSnellerUremic>
</hexisHobbist>