<?xml version="1.0"?>
<emergesPhossy>
  <pistils pinlessBrecham="335852" ooblastBeggedEnthral="rhetor6635" reslideFlours="pornsInstarHurkle" varifyCienegaLiege="curchef" />
  <feuageSignman gagmanCad="helviteAmoraic" council="45">
    <winnelRebed>
      <regrMasse>roughlyPyxies</regrMasse>
    </winnelRebed>
    <slovak>
      <ersh>5952</ersh>
      <bezantSheafedBiders facto="piqureOutwept107" piqueroRetimedDonk="couples">
        <chuzwiDwaleMatsu>7698189</chuzwiDwaleMatsu>
      </bezantSheafedBiders>
      <yipped siccingUnfound="818469831" jagaMantlesLaydown="guiac">
        <baccare>bonzeDeports</baccare>
      </yipped>
      <nasardRadiumsEjam tendrac="2739931" flbCothon="82729">
        <woevineRoughly>1014034</woevineRoughly>
      </nasardRadiumsEjam>
      <mycetesBedfordPondman>
        <flaithPretium>paletTannaSuez888</flaithPretium>
      </mycetesBedfordPondman>
      <untentyPedocal keap="10139539" tewsomeMajaPissing="bonzerySanka">
        <roan>gemse</roan>
      </untentyPedocal>
      <calcinoGujrati>
        <regencyHuse>bleatedBawrelIngoted</regencyHuse>
      </calcinoGujrati>
      <darklesFlockResat emerson="fritt" putting="22091">
        <prestsChaffed>antaWarringFlytes</prestsChaffed>
      </darklesFlockResat>
    </slovak>
  </feuageSignman>
  <elaidic />
  <telarSquaddy gobiNereElucid="injoint" />
  <molts closeForegoGaufre="heedMeatFinis25" towcockUrlarCath="43053281" trussGuenon="dobsonEnchairZincked" bourage="cajavaPravinSuwe">
    <nogheadParded>
      <faciendRewon>unfloor</faciendRewon>
      <corpsyTsurugi>
        <dragglySpaltRegian>maillotBlowier</dragglySpaltRegian>
      </corpsyTsurugi>
      <acoasmHederic jacinth="ganser476" hikes="grrNestle">
        <claudeHyingly>trance</claudeHyingly>
      </acoasmHederic>
      <manatusInglesaFalsary>
        <visedTrouvre>easierNecks</visedTrouvre>
      </manatusInglesaFalsary>
      <menacerTacso>
        <biasedPhiltraUsuries>oversadWoolled</biasedPhiltraUsuries>
      </menacerTacso>
      <skatols seafoamSekerBuffalo="aeon">
        <arrant>sambouk</arrant>
      </skatols>
      <jaggedTrichia>
        <lecternSand>6</lecternSand>
      </jaggedTrichia>
      <kolisLlynTamable>
        <garadIsleman>heppenGarglesIdyller</garadIsleman>
      </kolisLlynTamable>
      <marlin>
        <power>4195</power>
      </marlin>
      <borzoisHoult icicledOakumSlayed="poddia">
        <strumas>satrapyFictionBruscus</strumas>
      </borzoisHoult>
    </nogheadParded>
    <amtrakFourier unwist="chiausSacrad11" hydrantBacksawVermis="strobeAnagogy151" offset="35">
      <danskRats>firnsOrganyTires</danskRats>
    </amtrakFourier>
    <enformSusanna>
      <zymoidObvert>604</zymoidObvert>
      <husheenStumpedDjellab bounderCetoniaGene="gheesAraneidMire" grasser="4664148">
        <ailed>piddockNither</ailed>
      </husheenStumpedDjellab>
      <annatPalmers unmeedyTalpine="sheerFascism" nanCedars="spoofChivari7687">
        <headpinMboriNiches>stoppitJoyhopUnsheer</headpinMboriNiches>
      </annatPalmers>
      <exogyraAmbriesBooth>
        <bethsArsacid>peachedAlecTholi4</bethsArsacid>
      </exogyraAmbriesBooth>
    </enformSusanna>
  </molts>
  <oolongTensomeHerodii nishadaThrushyStachys="honzoFusilly">
    <bletLeuds>
      <furlHyraxesFonding>368</furlHyraxesFonding>
    </bletLeuds>
    <tells oaterCebian="radomesPinning" grimPrinter="adduce" jalap="focused">
      <helgePrelaty>adureBalkarCocopan</helgePrelaty>
      <rectumsRehook sulfoneTukeCulpa="807191" finnsFastingDamar="1785071">
        <gunks>minvendNonoilyTheeker</gunks>
      </rectumsRehook>
      <markazBunyoroClonic clarets="stellasFogle" gabiesTactor="reppViperid">
        <shelvedDockets>outpeerBruta</shelvedDockets>
      </markazBunyoroClonic>
      <soloingDerbyTarts rattierOboleAdjoin="arenaeSolosChurada20" clonal="dallop1914">
        <gannets>tawdry</gannets>
      </soloingDerbyTarts>
      <teethes tughraGranary="reban" howdahsThaneBeckons="thingCymlins">
        <avocetsCanell>kefti746</avocetsCanell>
      </teethes>
      <tommerOsteoma>
        <waws>zygaena</waws>
      </tommerOsteoma>
      <uranistStudentSmaltos lyttaeMochas="4740834" rhymedGiglio="644715451">
        <magFunnyPyrene>valeTheezan</magFunnyPyrene>
      </uranistStudentSmaltos>
    </tells>
    <reserveDixain shoyuDogly="langiArdu" primyKindest="898" rewindSmogsGaudful="panna">
      <garnets>bakenScaposeSakkara</garnets>
      <vialledFeedbag>
        <kissesHaulmyAdders>iratest</kissesHaulmyAdders>
      </vialledFeedbag>
      <pingosHekteus backageCrotaloClare="sledgerNaperer" cuteBhunder="zaffirCrestsPostboy">
        <maumeeGowksScibile>2389131</maumeeGowksScibile>
      </pingosHekteus>
    </reserveDixain>
    <brandonMalicGuides>
      <presawTzolkinZapateo>6882930</presawTzolkinZapateo>
    </brandonMalicGuides>
    <closure>
      <unbeast>20391037</unbeast>
      <gummicGillianLigands thujinMelderNobling="jarretOvens" wagnerMaims="kaiserFardhBharata">
        <oilmenLagered>zelotic</oilmenLagered>
      </gummicGillianLigands>
      <firebug frittedGrowersPeony="confuseSlander">
        <surgerCasaba>verty1</surgerCasaba>
      </firebug>
      <caroledHammalSpalled hubbiesFear="stentorYouthly" skreigh="woodlyFangsCalyxes">
        <burfishTogataPreen>jeezUta</burfishTogataPreen>
      </caroledHammalSpalled>
      <guinde yieldyTantara="kaiman" toxity="religExcideBaith">
        <intitleTurkessMuckily>caromel</intitleTurkessMuckily>
      </guinde>
      <subvola cotta="shivery" shutterVishal="scarersAliquotSkirrs">
        <dharnas>workfulMonsterDiluter</dharnas>
      </subvola>
      <gumtreeLushly>
        <studdyLeered>jewBegaud</studdyLeered>
      </gumtreeLushly>
      <unowingMarara>
        <busily>molderyReverb</busily>
      </unowingMarara>
      <koalasWiggler obtain="homogenMinium" spikersKidney="plywoodSulung">
        <lyrisms>siegingManwardZoea</lyrisms>
      </koalasWiggler>
    </closure>
  </oolongTensomeHerodii>
  <spilletNuncio stroutSignDodging="2" />
</emergesPhossy>