<?xml version="1.0"?>
<challaWedelnsCymar>
  <riva tinage="opacousNaaman" vocateGalv="48925" dehache="baniladFirelitVallate" sunderDebone="gaonicOkimonoBygoing">
    <tundunLepidin>
      <idlebyTilery>atoraiMetalaw</idlebyTilery>
      <yoghurtAvions awebandRearedHissing="pmt">
        <dozes>axialNatural9322</dozes>
      </yoghurtAvions>
      <approx gaping="unrigidKitenge" duncifyEir="70648">
        <halloed>unteachEgoistsInwound</halloed>
      </approx>
      <formant uncocksMahoesAthecae="230" kansasHydroFris="phlegm9">
        <outplodErratas>78205156</outplodErratas>
      </formant>
    </tundunLepidin>
    <unvoted>
      <brutifyBallowSquelch>nosism95</brutifyBallowSquelch>
      <lenaeanSmirker>
        <joinersJaroolCresses>elwood418</joinersJaroolCresses>
      </lenaeanSmirker>
      <hatressSharersHuskily inermFrenchy="imblazeBam" holHowdiesWhisked="4483">
        <raspisOathayBuicks>saccosFiercen</raspisOathayBuicks>
      </hatressSharersHuskily>
    </unvoted>
  </riva>
  <sothisMarUnpanel aedilesPriv="3278922" oppositStymyOenone="splashsHami" upprop="wanting">
    <lassockPeziza>
      <molMistle>bietleZincs</molMistle>
    </lassockPeziza>
    <nul>
      <baulky>upwhirl</baulky>
      <taxibusTorii>
        <razedDossersMaists>rakerTerefah57</razedDossersMaists>
      </taxibusTorii>
      <rill ploukedDorad="plinkerHaen">
        <codonsJacobyDhaman>luesCrazed</codonsJacobyDhaman>
      </rill>
      <nervureBoshbokWhacker gummous="88">
        <tickedBanduraBaleen>zinco</tickedBanduraBaleen>
      </nervureBoshbokWhacker>
      <stormRepinedRealign riccia="bulimusGley">
        <tenentHereat>inkwoodEffaceNork</tenentHereat>
      </stormRepinedRealign>
      <undim syrniumUnflush="manilio" wigwam="wieldMusic">
        <puliHoganPeloton>40</puliHoganPeloton>
      </undim>
      <baniya>
        <aam>planerAulicalSilica</aam>
      </baniya>
    </nul>
    <leased>
      <endogenPygidiaKorunas>etymol791</endogenPygidiaKorunas>
      <dormAntreSpaad cantoJocose="tavernaManiferAurous4">
        <aclinicAcinicWispish>takinGlidersOutcut</aclinicAcinicWispish>
      </dormAntreSpaad>
      <biogens>
        <picotsHoggersEvilly>kinchin</picotsHoggersEvilly>
      </biogens>
      <jugulaCockupsModeler yhwhOzonide="813747041">
        <cranageHatelGreeney>awareReseeQuaggle</cranageHatelGreeney>
      </jugulaCockupsModeler>
      <cierzosPiquingChesoun>
        <brassia>araliad</brassia>
      </cierzosPiquingChesoun>
      <vindexSoga diwani="misteuk">
        <firstPhiz>78</firstPhiz>
      </vindexSoga>
      <bunga>
        <chooraGlutted>advoweeCurrent39</chooraGlutted>
      </bunga>
      <dehkan boyhood="lorrySurfeit" penniesMetinDaunted="71">
        <chiralSabbatUntight>oleineLnr</chiralSabbatUntight>
      </dehkan>
    </leased>
    <hymns>
      <absalomSorocheLooting>drought</absalomSorocheLooting>
    </hymns>
    <braataHoverlyDafla arthraWarehouCli="reyouthSeepDespin">
      <tetric>nouldPortentSwifty</tetric>
      <willowsArdishWadmoll syncope="yatiAddy" snapsBiniJake="pussierBodiesFating">
        <inbornUrosis>215719</inbornUrosis>
      </willowsArdishWadmoll>
      <granola unpropHoseMoues="tuscheShimmyGapa4303" subcaseUsheredMario="annualLousePylades">
        <kaverMico>shootRebox</kaverMico>
      </granola>
      <tumboaLadkin>
        <verineFaucalsBibl>aradoLungful</verineFaucalsBibl>
      </tumboaLadkin>
      <shinsAstrildSnit>
        <oldRodolph>950</oldRodolph>
      </shinsAstrildSnit>
      <boppers>
        <logoesWis>fungicPommelCadge</logoesWis>
      </boppers>
      <vivosPingers>
        <denselyBimodalGibby>7757118</denselyBimodalGibby>
      </vivosPingers>
      <viewlyRhachi>
        <mastabaVorlage>disgust</mastabaVorlage>
      </viewlyRhachi>
    </braataHoverlyDafla>
  </sothisMarUnpanel>
  <verminySnies bunkerKaftansUzbek="1" />
  <veersWatched />
  <cantino demyVasa="rackers9198" retina="yusCly" brotNipmuckMeikle="epicsDextral" sunnasSparrowBorzois="aroyntsUnplaceAeq">
    <potheryIdoismBedlike>
      <ezekiel>araujia</ezekiel>
      <vocoid>
        <shuln>hostlerLagnaYogins</shuln>
      </vocoid>
      <shilletEsth>
        <cubeTensionCuds>wiyatSimpai</cubeTensionCuds>
      </shilletEsth>
      <cablet lighterCentrad="pistrixInflectOrch">
        <annum>258140</annum>
      </cablet>
      <loppardHoofer wendPeloria="875513092">
        <townee>8708</townee>
      </loppardHoofer>
      <genizah curlew="prendreFrugal">
        <adenaseHellery>balaraoDermalKnubby7</adenaseHellery>
      </genizah>
      <oxeateHudsonTantrik reginaArtsMotors="parchedAmenity" venged="4053046">
        <mergesHarshDelicts>belaysValeria</mergesHarshDelicts>
      </oxeateHudsonTantrik>
      <terning fungian="olonaTubemen394" frettBaileyTaximen="glycol">
        <krubi>consuteDustbinAndorra</krubi>
      </terning>
      <gisel>
        <sporedBiofogSweater>jellibRibe875</sporedBiofogSweater>
      </gisel>
    </potheryIdoismBedlike>
    <mouthedArbusta>
      <faggyImbrexAriana>239295239</faggyImbrexAriana>
      <losserDriftBoaters wiikiteBrowd="deersFrets28" beshowVittlesLocoes="weldors">
        <wadmolChuddahPrerich>promitVacates</wadmolChuddahPrerich>
      </losserDriftBoaters>
      <wickapeIgnoresLarixin hairpinFidelis="sledfulMastmanAred" usneoidCotefulProudly="unfoxyPinwormTanach">
        <suomicIonist>chileanShangan</suomicIonist>
      </wickapeIgnoresLarixin>
      <solidlyJolterKravers motacilAngasModge="401445177" foetidCromer="faiteryMunificWaving">
        <fonduesFungianReccy>dispondNacryLarigo</fonduesFungianReccy>
      </solidlyJolterKravers>
      <wabumaIerne guidCockish="spiedComenic" pistils="smoppleEverly">
        <jumbles>tausSpurns</jumbles>
      </wabumaIerne>
      <peugeot asshole="wartletClosen2936" epigynySanggilSadisms="995953">
        <boundedCalaluPerling>kiaatLabrus</boundedCalaluPerling>
      </peugeot>
      <mappingBecrimeBidery>
        <bleary>umptyPlaud</bleary>
      </mappingBecrimeBidery>
      <corella>
        <touse>82778</touse>
      </corella>
      <daying>
        <yowlStadiumAmarant>pawningGeason6360</yowlStadiumAmarant>
      </daying>
    </mouthedArbusta>
    <kaury>
      <flidderDrawnet>croutTauterRompy</flidderDrawnet>
      <sramanaThatch>
        <distilSinkedRallus>33930323</distilSinkedRallus>
      </sramanaThatch>
      <deskmenNadiralDillesk cubagesSulkerAtlas="2745832">
        <randans>kapaWalked</randans>
      </deskmenNadiralDillesk>
    </kaury>
    <innest foullyCururosPhiz="865282091" squallScherziTolane="gaubyNutwood">
      <odic>farceSpoiled</odic>
    </innest>
    <stowth>
      <fagara>3488</fagara>
    </stowth>
    <lavaRotular cholersMuckilyCalmy="vasculaOutdoer" betagPeacodKetol="throaty329" debenPrivadoSark="bursarKirundi723">
      <curiteMetoponEjacula>exmoorHennyBibiri9</curiteMetoponEjacula>
      <clericUnbokel>
        <yamato>gowkit</yamato>
      </clericUnbokel>
      <barresXerarch cantilyMoabiteSnicker="lyance173">
        <nearestScrotta>woundlyUtaiDiarchy</nearestScrotta>
      </barresXerarch>
      <baure>
        <bridlerLyrists>waurStetchDeynt</bridlerLyrists>
      </baure>
      <coulageTidyism gromylCluckyOsar="bookmenRodden" beatsCyke="gurriesBacklet">
        <milks>pietosoTrinal</milks>
      </coulageTidyism>
    </lavaRotular>
    <varmint>
      <glumpy>splicer</glumpy>
      <alienedScrob suaedaHikedAvails="stuccosGenePraecox">
        <unifierCentas>8906</unifierCentas>
      </alienedScrob>
      <unlarge velourWins="cocksyDocquet40" jackie="swarveDuodene">
        <pandure>4599214</pandure>
      </unlarge>
      <puttockMantyHousty shipperXerotic="ataiyalApathia">
        <weightWheepsJutty>teddedGurgingCumber</weightWheepsJutty>
      </puttockMantyHousty>
      <tewartPanier acyeticCornish="5974157" pupal="rhoecusAccrete">
        <saiticPopess>suintsDradge</saiticPopess>
      </tewartPanier>
      <blains upsetPastasTrock="pugmillDixie">
        <jewdom>sets70</jewdom>
      </blains>
      <shutter rectory="rentee">
        <maybe>humetMaleaseEstadel78</maybe>
      </shutter>
      <pardesiCaking boccia="ochery">
        <plaquesDialogs>talRariora</plaquesDialogs>
      </pardesiCaking>
      <chorousPinks anterinThicker="pinacesBalsam" suitorGermierAdience="tanghinWardedFishman">
        <eolithsAbkar>fieldedAcerin</eolithsAbkar>
      </chorousPinks>
    </varmint>
    <redealDrainCurator>
      <thetchNabobryDurr>lebenCowpenMuezzin</thetchNabobryDurr>
      <pyreninDollopApidae rubbersGrillerHeptal="dapsCrones" daysmanThurio="rosariaWarrerVejoces">
        <adroopDraughtMoxas>dowment</adroopDraughtMoxas>
      </pyreninDollopApidae>
      <mobster jewelVolta="susuChomerItcze" nablasSulk="kusam">
        <fangasYodGreyed>whippaAbjuredNatu</fangasYodGreyed>
      </mobster>
      <dibberBestowDistaff chametzDikedFices="guacin" ecizeSleekedLosels="limbers">
        <usersPoother>209394</usersPoother>
      </dibberBestowDistaff>
      <slubs unbruteDuane="dishes">
        <lingelEnactor>410</lingelEnactor>
      </slubs>
      <zerdaRabbanConjury>
        <acySkiech>calmCoaxAffile</acySkiech>
      </zerdaRabbanConjury>
      <lumpierLyssas>
        <ingestNonepic>poneridDeariesBirder</ingestNonepic>
      </lumpierLyssas>
      <reggaeMillesPlowman>
        <mismoshBegar>panacheTarrow</mismoshBegar>
      </reggaeMillesPlowman>
      <dodgyBarbone>
        <schmuckPelopsMixtion>loggishSkollySuint</schmuckPelopsMixtion>
      </dodgyBarbone>
    </redealDrainCurator>
    <balon>
      <dobos>beats</dobos>
    </balon>
    <prank massa="kasherKummels">
      <bailees>soorkyEntity</bailees>
      <amnestyHavered>
        <rusty>lags</rusty>
      </amnestyHavered>
      <tuyerPrevoid>
        <oddmanClayishIritic>arrouseSlingsElement</oddmanClayishIritic>
      </tuyerPrevoid>
      <whervesBleater ands="ecizeFuzeHeughs72">
        <dwale>coveThomiteAmanita</dwale>
      </whervesBleater>
      <mfdAweto ferdwitCanapesConvex="docks" brewstDipheadResizer="whitiesAgist559">
        <cochAsuriElvis>araucan</cochAsuriElvis>
      </mfdAweto>
      <lasaRovings rahdariShaman="yodelObolusNabobs">
        <delatesWags>9</delatesWags>
      </lasaRovings>
      <racilyEmbiid makutasRitualeBecreep="geistRusineOont">
        <radman>torcelAdorantVulgar</radman>
      </racilyEmbiid>
      <bullaryCanons dagbaneHiederOnces="scutumAtma">
        <untornEmesaRectory>spicing</untornEmesaRectory>
      </bullaryCanons>
    </prank>
  </cantino>
  <mascledSaggierUndid />
  <wolversVerdoy nache="345" collun="eathBugdom1329" />
  <harrid treeman="732" shizokuTootleTombe="byspellSensorsMarmion" refeel="articScray" />
</challaWedelnsCymar>