<?xml version="1.0"?>
<geiger>
  <neck>
    <mufti>
      <bunkoGnideFloaty>marciteGilenoBajoire</bunkoGnideFloaty>
    </mufti>
    <cabotJako>
      <alshainUnwiserAlb>gooierVirgins</alshainUnwiserAlb>
      <fossaeMoabite>
        <webberWielder>flayMarcid43</webberWielder>
      </fossaeMoabite>
      <diffame>
        <finkelEctypalDistune>imputesTendourSues</finkelEctypalDistune>
      </diffame>
      <bulgursDadderChicle triageLobbish="ning">
        <toxical>barreraGorgingPisonia</toxical>
      </bulgursDadderChicle>
    </cabotJako>
    <ismailiDoo>
      <derries>pitpanJibstayYucatec</derries>
      <fanti>
        <simballMirandaTalmas>mowcht</simballMirandaTalmas>
      </fanti>
      <valleyCaproic imprasa="feignerChalqueJuamave">
        <bowsery>mom</bowsery>
      </valleyCaproic>
      <beguardReeseAppled>
        <eleidin>91017657</eleidin>
      </beguardReeseAppled>
      <hadithDiktatDioxime>
        <cyclistTrinol>bantams6</cyclistTrinol>
      </hadithDiktatDioxime>
      <viroleKarn>
        <crushedVibe>fin</crushedVibe>
      </viroleKarn>
      <ore artwork="bapDownlie9276">
        <wainage>jibbsRewake</wainage>
      </ore>
      <tyroid unsort="trees" uranylPeebles="875256">
        <rato>marybud</rato>
      </tyroid>
      <mnestic>
        <anisoleFards>phoma</anisoleFards>
      </mnestic>
    </ismailiDoo>
    <exec>
      <yeanedThyrsus>nomap</yeanedThyrsus>
      <leakilyOverrim syl="seracKipchakVentose">
        <rexen>birlingCeases</rexen>
      </leakilyOverrim>
      <isodontHabuPedule>
        <croydonAspens>283592</croydonAspens>
      </isodontHabuPedule>
      <tieingTrap dangers="lockersMilchig" rottingWinareTabacco="gauzesEarful734">
        <wrabbeVioletySarcura>1180835</wrabbeVioletySarcura>
      </tieingTrap>
    </exec>
    <awardedUngiveFrontis>
      <barwareAcadiaMead>yunganReesAport</barwareAcadiaMead>
      <sherman wrasses="consarnPacta" pessPopshop="286">
        <mocker>tuberOozoidBemba</mocker>
      </sherman>
      <casaqueHusheenLarrup cuplessGarawiPestify="tiptailWommalaRetakes70" tannedFoemenErepsin="chukarsNaked">
        <motors>55383024</motors>
      </casaqueHusheenLarrup>
      <trypeta>
        <amour>fingery122</amour>
      </trypeta>
      <tinpot butyn="831217732">
        <pavises>95825</pavises>
      </tinpot>
      <cygnineDipnoan>
        <jawed>gumshoe</jawed>
      </cygnineDipnoan>
      <foulderYelps poredPoneraKvah="hearsDylan666">
        <dackersAims>adorant</dackersAims>
      </foulderYelps>
      <basilsRigorsJollify sabzi="shindleOotidQuintic">
        <outfort>backsaw</outfort>
      </basilsRigorsJollify>
      <chesty>
        <unproud>sent</unproud>
      </chesty>
      <filixSplUpgape inoculaJutsPreopen="85533466">
        <morasFubbedIsoneph>danismHenna</morasFubbedIsoneph>
      </filixSplUpgape>
    </awardedUngiveFrontis>
    <sife titters="fuirenaIsinaiInca" tamulicToshesFrags="accoast" dieriCabane="48712098">
      <shikar>gangionDislove</shikar>
    </sife>
    <exulted treedAmoursKarroo="tcheFancyDurion" cornuto="darters" buffyWarwick="meriterDronersLeakers">
      <draffs>disglut</draffs>
    </exulted>
    <staveAnilide>
      <backcapJounce>rougeotPluchea</backcapJounce>
    </staveAnilide>
    <hygeia decima="moolToyoEnnuied" amesiteSomnusGeechee="9">
      <havior>fisheryFilmic</havior>
      <crupper mysoid="remimicRipping">
        <turkeysPachyma>semitaeHealingOriform304</turkeysPachyma>
      </crupper>
      <dismawPiquedSimian>
        <yemingUpcall>preopenUpgush</yemingUpcall>
      </dismawPiquedSimian>
      <caddowQuaddle>
        <crouton>pilleus</crouton>
      </caddowQuaddle>
      <bilboaLoshNaomi>
        <outtalk>401</outtalk>
      </bilboaLoshNaomi>
      <rigsbyUptimes varechOomiac="54640" cabioBrio="liviersEyeingBawneen">
        <nepheshWedUnpaged>crile7825</nepheshWedUnpaged>
      </rigsbyUptimes>
      <sashoonRedward>
        <trail>shickerEmpiricAmuyon</trail>
      </sashoonRedward>
    </hygeia>
    <amplestGammas mamzerMelliteCrumbly="6071273" outfledVallis="82632" arillusBeefaloUphill="ungullIndolinTetania">
      <impubicHemagogOppida>pillowyMaduros</impubicHemagogOppida>
    </amplestGammas>
    <penners>
      <cededUnfold>sapfulVervelFarting3058</cededUnfold>
      <defeise>
        <wawlingTankleInket>vildCriesCensors</wawlingTankleInket>
      </defeise>
      <ferdiadMaganiMadtom>
        <levelerDesemerMemoria>kupharOpinesAmblers</levelerDesemerMemoria>
      </ferdiadMaganiMadtom>
      <iodinsDivinyl>
        <raiding>farnessEnchairHostle6</raiding>
      </iodinsDivinyl>
      <corningAntlia>
        <shakier>zigzagRadicalEntomb</shakier>
      </corningAntlia>
      <praecoxEncloud>
        <rouenXvii>479</rouenXvii>
      </praecoxEncloud>
      <gaitsOliveFibbing visier="ablessePositif">
        <alinedCarshop>6</alinedCarshop>
      </gaitsOliveFibbing>
      <prideTennuProp>
        <buggerTabulePaining>322254</buggerTabulePaining>
      </prideTennuProp>
      <ampsRedeify>
        <chaymaElevonCinemas>638570779</chaymaElevonCinemas>
      </ampsRedeify>
    </penners>
  </neck>
  <giggitYackingBlunter skirlsHedgebeRagmen="besColitis" />
  <campyForwent kero="25261368" bugloss="recocksAbsorptKernoi" broil="52825" snowyFeraeDotes="greaterMokadorXyris4907">
    <lucanidHereto>
      <loamy>engorgeRachRepleat4</loamy>
      <sunburn shipmen="traumas" runfishCrankum="desmaUnfit">
        <otosis>gesithCrime8</otosis>
      </sunburn>
      <prunedFango garlionNephews="skitterFunkersInlaut" outbend="7221670">
        <bowfinsPrythee>chorisoAbsit</bowfinsPrythee>
      </prunedFango>
      <yogis totemPoi="leanerItacismOctile" fussesEctozoa="eclogue">
        <purslet>revisePropelMilrind</purslet>
      </yogis>
      <salsolaDragger>
        <rags>helgeDoiled655</rags>
      </salsolaDragger>
    </lucanidHereto>
    <fructus>
      <lumbago>772</lumbago>
      <muid elkumaWhirrooBickern="besnowsLevefulBowie">
        <staying>cryst</staying>
      </muid>
      <saltmanAlalus prangedSciKerfed="lixiviaInconnu" silvexEighthsGymnure="context">
        <hupaPhrasem>ricConjury</hupaPhrasem>
      </saltmanAlalus>
      <twofoldSide loonOnlessMushy="mudhole" cleaverSquawks="herlingDanakil720">
        <mordu>adipsyMurmurCastes8351</mordu>
      </twofoldSide>
      <dotty>
        <batoon>snivelHoolock4</batoon>
      </dotty>
      <hellishStiffsGarad resp="fustilyCongos">
        <psychoWelchedCrafted>reshesBaklawa</psychoWelchedCrafted>
      </hellishStiffsGarad>
      <pallall ozotype="calaber">
        <chimarPlacerPalama>ambachShardCranny</chimarPlacerPalama>
      </pallall>
    </fructus>
    <maconneKhadi educHakdar="gloomsIntuits6" filagoSaucesVucom="douraCharredPuttoo1026" actings="reflingThillyUngamy847">
      <chawOrgasmSike>icepick</chawOrgasmSike>
    </maconneKhadi>
    <graille>
      <alvia>diolsTipful</alvia>
      <serolinGalapeeDuchies jemmy="avesFiscalsStent" joinder="cuttoe">
        <natura>falsieBasareeTautaug</natura>
      </serolinGalapeeDuchies>
      <acyl>
        <bedeadCheepsCodas>intuentHeifers</bedeadCheepsCodas>
      </acyl>
      <curule radiateAzurous="updries853">
        <winlyHoner>barmfelAryls</winlyHoner>
      </curule>
      <polillaBoltinDummel>
        <twait>383888</twait>
      </polillaBoltinDummel>
      <croYesses encaseDebugSwiped="daitya" importCaudaeLecturn="prinCalicut">
        <spavitRigling>tawpieBubbler</spavitRigling>
      </croYesses>
    </graille>
    <yawnups>
      <weldor>arcesDeditBalsam</weldor>
      <bepenPussleyAlienee>
        <vetoer>erikaRusponeBreenge75</vetoer>
      </bepenPussleyAlienee>
      <douceurTamal legistViandsCalchas="574342014">
        <foreignHakeemNeeding>6555807</foreignHakeemNeeding>
      </douceurTamal>
      <futharcCesser julepTinage="12237430" peatsToader="succentDemoded">
        <pyosis>tinnedLoatukoSuccose</pyosis>
      </futharcCesser>
    </yawnups>
    <hamadanNovilloPaschal flockyCoxing="brioAdelopsHagride" mullensBrasilsJulia="pledDetLut64">
      <surculiCarneyGrimy>borlaseVeeredSquats1994</surculiCarneyGrimy>
      <becomeGallus humerus="85158205" dustyWuzzer="oesTchwiThewier">
        <raggily>anantaGliomas</raggily>
      </becomeGallus>
      <saponin nuthookGigatonYeard="seltMagusJimjams">
        <negundoHelzelMuddied>81671592</negundoHelzelMuddied>
      </saponin>
      <pollamTelical aerier="lingualAdmoveFingall">
        <fixerAerySnorts>lifted</fixerAerySnorts>
      </pollamTelical>
      <lovably cognacDolingScowman="6295">
        <laangSinaeanRayons>boskTalukaShoon</laangSinaeanRayons>
      </lovably>
      <curshipScreveBlunge pinkoes="vainer">
        <kofta>lachePortalVerbid</kofta>
      </curshipScreveBlunge>
      <twirl humanerBihaiIrons="8702" vampishShinglyPuddler="ovenman">
        <timpanaYajeineNailer>58032850</timpanaYajeineNailer>
      </twirl>
      <paca tabog="839926">
        <honestFlutierPerule>twicet</honestFlutierPerule>
      </paca>
      <gemuti hoxTripes="duculaEuaster" dook="sawbwaUndeck67">
        <arar>acheneAketon79</arar>
      </gemuti>
      <discard jarvies="9" lapserBlitter="decencyGunyehJernie">
        <amalettSerenes>dargPannerySniffy</amalettSerenes>
      </discard>
    </hamadanNovilloPaschal>
    <fiacresRuledHaloids>
      <thymate>squalus</thymate>
    </fiacresRuledHaloids>
  </campyForwent>
  <encrustChistkaUnland jowlop="coleur" verdeAssethEarnful="53463" prating="viduineCeltis" lnr="630575" />
  <toronjaEphoral>
    <ecstasyCawker>
      <parfumRhoncal>54628557</parfumRhoncal>
      <redskinIncede heavierChiefRosal="narineFurmetyRunner">
        <bruskAssoin>salmCrimps</bruskAssoin>
      </redskinIncede>
    </ecstasyCawker>
    <lyresBailoMiddays whealImpalsy="oversawFrigged" lappicPianetaBarboy="4857530">
      <efsAmeed>dimoricDisport37</efsAmeed>
      <hederMatipoZygite emmEnableThorias="plagateLazaret">
        <spankyOutwith>45</spankyOutwith>
      </hederMatipoZygite>
      <subcitySuiones bettersGaining="lovableGarnelMortar" ctgeFacund="eozoonTearilyUsher">
        <arnatto>rapely</arnatto>
      </subcitySuiones>
      <sizablyZinke>
        <viresShikimi>exemplaMusimonAbrade5</viresShikimi>
      </sizablyZinke>
      <hagride fortranWisting="coxwainGorilla63" coopersTonicsClubs="59">
        <oestrum>naniticThill</oestrum>
      </hagride>
    </lyresBailoMiddays>
    <anticsTholeDrummy>
      <bellowLipidesChief>alecsZebec</bellowLipidesChief>
    </anticsTholeDrummy>
  </toronjaEphoral>
  <turcois>
    <dorcasLangue retailDenisDagomba="bubalesSpittlePaise7" kgrArend="adelite" famulliAvowry="boodyJaunderNaam">
      <tousingGuzul>nondo7</tousingGuzul>
      <scottyExotery>
        <manky>pattingCrucily</manky>
      </scottyExotery>
      <humulusSanelyTweaks gameticSouple="6" detinOrchel="enroughBatekesTitania">
        <mdseHertRitards>chettik</mdseHertRitards>
      </humulusSanelyTweaks>
      <catechuLaccicChinois>
        <waxenRubbio>911353510</waxenRubbio>
      </catechuLaccicChinois>
      <punted valgoid="knaveCollar605">
        <imagistLength>pilar</imagistLength>
      </punted>
      <rajasGartersDumper>
        <carfourJaborinStatohm>feriasFlitterCebidae</carfourJaborinStatohm>
      </rajasGartersDumper>
      <placageUnchurn>
        <dinmanBenzeinOomphs>suer</dinmanBenzeinOomphs>
      </placageUnchurn>
      <chuteJanapanTogeman mobbismOddment="dicks816">
        <archspy>fitoutCrawled</archspy>
      </chuteJanapanTogeman>
    </dorcasLangue>
    <bristLigableJambee>
      <calicutPatentBatete>doomer</calicutPatentBatete>
    </bristLigableJambee>
    <salpaChantedDeric bees="sixerGonzalo" nourish="impyHandier">
      <gaddang>68154</gaddang>
    </salpaChantedDeric>
    <senders prisage="393" happer="7">
      <racistMoeurs>undatedMotifs</racistMoeurs>
    </senders>
  </turcois>
  <grandoUndriedThurst rubigoOnstageEmerods="valuesTetricShaggy" suntansTempyo="anitos" />
  <cist wiceNanduFallen="netlike" glarry="talookaDonutsCereous40" />
</geiger>