<?xml version="1.0"?>
<suncup>
  <oddnessSmegmaSepd bustoTupped="virledAdvicesSewage" yarrowsLexicogRuder="waxweedLamelHyalins" soyateLararia="creneleUnguent" />
  <trifles dismayArdencyChrists="jolting70" plimCarom="siruperHaysuck" asemiaSchemerSaleps="aleutic" saicQuaggaAlto="912254">
    <ionizesAwetoCnemis>
      <slinte>cobbierMawaliOotids48</slinte>
    </ionizesAwetoCnemis>
    <rhinionBurgled>
      <opplete>822522078</opplete>
    </rhinionBurgled>
    <rotsDelft>
      <howletsAtwo>myrrhSlammerScabid5687</howletsAtwo>
      <sulphidFugard dromosBasial="honkeysUncalmToolers">
        <bosses>crocard</bosses>
      </sulphidFugard>
      <lichtedRaffmanScrabe>
        <dyakComatic>381839737</dyakComatic>
      </lichtedRaffmanScrabe>
      <bouffonPepsin papess="exorTragionGraphs" fistulaOdonateBrokes="653">
        <puntingPantoEnrut>14743894</puntingPantoEnrut>
      </bouffonPepsin>
      <eagerUpjet celiaDail="icarianLeaping">
        <latenceTyumCerata>tarandGanselDanton</latenceTyumCerata>
      </eagerUpjet>
      <hamular ouphsTareq="marquesPiloted" cementsStofTullian="bohmite">
        <iowansPrinker>stright4908</iowansPrinker>
      </hamular>
    </rotsDelft>
    <scudderDacha nonylicTournay="63225676" dagoes="96773020">
      <rivalsViolinoPulgada>intrineDomentBetowel32</rivalsViolinoPulgada>
      <wadmelsVerdantThwacks cutworm="nukes">
        <trawlerFirmerOzark>taghlikBeflagsTazeea5</trawlerFirmerOzark>
      </wadmelsVerdantThwacks>
      <yealingMislaidLocums thubanAzollaDelenda="earwigsNookedEnoughs" pulingsRochetStk="foveal">
        <bungle>punting</bungle>
      </yealingMislaidLocums>
      <remorse gonofNavigViremia="jambartDelver" briers="laches">
        <cordedUnsulky>governs</cordedUnsulky>
      </remorse>
    </scudderDacha>
    <micmacMyelic byplaysStowseHeliced="scryingAphetaScrying" borersTabored="untopBarbels" cabaZabermaElaters="orellin">
      <enfleshPree>79</enfleshPree>
      <bhoosa odzooksKhutba="anisilPremier">
        <sparredPud>wuff</sparredPud>
      </bhoosa>
      <plumbsLibberPhoebe sultoneLatentFado="foisonCaraipi">
        <stataryHeronUnbox>misseemAiry</stataryHeronUnbox>
      </plumbsLibberPhoebe>
      <gnathalTains washinBaulkySmidgin="193" kembDrilvisShen="punkMaar">
        <appalls>aceTherap3</appalls>
      </gnathalTains>
      <flytedApercu sorryPrimage="defiberHarkToddick">
        <anatoxDelphinRimmed>828</anatoxDelphinRimmed>
      </flytedApercu>
      <nuqueYapmanOrnith>
        <intones>fierclyMetalsHammed</intones>
      </nuqueYapmanOrnith>
      <burtonCruralAcerb stockerPoker="3354937" ericiusEmpaledQuais="8">
        <setaeOadal>iberismKeist9</setaeOadal>
      </burtonCruralAcerb>
    </micmacMyelic>
    <daphnes>
      <rowablePauline>6875751</rowablePauline>
    </daphnes>
    <kifs kepLenad="cubdom" sobole="8" eastlinDerrySpavied="vagousTunicae">
      <longue>dejectsAldeia</longue>
    </kifs>
    <dashelEyries carless="setoffs">
      <sambur>texts55</sambur>
    </dashelEyries>
    <himPickeeSundry>
      <aplanat>pinuelaWirewayGinzoes</aplanat>
    </himPickeeSundry>
    <bennets coulisBedcap="pynotGoddess">
      <gesturaThyme>unfastOersted</gesturaThyme>
      <trophiMeaty>
        <gasps>384927</gasps>
      </trophiMeaty>
      <kidding>
        <arculaAralia>234</arculaAralia>
      </kidding>
      <volingBusketSurgery bonnazBepasteHemule="heypen" reveals="marked">
        <faddishTrompleBourran>21</faddishTrompleBourran>
      </volingBusketSurgery>
      <drumler>
        <stubsPremuneOsteoma>52</stubsPremuneOsteoma>
      </drumler>
      <fugging refriesSamvat="vault" chamMuumuusQuit="amazulu225">
        <smoteTortue>dawed17</smoteTortue>
      </fugging>
      <crissumJakBrutus agathaAlbergeTwiller="vocesHooeysGivers818">
        <waffed>734859</waffed>
      </crissumJakBrutus>
      <naughtsAwnPochay bagnioBunchyBudzat="64">
        <sidiChia>costageDissaitScenic</sidiChia>
      </naughtsAwnPochay>
      <twyers scepsisClanned="835548">
        <tumps>panditDruses</tumps>
      </twyers>
    </bennets>
    <wote>
      <nullismLauded>exmoor</nullismLauded>
      <dipperJawlike>
        <rebringFistucaLimbos>9</rebringFistucaLimbos>
      </dipperJawlike>
    </wote>
    <magadis atwitch="slickedTurnera" boatmen="gurnardDewlike" momzerRekeyed="uralian">
      <aucaDezaley>saumyaVatted</aucaDezaley>
    </magadis>
    <tawnieTasset>
      <ischurySoonest>asquatThoralBalcony</ischurySoonest>
    </tawnieTasset>
    <chortiSubtackCarpium swash="bespin">
      <ebriousEntuneAngelus>670</ebriousEntuneAngelus>
    </chortiSubtackCarpium>
  </trifles>
  <scorn farads="tabulaeAddableManners" />
  <greggleCharter floured="678033" />
  <aculeusIseLavaret oolakanInviteeMimulus="26250" dentalsPouser="253197382" />
  <costed altheaIzzyRemoras="cuculi" gonKowtow="heptane">
    <naceUppishGadean>
      <phippeWakas>uncurlSierras</phippeWakas>
      <agadaBauch knursKartvel="tentoryTastesSwooper" alepot="adoulie357">
        <laicChinker>rerival</laicChinker>
      </agadaBauch>
      <clubberSpraichChimla rakiMushaPyx="saftlyEnurny">
        <jeteCribberEfik>acriteDruggedBootid</jeteCribberEfik>
      </clubberSpraichChimla>
      <megaron couldnt="wersteSlithyTosily">
        <wipesPenful>882</wipesPenful>
      </megaron>
      <fundi bestoreCorvusGwen="mansion">
        <arberAlecizeClocked>meader661</arberAlecizeClocked>
      </fundi>
      <sutten repentsNeuronTowcock="tuffsLawk">
        <rhymerVehmeBattues>cineRustled62</rhymerVehmeBattues>
      </sutten>
      <rowlock ford="workoutAmazuluPinwing4" taring="avenaryQuays">
        <kugelFlyteCaving>flexile</kugelFlyteCaving>
      </rowlock>
      <fodient>
        <reglets>1</reglets>
      </fodient>
    </naceUppishGadean>
    <birri kellyVodkas="alvelosBannat" agromChorgiSnocker="tessaraRepas770" lotusesUnburn="werfKoshareFlats">
      <bylinerBuccinaAnlaut>dinkier</bylinerBuccinaAnlaut>
    </birri>
    <pentaceTattoosNovae soleyne="5260">
      <tippier>upstir</tippier>
      <copilotMarshes akroterColla="tutoryDenimsMongoes">
        <chalazaBallots>trendShlepClaret</chalazaBallots>
      </copilotMarshes>
      <zulusYoginis>
        <sildTenoner>trivia</sildTenoner>
      </zulusYoginis>
      <dongolaLaunce proasUmbrel="181039339">
        <teste>lumpingLobelin</teste>
      </dongolaLaunce>
      <cicutaActa featyDroger="cosRetherNoyaded" elseZaniah="oaves">
        <iambeScent>wrigglyMazumaPaster</iambeScent>
      </cicutaActa>
      <rigletKwaznku swingleBrayer="glimeMarkers">
        <distnGuakaUpped>discs4470</distnGuakaUpped>
      </rigletKwaznku>
    </pentaceTattoosNovae>
    <fulmineRustredAxers cubera="cumuletSurfman" connyEnigua="cestusCaddoanEnolate">
      <momsEagererJaunted>caromel536</momsEagererJaunted>
    </fulmineRustredAxers>
    <mordu>
      <savitar>deicer</savitar>
      <rollZenaidaProvene ragerCuppasStades="kokuminKami">
        <gagers>356293042</gagers>
      </rollZenaidaProvene>
      <belionStupp eadiosLatelyDottels="overlip">
        <hellman>lapfulsDaduHellier</hellman>
      </belionStupp>
      <brestScrollsDikers>
        <regrabBhagat>butcherBadmash</regrabBhagat>
      </brestScrollsDikers>
      <nun eat="jocunoTragWiliest" bannetCampalZein="ulta3732">
        <amvisJubile>commotHobbler1991</amvisJubile>
      </nun>
    </mordu>
    <taxirFlyblow unhayed="32">
      <caninal>galtOdyl</caninal>
      <petuneFermis amotusBilboa="79154">
        <sannups>rhytinaUnravelTurbid</sannups>
      </petuneFermis>
      <maltine reen="9178232" wharfCrose="7929568">
        <tiddleBimboFurdle>liasing</tiddleBimboFurdle>
      </maltine>
    </taxirFlyblow>
    <enfacedCoyedSpak>
      <yairDeskScotal>unleft4693</yairDeskScotal>
    </enfacedCoyedSpak>
    <cams>
      <bakepanDrawled>bikerSpaitsGalilei</bakepanDrawled>
    </cams>
    <infirm>
      <meatierDrools>dustupsWahinesIatric</meatierDrools>
      <hulloosLaces>
        <corbel>bagdadFaddishMuroid</corbel>
      </hulloosLaces>
      <towards mazaTincted="543943174" mgdColonusFlyblow="newingMoric318">
        <lastjob>shifted</lastjob>
      </towards>
    </infirm>
    <desandJambingKlop oblataIcier="punkasArghanTibbu">
      <yams>aliensFiretopSprags</yams>
      <izbaChukorBums>
        <oriolePissedTaguan>paths</oriolePissedTaguan>
      </izbaChukorBums>
      <langUncreamAwedly>
        <exorEboe>pays</exorEboe>
      </langUncreamAwedly>
      <ganzaDay>
        <umpyMusteesHarbi>frosterBecolorUppuff3</umpyMusteesHarbi>
      </ganzaDay>
      <lunet sequoiaRubineUnhewn="bacalao">
        <pyxiesSilversConable>cacatuaRundown</pyxiesSilversConable>
      </lunet>
      <smearyNogged macksMalichoTaliage="faxes">
        <swimyQuidder>tellus3225</swimyQuidder>
      </smearyNogged>
    </desandJambingKlop>
    <claw>
      <scutel>tears862</scutel>
      <gentiinBesoms>
        <grintBoneset>urlingCodMatai</grintBoneset>
      </gentiinBesoms>
      <ikebanaBeewiseMufti>
        <jessamyBlitterBlurts>70360</jessamyBlitterBlurts>
      </ikebanaBeewiseMufti>
      <camphol gristyTeacake="cheatRibozoTranky">
        <dullyBrumbeeCruster>puistieWinbrow</dullyBrumbeeCruster>
      </camphol>
      <londonyAmarth>
        <obtendLeave>tadTwined</obtendLeave>
      </londonyAmarth>
      <gownWarlyGrison>
        <kymnelBuggery>409545</kymnelBuggery>
      </gownWarlyGrison>
      <germs nutate="cimexSamelyExcided">
        <kinkJuristsUrate>martsKookaNohow</kinkJuristsUrate>
      </germs>
      <curlier tomish="70980" gagsterSomdel="kiotomyAdjoinsStall">
        <gadeanBuyer>waftageArrgtFermage</gadeanBuyer>
      </curlier>
      <sillierSalmis havingPointalPantun="niftierKameTrash8836" karmaMalheurSpignet="funest">
        <nautiliAkroterKiddo>talliesEstates</nautiliAkroterKiddo>
      </sillierSalmis>
      <ugsomePapal>
        <lucumiaCardona>croiik</lucumiaCardona>
      </ugsomePapal>
    </claw>
    <leafierAphididTasian>
      <dum>emparlMistify</dum>
    </leafierAphididTasian>
    <foistyPaviserOutbend>
      <buckerPoppin>nasiMocoanFilator</buckerPoppin>
    </foistyPaviserOutbend>
  </costed>
  <biflex cycads="havens" arkie="ledum8" hencoteKanaimaDenial="quipuShemite">
    <paniersMalakon>
      <haemonyTswana>laiYaupsFlies</haemonyTswana>
      <donarLungers paliSiredGarance="lankierPsoaeHovenia">
        <segouOctadsKerchoo>bitumenPerlidDowels</segouOctadsKerchoo>
      </donarLungers>
      <randies cinelEructs="62589223">
        <insertsCloversSeagirt>71410509</insertsCloversSeagirt>
      </randies>
      <inwardVariole>
        <faunalTcawiSurest>ficcheSceptryTripart</faunalTcawiSurest>
      </inwardVariole>
      <blankyGushes meiotic="trinodeWisterWush" hyeCurnie="treeDrona">
        <yawnily>podal</yawnily>
      </blankyGushes>
      <sparingYipping cucurb="1">
        <machin>whishedUnshed</machin>
      </sparingYipping>
      <frizelTutoyedHogg>
        <fumifySory>52281843</fumifySory>
      </frizelTutoyedHogg>
      <eldingSatlijkAccueil nappingGaleateZookers="barbateKopiEntrain">
        <rowableExceed>jazeysEmceesNepotic</rowableExceed>
      </eldingSatlijkAccueil>
    </paniersMalakon>
  </biflex>
  <vistaLithous />
</suncup>