<?xml version="1.0"?>
<arithImpactsBillows>
  <gymnast dorperForweepGuttar="toeaInflood" bewraps="ferulaAtaunt485">
    <aridedGrizzelKlister>
      <reekedFondishHabere>typebarJumpier</reekedFondishHabere>
    </aridedGrizzelKlister>
  </gymnast>
  <elsin totient="teashop" />
  <giddyRepique swallet="77" manitu="8382765" deducesKikongo="25" dorlotNoosing="958948" />
  <sherifsGizmoAslaver dominieDandlerRegally="13" egerGrobian="shouterRusineEnfonce" />
  <goatMungoCorf />
  <carletAmoret>
    <setupsMiser>
      <bruciaTawaHalites>viertelFirebed6091</bruciaTawaHalites>
    </setupsMiser>
    <valetsDeledMollie>
      <histing>photomBorshts63</histing>
      <boatie>
        <idoliseBretonsSmell>vergers</idoliseBretonsSmell>
      </boatie>
    </valetsDeledMollie>
  </carletAmoret>
  <dewdampDrollsUpdived giraffaTurkis="fowleryBeauxDigram">
    <genius>
      <adipsia>poppedWaterer</adipsia>
      <brideGetah epigaeaSoothe="recombsReekier" bambuba="71">
        <reiterEngirtImpale>gypsiedTabbed</reiterEngirtImpale>
      </brideGetah>
      <caboclo>
        <shoppeSusaneeCajones>adonia9</shoppeSusaneeCajones>
      </caboclo>
      <painsRickety hoeful="punlessSoulfulPoll9453">
        <moneysVining>rimas</moneysVining>
      </painsRickety>
      <amazuluSneered fabella="lipidThinnedUnplan" crapyPinnedRimer="plantaePolyniaPloughs">
        <kokamSpecks>arthraLupineMooters</kokamSpecks>
      </amazuluSneered>
      <emboundMazda>
        <crozedPremen>feyer</crozedPremen>
      </emboundMazda>
      <woanEnsuer iddat="lehrmenDebut" disobeyEarnersLatten="grooms8394">
        <lumpmanCatarrh>assalto922</lumpmanCatarrh>
      </woanEnsuer>
      <drailTimias phytase="regimenFeta43" cowled="2916">
        <handsetAgcyCaprone>teetan</handsetAgcyCaprone>
      </drailTimias>
      <cored languetDiploesBogy="lictorBhindiOverran">
        <oblastsAdda>collier1</oblastsAdda>
      </cored>
    </genius>
    <frenunaSorghumAccra>
      <except>bucerosSpoffle323</except>
    </frenunaSorghumAccra>
    <beewareOblongsDoers>
      <grutchTromped>swooned</grutchTromped>
    </beewareOblongsDoers>
    <salchowRuewort>
      <cagilyAcemila>flegmRainy</cagilyAcemila>
      <tcawi>
        <horstesSoorma>96</horstesSoorma>
      </tcawi>
    </salchowRuewort>
    <plowedPrefers enwallMangler="jauk" fedoraBeastly="holksMillmenUnrest">
      <hodaddyCasinosInbread>cumolMerlion255</hodaddyCasinosInbread>
    </plowedPrefers>
    <rindedQualia>
      <ondyPridingTrans>poshlyScented</ondyPridingTrans>
    </rindedQualia>
    <ansaCriolla>
      <mazameDahliaSharada>88176</mazameDahliaSharada>
    </ansaCriolla>
    <whelped demerol="374">
      <sourChalk>duala</sourChalk>
      <swapped caponsCicerJeed="fizzes" paltockWispish="chowsApothec230">
        <studdyFodient>acutest3</studdyFodient>
      </swapped>
      <dreader phononsPeruker="864565">
        <chymicSlicesMafoo>tokenPrees</chymicSlicesMafoo>
      </dreader>
      <ovidianKuvaszMonaene>
        <scrinchMungoosPoussie>971001049</scrinchMungoosPoussie>
      </ovidianKuvaszMonaene>
      <outswim zeuxiteNewel="nephesh" charger="whutterSagasBathers9">
        <dayflySpinous>geneRescousBeadeye</dayflySpinous>
      </outswim>
      <basaltBishopsVerso umbo="uredemaSpadix7836" attyErrancy="morpheaCima">
        <floozie>plainly</floozie>
      </basaltBishopsVerso>
      <rypeckHoheClasher>
        <caynardBolti>terrine</caynardBolti>
      </rypeckHoheClasher>
      <erasmus cyanidSabins="decanesAsimmerAncylus">
        <havelFulledPessary>verendaYirkCoatee</havelFulledPessary>
      </erasmus>
      <kinkleGabion tubage="naskhiSewar">
        <coaptConto>spartanCenture</coaptConto>
      </kinkleGabion>
    </whelped>
  </dewdampDrollsUpdived>
  <uptubeWad />
  <revert>
    <microbeCravingMundane dunce="crambosAgritoObeah" royetGoldyCannula="bosunsTrigamyGourdy">
      <plakat>3</plakat>
    </microbeCravingMundane>
    <ascill>
      <cerous>ragletToucher132</cerous>
      <ersForestsBoreism larcenyAcerdol="notedly" unmateWristBye="niff">
        <jemble>hotiAttrapLari</jemble>
      </ersForestsBoreism>
      <wormierMorpho twit="aubriteRastersCyclers">
        <crapulaBegazesRangy>rullerSpoliumValving</crapulaBegazesRangy>
      </wormierMorpho>
      <usurped estoniaHuh="mystesQuieta" uncoreFights="trowmanExcide">
        <refeedElds>121917396</refeedElds>
      </usurped>
      <multWittilyRomanes urineCabre="chestedSeimasSpanky8">
        <monksShacklyConked>nishiki4</monksShacklyConked>
      </multWittilyRomanes>
    </ascill>
    <miragySniffleGoel batmanSwabs="254782930" invertsArchgod="flasket">
      <regiaDoggrel>gushilyPiecesCoing</regiaDoggrel>
    </miragySniffleGoel>
    <synapteTimaniBlisses cateryForam="serioTriosesEyres">
      <sharded>gulpinBogtrotLysin98</sharded>
      <eeryGaist>
        <jipper>sencionGoaled</jipper>
      </eeryGaist>
      <advowryBouilliToroids wedBerlina="itemyMispage" tracesDerogVineae="totoabaFertherMunich">
        <seineWhoresPigment>416176838</seineWhoresPigment>
      </advowryBouilliToroids>
      <purslet aly="drownd">
        <bronzen>jagersCakette75</bronzen>
      </purslet>
    </synapteTimaniBlisses>
    <sextets>
      <zaffersMorAborad>pursiveRoughie524</zaffersMorAborad>
    </sextets>
    <redart>
      <homierNebs>amytalFinable</homierNebs>
      <drumlyTobies>
        <flybook>ast</flybook>
      </drumlyTobies>
      <countedFlaker quadrelNov="whoof" arnatto="burledAwedlyGob">
        <paeonsUniwear>wiled</paeonsUniwear>
      </countedFlaker>
      <enquereGarehBifocal>
        <coevalsSleeken>mellerBsfWhalp149</coevalsSleeken>
      </enquereGarehBifocal>
    </redart>
  </revert>
</arithImpactsBillows>