<?xml version="1.0"?>
<endemicSurreinIrena>
  <matchet />
  <benumbsAbettedDisbase allelesCurate="medizer" mixingAboma="oxeateSectiveFligged" codings="latinsMedish" />
  <khuReprayOrbific lanoseOnymousGhanian="finletFixivePailow">
    <myotony dinerosThuggedOutmans="sybilPenning26">
      <arnebBucketyHallboy>brotherSupines</arnebBucketyHallboy>
      <erineumMtierPeck hanafiLatened="nabla">
        <unsaltAngularReligio>moondogTrayUnswung</unsaltAngularReligio>
      </erineumMtierPeck>
      <kokan>
        <tuggery>786125427</tuggery>
      </kokan>
      <persic>
        <sendalsAha>fivesFleckyPeach</sendalsAha>
      </persic>
      <enhelmCadillo hamatedPremit="pusztaJoel">
        <taichSkyhook>wearishLesiy</taichSkyhook>
      </enhelmCadillo>
      <vandal healed="potfulPich" brochOatfowl="sixmo">
        <unionedSubsereHighs>jadesBurhel7978</unionedSubsereHighs>
      </vandal>
      <kerbing>
        <unsheet>hypatonWriestMoniker</unsheet>
      </kerbing>
      <nishada esguardLigulasNestled="103714484" coxaeNeven="tankerBeaming">
        <delaineIndowsSpyer>canticChancer33</delaineIndowsSpyer>
      </nishada>
    </myotony>
    <yerba>
      <asialia>sivaiteUncoltBootid730</asialia>
      <opiumsFarioHine>
        <sheafs>cubbyuQuotee36</sheafs>
      </opiumsFarioHine>
      <yaguazaSpaveBurt>
        <mechlinSapoteStyloid>untying</mechlinSapoteStyloid>
      </yaguazaSpaveBurt>
      <leadedPraissHominid jealousTobaLimpy="larderEquated" feinterBalunda="4048">
        <kitty>1968931</kitty>
      </leadedPraissHominid>
    </yerba>
    <gizzernGesRevise>
      <shintyWheatsMaintop>congoesOwenize</shintyWheatsMaintop>
      <ownnessUnclogsWhet pranksGar="balboa" olena="angeredKhlysti">
        <clyssus>18</clyssus>
      </ownnessUnclogsWhet>
      <dsnamePalpal>
        <copDustinSclere>damboseChromosBronchi</copDustinSclere>
      </dsnamePalpal>
      <jowlyProcrisRundle chemmy="zurichParurasRabbins">
        <doesn>sarindaSuerteMimidae</doesn>
      </jowlyProcrisRundle>
      <leftismAssail oiled="ipid">
        <perkier>prenzie</perkier>
      </leftismAssail>
    </gizzernGesRevise>
    <unteachAbroach>
      <recdPanamic>unempty</recdPanamic>
    </unteachAbroach>
    <zapupe triamin="siwash" neighEpigeal="wanionsAineArise86" karacul="hurtledCuish">
      <potturMalcolm>129</potturMalcolm>
    </zapupe>
    <kerfing>
      <tweakedSaggierFrass>waggedUmbrere</tweakedSaggierFrass>
      <fattestPrayer amouli="74">
        <lathen>ramChamar</lathen>
      </fattestPrayer>
      <stalls dabbersSmithGuanaco="991224765">
        <teedle>vatPedlers5</teedle>
      </stalls>
      <bauble>
        <unsexedGlycylPreoral>waggeryKippage</unsexedGlycylPreoral>
      </bauble>
      <cantdogPulling yakimaDebile="879042">
        <shadowsLitholJenine>implial</shadowsLitholJenine>
      </cantdogPulling>
      <tootlesSpeil ribble="nakongVucom">
        <joseyBetony>hamuleUrginea</joseyBetony>
      </tootlesSpeil>
      <naleUlulu curiam="74">
        <bakwiriFycesTipburn>baraza</bakwiriFycesTipburn>
      </naleUlulu>
      <aerugosPrependTwiner>
        <tupmenHotter>bodiesFagotySlowish</tupmenHotter>
      </aerugosPrependTwiner>
    </kerfing>
    <brae babbieTroversDefial="biogenFlusterGaby945" pretold="tenantKiliareChalaco">
      <crapaud>billion</crapaud>
      <alenu assailsSlaviWarray="7154">
        <endoverPfennig>areally</endoverPfennig>
      </alenu>
    </brae>
    <emaniumYelt>
      <verismGardnapPandrop>tattingAskarel</verismGardnapPandrop>
      <flytime forgaveDeemingRonier="landsPotgirlMotels" gaums="idaeanLotaseTuckets">
        <aivr>bastoAbowScaroid</aivr>
      </flytime>
      <picotedConjure uintjieNuttersDruidic="nickers" bywayOrestes="halenia">
        <upshift>146587983</upshift>
      </picotedConjure>
      <prositFataleCloven dauntBumping="remop" into="tonemesPresign">
        <bartram>cruises</bartram>
      </prositFataleCloven>
      <provesHemanJamie browseHoax="954149441" fundic="meatily9">
        <rocheaCarbonaBrasse>8106</rocheaCarbonaBrasse>
      </provesHemanJamie>
    </emaniumYelt>
    <fibryHowkedAmorado tinkledPaunchWave="destroy" commonDevalue="turnups682">
      <drapetHarminRecuts>laund141</drapetHarminRecuts>
      <reisterArmil>
        <galetteSignet>566987114</galetteSignet>
      </reisterArmil>
      <lynxesDuree>
        <vulgoSemeionProtyle>66994</vulgoSemeionProtyle>
      </lynxesDuree>
      <lid gauilyHasletsDurban="pooledUngualsRestant" unkingFets="tarzansCheered">
        <negoce>coxedPrio2</negoce>
      </lid>
      <hollockFanegasBegot snab="dalleDouter6063" hexylic="5">
        <styliteCruck>padouk</styliteCruck>
      </hollockFanegasBegot>
      <outfledAphis snowlIdeates="robotsLaguneEmda" zoccoloCoenure="pinesKafirin">
        <halifax>63</halifax>
      </outfledAphis>
      <arvosBourdisWiggish prat="snowing">
        <bec>bangashSoredia2061</bec>
      </arvosBourdisWiggish>
      <heppenRemexTabbis drokpa="lastageAnoaCheders7">
        <meticEddoesZoozoo>gimperHasslet</meticEddoesZoozoo>
      </heppenRemexTabbis>
    </fibryHowkedAmorado>
  </khuReprayOrbific>
  <morned>
    <preally>
      <oopodalOrleans>683</oopodalOrleans>
    </preally>
    <fishingFilicic>
      <unsparRisers>roarerBalded</unsparRisers>
    </fishingFilicic>
    <anodosTwoness>
      <bering>peeleRabat</bering>
      <compartInstepRukh eviratePentaneUsenet="dictBeamyMancala">
        <fulzieBleachs>gigmanAhmedAsian</fulzieBleachs>
      </compartInstepRukh>
      <fiscal kari="581" urachus="glutGifola">
        <siskinHasBillie>measledKekunaHumbug</siskinHasBillie>
      </fiscal>
      <empFeoffor zipaBurses="3411">
        <bosc>gonadal</bosc>
      </empFeoffor>
      <cadieCoontahHematic nuraghiBushScaffle="excelsShirked" midstsPli="chauthBeefalo">
        <herveGrieceRampart>4000315</herveGrieceRampart>
      </cadieCoontahHematic>
      <enlayWally apocyteNettle="tashlik" pleachChacmas="rissom">
        <chilionDewannyEkhimi>wasabi17</chilionDewannyEkhimi>
      </enlayWally>
      <exposedFlorinsTinkled excerpt="straferCicala814">
        <rescaleEtwasTrabal>daftarAbyssaEvelong37</rescaleEtwasTrabal>
      </exposedFlorinsTinkled>
    </anodosTwoness>
    <pallorKaraculKrubut>
      <vouliFurthyCreate>6</vouliFurthyCreate>
    </pallorKaraculKrubut>
    <cherootTeaerBallam unchurnKnop="larkersThereas" aburaBenzoinDona="22972" glumpyBrakeAphodi="inchantNocake">
      <lowlilyForsake>blockerFollow</lowlilyForsake>
    </cherootTeaerBallam>
    <toasty stria="manwayHalflyClothes" merkhet="secretSynoekyAgnes" acadieTrow="glebes">
      <cankeryMalaxisRecked>regrassAnchovyMischio</cankeryMalaxisRecked>
      <reperksTraclia brocade="353976135">
        <banalPinchedKoruny>echoingLobbyerSottise</banalPinchedKoruny>
      </reperksTraclia>
    </toasty>
    <skookumGenuaBakshis>
      <wingsPerleCandock>greys</wingsPerleCandock>
      <virtu aefaldyBagirmi="creviceCaryotaGarden">
        <souseAlmadie>tsaristRappersMund</souseAlmadie>
      </virtu>
      <pettedClarify abulic="gantSidiKop">
        <changer>aslaverSnoreBeltmen</changer>
      </pettedClarify>
      <arrestTrinkle sereZoeas="schuitsAnnual" gustoesMissals="7">
        <uncut>8227419</uncut>
      </arrestTrinkle>
    </skookumGenuaBakshis>
    <biznaga>
      <feakingDorminsTheorem>ichsDunking</feakingDorminsTheorem>
      <muvuleImproofDegrade layawayTracingReem="cichlidRatheViscera">
        <wampums>nanasSidebar7687</wampums>
      </muvuleImproofDegrade>
      <talaoNyroca visitorMudholeFalcer="141473721">
        <devonSicana>miswendSchoHandbow</devonSicana>
      </talaoNyroca>
      <antlikeDuctedSettimo glommoxHulchy="dibsMacana" sunfoilSparverAchage="thruwayMiladisAstatic9806">
        <renewsUvateUkases>introfyMawworm</renewsUvateUkases>
      </antlikeDuctedSettimo>
      <hauyneGantlet tucktooTalishiTillaea="82107" cnicusTanrecsBuddha="swoonyPigherd">
        <somever>bacchiiRhymicDiporpa</somever>
      </hauyneGantlet>
      <bandhorThroatyWeight>
        <alpine>33466323</alpine>
      </bandhorThroatyWeight>
      <rengaJoyletGarava anathem="cmdrGilty5064">
        <daybeam>87</daybeam>
      </rengaJoyletGarava>
      <scapeNoisedClonked>
        <tehsilReyokeNoser>gypsumsWeariesDucklar</tehsilReyokeNoser>
      </scapeNoisedClonked>
    </biznaga>
    <temserCooeyTote>
      <knoit>racial</knoit>
      <anabas ashlers="cakyOzonerWingbow" kaamaChappin="9984784">
        <lardy>657350</lardy>
      </anabas>
      <respireSphalmCorny phloxBourseOology="ganched">
        <bumpyMossing>padlock</bumpyMossing>
      </respireSphalmCorny>
      <tennersBecater>
        <acone>saugersCongos</acone>
      </tennersBecater>
      <bunkedBuckish bopping="pitless5525">
        <intimal>numina</intimal>
      </bunkedBuckish>
      <jedding ribbonGeld="soldier468" ripensRepriceBobby="sauries7366">
        <congrioZooeciaHexade>6</congrioZooeciaHexade>
      </jedding>
    </temserCooeyTote>
    <bombayDeflateProtean>
      <feveret>fardo670</feveret>
      <gowpenAdults khassManjelUncouth="scepsisHalloasFaured" grozart="olderLabelKuldip">
        <enherit>balneumBotanyIlls</enherit>
      </gowpenAdults>
      <baja>
        <grecqueFitly>ejectumLetticThrack809</grecqueFitly>
      </baja>
    </bombayDeflateProtean>
    <skittyAcylPrecast>
      <shawanoBalza>podicesHaet170</shawanoBalza>
      <trundleReivingUngt mononch="teeingFossilIpomoea">
        <adagiosLardedCapos>caprockLottieUpwells</adagiosLardedCapos>
      </trundleReivingUngt>
      <nimboseHurdis zoogeogRodlikeExect="miniardRehone" paroleeDeaveCsk="mechaelSurbate">
        <somberRatablyTanzy>tecomin</somberRatablyTanzy>
      </nimboseHurdis>
      <crappleAyen durnVisibly="vinitorLhd" smaltExsertWarless="castile">
        <toyDoggish>podargeBreckenPigmew</toyDoggish>
      </crappleAyen>
      <poiseBallowBluffs mydaus="depeWilletMazdoor">
        <quatAtropia>eristic</quatAtropia>
      </poiseBallowBluffs>
    </skittyAcylPrecast>
    <premixClocheGoujons>
      <ribbierSow>sheathSeba</ribbierSow>
    </premixClocheGoujons>
  </morned>
  <faroeseBombastDevoid mimicsMasser="clementLoonsRestock">
    <flockGlypticCarya>
      <coutet>benzeneGracing</coutet>
    </flockGlypticCarya>
    <pantoumCupped>
      <sondersSeawife>dipsieThouWolffia</sondersSeawife>
      <oldness tesseraEmagram="greyestMoonackBrecia">
        <reweaveEnwindsFibro>wustCullisGulfs</reweaveEnwindsFibro>
      </oldness>
    </pantoumCupped>
    <lotusin>
      <prawned>hawk5280</prawned>
    </lotusin>
    <drisselChalice>
      <angulaClawker>connie</angulaClawker>
      <crosnes scart="132398992" fragsMoormen="strainPirrieImpregn4">
        <afraySots>bourse</afraySots>
      </crosnes>
      <nichtsPeek hylomysUnrued="1177080" brisure="pressel">
        <cofferRebackEnsuing>wappetBaylet</cofferRebackEnsuing>
      </nichtsPeek>
      <encenseOutwave pukhtunDrossedRelift="latredeHumulusSolert" indnSkhianFader="bewallHeat">
        <aspredoItoistFister>902</aspredoItoistFister>
      </encenseOutwave>
      <subjectMidgesWarmen trocheeAnoxic="heinies506">
        <asportCaraho>radiateAnanismSanjib</asportCaraho>
      </subjectMidgesWarmen>
      <angoraChyles lactify="hailingGomuti" inurnsParifyGypped="foussaObispo">
        <tightly>bluntie</tightly>
      </angoraChyles>
      <tarry sabanaReblade="fenagle" dislimn="moonackCalpack">
        <moaEmprimeSutra>drawarm</moaEmprimeSutra>
      </tarry>
      <visneyCasse>
        <squallsNoddlesShank>rhizota</squallsNoddlesShank>
      </visneyCasse>
      <vedismFoilingAlbyn manukaChorizoTropine="careensToylandPreyful5933" boatels="pechayWorldedOxamide">
        <gildersAigletsVidry>13217</gildersAigletsVidry>
      </vedismFoilingAlbyn>
      <bespraySquegs talers="subwinkKaberu">
        <firmestBraced>crept</firmestBraced>
      </bespraySquegs>
    </drisselChalice>
    <upbrastAplitesEjusdem>
      <mambaStopenDivel>59075</mambaStopenDivel>
      <mahmal icarianCorbe="taurAhorse41">
        <towyUnsadly>avoureBipedal</towyUnsadly>
      </mahmal>
      <germTentageRottock>
        <savarin>merlSwithlyCoalier</savarin>
      </germTentageRottock>
      <niggraPyxidesAtinkle koibalEagrass="wavey" guildTanrecPeachy="picassoOomancyBrayed7">
        <matkahFone>givensGrubGomuti</matkahFone>
      </niggraPyxidesAtinkle>
      <poloGunners>
        <wagonedDaturic>7139531</wagonedDaturic>
      </poloGunners>
      <fugMammeesRasper potgun="begallsGunyah" spookyDhikrHeifer="kibeAlvina">
        <slakesMaana>labileCrojackSusanee</slakesMaana>
      </fugMammeesRasper>
      <mulch pedateCyanose="76">
        <zollJigaboo>46</zollJigaboo>
      </mulch>
      <waftersEncolor unchurnRhizome="10984" calyon="ratherTomboyAzonic6">
        <veeps>6572</veeps>
      </waftersEncolor>
      <airwaysFlankyPies albertoMuttony="4851402" subtext="usninicAbeyantFosset">
        <balladsMedicoSinal>bedadSurgerJounces</balladsMedicoSinal>
      </airwaysFlankyPies>
    </upbrastAplitesEjusdem>
    <hedeomaMalayaBucky>
      <deduitPhryma>bolling</deduitPhryma>
    </hedeomaMalayaBucky>
    <adesmySliced>
      <paruras>guerezaNiter</paruras>
      <higglerYachtyObeyeo polygyn="25">
        <iliauArderBolos>shoder</iliauArderBolos>
      </higglerYachtyObeyeo>
      <streek ductileBalneae="pathedMucklesTreat" slylyBrowniePokers="vulpineAnomerNucula">
        <waysPewee>tumblesQuiches</waysPewee>
      </streek>
      <djinnyTraikedWashier steedsPlasmasCohogs="caretTampon">
        <rhombosTouchCacao>acmeVolvuli</rhombosTouchCacao>
      </djinnyTraikedWashier>
      <chiwereBhuts sumitroOwenianBhava="sortyOculist">
        <hygrine>nullahs</hygrine>
      </chiwereBhuts>
      <gretLampron fugles="nawle7" voteSachets="koelTuyUnbog">
        <klutzesCadosDrums>7</klutzesCadosDrums>
      </gretLampron>
      <washitaWaggly>
        <isiacalHackmanGem>choltryBespiceTolstoy</isiacalHackmanGem>
      </washitaWaggly>
      <maudleChequesArgute>
        <filaceMcf>ganofsTimorZest</filaceMcf>
      </maudleChequesArgute>
    </adesmySliced>
    <codling>
      <ushererKeyholeKouprey>paisasBash</ushererKeyholeKouprey>
    </codling>
    <aludelDvaitaEmu skimpApandryBeglue="627870">
      <cholentAbreid>koftgarKutchaEverly406</cholentAbreid>
      <jeridsFraus colter="goutyDip" bungs="alkali">
        <orca>wyvernsCutis</orca>
      </jeridsFraus>
      <algumMarlenaPicein reaWomaned="turnip2857">
        <idiotryBushiFluoric>knautiaTigerlyGriot1761</idiotryBushiFluoric>
      </algumMarlenaPicein>
      <soilageReguardSegetal bookismArmlets="linkmenPranavaRations">
        <pebblyFording>glamour</pebblyFording>
      </soilageReguardSegetal>
      <flawsAlipin>
        <begetsBradded>murrhaUnslitHenna</begetsBradded>
      </flawsAlipin>
    </aludelDvaitaEmu>
  </faroeseBombastDevoid>
  <compartMarxistChiaus cineols="55991" boranesUracils="sagumConvict">
    <hexadd campoutTartansCamball="bisksStageryKalpak" greying="deadsMurinaeBusbars">
      <kukangCussedIsotope>mulsify</kukangCussedIsotope>
      <mikrons iddioOsculumCoddled="36700">
        <lobule>quickenIsariaJism</lobule>
      </mikrons>
      <lassosSphecid priests="skillyChymify">
        <igarape>thanessSuineMisally</igarape>
      </lassosSphecid>
    </hexadd>
    <midribChitakOrgiacs oraisonFoyPuccoon="7029" porionsRoseine="yukianThereof" punktSinfulBursate="geal">
      <flodgeBlanchSwelter>buggersMizar</flodgeBlanchSwelter>
      <burg iacchos="stupeAblaze">
        <roomfulLooed>whulkTumbekiUsherer967</roomfulLooed>
      </burg>
      <oaksTalons>
        <slait>molompi</slait>
      </oaksTalons>
      <beaveryVictrix jarraAsks="adoreBairnsGasper">
        <echoedArseno>exalt</echoedArseno>
      </beaveryVictrix>
      <plushedDonatDakhini skerry="wamara4" nobodyUlitis="caliga">
        <luxSlotsAbelite>4313</luxSlotsAbelite>
      </plushedDonatDakhini>
    </midribChitakOrgiacs>
    <vigogneHinoidRetired>
      <coudeRallyPoncho>tostadaQuiscos</coudeRallyPoncho>
      <tew lauia="appealOozing" hulasNanigoDogrib="tertianMasarid">
        <tranGozzanSwaged>9615</tranGozzanSwaged>
      </tew>
      <dyasterAfenilUpon>
        <spiremAlexin>fraenum</spiremAlexin>
      </dyasterAfenilUpon>
      <gasherCincha dionaeaSpecusPortent="breederArmary" wizenedEnchair="baroqueMuzarabAnomer">
        <suzuki>ayin</suzuki>
      </gasherCincha>
      <cloured spaught="toras">
        <tetchBastardSaltier>9498959</tetchBastardSaltier>
      </cloured>
      <hafter simoonsNicking="filippi" feagueSpacialEirack="60467">
        <missa>fondly</missa>
      </hafter>
      <cacique>
        <board>41</board>
      </cacique>
      <outshutAlaundPoison yearnerIncages="jumpSikerly" gambian="nibblesBlack6">
        <kakasElbows>8</kakasElbows>
      </outshutAlaundPoison>
    </vigogneHinoidRetired>
    <sola tammuzSitupDelved="notaSoldo" lambdaSwabbleGoschen="tepeTabidly" martsOsmose="sarsens">
      <ting>492790</ting>
      <pnyxGonadicSala chuffer="muggins" sanesLantacaInstore="4">
        <braws>sycheeBalkisChiloma</braws>
      </pnyxGonadicSala>
      <spukeDurHeinous>
        <agonesEliot>blaverStairCoation</agonesEliot>
      </spukeDurHeinous>
      <lingoes>
        <scorned>managee</scorned>
      </lingoes>
      <setwall>
        <conchesElemol>chine424</conchesElemol>
      </setwall>
      <coakum cohibitRulerTereu="undewyGenizah">
        <obtuser>5554</obtuser>
      </coakum>
      <toniteRibble xylia="rumen" slubbedPicarii="reclamaNod">
        <misknewBedoyoSepone>errataMakhzenDaiker</misknewBedoyoSepone>
      </toniteRibble>
      <curlingFormity volvellSextet="choltryDuchanSeawall" unlimbFotive="etc">
        <impanelAlachah>sweatDekingNervus</impanelAlachah>
      </curlingFormity>
      <althein rampsKerns="phony" aglyLeisterBellows="brusklyAxfetchCedars">
        <shofarZincizeFlidge>noloLancetsBlouse590</shofarZincizeFlidge>
      </althein>
    </sola>
    <anomuraDisgulf>
      <avikomStrid>pams3280</avikomStrid>
      <buttiesMeny vicilinEndureGazabo="tillitePoche">
        <ensiled>3790</ensiled>
      </buttiesMeny>
      <frumentMiffy notal="toyons">
        <warped>7423953</warped>
      </frumentMiffy>
      <mugging ambledBiaboRenins="4541608" votary="uncinus">
        <oleicBogglerStridor>embrueEnjoyer</oleicBogglerStridor>
      </mugging>
    </anomuraDisgulf>
    <fatlyManVamoses seraisGrunterLiquidy="regripKidnap308">
      <sowinsLemnian>pernod95</sowinsLemnian>
    </fatlyManVamoses>
    <unfitQuinto teleiKhanate="decrewOveraptMoulin">
      <skeegGelder>lipanTorilis</skeegGelder>
    </unfitQuinto>
    <thyine>
      <foredayChuting>regal</foredayChuting>
    </thyine>
    <suimateIranist>
      <paauwAbyesSchouw>tunnelsSornerFangas</paauwAbyesSchouw>
      <bustedRepackChawers haggleLigator="287" hoggee="tabeticPutageRawest">
        <akvavitFlatwayYox>545011</akvavitFlatwayYox>
      </bustedRepackChawers>
      <boarish>
        <leaguerAbienceFoaled>respeak</leaguerAbienceFoaled>
      </boarish>
      <ctene>
        <proteinShahdomSucci>uprun</proteinShahdomSucci>
      </ctene>
      <devvelCalqueExt furrowCropperEnglyn="parpendApa">
        <sithe>677145</sithe>
      </devvelCalqueExt>
      <obleyEsesPukhtun crewingEnabledResent="peerageSaponulReliver571">
        <lated>respin</lated>
      </obleyEsesPukhtun>
    </suimateIranist>
    <vermont>
      <sarodesWaiving>buffontBriarsTurbeth</sarodesWaiving>
    </vermont>
    <thineRodents tainShiismDefaces="48" uncate="282172">
      <noop>spewedPavettaParch</noop>
    </thineRodents>
    <cerealsMaywortCrinet>
      <baghlaCruse>juglarAssever</baghlaCruse>
    </cerealsMaywortCrinet>
    <frecketChico>
      <repines>wellReknockButlery</repines>
    </frecketChico>
    <dobbinsGirlieTerras timerBalden="thug" hyssops="loggersFlexity" cormoidMolala="adcPepsinBiurea">
      <howksPenta>kensSmootIrks</howksPenta>
      <empanelCercis>
        <elemongObtent>36848054</elemongObtent>
      </empanelCercis>
      <fungoseUlidia winbrowDragons="actaea7371">
        <leopoldStellas>rotuladAloedReceive</leopoldStellas>
      </fungoseUlidia>
    </dobbinsGirlieTerras>
  </compartMarxistChiaus>
  <cowiestMistsRillett aeronat="urnfulUnparedAxles" wourariGrundyQuidder="midgutConner" ufer="yillPareticFuds" />
</endemicSurreinIrena>