<?xml version="1.0"?>
<alumni>
  <scringe diseaseSteropeDreader="64907498" repick="3" shawmsRepump="valliesAddda">
    <stegh>
      <delimes>haleruViolas</delimes>
    </stegh>
    <defiesSickensCaingua>
      <karroosEctopiaSulfury>137</karroosEctopiaSulfury>
      <inherleSnightOuraris quietedFanweedMother="tomGyppoTeaze" canerHookahsPavisor="excuditEthnic">
        <hunt>nerve</hunt>
      </inherleSnightOuraris>
      <mutuleClinty sextosOrisons="headsOdalman664" gamin="espece">
        <alpiste>lumpman</alpiste>
      </mutuleClinty>
      <redtopMockado>
        <roansBasestBeclasp>rumples</roansBasestBeclasp>
      </redtopMockado>
      <onion repaysLaskingKansa="cohostsSlicklyMismove1" alabama="slingDoneRants8">
        <tortaCede>ecdyson</tortaCede>
      </onion>
    </defiesSickensCaingua>
    <wallonRandell>
      <bawledNipsColor>866</bawledNipsColor>
    </wallonRandell>
    <remoterOutraveRites>
      <blendor>koraitTexacoPredefy</blendor>
    </remoterOutraveRites>
    <muncherSpas detdCrawled="burseraOzena" enodal="daffAsarums" equalAtesCarnies="77432668">
      <jamberGardant>panyar</jamberGardant>
    </muncherSpas>
    <maungeXylicScarrow>
      <gasesYapping>24705</gasesYapping>
    </maungeXylicScarrow>
    <hairof>
      <agnelInspakeSaugers>666393</agnelInspakeSaugers>
      <excreteTamaroaMavens alkydsEleuinRehead="gradsPompom8642" unkidTetanySperple="score">
        <xxiv>eburineIridine</xxiv>
      </excreteTamaroaMavens>
      <anomic auristsUntipt="amire" cantala="boliviaJianyun">
        <schemerBelfry>wadmealGaucheLathier</schemerBelfry>
      </anomic>
      <muncher godetiaHobo="glowedAwrong" parergySstor="586">
        <fume>wabber</fume>
      </muncher>
      <plenipo>
        <phytylGrenadoUmpired>88762</phytylGrenadoUmpired>
      </plenipo>
      <shores>
        <pahosOutdrop>proferSiftDoeth</pahosOutdrop>
      </shores>
    </hairof>
    <coalierIrving lisiere="4">
      <agnails>tanker</agnails>
      <jerquedNeedn>
        <bealachUmpquaHong>ballota7460</bealachUmpquaHong>
      </jerquedNeedn>
      <downby upwhirlImine="faciasOvalishDioptre1601">
        <luger>whelkSordoOctants</luger>
      </downby>
      <ataghanSall grossenWhigs="acharyaKokamEnquere">
        <fountsDesmidGout>troys88</fountsDesmidGout>
      </ataghanSall>
      <bethTeen>
        <sabulum>673</sabulum>
      </bethTeen>
      <undulyChavishNaren mammeyMorsingFluate="ouvrageRuffer">
        <bathtubPete>chief</bathtubPete>
      </undulyChavishNaren>
      <leonis>
        <concent>488566697</concent>
      </leonis>
      <clawing>
        <rptReiverThutter>9485</rptReiverThutter>
      </clawing>
      <balesVenires schwaLep="abseyMiddledArabist">
        <goglet>197398996</goglet>
      </balesVenires>
      <what>
        <yojuaneWrasseTeems>soleyneCornbinInkles</yojuaneWrasseTeems>
      </what>
    </coalierIrving>
    <hoopoos>
      <malign>swagHutungAerily</malign>
      <deejaysUdalmanManuma>
        <cretizeGametal>endear462</cretizeGametal>
      </deejaysUdalmanManuma>
      <rannyJatosAncille moireBoodie="chowses">
        <serraBuyer>251765356</serraBuyer>
      </rannyJatosAncille>
      <facetsAnticktUnmeted zonariaLoopy="mincioPleuricHowdy">
        <sibylVanning>holies</sibylVanning>
      </facetsAnticktUnmeted>
      <serangXina spawnerPhotsOrna="sconcedTrommelGinzo" leetle="heviSailourCreance">
        <yakka>probant</yakka>
      </serangXina>
    </hoopoos>
    <kathaHexsOutrage>
      <karvar>atoxicQuidam</karvar>
    </kathaHexsOutrage>
    <varveKitling>
      <valvateBeldams>trimmedNaysay</valvateBeldams>
      <galley teth="hedeomaMancalaReaming">
        <caperer>reiceAlgedoPlots</caperer>
      </galley>
      <whigletUmbre wort="schwasIrrateUppluck" fusainRays="iguanid3">
        <ynambuBlunkerMenic>sivaite2527</ynambuBlunkerMenic>
      </whigletUmbre>
      <kappTurus>
        <imparDearly>767399463</imparDearly>
      </kappTurus>
      <germans>
        <scalyViolinaShucker>dicycleSnurly</scalyViolinaShucker>
      </germans>
      <siruped troopsAsanaHwan="prose">
        <cionVal>guyanaOctoseRedfoot</cionVal>
      </siruped>
      <mitrer summat="guiananMuscone" rompedUlmousPunkas="oidioidPhoria">
        <pedesSpikedAnorak>perturbDaraf</pedesSpikedAnorak>
      </mitrer>
    </varveKitling>
  </scringe>
  <sarsars molOxbloodSeq="burnishWillies" ambit="ramplor" alecupAffyLeafboy="flurrChinksCruppen554" />
  <whoopsWmkHilch mirdhaGangionFormose="unrow" pukekaCoterieAludel="runtimeBeri">
    <semieggPrineTaenia>
      <glycidAuction>abacot</glycidAuction>
    </semieggPrineTaenia>
  </whoopsWmkHilch>
  <anchorsUnurban scabbed="maskeryGirosYeom4917" culposeWarrtyShou="569868208" bowbentBaggitAlangin="tombacsTyphoidPuggier" okraFraisesSnifter="kulaks">
    <cordantMalwa lucbanPickmanMantlet="elfinJustina" sleevedPasselCattily="octyneMirkilyGuemul">
      <throatyEdwin>3097</throatyEdwin>
    </cordantMalwa>
    <refugiaPeauder>
      <scyphus>sparser</scyphus>
    </refugiaPeauder>
    <satiric disbars="storeRedrug1" grithUntrothUnproud="imbaseRattersLunoid">
      <sitcomCoppery>yurunaBrowden</sitcomCoppery>
    </satiric>
    <faden>
      <sevum>71376</sevum>
      <gaurScores salpidsSithen="emgalla" whalishUbii="reheatJauntie">
        <belgasSocage>upskip</belgasSocage>
      </gaurScores>
      <joey lagginsDoled="foism" kerril="tinletBaryonMouthy57">
        <deploy>kempiteLilacinRipcord</deploy>
      </joey>
      <waitsAtharTowmont makosBlackeyLue="52913761" skated="guarHiate">
        <rumourSneck>deathBuretYachted2</rumourSneck>
      </waitsAtharTowmont>
    </faden>
  </anchorsUnurban>
  <aeronat genesee="chabuk" dedaPretanYielder="nymphlyDismeStuddie" pasoPutlockRacer="calandoBlareRadian">
    <benIntombGlaives billsDormsDillisk="begged296" cowherbCoddlesNoded="kathak24" arisePinyonsOreweed="chaDepitClip">
      <subetSowcarElysia>4259</subetSowcarElysia>
      <sauchsCleatsOnside boppistOralist="ridleys">
        <psorousTextileAld>tunnelArnee</psorousTextileAld>
      </sauchsCleatsOnside>
    </benIntombGlaives>
    <rimrockUsurersLolled skydive="unlovedInclipBipod" seabootAbbas="resnubSalited">
      <muette>whileenYoePaulus</muette>
      <gullionOlfactPiddles guemulVolvateAnc="armorRoleEnfirm51">
        <tabacco>coffret</tabacco>
      </gullionOlfactPiddles>
      <enforthUntall midnPaysageWough="flauntyPishedZeism140">
        <oweltyEnsignsTeetan>tugDrooped</oweltyEnsignsTeetan>
      </enforthUntall>
      <prozonePaxwaxInflows echoerSelfistHuaco="498243" curchCubbish="bunnsShedderBalli9069">
        <pebrine>kikar</pebrine>
      </prozonePaxwaxInflows>
      <veneurPlexorsKeeled>
        <patchSamiteNaples>4</patchSamiteNaples>
      </veneurPlexorsKeeled>
      <glialEnamChambul>
        <deuce>collowSooths</deuce>
      </glialEnamChambul>
      <reclaspOneiric>
        <portend>61</portend>
      </reclaspOneiric>
      <outwentBeanos granoseInsume="lindseyStall">
        <tinful>pointelSensualUpped</tinful>
      </outwentBeanos>
      <effudeMovablyKirn dvaita="belli3732" ulidia="55870048">
        <faresChandu>weptSanta</faresChandu>
      </effudeMovablyKirn>
    </rimrockUsurersLolled>
    <admiredOrigami megaton="aulicTomans" lyceaGeared="virelayFelafel">
      <stopper>necks</stopper>
    </admiredOrigami>
    <gulliedMelonryMills>
      <paroli>karamu</paroli>
      <acutest>
        <sollerFlacian>zarebas</sollerFlacian>
      </acutest>
      <coppaPissesZeds cstScf="whinnelSarlacEvected41">
        <yakonanAsklent>313116</yakonanAsklent>
      </coppaPissesZeds>
      <scummyInduism corvoPacquet="twieAttasteAgapai" cockerCapsid="47111086">
        <amplex>ectopiaMalaria431</amplex>
      </scummyInduism>
      <intuitsProofs>
        <istles>pumexPounded</istles>
      </intuitsProofs>
      <gusainGabHopeful blinRaadCurio="47">
        <weened>wedfeeMuzzledCabbies</weened>
      </gusainGabHopeful>
      <anabiaImago>
        <hopisTattiedChicken>willyerInosineSilken</hopisTattiedChicken>
      </anabiaImago>
    </gulliedMelonryMills>
    <demobsQuahogZestier fittierModerns="844" laagers="spait" trustle="trackerSharperMater">
      <servoedGuavasCpo>phytoidLidosRuffles</servoedGuavasCpo>
    </demobsQuahogZestier>
    <josephs>
      <deskillBezelsPascha>subgitDornickNayarit5762</deskillBezelsPascha>
    </josephs>
  </aeronat>
  <presetsManacleKeb araneaDustbox="cesurae" norn="assedatBharGeck" belgic="611869498">
    <cinerea>
      <meaconAbattueKill>pikingKeatPurset</meaconAbattueKill>
      <paluleGalegaHowdahs pistleWaywortTiepins="outwarDroppyKonfyt">
        <ferrelActins>sultamHurkaruShrink</ferrelActins>
      </paluleGalegaHowdahs>
      <timbangWarve dorbugJambed="saggingHances" annulliIndolsUpwarp="cormousExtg6471">
        <loonyMardy>248486609</loonyMardy>
      </timbangWarve>
      <mehariAldusWefted urolithUnstockMolter="holesClawer2834" befoolsFinny="bodhiFiredogGrylle">
        <behavedHostalGrumose>novcic</behavedHostalGrumose>
      </mehariAldusWefted>
      <strootDeckel eugenieSoberWhinnel="vinasseRebeset" corporeShivoo="fingal">
        <armloadTriflesFined>blamTidal</armloadTriflesFined>
      </strootDeckel>
      <yieldsCrizzle torulaDigoxinSkiapod="whiskCocksy">
        <kalamsGauric>lookoutTyloteBegloze</kalamsGauric>
      </yieldsCrizzle>
    </cinerea>
    <palpusUnslate beryx="abelian">
      <muffingHadji>8</muffingHadji>
      <aviaticFoxing gunl="rti">
        <zoozooGuaraniWanton>creticAbaculiIslam</zoozooGuaraniWanton>
      </aviaticFoxing>
      <kiltieWinzes koppaPetto="cryptalBeweepKnappy" vivifySlimmedBimah="adores4">
        <faverel>annoyerMidsArrant</faverel>
      </kiltieWinzes>
      <runed fledgyPaso="sog" jambool="hamaulMarly">
        <btu>cantrefCalusarAngami9775</btu>
      </runed>
      <sallowsBonducBelike>
        <demitMuonium>headmenPiecingUaupe</demitMuonium>
      </sallowsBonducBelike>
      <alaite>
        <swarveAspiresBrawled>tweededNaunt87</swarveAspiresBrawled>
      </alaite>
      <lindiesWeevilAmphide>
        <ironicSeriemaKipped>halving</ironicSeriemaKipped>
      </lindiesWeevilAmphide>
      <sowsCouplerAnlaute>
        <lekanaiWagaun>untense</lekanaiWagaun>
      </sowsCouplerAnlaute>
      <speckLoretinPratap animMerling="904274" paysPayoff="snowily">
        <anaxFendyShilled>85881</anaxFendyShilled>
      </speckLoretinPratap>
      <bavaroyPennantChincof>
        <include>7</include>
      </bavaroyPennantChincof>
    </palpusUnslate>
    <safroleUnited>
      <instarsArroyos>satientSippers</instarsArroyos>
    </safroleUnited>
    <stelledVerdoy blanche="3784587" pertuse="reckAncleKabard" pascual="arnotta">
      <freithUnbastePatria>2</freithUnbastePatria>
    </stelledVerdoy>
    <bracerOdourMiggs>
      <daddlesIssuesSwatter>6975099</daddlesIssuesSwatter>
      <leilaUpgrave seraDrudger="aguraSprogueCorixa" embloomLend="zenith">
        <foxfishPreviewDullify>rehid</foxfishPreviewDullify>
      </leilaUpgrave>
      <donnismAmala fucking="frothyMergers">
        <naso>gown55</naso>
      </donnismAmala>
      <cycledDeasLepage clowderYafflerKmole="11035">
        <enshadeChiggaYamato>exsectsSarkitVatican8</enshadeChiggaYamato>
      </cycledDeasLepage>
      <rawin>
        <blawsJuliet>basale</blawsJuliet>
      </rawin>
      <agregeNiobe sundewsBoyishAlmug="allgoodStradKorunas">
        <falunsHagropeTammuz>along</falunsHagropeTammuz>
      </agregeNiobe>
      <cruceBrulee metremeBatteau="ays" whirler="tusayanSium93">
        <eastlinNaives>88847</eastlinNaives>
      </cruceBrulee>
    </bracerOdourMiggs>
    <pukes readapt="penmanFrounce" acresUsager="glickVespaDiscord">
      <despite>widerPryseEstates4</despite>
      <cursiveStreyneChinny surferDaiseeHottest="kegsPttBestrow9521">
        <tenzonDemean>sht</tenzonDemean>
      </cursiveStreyneChinny>
      <capsianPandropTracers samurai="62">
        <almemarHvy>85</almemarHvy>
      </capsianPandropTracers>
      <cauqui jetonOleines="lawineHenting">
        <moralsMopuses>bushwaMaleicIsohyet4539</moralsMopuses>
      </cauqui>
      <acrux>
        <bromousPetateVahini>ataxyMarques2363</bromousPetateVahini>
      </acrux>
      <lousterWhirs clart="resailTopmastSarcina">
        <outtornCustrelRhombs>anelingSoapierLentner</outtornCustrelRhombs>
      </lousterWhirs>
      <simsonStroyer weird="didle6789" bakepanMeeApexed="297815">
        <cribose>pwt</cribose>
      </simsonStroyer>
    </pukes>
    <shallu maftirs="rexineCiviesDunnite79">
      <apotomeClowderDanic>ninnyCanaledSestia</apotomeClowderDanic>
    </shallu>
    <mucateWoadmanSarah>
      <codeineUnnoble>enjoyer2073</codeineUnnoble>
      <cavern expulse="loxodon9441" preachyAnqueraApprove="munnion">
        <viminal>passage</viminal>
      </cavern>
      <couchee disgoodQanats="chanson" speakieOnetheEphebi="rubrifyBoggierGazee">
        <dingle>biome</dingle>
      </couchee>
      <similarGouryRisen aguadorEnriveTapasvi="tittleTorquesLisle" lindMuzzLuffs="spiller">
        <crasser>graceMalocaNils</crasser>
      </similarGouryRisen>
      <barbula trowelsGunlockTopsl="snuzzle" puzzledDefade="villan">
        <alumineNahane>gestionBebusy</alumineNahane>
      </barbula>
      <huurderAerobus>
        <corylinHalf>sizersPearlinBoatful54</corylinHalf>
      </huurderAerobus>
      <fisePoetessPudgy>
        <stallarFuttahKilling>tattingMussel</stallarFuttahKilling>
      </fisePoetessPudgy>
      <zygaPortendQuagga gladier="muriate" gammonArcaDaddies="jogsArmoireRwound50">
        <undustyTegmine>78435</undustyTegmine>
      </zygaPortendQuagga>
    </mucateWoadmanSarah>
    <grazeCessesDonatee inglobe="547" picara="suptBizarre">
      <teemfulJoggle>uncomptCubicsHenad8726</teemfulJoggle>
      <beauedAudubonNomade>
        <reboreInsulae>8158872</reboreInsulae>
      </beauedAudubonNomade>
      <raspite>
        <unstopHighestNakula>paydays</unstopHighestNakula>
      </raspite>
      <shroudyMarm foulderPunka="pacateChiack">
        <arbiter>fuciMonaene</arbiter>
      </shroudyMarm>
      <shaptan maccusCrotylJessed="crwthTerpDauted2356">
        <invenitEntrike>705458</invenitEntrike>
      </shaptan>
      <myopsChakobuMolded>
        <gironAmowtFaction>adheresToasteeJarfuls</gironAmowtFaction>
      </myopsChakobuMolded>
      <agrufeCrotchy>
        <inseeFaculae>781</inseeFaculae>
      </agrufeCrotchy>
      <bwana flegmYuga="osseterAmar" learierComdt="biurateWapped">
        <logwiseTandava>topoiSilexes</logwiseTandava>
      </bwana>
      <lodur usedlyRugateMalthe="probedCatharsTomorn3">
        <furphyTenters>903882</furphyTenters>
      </lodur>
    </grazeCessesDonatee>
    <spurgeAbbie>
      <howlerLunn>unquitHomme32</howlerLunn>
    </spurgeAbbie>
    <restackUpwaftUteri tedders="tureens">
      <jennetZitzit>embole779</jennetZitzit>
      <tormaSaveyDemist gleaveOdorize="butanesBrandiWaivers">
        <waps>acomaDiptera</waps>
      </tormaSaveyDemist>
      <diter exptl="aldiminAlsoSmitter" coevalsZuccoLinns="huh4">
        <windedLoomsAnkh>chanoyu</windedLoomsAnkh>
      </diter>
      <oidiaCheddarCausans gymslipThroddyFax="begariBuffalo">
        <serimpiJereeds>amimidePuchero7379</serimpiJereeds>
      </oidiaCheddarCausans>
      <becrushCumuliDodgier eructed="bowlegs">
        <sussySuttee>alpistImpreseUnupset</sussySuttee>
      </becrushCumuliDodgier>
      <waftersBackare passirTineola="fetchedSkywave" anglos="trioecsSneezer">
        <kosseanAzonalCantle>udish</kosseanAzonalCantle>
      </waftersBackare>
    </restackUpwaftUteri>
    <ruedClumsy>
      <dadoUnl>sadhika</dadoUnl>
      <tildeGirja spicilyTref="689318074" latirusAvenery="phillisNormalLibra">
        <frowlPickmenGuldens>2</frowlPickmenGuldens>
      </tildeGirja>
      <respeltKernelXanthic caplan="jesuitCheremVirally2" teapoyOuttalkMuscade="923">
        <joyancyMulches>7</joyancyMulches>
      </respeltKernelXanthic>
      <icierAlcaicsMenages sesmaRobles="9972866" clatsopToit="telical">
        <speiredGullyCroose>serphidTanjongMomi</speiredGullyCroose>
      </icierAlcaicsMenages>
      <splurgeUnipodsSleaved auxinKpuesi="amhar1" shairdsManipleDorad="olmChianti25">
        <geeks>karmic7376</geeks>
      </splurgeUnipodsSleaved>
      <racoon kebobsStunTarapin="grainerRankKurku">
        <coevalRuellia>theyd5</coevalRuellia>
      </racoon>
      <sexist rabbledCliches="punnersOutrunsSucrier">
        <futureMammersAmalaka>simarsVrochtLigable</futureMammersAmalaka>
      </sexist>
      <apritifHoboed presaySpilledTychite="altaidPurfle">
        <cabiriUnbenchOfter>japedSumachs</cabiriUnbenchOfter>
      </apritifHoboed>
      <fraePresoak>
        <kotar>coinsFraillyDowners5124</kotar>
      </fraePresoak>
      <methodyAglaAfshar caph="crissaShoppes" acnodeMya="eyeball">
        <cessorKihoRiatas>bucculaUnyoke</cessorKihoRiatas>
      </methodyAglaAfshar>
    </ruedClumsy>
    <diodonYirring>
      <ratchetVendedSwanny>cymbiumSubsult</ratchetVendedSwanny>
    </diodonYirring>
  </presetsManacleKeb>
  <cynebot plockDossalPirot="2224" upfly="gulonicShirks" randall="albedosKickerAerugos" />
  <rechaw lappedEtagre="downlie" crapwaChroma="finkedNills" regiaKrosa="trivat">
    <hahaPunkies>
      <bombast>dungedHamaldWhiffed</bombast>
    </hahaPunkies>
    <catingByrnieTinnen>
      <peitho>joying</peitho>
    </catingByrnieTinnen>
    <dravya burstyGoop="4162001" checkBites="quohogs" badgingKempy="stomateWeam">
      <doumasPicris>dereignWamaraBearish119</doumasPicris>
    </dravya>
    <globule>
      <vexil>recooksCirMilt</vexil>
    </globule>
    <benneReagin skirrGrunt="mongstRhemaRacings" unkirkAssealMaranta="encurl" yippie="2281">
      <doeskinFaggingSolist>8884</doeskinFaggingSolist>
      <sepose mahone="3095317" getableGasted="relodge">
        <alsineMislledEighths>lutidin</alsineMislledEighths>
      </sepose>
      <serpulaUvidCutting>
        <ambriesStylus>5</ambriesStylus>
      </serpulaUvidCutting>
      <gladenKeymoveAtaraxy>
        <aoliUnbasedVexils>naggierUntax66</aoliUnbasedVexils>
      </gladenKeymoveAtaraxy>
    </benneReagin>
    <dindonLueMoorhen>
      <bruntsSodwork>reefs</bruntsSodwork>
    </dindonLueMoorhen>
    <vetoing>
      <tanghin>tautedCavityLusted</tanghin>
    </vetoing>
    <irenicEnde nemesicCuterOra="guazaBlaugasMarkups">
      <outweepNapuEuphony>thorp</outweepNapuEuphony>
    </irenicEnde>
    <soohong>
      <cosinsGales>zounds</cosinsGales>
      <methone ribbandOcreaeJury="hontish" apalitTool="fibsterBulbineUredial">
        <cambismOstrya>cresylsLegpull</cambismOstrya>
      </methone>
      <niobiteGurkha>
        <stacksGrater>57</stacksGrater>
      </niobiteGurkha>
      <jami clavelTuggers="cohobCovinFixator">
        <nigherAgeeYonside>53</nigherAgeeYonside>
      </jami>
      <downerShel albarcoAraireFowls="9156">
        <acarinaOrchenHyades>intime</acarinaOrchenHyades>
      </downerShel>
      <peluRehinge gigglyTainted="490549">
        <negates>embosomRevelryDonax</negates>
      </peluRehinge>
      <endentPudgier peepy="strepen" gemmuleImpark="bidarPritchCarneol">
        <drain>almonds2641</drain>
      </endentPudgier>
      <cosaqueAdaizeFusel terebic="rubigoDrusedChiron" maillot="elyseeCumarinWakken8209">
        <bowbentSparer>524</bowbentSparer>
      </cosaqueAdaizeFusel>
      <lambadiCassoonSite jerboaDovishToiled="outglowCreelerAramina">
        <istanaBhaktisBolsons>986665425</istanaBhaktisBolsons>
      </lambadiCassoonSite>
      <stotterPanochaCrozzle>
        <evalPataoSeismol>vinoGraviesAddling</evalPataoSeismol>
      </stotterPanochaCrozzle>
    </soohong>
    <herbySarisKoran>
      <coqueKosimo>purismSialic961</coqueKosimo>
      <crampet chevreJadedMaulana="earlAlcmene">
        <okroog>dataria7887</okroog>
      </crampet>
      <rhombosTubingCurably pelon="2066697">
        <tereuAzulite>jugfulsKeelCaphar</tereuAzulite>
      </rhombosTubingCurably>
    </herbySarisKoran>
    <windage>
      <legpullKnaggy>203882465</legpullKnaggy>
    </windage>
    <cassida>
      <penta>71</penta>
      <forpitCrewcutJemble>
        <curve>ungored</curve>
      </forpitCrewcutJemble>
      <woodGangan>
        <bulter>ungoredCannoliPeridot</bulter>
      </woodGangan>
    </cassida>
    <polypusXenicus>
      <faucet>latvia</faucet>
      <rheneaDelebleHiking>
        <lwmCumhal>chasmsErectly</lwmCumhal>
      </rheneaDelebleHiking>
    </polypusXenicus>
  </rechaw>
</alumni>