<?xml version="1.0"?>
<anilide>
  <sacks>
    <otyak>
      <eleanorWealths>grossly</eleanorWealths>
    </otyak>
    <bacheUnornly electroHikesOsmund="monsoniUnfixtCatjang">
      <bedouin>7100623</bedouin>
    </bacheUnornly>
    <tubiferSennits>
      <hepaticAmpulBelock>ethenicAvoutry</hepaticAmpulBelock>
    </tubiferSennits>
    <embacleOogone>
      <jampani>amoraicStichoiCajuela</jampani>
    </embacleOogone>
    <fraterySocketLeave miocene="burdashComae" rafterEnlinkUnrent="khedahsPorkeryThrusts">
      <zymogenDebutsCervine>cedronSozolic</zymogenDebutsCervine>
      <unready crudelyMgtStatist="intortVitryFilly" fonoDidymis="enhance">
        <mapped>loupenClusiaFustics</mapped>
      </unready>
      <weenedJacalMaros pepperMoralerKaraoke="buckassByninGlenoid">
        <bail>ronnelsGurgedBypaths476</bail>
      </weenedJacalMaros>
      <calicheTeedleDiazide>
        <rhymicLaresMaux>excitorTilikumOvoids</rhymicLaresMaux>
      </calicheTeedleDiazide>
      <lacrymBackrunFgrid maracan="soorawn">
        <takethDiactin>siamang</takethDiactin>
      </lacrymBackrunFgrid>
      <hummersAnesTeel derive="gauffreByplaceRetramp">
        <leangle>muffyMaltaLodha</leangle>
      </hummersAnesTeel>
      <tokamak>
        <seeingJawing>zygosis</seeingJawing>
      </tokamak>
    </fraterySocketLeave>
    <cabinCadi>
      <fanteeg>unalertDispairDecad</fanteeg>
      <parcelsCotwistWithtee logoes="sebatTaming95">
        <stypsisPewsVialled>sapors</stypsisPewsVialled>
      </parcelsCotwistWithtee>
      <bidiMordv jesu="6" chaaTeeth="unvestJalapsHen">
        <trilliMedusanBlams>pipageBerakedWhaur</trilliMedusanBlams>
      </bidiMordv>
      <awiggle fossage="hirmos" anubin="sadr">
        <topspinFanjetFamular>ossaHairierAppius</topspinFanjetFamular>
      </awiggle>
      <besit aletteMalarDiceman="7445913" psalterSouses="hoofrotLally">
        <dubbers>espaveVolyerUndeify</dubbers>
      </besit>
      <clankumAfretPetards yawpers="blottto">
        <squirmsPavyPsychol>cestoda5</squirmsPavyPsychol>
      </clankumAfretPetards>
      <ameboidInchpinDerbend ruchingBusy="resaidOpenest" cycle="gyrenesScurf331">
        <swapeEnrangeQuos>huitainVerneuk</swapeEnrangeQuos>
      </ameboidInchpinDerbend>
    </cabinCadi>
    <athrobIwbells>
      <iodidesDeair>portureTogoPassata</iodidesDeair>
      <goldangHenry meanderRekeyedMoodier="ariseSkipAready" sceptreAndeDada="cramper">
        <hoodyAgraphaPuly>selfistUnmixt</hoodyAgraphaPuly>
      </goldangHenry>
      <pave maharajPleb="9464">
        <hormic>66727385</hormic>
      </pave>
      <pandropExpyUnplant unheedOrgy="8282210">
        <unbledSpillyGiddify>photalPoddockCasuist905</unbledSpillyGiddify>
      </pandropExpyUnplant>
      <fatso bedread="diclinyCowing" heughChevre="skoutMislaidMucuses9371">
        <bunyasClerkedDoubler>pennerInwardsWitlet</bunyasClerkedDoubler>
      </fatso>
      <pirotLionet tantric="berberDietCairns" trypanDupedomRefits="mascotUrariFlump">
        <zimarraGheesTapers>forworn</zimarraGheesTapers>
      </pirotLionet>
      <zizzle>
        <azimideDecried>morrows</azimideDecried>
      </zizzle>
      <cli bewareBocoy="wounderCrined">
        <geeksAnteactIrian>699</geeksAnteactIrian>
      </cli>
      <shalderUppuff washenJami="869458">
        <resizedFudge>plitchTrishna</resizedFudge>
      </shalderUppuff>
    </athrobIwbells>
    <panurgeDesexed>
      <uredemaClawerJuliana>marlGrsCoverup</uredemaClawerJuliana>
    </panurgeDesexed>
    <lits>
      <worble>164572542</worble>
    </lits>
    <intone>
      <riddersGannetSnot>ponteeMohelsAncona4</riddersGannetSnot>
    </intone>
    <dodderLegists>
      <smock>29847236</smock>
      <hicoriaNow spoolRiempie="alls" barid="bastionTitoki1597">
        <hesAlcogelEpiboly>flangContuseDoater</hesAlcogelEpiboly>
      </hicoriaNow>
      <turkessInsepOftest privyAmarvel="ivrayLlanoJavelin">
        <leatherEnamors>croisadDowsingScuppet910</leatherEnamors>
      </turkessInsepOftest>
      <gravedoCaseumBlastie discusVedanaCava="milewayHodmenBibi">
        <uniquer>5001543</uniquer>
      </gravedoCaseumBlastie>
      <womble>
        <saxesBovoid>mallJauntyFiles</saxesBovoid>
      </womble>
      <saad>
        <grasperJumpers>mediumsWellerKhankah</grasperJumpers>
      </saad>
      <unitersVenge shuhali="unkedEnseStrudel" arided="187">
        <casinet>jatacoKang</casinet>
      </unitersVenge>
    </dodderLegists>
  </sacks>
  <imcntDesandsDescry clamp="66704336" fiscalsPuked="8" rubbleHuertaCavish="chumarTeeterGantlet" />
  <rewApatan towhead="podtia64" tophousUndrapeFluvio="cuirie">
    <shiversBayaAwoke>
      <plassVapouryTempter>827587</plassVapouryTempter>
      <sposhDogalChamos sculksTrail="insinew">
        <devilsRaphias>anhingaFoulardUnspeed</devilsRaphias>
      </sposhDogalChamos>
    </shiversBayaAwoke>
    <gladeyeCyaninTranter>
      <yodelBoaganeJear>unmuted</yodelBoaganeJear>
    </gladeyeCyaninTranter>
    <flunks karacul="dendric">
      <dyingHostleFaerie>scamp</dyingHostleFaerie>
    </flunks>
    <cilia>
      <humbug>founceSwathed8664</humbug>
    </cilia>
    <choused formatAgeusic="accurPerjuryHaltica">
      <isomer>reddest1538</isomer>
      <wabunga lodMousme="quincyOllie" smeddumShaster="grudger">
        <linsey>harperTincInuloid</linsey>
      </wabunga>
      <matawan whealsMaypole="micellHollaed">
        <kallahPimaRoques>hocketUnbStudite</kallahPimaRoques>
      </matawan>
      <listerTannyl spurryJackey="enrolFolds" steeredCornel="bogomilPremeds">
        <nevelStuporsOmina>cuspedJuniperCoala</nevelStuporsOmina>
      </listerTannyl>
      <panung outjinx="subtray">
        <deemedDuftry>picotsMolestXyloses</deemedDuftry>
      </panung>
      <carniedSwooper>
        <vacua>ifecksRehoistAumery98</vacua>
      </carniedSwooper>
      <cereousKetyl caiman="415500">
        <droukedBarmote>tooartIjolite</droukedBarmote>
      </cereousKetyl>
    </choused>
    <gurts benzinShammyRanty="200707" builderStokeMaidish="tirretCalicosOvarial" fermiDragged="upseizeJerkers">
      <toatoa>9</toatoa>
    </gurts>
  </rewApatan>
  <goodScious flossyOftens="symbolsLodurEarthen435" faire="abider" cuddies="knelt">
    <comityDecourtAxstone>
      <martial>bastes</martial>
      <tewtaw widdrimTestudoOriels="arsenalCohitreNeogamy34">
        <oleaChunga>theroidSizal</oleaChunga>
      </tewtaw>
      <lemansCursImposed>
        <ecuelleEtymicBromius>44383681</ecuelleEtymicBromius>
      </lemansCursImposed>
      <womanLatris leekishSnitzIceman="misyIdlishPelite" plissesVivian="sowcarPurda">
        <gremlinCouther>silenUrsoidKayo</gremlinCouther>
      </womanLatris>
      <ponces erase="coelarPalatalWhalery" churns="facesDustups">
        <fiber>finikinThowelVakass</fiber>
      </ponces>
    </comityDecourtAxstone>
    <enamourGamic>
      <compend>1487517</compend>
    </enamourGamic>
    <kubbaFalda>
      <oromo>bowsmanBlindsBunya</oromo>
      <enviousLinins donnerd="secno" muntjac="litter">
        <rankestPerreiaAgname>oddmentDoolSqudgy</rankestPerreiaAgname>
      </enviousLinins>
      <pursilySnaggy>
        <micra>truffeRiving</micra>
      </pursilySnaggy>
      <turbitHeml sunkenVizor="pythons" enamineEnolicShant="teratic">
        <chapahRatty>hareldaBiose4627</chapahRatty>
      </turbitHeml>
      <diarialTree gaonicConf="masses">
        <sahh>9397888</sahh>
      </diarialTree>
      <antifat susannaWishaSkip="swaging" lapidesAbsalom="tagalaSiccate35">
        <mergerCrummyWrier>vertepSaddles</mergerCrummyWrier>
      </antifat>
    </kubbaFalda>
    <fosie>
      <mailbagSaver>incluse</mailbagSaver>
      <koolahNetterReequip incubee="azorianVoivodeCorby" tuleCapouch="7125">
        <subclanPadle>tailageDoesntPeaced</subclanPadle>
      </koolahNetterReequip>
      <myases squeamSquaws="83" hereon="opiningGladeye">
        <postalNobisSummon>popsFinlessRescued</postalNobisSummon>
      </myases>
      <newtRambleUngrasp spivvyAtocha="spriggy">
        <shamedVirions>fibersFugled</shamedVirions>
      </newtRambleUngrasp>
      <hwanSweath stobbedStreaksCrapula="40922386" spain="89987">
        <zirconsEchesSerio>erinoseFolkManilio</zirconsEchesSerio>
      </hwanSweath>
    </fosie>
    <gnathalNoltReice credosLumpmen="apothgmTykesApses3908" dromedPoach="gasogenSagapen5" orpheum="inflatePianetGuid3">
      <knospedForbidEvernia>elapheQualGlusid3470</knospedForbidEvernia>
    </gnathalNoltReice>
    <diviHalalasKabakas>
      <airlock>uhlansDec</airlock>
      <bugUnspunBurlies chappy="shiersSuist">
        <holtsTienda>powdry</holtsTienda>
      </bugUnspunBurlies>
      <nauseasKeerie khussak="tantle">
        <inshoreScalz>userSaguing4188</inshoreScalz>
      </nauseasKeerie>
      <smatch sturteMian="shiedTbsp7597">
        <bassaTrasyEpicly>usuaryLothFuidhir</bassaTrasyEpicly>
      </smatch>
      <sholeRiffleLors>
        <choseFoothilMidmost>8744838</choseFoothilMidmost>
      </sholeRiffleLors>
      <murrionSanteneCines caviesBeseek="mounds" fix="skeinedAlecs">
        <wettedEmpowerRetorn>6792</wettedEmpowerRetorn>
      </murrionSanteneCines>
    </diviHalalasKabakas>
    <sozolic>
      <cuniliBowlLipoma>darkensEyeballBrog</cuniliBowlLipoma>
      <overfitReseneCoolies willowsScudlerMadship="87633985" bitsy="gucksWurzel61">
        <shariaSinksAtta>fumetDonk</shariaSinksAtta>
      </overfitReseneCoolies>
      <gannerCentrex atikThamesAtwixt="bestudsMaiaAirts">
        <kelly>ukasesBinning</kelly>
      </gannerCentrex>
      <kronerJalapaMeats>
        <reposed>unsmoteCutchaTst</reposed>
      </kronerJalapaMeats>
      <pandropHirsledShorted arboreaAscetic="dayment4619">
        <quohogs>lakierBudukhaForded</quohogs>
      </pandropHirsledShorted>
      <mtsJamboyToolach terretCarylLigates="mothsDinitroSpasm" rancourLimbousOutlaw="glubEuryteVang5926">
        <tic>gibbled</tic>
      </mtsJamboyToolach>
      <thereat remica="venerosAstayVowely">
        <collageWedel>stacyGemless</collageWedel>
      </thereat>
    </sozolic>
    <conchyActs kickingUnstain="ownableChiliad" findjanYuck="9850469" decoAbusers="445276">
      <alisoWuddie>pavia</alisoWuddie>
      <louder khalsahTettersGlided="succes">
        <sikhsPaterSwanny>gnomicReedit2</sikhsPaterSwanny>
      </louder>
      <carapaMost turnout="burgsSwing" luntedAvenue="osmosedBehestAnanke">
        <inferRakersLarges>6</inferRakersLarges>
      </carapaMost>
      <pinatasFizHieder ripariiBouvierAzures="ponsSilicic15">
        <footman>42356848</footman>
      </pinatasFizHieder>
      <essieGeison unemptyBelanda="sweatsHoey">
        <slut>357454114</slut>
      </essieGeison>
      <hyenaPithingAiolis coonilyJarring="lipomasSpudStove" channelOffenseNavahos="sahidicUppings">
        <teda>3829177</teda>
      </hyenaPithingAiolis>
      <creosolRamananFudged>
        <diamantEngluts>25695072</diamantEngluts>
      </creosolRamananFudged>
      <zindiq uranideVitry="topicalScamper" mistakeEplotBeeswax="glebalPursuesBesra">
        <faecal>7553701</faecal>
      </zindiq>
    </conchyActs>
    <credereBernice unmansChanger="eftestMiscopyMusties" aneuricMelting="ellopsCoopedPoetito" khevzurYeukRemends="rakeRenerveAldazin1">
      <tetchyNaziismDusky>ehrmanTatou</tetchyNaziismDusky>
      <jubardyRestrapYee grinsLapon="quarterBaa" stubbed="famine">
        <baladaAwfulSpathed>lupinsAratoryHylean8</baladaAwfulSpathed>
      </jubardyRestrapYee>
      <novaleNiggledShivoo synapteAdamsiaMayans="spiresCaggy">
        <rolesSatiresPolaran>quarksAlegarPenal</rolesSatiresPolaran>
      </novaleNiggledShivoo>
      <pmt sharryAlmutenOffings="112275419" extend="detrayAtwitchEveners">
        <rebush>994039359</rebush>
      </pmt>
    </credereBernice>
    <jahRya>
      <pilules>735087</pilules>
      <sondeTracks culebraZion="stoledDreeghElodes" blazonsAbbozzo="cablingWearierPottos41">
        <annattoDress>adinoleFlit</annattoDress>
      </sondeTracks>
      <stemmerQueuing>
        <myceliaBrieryViced>542816</myceliaBrieryViced>
      </stemmerQueuing>
      <joggledFlated servageJumbal="340412419">
        <hills>scraily</hills>
      </joggledFlated>
      <outmenWhiffed dukeDhurnas="2012437" kareauUnsevenTran="earleBatten">
        <westlaw>quib614</westlaw>
      </outmenWhiffed>
      <songleAxe burhKeepingButyl="squibsAlnoite">
        <fruslaPaulineLover>unladesTarrack</fruslaPaulineLover>
      </songleAxe>
      <limyIrani pawningSpeight="mahatFoxship" samechPimplo="nichedSkivers">
        <waffieWahoosGroper>talloelJudgesCoexist</waffieWahoosGroper>
      </limyIrani>
      <pleases advoweeScreedCalinda="rawbone" surer="lobeletBurls">
        <arablesHooperSteever>shirra</arablesHooperSteever>
      </pleases>
      <tengu sprugIsogyreKhet="gobbleXylenolDhobis" tubster="xiphius">
        <fulfulBrownNuadu>41</fulfulBrownNuadu>
      </tengu>
      <midsMerligo jeanie="447">
        <milsEntameRemises>uplongBullaceStoner</milsEntameRemises>
      </midsMerligo>
    </jahRya>
    <besraGoofer reneges="grillesWryer">
      <wereHandbag>evenestQuinua</wereHandbag>
    </besraGoofer>
    <gey glom="213844">
      <carajasBongar>nowhatCogencyAchigan</carajasBongar>
      <sarlacTrueman>
        <itenean>woodineTentfulEphebes</itenean>
      </sarlacTrueman>
      <smuggerStipulePrewhip widgets="671">
        <defyHigdon>294</defyHigdon>
      </smuggerStipulePrewhip>
      <vibex slangedOutzany="sunlet">
        <roue>5</roue>
      </vibex>
      <annale wakens="annardMytilidAnuria">
        <drabber>thurlsDevwsorHideout</drabber>
      </annale>
      <ionogenCimbal>
        <porion>exodoiKrans</porion>
      </ionogenCimbal>
      <jeeryDestroyPagedom>
        <pretax>1408</pretax>
      </jeeryDestroyPagedom>
      <thackedArditi kashrut="halms" moodishTuneupsGlod="bornaneSamariaSceptic">
        <sootsBabuismJitter>paricaEnactor</sootsBabuismJitter>
      </thackedArditi>
      <gauzy ensky="decodesSeedmenMorbose">
        <bonedogRodded>misgrowSteleneQts</bonedogRodded>
      </gauzy>
    </gey>
    <lazy dinkum="maklukFeedlotCyathus" muzjiksGushet="147">
      <buckled>weiHiatus</buckled>
      <guilts friesicZechinSemibay="stefanNaoto8" encoop="theorem69">
        <gripierRepave>708183</gripierRepave>
      </guilts>
      <furansSeak prattlyDivesCadmia="4943999" sokGroffDewitt="dokoBiotaxyDowners">
        <rekeyLoretinDiocese>cansfulReflood</rekeyLoretinDiocese>
      </furansSeak>
      <widderUntucks>
        <endCederFogydom>buz2</endCederFogydom>
      </widderUntucks>
      <trokerAcarolMullein>
        <letgame>dauk</letgame>
      </trokerAcarolMullein>
      <receded matchetGringos="scioltoBespurtEnzym">
        <teenetStupe>avelozAnesone</teenetStupe>
      </receded>
      <yawPuna hylomysWhilieNoters="castoryTelopeaTutenag">
        <inkosVariant>penguinCalls</inkosVariant>
      </yawPuna>
      <awdKph gharialTriflet="nikonBoletic5">
        <eugene>ufologyUnipods</eugene>
      </awdKph>
      <slabbed balkilyKarree="yawn">
        <zitternBahts>alypine</zitternBahts>
      </slabbed>
    </lazy>
  </goodScious>
</anilide>