<?xml version="1.0"?>
<shiestGrinny>
  <boomahAmiralGirthed>
    <paepaeSaughy dehorn="53251396" snarlsBawls="optimeReckonsBruchid">
      <biblessDumsola>27</biblessDumsola>
    </paepaeSaughy>
    <stephePartway>
      <lammockWalnutsAleuron>7153736</lammockWalnutsAleuron>
      <limboPhaneLof oviductGenghisWallach="mezquitFlailed" dourer="2">
        <corneumCorvetMuzz>18</corneumCorvetMuzz>
      </limboPhaneLof>
    </stephePartway>
    <dusunForloin>
      <teopanItonia>brailleMankyBraca</teopanItonia>
      <jaunderLuridVapour oleous="amalgEuvrou8">
        <sealerPerosesTemin>geldantBudgesCaite</sealerPerosesTemin>
      </jaunderLuridVapour>
      <whither nominee="truishHldParole1" syrian="tailfanAmrita">
        <immoundCampo>4997571</immoundCampo>
      </whither>
      <outre mors="rattoon">
        <outblew>tussahs</outblew>
      </outre>
    </dusunForloin>
    <exposedHoudahSharia hacklet="6" tipply="nichilJara8756">
      <adm>coweredDrubberFistic</adm>
      <bubbles corkySchone="cyaniteOnery" cymeletClypei="fluxerTectum">
        <zekJournClogwyn>jetteauAscitesClasts</zekJournClogwyn>
      </bubbles>
      <atopiesKelped>
        <swellyHugyCruelty>frenula</swellyHugyCruelty>
      </atopiesKelped>
      <slutted aeronNaggerMartens="faenceCayugasSpiloma" usefulLabel="rennins">
        <musette>gurnets</musette>
      </slutted>
      <spaningTewerNasiei>
        <budgerKains>barbMutuumDacelo744</budgerKains>
      </spaningTewerNasiei>
      <burgau craunchMearRegent="6405" lollersFlitch="weeting6">
        <unmouldEveneVascon>baharDidna5</unmouldEveneVascon>
      </burgau>
    </exposedHoudahSharia>
    <dorbugEngrace>
      <beaked>permitPrebillSolvate</beaked>
      <parsec aquilonTenai="stupefy8">
        <pulpous>ragasKeening</pulpous>
      </parsec>
      <fakers bunning="baleysTrumeau" duller="bynamesYearn">
        <pelopeaVrouwsTiza>610680</pelopeaVrouwsTiza>
      </fakers>
      <goldneyAlpiniaUptube>
        <testudo>tiros</testudo>
      </goldneyAlpiniaUptube>
      <cartonsAzon>
        <lysogen>duomiWortleRazored</lysogen>
      </cartonsAzon>
      <daukJalapicCaspar fessesRags="yarnersTrusserRimes" jerridsSealkie="timauaCoef">
        <teem>swivelsGobbyPatente</teem>
      </daukJalapicCaspar>
      <secancy>
        <outrailHumpsTanbark>spruitSnooty</outrailHumpsTanbark>
      </secancy>
      <lorelei liederAquarid="224148">
        <munsee>558</munsee>
      </lorelei>
      <legsSeptoicPatrice>
        <updateGalleta>gibbierBught</updateGalleta>
      </legsSeptoicPatrice>
      <misgrew>
        <cobnuts>malignCursers</cobnuts>
      </misgrew>
    </dorbugEngrace>
    <ungrandMelledBabiche discs="561" carzeyAdjusts="depressCredoGladite4840">
      <environScurfWarua>amebaeCitternMammock</environScurfWarua>
      <strichMoveAftaba lousy="linkyShipway">
        <ambersDovensLindied>aliofarJobs</ambersDovensLindied>
      </strichMoveAftaba>
      <tournelFlu faggotErgs="ardito">
        <grate>crudle9087</grate>
      </tournelFlu>
      <greeseGroansOstiary luggingUpboils="46072637" boleiteUnlathLigger="shrewedNejdi">
        <keyaki>tarbox</keyaki>
      </greeseGroansOstiary>
      <ribby gutteObjectsBrio="mouseryTalkier4082">
        <vitesse>smockedOlefinsReblot</vitesse>
      </ribby>
      <sunning emblemaToolsy="boomerEnarmeNaulum">
        <leewill>chrisIonisesMonadic</leewill>
      </sunning>
      <leviersDorian tikiWankleFillock="75469">
        <poised>mechantAlazor54</poised>
      </leviersDorian>
      <rasseKerfed>
        <cedi>45</cedi>
      </rasseKerfed>
      <hippia plasson="cliques" regetDecoreViduity="39486">
        <fatimaElastic>chalehsIngulfsStoun</fatimaElastic>
      </hippia>
    </ungrandMelledBabiche>
    <brae recall="glimsLep">
      <archgodJagla>bonitas</archgodJagla>
      <yawrootVilloidClay>
        <fosseAweel>4013</fosseAweel>
      </yawrootVilloidClay>
    </brae>
    <kokanee>
      <plufferThrustsQuotee>murkIndiaryOots</plufferThrustsQuotee>
      <woundyPlayerPump statorsRoomletDioti="6342">
        <trustLuffasReguide>boarsDanieleMammut</trustLuffasReguide>
      </woundyPlayerPump>
      <shying nunkyIntagliTienta="69" ungoldNavally="sorghosCrafts">
        <jobbing>2</jobbing>
      </shying>
      <ahorseSpleens>
        <henter>laminaEcoute</henter>
      </ahorseSpleens>
      <ectalMyoses>
        <tronk>unlay285</tronk>
      </ectalMyoses>
      <whatten ukaseZabianMarling="76780485">
        <vitrinaTarazed>3790247</vitrinaTarazed>
      </whatten>
      <droudCombatsSantar paarOroideDuller="crysticGauntyTerpane">
        <soggedMazdur>moltShips</soggedMazdur>
      </droudCombatsSantar>
      <terrorPapillaMuscoid>
        <derma>indoinSylphonHafiz</derma>
      </terrorPapillaMuscoid>
    </kokanee>
    <sootingBauttaHelves>
      <softish>nicePrivity</softish>
      <jibed rites="herbal" anilsDelphinScuddle="baklawa">
        <islingUntin>pikiOlomaoKhodja</islingUntin>
      </jibed>
      <reducerSprugsUlvas siccar="howfsVelars3512" leonisUshak="stodgesSerineOvertoe">
        <eastlin>soleyne</eastlin>
      </reducerSprugsUlvas>
      <thiasos enzymsMeniseRaftman="almudAngered">
        <valureCharquiUnblind>nigherChay</valureCharquiUnblind>
      </thiasos>
      <twitty tannicCanis="hearses">
        <veninBonelet>cannasSolomonSalfern</veninBonelet>
      </twitty>
    </sootingBauttaHelves>
    <aviadorAdvenaeOppone>
      <spinnerUplockCamias>yardageCanchiPashing</spinnerUplockCamias>
      <turnups pinitesDerek="81995928" sikar="fightsNidge">
        <neats>compFlaviaSlagman67</neats>
      </turnups>
      <stoutlyPampers>
        <vacualFoliaryCitrus>greenth</vacualFoliaryCitrus>
      </stoutlyPampers>
    </aviadorAdvenaeOppone>
    <fletherAmidic>
      <smazesCasaltyEmirate>87549</smazesCasaltyEmirate>
      <salep carlotNabla="semotedMarker308" dicyemaMasdeuEtiolin="jimjams">
        <amoebidBrays>nidgets</amoebidBrays>
      </salep>
    </fletherAmidic>
  </boomahAmiralGirthed>
</shiestGrinny>