<?xml version="1.0"?>
<canstArray>
  <bessiPaven waifUpyoke="taxideaCopusClinid" staturePaillonBrankie="kyaung" elricWielareLauding="8659" pergola="brucinsVoivod23">
    <simaOnsweepFetlock>
      <eyeroot>43629349</eyeroot>
    </simaOnsweepFetlock>
    <protylUnhent arpentsAssahy="muriumPolyadGagate" chaneUnfeltSpalax="sithesTreague" roosedFoneAricine="foughty">
      <rigolet>tnpk48</rigolet>
      <tufaFoul vitamer="davyCasteArion">
        <tortula>wheel</tortula>
      </tufaFoul>
      <avourGordon coupsUrban="tortis">
        <sheikh>amiidae</sheikh>
      </avourGordon>
      <hetmanChateusMidgets>
        <shirksFicesMortis>hasterScharf</shirksFicesMortis>
      </hetmanChateusMidgets>
      <crambidYeomenGulas bevenom="pilchMushruOdylize">
        <cashelSarkit>parityRankett668</cashelSarkit>
      </crambidYeomenGulas>
      <cyanolLibget monkdomRapped="caecias" puckaChiao="92859">
        <dozing>etchingPrudistGashy</dozing>
      </cyanolLibget>
      <girliesAndean tubmenGirseMyopes="263" claptPonLamped="mumsArctos">
        <riskilyGrocers>lesson</riskilyGrocers>
      </girliesAndean>
    </protylUnhent>
    <ortolKikesKittles pikemen="epicism" unfork="ungain7">
      <briguedCisiumJeerer>gauAtoniaBilic</briguedCisiumJeerer>
      <yodel unfree="caremeLoquatsMaffler" cabotsHebamic="cachingSpewersEnspell">
        <saftlyParlish>naysSachets</saftlyParlish>
      </yodel>
    </ortolKikesKittles>
    <auchtBygane>
      <crohRimless>drave</crohRimless>
      <atesCauda canasta="cho">
        <weapon>eavedGalopin</weapon>
      </atesCauda>
    </auchtBygane>
  </bessiPaven>
  <daniosParsnipElude>
    <bettaBrawlys>
      <sacelaDauded>sadironEsthete10</sacelaDauded>
      <xenia>
        <larkedNouState>unrraBellmen969</larkedNouState>
      </xenia>
      <marmot barriosByrri="eluted7" unultra="7059626">
        <coeditsAlidadaQuasi>51</coeditsAlidadaQuasi>
      </marmot>
    </bettaBrawlys>
    <stadie areoletStars="64810720" unfreeUnbatedCott="eric">
      <mucaroWemmyTease>5152</mucaroWemmyTease>
    </stadie>
    <inbyCusec>
      <siegerOoziest>78</siegerOoziest>
    </inbyCusec>
    <bleatsPrebindSummat acornsWishmayHypopus="millmanTumbakiEoith" wakas="amphionRuttily" towableFlagmenTribual="muts">
      <jerksMedidiiRelumed>3</jerksMedidiiRelumed>
    </bleatsPrebindSummat>
    <treblyLaziestWamefou owlFrazingNowch="76268977" dullerDorsad="40308">
      <licorneZillah>davisGotham</licorneZillah>
      <queridaVolanteKapok>
        <sheafed>imparl</sheafed>
      </queridaVolanteKapok>
      <reprobe aedilicAxisesSpills="6996" bogueLoxedDesuete="sizeDespair64">
        <gigger>layoffBifold</gigger>
      </reprobe>
      <pooliSecurerAusform concrew="wied" nytrilCorncobCalmy="queachy">
        <redryObligedSawfish>596</redryObligedSawfish>
      </pooliSecurerAusform>
      <piingMaline>
        <lyonese>rotaliaBedirt</lyonese>
      </piingMaline>
      <ventoy stewpan="crocinDamnii8" unrestsMars="respiteBootle">
        <doumRetombBawly>tailpinAmoebas</doumRetombBawly>
      </ventoy>
      <ukuleleScorer>
        <rumen>curdy2005</rumen>
      </ukuleleScorer>
      <amensFordoesLatro garlandZeus="saronicOverawe" abramLippiePlumet="pramPrisalTagrags">
        <injoinPasmo>opificeDiapsid</injoinPasmo>
      </amensFordoesLatro>
    </treblyLaziestWamefou>
    <letheanUnder>
      <sediliaPunchy>skepticPace</sediliaPunchy>
      <gaudBloopEcon salugiPortass="4" usqueFlowing="redated9">
        <favellaRove>whammy</favellaRove>
      </gaudBloopEcon>
      <lemurCreaze grun="figwormQuerist" travoisSuluFinned="exolveAnnexa">
        <salpStretta>caveBribedHivite</salpStretta>
      </lemurCreaze>
      <grieveBreakup glomeliRhexes="merlons">
        <preenerBerun>earns</preenerBerun>
      </grieveBreakup>
    </letheanUnder>
    <meted>
      <capiviSheetsLocrian>blowingIlkaneGalilei</capiviSheetsLocrian>
    </meted>
    <dagmarRedubCowages ately="perlite">
      <bucerosTetractEmbind>yateQuitterFusses592</bucerosTetractEmbind>
    </dagmarRedubCowages>
  </daniosParsnipElude>
  <dowcoteSpeilEvasive wagonerSipe="meiosis8558" hedRugousMufti="calibanRebaitOvist">
    <catclawSweered gaistRenegueFrenzy="goldest" patrialLetuarePickles="bahamasOnceDemi">
      <skiterDavit>narrowyWinevatCattle</skiterDavit>
    </catclawSweered>
    <matless>
      <carroonTopazyBinukau>posaune</carroonTopazyBinukau>
    </matless>
    <callop>
      <pangas>362552</pangas>
    </callop>
    <chet>
      <boridesSystems>rimerSerinusMumper</boridesSystems>
      <pinotBonzery>
        <floorerSaultNacho>steigh</floorerSaultNacho>
      </pinotBonzery>
      <uncokedBecut>
        <sriramPeevers>kantela</sriramPeevers>
      </uncokedBecut>
      <itacism hadiths="narisPellaeaLessees">
        <loquentWaggeryGangava>mismazeBetisesCurs</loquentWaggeryGangava>
      </itacism>
      <carhopCoyol shrilly="awkly" amenStubbly="bolAlnagerArrided606">
        <anend>36142797</anend>
      </carhopCoyol>
      <cuecasCodfish fiend="mudden4">
        <ephetic>865119</ephetic>
      </cuecasCodfish>
      <tragAtaigalHamber tunker="brachesTuberinRester">
        <delaysCarefulSouagga>warrishAcatePaste</delaysCarefulSouagga>
      </tragAtaigalHamber>
      <montes slavistGaddishBogard="unsmokyFreers" lollingWheens="bayamoGlaumSolon">
        <mensas>gaspar</mensas>
      </montes>
    </chet>
    <neurolKethibPreener>
      <pulexMnesticOutface>67298380</pulexMnesticOutface>
    </neurolKethibPreener>
    <bacchaeBeworn>
      <polycot>nuttier4433</polycot>
    </bacchaeBeworn>
  </dowcoteSpeilEvasive>
  <chopperGrannam ceding="sertiveHusks7580" celledKalongs="60" sealchHelioid="enaticKafiz" />
  <capitanAtturnOselle archae="pontiac" potent="driptFinagleEmend403">
    <teachedDroppyVipera>
      <whewEunice>silvernLahar</whewEunice>
      <rikisha>
        <jouncedSuety>pood</jouncedSuety>
      </rikisha>
      <apiaryEgalityBegaudy>
        <libeledMenagesOmar>justus</libeledMenagesOmar>
      </apiaryEgalityBegaudy>
    </teachedDroppyVipera>
    <mediate>
      <shirpit>1713420</shirpit>
    </mediate>
    <aciurgy>
      <hornish>viewierElfishCurby</hornish>
    </aciurgy>
    <airbags ermineeKoftgar="938711904" maddled="preppie">
      <chianRelade>batfishCardecuSlovaks</chianRelade>
      <thermesNudely orceins="6" amydonTirrLingers="tenibleAffordStoting">
        <baltiImbrier>crinoidScutumGraced</baltiImbrier>
      </thermesNudely>
      <weed cisternLasa="limaArgus">
        <cunitSoc>frenumsForbidPractic</cunitSoc>
      </weed>
    </airbags>
    <gougedOwlsWhished cropperGhosterMacduff="4061" skulledIdylianDeific="jaunerMates" saiceAcouasmGerent="chins9">
      <vimanaHamitesKitchie>lawgiveTilled</vimanaHamitesKitchie>
      <loggias bafaroMahajunBields="raggilyLapdogsToday" towelApium="rammierPotable">
        <isoflorPerjinkLak>495430367</isoflorPerjinkLak>
      </loggias>
      <figures>
        <slinkerYangs>bumpers32</slinkerYangs>
      </figures>
      <ikonAnta anadems="adverbsUmbellaGlinted1329">
        <penibleJoseph>whinsFelting</penibleJoseph>
      </ikonAnta>
      <reburnGleed>
        <stoa>bourout</stoa>
      </reburnGleed>
      <amusiveSamhita matinee="mogote">
        <kabukisUnwired>shipmenCamanayDassie</kabukisUnwired>
      </amusiveSamhita>
      <deepestCarlotFalange iricizeGigglyFores="panisicAcyclic" ronLipanTruism="obtains4702">
        <nonage>breeder639</nonage>
      </deepestCarlotFalange>
      <abnakiConjuryUdos>
        <smewsCram>wilkinTrichiAnker</smewsCram>
      </abnakiConjuryUdos>
      <pavoniaUpreach>
        <factyLobber>68160</factyLobber>
      </pavoniaUpreach>
      <uraliteStiverTakers ronierNachasGeums="moulter776">
        <tidSniteWorker>208892</tidSniteWorker>
      </uraliteStiverTakers>
    </gougedOwlsWhished>
    <megabarThaught>
      <heaterKookeryWuzzer>fimbles826</heaterKookeryWuzzer>
      <boating pinupWoodly="skirtedTheresaMenhir">
        <kanchil>840</kanchil>
      </boating>
      <rutter chullpaHazesTalukas="170182070" loafing="lusters">
        <plating>474981</plating>
      </rutter>
      <hey prehaps="visitsOutdateNemean" archiePuris="unfeuedAntenor">
        <almoignPencheInertia>9113</almoignPencheInertia>
      </hey>
      <patCharing>
        <sanhitaFallout>349</sanhitaFallout>
      </patCharing>
    </megabarThaught>
    <halpaceJheelMuesli>
      <hodman>saltboxClaude3269</hodman>
      <epizoalNursing>
        <darogahRicciaCaseins>21917782</darogahRicciaCaseins>
      </epizoalNursing>
      <zabism>
        <orlo>befilchInarm</orlo>
      </zabism>
      <bisetBefan cineolGhazi="unlapStereum" flumingForhoo="676010">
        <regard>4374</regard>
      </bisetBefan>
      <enskied>
        <borstalInlaikModest>bedizenAxe</borstalInlaikModest>
      </enskied>
      <netful platers="cundKoumissJawfall">
        <samson>47851</samson>
      </netful>
      <diddle indowLupeosePeakish="damsite" dickeyUpheal="200013865">
        <broilStatohm>mitanni</broilStatohm>
      </diddle>
      <subbing francic="fadersAdzesSizier">
        <epinineInctriSurf>pacquetAmadan2166</epinineInctriSurf>
      </subbing>
      <modulusRaces reseal="tepee57">
        <travailLarick>boozeKarezDaud45</travailLarick>
      </modulusRaces>
    </halpaceJheelMuesli>
    <treitreKuchen booleysDrudgesCampout="costly" hogaPorte="cyprianSuriana937">
      <jumart>ejectee6779</jumart>
      <lengthyGearman swank="ruckedAnezehLobster" dromed="bergletAnanite">
        <hartallNasionsWisting>kneeingEntoils</hartallNasionsWisting>
      </lengthyGearman>
    </treitreKuchen>
    <maytide>
      <wearedBumper>jigging</wearedBumper>
    </maytide>
    <ileaDragsawOratory>
      <remansBoliviaChilina>poppledMounty6</remansBoliviaChilina>
    </ileaDragsawOratory>
    <soakers anchoicHolier="mohockArmory" climantDis="imdtlyNailsetMacram">
      <tasselyKazi>desuete</tasselyKazi>
      <tettersTossed premuneMuddleTantum="emboxBossdom" fem="wivedImaging">
        <adinoleBods>rankine</adinoleBods>
      </tettersTossed>
      <mirachPrinces xystGleanFaluns="awakingSaladaAvocate" veiItys="715733">
        <divisi>7353</divisi>
      </mirachPrinces>
      <pluriesTongedCranked because="90916932">
        <conchal>kinemasHither</conchal>
      </pluriesTongedCranked>
      <klatchNotched aquaTeetheChasid="creed" downwayBugongCuprums="antiarsSymtab29">
        <clupea>cerates</clupea>
      </klatchNotched>
    </soakers>
    <soudResalesAfresh>
      <alayPartiesAtune>moonyPitangaChanted</alayPartiesAtune>
    </soudResalesAfresh>
    <balli>
      <whacksCanducScythed>poler</whacksCanducScythed>
    </balli>
  </capitanAtturnOselle>
</canstArray>