<?xml version="1.0"?>
<creamsPuristConyger>
  <boubouSefton upboreUntoned="cyathusPistick2497" />
  <unclose polyactBaitsJervin="600157180" barrageFeodary="wauking" analgen="pounamuPapilla">
    <stooled>
      <addoomNaigueNonuses>suctionRelaidSoffit</addoomNaigueNonuses>
    </stooled>
    <knaps>
      <consistOldCangues>unpurseAnkou</consistOldCangues>
    </knaps>
    <loculiBebeeru orthis="1">
      <dinghyAswim>323</dinghyAswim>
      <sellarySooloosLatimer gums="heartMayst" ozanShoq="pompsBrulzie">
        <nonactPueblo>budlikeNoyades3274</nonactPueblo>
      </sellarySooloosLatimer>
      <thorp cyanateRockletScat="kalysisRhymersKnuffe">
        <homedGanodusBedways>talutoLive</homedGanodusBedways>
      </thorp>
      <octetteDomicalToluids vidette="gloomthSerges" mlangeBulgari="embueWhuffBlanky">
        <prisedFozyDoats>mamsellLimitsHoney</prisedFozyDoats>
      </octetteDomicalToluids>
      <naoi ensilesHaomaPaltock="7271114" sabirAnnul="lets">
        <patentImpedit>sunniUnguardCortine</patentImpedit>
      </naoi>
      <naology dringleCongeryBacaba="8429358" genoasWrotheEyey="vectureBaptizeFogeys47">
        <largosTassies>caliverBegod</largosTassies>
      </naology>
      <noraCushionEnrank angoraYeard="jessamyTimarriCistae2" pomaces="44768455">
        <relume>corolCalendaInsue</relume>
      </noraCushionEnrank>
      <feeBunged struck="tailleMahantHammed" thymusNebulyEnvious="kitcatBarbas">
        <liposis>kesarTarieThiokol</liposis>
      </feeBunged>
      <oogenyRelent becivetLicuriLaxer="492" phenicAurure="605862">
        <versesVetustyDecodes>hadntKissingPyx</versesVetustyDecodes>
      </oogenyRelent>
    </loculiBebeeru>
    <redanWarmishOncome apathy="areolesTaxir704">
      <gagee>kudzusTalbotRatable</gagee>
    </redanWarmishOncome>
    <refallKwaznkuPothery>
      <tomeBumwood>sepiaeManweedJyngine</tomeBumwood>
    </refallKwaznkuPothery>
    <ergoSubzeroSudra deerflyRomulus="promoLinocutHulster" unmeedy="affereBethumpTriplex" indigosDugong="saxesBeakers">
      <stylineGogglesPrearm>unionedBoccisBrickly</stylineGogglesPrearm>
    </ergoSubzeroSudra>
    <wambledColchisReals>
      <wigfulBeveilSetule>36240837</wigfulBeveilSetule>
    </wambledColchisReals>
    <czarian>
      <jutty>pientao</jutty>
      <pupiledOldwife>
        <dhanush>venosalDirtyAncome</dhanush>
      </pupiledOldwife>
      <labefyRyepeckSerins itzaAmadan="ceja">
        <abnakiLeads>chorizoEelerAmusgo</abnakiLeads>
      </labefyRyepeckSerins>
      <ananiasUnorderUmbrate farfelsDubio="1545514" sirrahsToaster="lickingFurmety">
        <rollman>67240</rollman>
      </ananiasUnorderUmbrate>
      <daydawnConst mangeyAbdaria="jikungu" hardimZikuratCraggy="felsite">
        <abusingUzbek>holdenManini</abusingUzbek>
      </daydawnConst>
      <costeenGliomas>
        <darnCamphor>numdah</darnCamphor>
      </costeenGliomas>
      <ichniteNonasDilis tackeyApteria="9380" picriteShopboy="sagumRhemeNawle">
        <caned>anelaceBriars27</caned>
      </ichniteNonasDilis>
      <burkeiDinglyNumida>
        <gorilyDrudged>karagan</gorilyDrudged>
      </burkeiDinglyNumida>
    </czarian>
    <pionicAnnalia>
      <choreusUpcarry>growlsFubsy</choreusUpcarry>
      <graces azafran="heedilyElectee">
        <serbizeAqueousMarmose>imerinaBetag</serbizeAqueousMarmose>
      </graces>
      <pliablyDhoniHorsts feeble="hamald">
        <lycine>augerWinded1454</lycine>
      </pliablyDhoniHorsts>
      <dextradNervismSyncom vadySeedbedSpeers="nontax" unquemeVitalic="wilco">
        <loudensPulersAcheat>chobieFanitZendos55</loudensPulersAcheat>
      </dextradNervismSyncom>
      <mitersSpodium orignalMontage="duppaParotid">
        <kilovarShakerOvis>alertlyAmiable197</kilovarShakerOvis>
      </mitersSpodium>
      <eardrumAmores butylic="clarinShevaBurls" coddleHallowdYukking="1826">
        <arabistUnrra>joanna</arabistUnrra>
      </eardrumAmores>
      <duodialGangway uncoop="63518749">
        <satanasBushieMerlins>catbirdGuildStops</satanasBushieMerlins>
      </duodialGangway>
    </pionicAnnalia>
    <allowerJusten mitanni="sichtRelistsEyehook" lucumaKatatBrehon="sassan">
      <outwork>steresNiobePekin</outwork>
    </allowerJusten>
    <overlyShyishReships>
      <bhpMomes>kenelmRocketJambeau6145</bhpMomes>
      <sceptry giboiaItemsOidia="sibucao" wheenDoandDesmine="overdenPolaxis">
        <spindlyImaged>boostGlidderArided</spindlyImaged>
      </sceptry>
      <rickeysVillage hexactWurley="indeedMeeting" frasera="wapato">
        <tuyersSubbed>panfilUpgaze</tuyersSubbed>
      </rickeysVillage>
      <fenmanFied fiercer="7">
        <pueblos>iudsWhins</pueblos>
      </fenmanFied>
      <croceic>
        <hiredFemur>aflat</hiredFemur>
      </croceic>
      <nichil opeAfghaniElkhorn="idleBirses" jerez="milosGooseryFaunae">
        <chinikTalaria>gritsParisii</chinikTalaria>
      </nichil>
      <abacotUnsheerBallam>
        <airerCapper>upseal</airerCapper>
      </abacotUnsheerBallam>
    </overlyShyishReships>
    <scrat crosierMaplesVivific="737825" emperil="dehacheHrznSuk">
      <samasScour>letsBearArctan11</samasScour>
      <bullbat>
        <marlaSpandle>9845116</marlaSpandle>
      </bullbat>
      <ideeLobe seeseePortio="forkful73" hellers="subdit">
        <croquetLabis>ancCalyxSpongin</croquetLabis>
      </ideeLobe>
      <reboilsGlebaKitan femJunkmen="mss" mashonaTrammon="63742644">
        <raggled>tahar</raggled>
      </reboilsGlebaKitan>
      <seiner>
        <avenyTippled>dejeuneExcamb</avenyTippled>
      </seiner>
      <zingelDultieFlights apiumAtelets="decoFiletsUnlined" comteSamariaPaella="rankedGuaican">
        <windyAvellan>5935582</windyAvellan>
      </zingelDultieFlights>
    </scrat>
    <picolinFordays bawler="icticDimwits">
      <barm>feveredVouliBoyard</barm>
      <kainginAcrylylMorosis>
        <frights>adoninBratLoury9</frights>
      </kainginAcrylylMorosis>
      <adepts berapt="661" elisorOvile="stouresBefilth577">
        <surnoun>notionsWitheBoldu8639</surnoun>
      </adepts>
      <sturdyShroverMiseat vendaceCrowbarCreeshy="moyiteAidlessLangrel31">
        <yapsOutbark>shangyHowdy</yapsOutbark>
      </sturdyShroverMiseat>
      <coabode>
        <bravingPaddy>85354</bravingPaddy>
      </coabode>
      <drumsBonged>
        <vuggs>tautestCorsoSlt</vuggs>
      </drumsBonged>
      <ramblesMoonlit gulyDronedKelpie="stailRupiticElfship" doniEarlishAdos="59264">
        <naledVapor>pigdomSwaggy</naledVapor>
      </ramblesMoonlit>
      <lammLambdaCritize>
        <dreeingGrimm>niveous</dreeingGrimm>
      </lammLambdaCritize>
      <gradate subornsSandhisBhishti="taglikeSawderCracca1569">
        <succoseFactsOvillus>saggerDecal</succoseFactsOvillus>
      </gradate>
    </picolinFordays>
  </unclose>
  <miracle spunchOrbity="gladwinDamaskBilders273">
    <rockOrate formingKailsCanille="musculi" molSaut="shilledSpumousLugmark" threnos="leesomeThawierJigman">
      <shears>7</shears>
      <chauthRenne chagul="palaver" argidBrulotsSick="basinUptill">
        <amishgoBouncesApathy>hirst</amishgoBouncesApathy>
      </chauthRenne>
      <sockyRhetorsCrucify hemanKal="messetEncase16" epactUnheardEmpall="mumHeiring8">
        <hobbismEngaudLand>paukyMiner9</hobbismEngaudLand>
      </sockyRhetorsCrucify>
      <visoryDogblow foy="goriestHaircap" sipidIowaIpocras="intwineWeirdos">
        <bramMuck>akazginArret</bramMuck>
      </visoryDogblow>
      <parsecsSak>
        <poopedExcusedNavaho>earable</poopedExcusedNavaho>
      </parsecsSak>
      <diesterBegrayKleptic rackanAssumpt="386968">
        <ascyrumKamboh>sibrede</ascyrumKamboh>
      </diesterBegrayKleptic>
    </rockOrate>
    <bertram viverraCoalpitBeanery="427">
      <galyac>71</galyac>
      <canaryZootomy coliasLyxoseRequiz="1" munsAmyctic="virosesUnkeptCutose">
        <drammerQuaddle>bonducsFlookanLoeil</drammerQuaddle>
      </canaryZootomy>
      <kelk>
        <nevoidOvercup>hocking</nevoidOvercup>
      </kelk>
    </bertram>
    <iatricMassigOuted>
      <ugarono>joysome78</ugarono>
    </iatricMassigOuted>
    <echt>
      <bemirePebrineBardess>gendersTitus</bemirePebrineBardess>
    </echt>
    <euonymSoranceAmar>
      <pluffyCrudes>rabbin</pluffyCrudes>
    </euonymSoranceAmar>
  </miracle>
</creamsPuristConyger>