<?xml version="1.0"?>
<kembReladeDonet>
  <nuttilyRoddin estureMissaryPanure="bepride535" isocola="alow">
    <magani skiis="flouterMahsur">
      <althing>padellaTumbrel</althing>
      <cochalDowcet>
        <sheilaVitial>plaitMediciTamber</sheilaVitial>
      </cochalDowcet>
      <teeterTubal polarsFibbed="4285036">
        <kainitEndura>lisereAmah</kainitEndura>
      </teeterTubal>
      <brehonDesexes grapingRiblet="sorghosDratted9987" idlingRodent="bitmapOctopiRidging">
        <soulzHaveRadius>cripply</soulzHaveRadius>
      </brehonDesexes>
    </magani>
    <subnetPolje>
      <garonUpping>pilpay59</garonUpping>
    </subnetPolje>
    <latitatHakea>
      <packmanDunneUnclamp>boodhInwith1497</packmanDunneUnclamp>
    </latitatHakea>
    <earthenSplit>
      <briardEds>81899685</briardEds>
      <mereTravissCleanly>
        <gob>aieryPuplike</gob>
      </mereTravissCleanly>
      <freedHauteurNoesis maranonSidewayFugie="remarksCutawayPotheen" shrivedMnesticMurrha="coabode">
        <prizerWarsles>overlapAusonesCaseins</prizerWarsles>
      </freedHauteurNoesis>
      <immeshPynungFlaming holgate="garred1849">
        <mamboCedentNavite>kefirsMiting</mamboCedentNavite>
      </immeshPynungFlaming>
      <lattinHoeshinStodges>
        <taivertHobnailEelery>tss</taivertHobnailEelery>
      </lattinHoeshinStodges>
      <gambaUteroGuaican upstare="gmelinaSpurge">
        <rebuff>hauteurDialup</rebuff>
      </gambaUteroGuaican>
    </earthenSplit>
    <iud hydrateOverjoyGullah="defi">
      <sheepyWithset>1</sheepyWithset>
    </iud>
    <ottos>
      <ahmedi>newelsKecked</ahmedi>
    </ottos>
    <screeKipseyDaised>
      <cursaroRimerSandhis>papuanKnight</cursaroRimerSandhis>
    </screeKipseyDaised>
    <fencerDididaeFun osmoseTuleIurant="calciumFlakers">
      <plicaCooriedNohow>degamis</plicaCooriedNohow>
    </fencerDididaeFun>
    <picudoCorpsy clothoRedateGaiter="zings" gneiss="tomelet">
      <dispend>toricTorpidGroose</dispend>
    </picudoCorpsy>
    <tyes abacistAlangin="opaCussosMimmoud" stalksAimfulSiress="tokamakWispingAlms4">
      <grapeMorrion>babiismPipiriChinny</grapeMorrion>
    </tyes>
    <chiveyAcoupa>
      <datasetTrangamPeeke>brutifyBlahsWarks</datasetTrangamPeeke>
    </chiveyAcoupa>
  </nuttilyRoddin>
  <spninx indecl="331749" tumulus="peruker" lathedNighish="edaphicRobber" brooked="haenAmandin" />
</kembReladeDonet>