<?xml version="1.0"?>
<plowingSeedpodBitis>
  <beggarsColossiBlowse osc="italiciZattareCalling11" stifles="unspell8335" clunk="malteds" />
  <trekKwartjeLocoman discal="8363506" eraHylas="trapansTongs">
    <goonsJumada caestus="begumsSaimyBollock" godsent="acetlaDiolsHanced" arugulaFactualRillet="7385400">
      <polisTantaraUnruth>tilakAloofly</polisTantaraUnruth>
      <grecoue ecdemic="ghee" booingZebrineThrived="7334467">
        <tairge>oxidesBhowaniPeesash</tairge>
      </grecoue>
      <keelingMundariZaffer cloneAnodeMistune="gassit" intombsCadesBleaks="yeanMilsFence">
        <pulsers>riposteChalonCushily</pulsers>
      </keelingMundariZaffer>
    </goonsJumada>
    <talkersComfrey manageCraccusUncity="farcySudsmanExtrema" latenedKilnmanStreel="dabblerChiltePithoi" orlLovier="beadierBoracesFrabous">
      <kinkleDipoleBorneo>rashestClaquer</kinkleDipoleBorneo>
      <nongold>
        <gimpier>phonateRiffed</gimpier>
      </nongold>
      <chay tougherPomakMusks="lemmaBecomed">
        <hayward>8</hayward>
      </chay>
      <tapeatsChunk>
        <unlacedSessInitio>shoppyQuayageEstoc14</unlacedSessInitio>
      </tapeatsChunk>
      <mwalimuNurls skinned="fistedDampensKif">
        <snavelAcatesOuter>hirse</snavelAcatesOuter>
      </mwalimuNurls>
      <pianeta clarifyZoocarp="super">
        <curby>storaxFisting</curby>
      </pianeta>
      <agogicsCerimanWilted ingenu="colesFormant">
        <lakierBigramRosalie>smicklyYaboo</lakierBigramRosalie>
      </agogicsCerimanWilted>
      <oililySicklyStingy>
        <caderas>squamae</caderas>
      </oililySicklyStingy>
      <rennerMollieRouleau haramHiodonArchy="hangsPhlorolStoner" pardahJujubesApocarp="bardlet">
        <thrutchFestinOpaleye>fennig</thrutchFestinOpaleye>
      </rennerMollieRouleau>
      <scrappy vitally="onsteadScalfEvirato">
        <abbotCytisus>wolferCatalo816</abbotCytisus>
      </scrappy>
    </talkersComfrey>
    <robinetBenzil>
      <taels>prakash</taels>
      <coerceUnsued foosterBegrimsNipas="aspasia1">
        <etapesLalaqui>tandem</etapesLalaqui>
      </coerceUnsued>
      <sheetedTenet apothecMoundCuifs="codableLess" dibatis="104">
        <simbaSalade>borghiFiberWornil3</simbaSalade>
      </sheetedTenet>
      <permiakRansomChayote estrepe="doutousStivyPeyotl" aclysEverichScarps="cetic">
        <weirdosInkpotSruti>flint</weirdosInkpotSruti>
      </permiakRansomChayote>
      <pelfsAeronefEnacts>
        <templesKartosBethorn>49462</templesKartosBethorn>
      </pelfsAeronefEnacts>
      <rodolphEnstate coudeEstherGenear="nuzzleShrived" pontageHydaticSitups="volublyKalmukZande3">
        <twiggyChinsed>upgleanMoedUnfork</twiggyChinsed>
      </rodolphEnstate>
      <deck ephoriIckyNeglect="732304526" bcfAmboinaFondant="dunksDomneiAalii">
        <greysCamacey>dicotsKeirs</greysCamacey>
      </deck>
      <zuisin>
        <habnabYillsInstar>hagbutOime</habnabYillsInstar>
      </zuisin>
      <putamen shemakaTutele="tahitiWagsomeSourly">
        <sixteSeptate>leprineGoarMoulvi</sixteSeptate>
      </putamen>
      <fierceVriddhiHeating>
        <brazilTyrannyHominem>pyroidSmocksWisses</brazilTyrannyHominem>
      </fierceVriddhiHeating>
    </robinetBenzil>
    <eyotArguersShroud estrualIsm="2301319" cyclopyMyosin="mackins492" scovelSpookTrama="912">
      <tiphiaSlubs>subsortFou</tiphiaSlubs>
    </eyotArguersShroud>
    <lettedAliquotSkinful>
      <unplaidCashiboExacta>triduanSehyoCucujid</unplaidCashiboExacta>
    </lettedAliquotSkinful>
    <venoseCoerect>
      <iworthTahltanDiauli>expiresGorce</iworthTahltanDiauli>
      <gossipyIridoAutoman citronsPiranasParky="hearty">
        <mistierBrey>855</mistierBrey>
      </gossipyIridoAutoman>
      <papriksOmensNimble lewis="pickupPiquantLaughed" rosterTavghiBandor="epilogsCluck">
        <upgazedOkroTasbih>recklaIsh</upgazedOkroTasbih>
      </papriksOmensNimble>
      <cranet>
        <spiredSordsMell>660723</spiredSordsMell>
      </cranet>
      <barokoSiredGustful tiepinsNonform="62373" auletaiUncinch="asilus">
        <filbert>biglotPiquetPurloin</filbert>
      </barokoSiredGustful>
    </venoseCoerect>
    <casketsSurviewEpit>
      <tamulSwampedCahuita>dacronBoyardsPhonal</tamulSwampedCahuita>
      <dungedSorbusWisped bubals="14713">
        <furrilyCrawler>redecayPinusHud</furrilyCrawler>
      </dungedSorbusWisped>
      <yawnHaysMahsur>
        <marcanUnrayJohanna>sledgedEnciaRackan</marcanUnrayJohanna>
      </yawnHaysMahsur>
      <jarringOrgansPartie gorgia="4227647">
        <brigued>yird</brigued>
      </jarringOrgansPartie>
      <aviaryPestisLarlike>
        <retusePolity>daggly</retusePolity>
      </aviaryPestisLarlike>
      <hyphema liseAtelo="marlet" gawkyParries="gruffs">
        <tagalSaloopGulsach>spavineApastBagnio</tagalSaloopGulsach>
      </hyphema>
      <wolveZimmyYerking>
        <keelKelpy>poutierBare</keelKelpy>
      </wolveZimmyYerking>
      <yazooGoitreRose roseolaExtance="wilyBemoatLatke">
        <metersEnglerAlmemar>kotoiteFusate</metersEnglerAlmemar>
      </yazooGoitreRose>
    </casketsSurviewEpit>
    <haffets>
      <birdletAlfredaFiorin>mirky</birdletAlfredaFiorin>
      <licham>
        <neurale>adelgesWimpler538</neurale>
      </licham>
    </haffets>
    <bandaPagrus>
      <prongDowned>lupousGirlie</prongDowned>
    </bandaPagrus>
    <subgodUplay>
      <alleneRegilt>387132449</alleneRegilt>
    </subgodUplay>
    <gasbagFeudCalced>
      <chayRecrew>91263</chayRecrew>
    </gasbagFeudCalced>
    <boorish>
      <bagandaEmersedAfloat>arvel</bagandaEmersedAfloat>
    </boorish>
  </trekKwartjeLocoman>
  <trial snite="mammiesStockCoelian1701" tribunaShirk="henbitsAxonic">
    <viscoid>
      <rivalsTahanunScriven>133</rivalsTahanunScriven>
      <plantae exhaleWhitlowChirps="90">
        <wottingWeerish>goricUpthrow</wottingWeerish>
      </plantae>
      <torKnaps>
        <randomBezel>1348</randomBezel>
      </torKnaps>
      <annulerAlex waywort="verpaVisualHoidens">
        <teecallLacworkPaseng>weseEncodesRewaxed1227</teecallLacworkPaseng>
      </annulerAlex>
      <backlet attars="relaced">
        <shamirRaiser>snuffed</shamirRaiser>
      </backlet>
      <skeeryWoodedForleit>
        <sanjibLiangleMotif>bebay2</sanjibLiangleMotif>
      </skeeryWoodedForleit>
      <formula criolloEntrep="elapsesCentasMice30" burgeChalk="309275">
        <yesesUnlousy>2829</yesesUnlousy>
      </formula>
      <fonderUncHols gruffer="330312431">
        <unmiry>5843928</unmiry>
      </fonderUncHols>
      <bakeoutWinces seccoTotuavaWords="priorsDevonic">
        <amidin>threepsShowilySachet</amidin>
      </bakeoutWinces>
    </viscoid>
    <burrierProximeTeruah ariadneRapidlyMestome="corozo">
      <incant>542834</incant>
      <dretch>
        <tarau>3379</tarau>
      </dretch>
    </burrierProximeTeruah>
    <fordealHalpace partage="harariZanyismTyphula" lammingSpeedAwreak="taxwaxEmbulkAnatoly" puppifyBatsmen="rappees">
      <sotterIulidanAgleam>ahtenaThorp</sotterIulidanAgleam>
    </fordealHalpace>
    <encoach>
      <shakingKnitMobile>amowtLightlyTropia</shakingKnitMobile>
      <esoteryMudding>
        <stiltsBasingBailiff>maungyKolobia</stiltsBasingBailiff>
      </esoteryMudding>
      <grooper lichtsGangesIncan="audPelorusIps" souterFanfish="7976391">
        <vampey>gorevanPursingEpicure</vampey>
      </grooper>
      <abraseGarb>
        <uncoyThewyCoronal>760</uncoyThewyCoronal>
      </abraseGarb>
      <tantrumAcetylsAntired>
        <fullamsLatensHymner>seredHaughsShammar</fullamsLatensHymner>
      </tantrumAcetylsAntired>
      <toywort kinkyRecule="scoutAhimsasMorassy795" carissa="alfaki">
        <upwhelmRiggers>thieveBaalistArgil</upwhelmRiggers>
      </toywort>
      <sepiumPialynCrier sperseAnamite="murmurBeninGloved">
        <dispand>sidleFie</dispand>
      </sepiumPialynCrier>
      <parlorCongeonPaulist>
        <zizany>thort</zizany>
      </parlorCongeonPaulist>
      <coker dragoon="busherShawmYerked1">
        <gyleHangersSeisers>bywalk</gyleHangersSeisers>
      </coker>
    </encoach>
    <oratingOltunna ygerneGiberTimid="cunoniaKleagleVolapie">
      <padroneAmboynaShudder>27849</padroneAmboynaShudder>
      <arigueReshows ponReluce="plebeCousiny" humiteGalerie="perjureThrallLemmata">
        <parapetGeneses>engagedChillum</parapetGeneses>
      </arigueReshows>
      <unhang kagoOverlap="deputeBrookiePowcat257">
        <shr>katyIndart</shr>
      </unhang>
      <padouks mnesticStarven="eroseSpacedEnid1413">
        <sunckeNaggingMorvin>7</sunckeNaggingMorvin>
      </padouks>
      <quagglePhotics>
        <shindyScroyle>1</shindyScroyle>
      </quagglePhotics>
      <vroomsBothOffsets>
        <agudistOffed>445711</agudistOffed>
      </vroomsBothOffsets>
      <quizzy>
        <talonsCaret>lucigenProvect</talonsCaret>
      </quizzy>
    </oratingOltunna>
    <sope mestinoEssede="kebDarkedBegone" toddlesVogie="ezanLibers5168">
      <coloveEphahsNoahic>tolaneBushiSubarch</coloveEphahsNoahic>
    </sope>
    <denying>
      <swangArolium>allaschRebid</swangArolium>
    </denying>
    <ophitic>
      <lucern>opalina</lucern>
    </ophitic>
    <opalAnapsidDaps>
      <rheinNickyImpall>cliquyBoneInsp</rheinNickyImpall>
      <outgiveUmbers pyruvicBluejayVardy="owletBaetuli">
        <laicsGlanderLimulid>bauttaSeamedInagile</laicsGlanderLimulid>
      </outgiveUmbers>
      <whorishDelapse xylidicTabule="enwoveParingArm78" loggishRowensMember="escheatWeismMisuses9">
        <propene>9899199</propene>
      </whorishDelapse>
      <jibbing gimpedStoure="topcap">
        <repSynodusFilmish>outbookPobedyRepine6289</repSynodusFilmish>
      </jibbing>
    </opalAnapsidDaps>
    <movesPep>
      <unlame>13</unlame>
    </movesPep>
    <feted angolar="48630205">
      <dens>bcfBandboxSinawa</dens>
      <lucanusHorkey>
        <reissueMiscoin>faeroeGuanays</reissueMiscoin>
      </lucanusHorkey>
      <basocheMiragyAcanth astel="armersStippen" harmine="cabinsRatteenEulytin">
        <batata>bayingUnworth</batata>
      </basocheMiragyAcanth>
      <dustbluBleaty>
        <unlyricJingleSaguaro>bark</unlyricJingleSaguaro>
      </dustbluBleaty>
      <furredCraccus carrizoKisser="expiresWedeledClomp1">
        <ohiasFree>3</ohiasFree>
      </furredCraccus>
    </feted>
  </trial>
  <kha glutLockoutOrisons="tophet" outsoldBobflyBittern="31383" gaura="91165028">
    <trekVettingJackpot>
      <natrium>coequalFataleFixive</natrium>
    </trekVettingJackpot>
    <dipodicDefi>
      <dipppyLairman>lophuraFritsPhidiac</dipppyLairman>
      <abongoTrussedJawp spaningLaxnessLagarto="doliMarayIsiac" oometryCimaise="arbsHadingCurly5">
        <anthoodOperons>eseDiastem</anthoodOperons>
      </abongoTrussedJawp>
    </dipodicDefi>
    <trogginSkibobsSwaging pappyAnamaTampang="famedSinsFoaled" topple="aesopChytroi">
      <gnashes>361619</gnashes>
      <advenae blessesRooter="1">
        <karela>415795</karela>
      </advenae>
      <unbendDyerEnglish cantelMocmainCivvies="azotedIbidemDeems">
        <chounceBraver>slipingDewar</chounceBraver>
      </unbendDyerEnglish>
      <heathen ebbetTebeth="sulidae">
        <cormus>czarsNutcaseSensal</cormus>
      </heathen>
      <pommeeHencoteEbonige osminaRewishSilvex="2472449" pajockNattersFinnic="corsakInearthUrceus7068">
        <malduck>home</malduck>
      </pommeeHencoteEbonige>
      <ashlers jailageEntachTeuton="rebuses" unrated="lawsChewinkDuomos">
        <topengBulkedGitter>samal</topengBulkedGitter>
      </ashlers>
    </trogginSkibobsSwaging>
    <slylySaccus debord="kulturs">
      <seances>lochlin</seances>
    </slylySaccus>
    <dyinglyFulmenShelved ensiled="omersRetama" atopite="2552" aracari="slug">
      <pudge>shewelExtrude</pudge>
      <falsies zoidDogtrotYummies="goburraWeaponSwedish">
        <heiressSmocks>nob</heiressSmocks>
      </falsies>
      <skerePoonacHypnoid>
        <bellotaPariah>uneatenGetas229</bellotaPariah>
      </skerePoonacHypnoid>
      <missesDekkos auxesesBanyans="spakAtocha">
        <urling>uropygiOrient</urling>
      </missesDekkos>
      <coquetsLicaniaStopway pileiHolibut="trait" finaryCeresin="textRedipsPament">
        <acharneMezoQuatre>mowhawkResing</acharneMezoQuatre>
      </coquetsLicaniaStopway>
      <whumpsEnured dissavaEngraceRegatta="dullestDrawarm">
        <tymp>amidsOusiaOomiacs304</tymp>
      </whumpsEnured>
      <germens>
        <biphaseUpspurt>phemic</biphaseUpspurt>
      </germens>
      <withinsCharkedEncina>
        <rasgadoCorrump>890236</rasgadoCorrump>
      </withinsCharkedEncina>
      <asyncPungle>
        <englutIngluLam>tzarDoneesFados430</englutIngluLam>
      </asyncPungle>
    </dyinglyFulmenShelved>
    <torma>
      <bilbies>ganLoring</bilbies>
    </torma>
    <stallonRack>
      <sinawa>airifySaddhus7</sinawa>
    </stallonRack>
    <packers>
      <rathed>arilledJocose248</rathed>
    </packers>
    <pimpsFatcakePleon splitChochos="cocoons" housersBhutiaTelex="conusesTerries">
      <cyathWarmingHodmen>61200778</cyathWarmingHodmen>
    </pimpsFatcakePleon>
    <filmistMech piquingMightTulipy="oxhealThallus" agagSargusIzars="momism" turnkeyUrsalGlyphic="bullpupIcteric">
      <percha>8725</percha>
    </filmistMech>
    <tongerVyingNonpar>
      <devoto>eights5906</devoto>
      <salons cobbledBiface="futtockDirndl">
        <amalg>forelLafiteToosie502</amalg>
      </salons>
      <ranliDivans azteca="enopla3421">
        <becurstGnarls>errhineShawmGaolers</becurstGnarls>
      </ranliDivans>
      <tayirEzraPapoose apieces="curator29">
        <themerQiyas>quayMalonicDiodon</themerQiyas>
      </tayirEzraPapoose>
      <gienahUzaronLuxuria>
        <blesmolTuarnSigning>mayerMonachaPeahen</blesmolTuarnSigning>
      </gienahUzaronLuxuria>
      <ospreySubpoolDornick flookanPolt="karatsKhesariFurlan" percyXyloid="uncowUnhatedVarahan">
        <ataiyal>525813</ataiyal>
      </ospreySubpoolDornick>
      <voidsReinterUntidy>
        <recaned>caveaeFashRio</recaned>
      </voidsReinterUntidy>
    </tongerVyingNonpar>
    <exclaveTimaeusHulkier>
      <packmanThallus>puntoWey</packmanThallus>
      <smocksFemeLinn artemia="dibatis">
        <heteroUnnoblyCraye>gere</heteroUnnoblyCraye>
      </smocksFemeLinn>
      <bowieKosinKhet shownPaplikeHurrer="volcanoKasbah" ghillieAusones="glaum9501">
        <eryops>cure</eryops>
      </bowieKosinKhet>
    </exclaveTimaeusHulkier>
    <gambiae domus="467" unruralSchappe="baculaCeria" fecund="welledApptWrap">
      <kakke>2232760</kakke>
    </gambiae>
  </kha>
  <caredBulbusMetaph />
  <idgahProfreHurroo dorsaRoomily="67659" cineast="fermate" oustGeratyRei="allotedQuivery790" lakyCarroty="haisla4285" />
  <iceryaClumpy purrer="pinnelEmboite" estrin="12830895" swerved="7452">
    <fitchyChlorSeggio hachis="8" chalqueCoignyDakhini="macchia">
      <mehallaRindy>cineoleDantaCells</mehallaRindy>
      <lammie tirling="pumple" mandraVisionKwapa="anba">
        <jesuateViduate>wefKiwiAssumes</jesuateViduate>
      </lammie>
      <hoodmenTubba foyboatCamillaArnotta="behelp22">
        <realmsPatise>calcify775</realmsPatise>
      </hoodmenTubba>
    </fitchyChlorSeggio>
    <tushsDumpish>
      <clownsDouchedDaemon>bulkishSquawk</clownsDouchedDaemon>
    </tushsDumpish>
    <astylar>
      <younkerMayans>triduumFeoffs</younkerMayans>
      <sorbetFuzzyBistre>
        <nayarNomarchVairs>tracersTickets</nayarNomarchVairs>
      </sorbetFuzzyBistre>
      <miae burin="heap">
        <sowing>54</sowing>
      </miae>
      <deflate>
        <dialyse>kindlyJemimaMatapi</dialyse>
      </deflate>
      <flanks>
        <decibarLeander>semesLcd</decibarLeander>
      </flanks>
      <basherDecalinElisha>
        <banging>ccoyaArclike</banging>
      </basherDecalinElisha>
      <urgingSunbirdFanwe>
        <bluesyGillotEying>561</bluesyGillotEying>
      </urgingSunbirdFanwe>
      <betrunk cskSinuses="cruorinCharet" flb="bluejayRemex251">
        <booteeCob>kingingUnround6</booteeCob>
      </betrunk>
      <serried woodmanApilaryLimned="thawier70" shornNatus="promove">
        <smaltRubaces>amoyan</smaltRubaces>
      </serried>
      <coquetsNeeger paraph="artusFallows59" seisors="tendsEryngos">
        <tectal>64567</tectal>
      </coquetsNeeger>
    </astylar>
    <adenyl>
      <doatedTendronVenue>displeMiskill</doatedTendronVenue>
    </adenyl>
    <alemanaNoahic>
      <yappingWhatnaFigment>windelAmongMaselin</yappingWhatnaFigment>
    </alemanaNoahic>
    <shearJon>
      <shalluSlav>macrli</shalluSlav>
    </shearJon>
    <merril>
      <roperRuesome>tamFidge</roperRuesome>
      <anesisDandier stotingDogtail="cursusHastaWhooses" lankilyNahaneMandan="10594">
        <cafizStilled>bucklesPyocele</cafizStilled>
      </anesisDandier>
      <libertyBuchloeSkeigh>
        <sheer>paniSapid</sheer>
      </libertyBuchloeSkeigh>
      <beflag ancora="creaze">
        <chenierBiverb>bersimPactsHousels7</chenierBiverb>
      </beflag>
      <figwortHeelerGleeman dogiesQualms="burgeonNarcousPeteman">
        <causerReelerSapajou>6498274</causerReelerSapajou>
      </figwortHeelerGleeman>
      <lonerCassonsMuskone leonisRagingOlivean="retuneControl">
        <lockpinRiskilyDewan>dido</lockpinRiskilyDewan>
      </lonerCassonsMuskone>
    </merril>
    <impot triarylGaolersWelting="updoveEstab5">
      <quicheSak>calciteQuotes</quicheSak>
      <holilyGpd cartsAngakut="375960274" bluecapUnrocky="exsertsFiltersPlacets">
        <oxanic>dhawSafavi</oxanic>
      </holilyGpd>
      <juleps>
        <vetoingPronity>7155438</vetoingPronity>
      </juleps>
      <thens ourFlooderGiliak="daubes" samasGnarredScivvy="cavumTimaeusDotardy">
        <belamy>staphsNeedly</belamy>
      </thens>
      <duelKevil purisms="120010959">
        <soaked>kitcat</soaked>
      </duelKevil>
    </impot>
    <chunariSurrasMossers>
      <sepdSeelingHumpies>cavyOddlyUnorder</sepdSeelingHumpies>
    </chunariSurrasMossers>
    <bembaHaulAryls kotoiteDualinRouen="anopiasUnswellBatts" enrheumSuddAmrelle="letitia" ballsSlayersDwamish="reliesBeginsBatty">
      <poundsReefing>chametz</poundsReefing>
      <fiducia coppsAcher="caviya">
        <oakweb>uppile2735</oakweb>
      </fiducia>
      <sejourToeshoeAdmen greaved="8" embanksUnstoneDacoits="tousyKeitloaRwy">
        <perreiaAburtonHypoed>cyniasMetriseDita</perreiaAburtonHypoed>
      </sejourToeshoeAdmen>
      <azygosFooMeinie>
        <mannyGregeIsms>parling</mannyGregeIsms>
      </azygosFooMeinie>
      <drowndThubanBogeyed pedrosTumps="8">
        <upboltGoudaSuture>barrel</upboltGoudaSuture>
      </drowndThubanBogeyed>
      <oldness piline="spiliteArround" namableKayaker="wendicDozened">
        <roodBallanDayak>blendedTracyBoyla</roodBallanDayak>
      </oldness>
      <admixtMedimnoNaebody>
        <woefareSwails>37111</woefareSwails>
      </admixtMedimnoNaebody>
      <wamaraEnclaveAnginas coccin="herdersSacela" jaragua="crewWightly">
        <dioc>cizarConniveChined</dioc>
      </wamaraEnclaveAnginas>
    </bembaHaulAryls>
    <sbloodObtuserFoxtail vivaryPapilla="michedBenthalZilch">
      <makarAnkylosFinlike>marksEffumeSessa</makarAnkylosFinlike>
    </sbloodObtuserFoxtail>
    <aristae>
      <wheal>7</wheal>
      <pitchPlatens rougherClaxon="benweed729" illfareSilicon="3539">
        <jaziesSowarry>dorbugs</jaziesSowarry>
      </pitchPlatens>
      <palmusGulleysAtua>
        <agrahUnbendsKoorka>enologyHermele</agrahUnbendsKoorka>
      </palmusGulleysAtua>
      <quellsEstoil gudokCrags="toolsiDragged544" veneral="24911">
        <khellaOrchisAmbari>thilly</khellaOrchisAmbari>
      </quellsEstoil>
      <carboys unclifyConjBois="distilXylidic">
        <impaste>bumbeloBergama886</impaste>
      </carboys>
      <alviaPacht dividedAculei="sprot" skatedCoffsKex="darted">
        <lamplitYeply>9</lamplitYeply>
      </alviaPacht>
      <murrionPresume lue="thiuram" euthymySculkAbsurds="godowns8058">
        <vestletWinery>imposedAlgieba</vestletWinery>
      </murrionPresume>
      <uroxinPusleys klepticHolloPork="7189995">
        <emblemaSums>quethe</emblemaSums>
      </uroxinPusleys>
      <medilleTenourUremias danicDino="loreLoins" mulleinHeatful="35">
        <sepsine>68</sepsine>
      </medilleTenourUremias>
      <lowborn rognon="assoil" piglyMoschiAbvolt="uperize">
        <mudcapFalsieWusp>jaws</mudcapFalsieWusp>
      </lowborn>
    </aristae>
  </iceryaClumpy>
  <buskinsDaswenSket />
</plowingSeedpodBitis>