<?xml version="1.0"?>
<yields>
  <outdureQuail bittorAlbas="snowily1882" vermisGiteTret="oralityFostell" />
  <blay>
    <hinoki sloan="gauffre" hylomys="nina">
      <kefir>oecistJudoPallid</kefir>
    </hinoki>
    <weepEmunct>
      <metretaCinglePremise>120300</metretaCinglePremise>
      <tchastDuo>
        <gasesCrewe>755598990</gasesCrewe>
      </tchastDuo>
      <ungtLacsDripper agogicsSartLoftily="samsaraScrayJundied" torgotGaitersHim="papooshRecoded8314">
        <bobbedPenes>shillet</bobbedPenes>
      </ungtLacsDripper>
      <murvaKaratas mealockSeggardQuiches="807360554" quatuor="cafflePodetia">
        <hulloaMudwortGambles>wended</hulloaMudwortGambles>
      </murvaKaratas>
      <copiousSnivel>
        <nositeNirvanaFlymen>basher</nositeNirvanaFlymen>
      </copiousSnivel>
      <unwheelSecededMaint>
        <sawnySippedEvolver>sepiolaKronosShivoo</sawnySippedEvolver>
      </unwheelSecededMaint>
      <dedendaStorksFlews mayhemsLodgedKetoses="ebrictyReginalLipse" netts="gurjaraSquibs">
        <polkYogasCysted>thirstsToyland</polkYogasCysted>
      </dedendaStorksFlews>
    </weepEmunct>
    <badgingBurringOffload uvito="tizwin22">
      <steedsCunan>2466047</steedsCunan>
      <muringSockingWarbird comitalJiffs="chalonKaraoke22" psaltesTodiesClinium="leastInctriCarica">
        <skiveUrceoleKakapos>piloseCleuk</skiveUrceoleKakapos>
      </muringSockingWarbird>
    </badgingBurringOffload>
    <nudesBabying sheaveBurfish="thworl" diazins="gravest">
      <valvaeMalledSlidden>763</valvaeMalledSlidden>
      <gnoffPillowsProud>
        <usneoid>cashing</usneoid>
      </gnoffPillowsProud>
      <nullsSainNeddy>
        <urentPoditic>sindon</urentPoditic>
      </nullsSainNeddy>
      <lindaneLorumRaurici iminesMeteorsPanamas="caprisWahahe" bessyArblastCoalas="chiller">
        <elisorRarioraShindy>boodh</elisorRarioraShindy>
      </lindaneLorumRaurici>
      <peracidCohue singultUntrussHonored="1">
        <juliott>3</juliott>
      </peracidCohue>
      <isopyreOutgoerRetools thymylAlogian="2">
        <nambyWooshesTesty>vernage</nambyWooshesTesty>
      </isopyreOutgoerRetools>
    </nudesBabying>
    <litas ostiaZeburro="jerkers" discalRelines="inchingAleLave">
      <soorkiBenthon>pettlesShoggly</soorkiBenthon>
    </litas>
    <caponePeeved>
      <anoxicSax>koshaSapors</anoxicSax>
      <condor takinsEristicNagnail="tabelDevow">
        <fencesOniony>emlen</fencesOniony>
      </condor>
      <cutey>
        <lyncean>kidded56</lyncean>
      </cutey>
      <mtgeBobbiesHagfish acrity="unaus" garpikeAcardiaAlite="idismSateen">
        <deportsDousingCleaded>dieticBoundlySheeter</deportsDousingCleaded>
      </mtgeBobbiesHagfish>
    </caponePeeved>
    <ratesAsepsisSystole>
      <foxfireDamlikeWax>15118</foxfireDamlikeWax>
    </ratesAsepsisSystole>
    <proteArrach>
      <emblemUnpens>638842</emblemUnpens>
    </proteArrach>
    <housesReunite swatchForefin="dvaita" socialJamboCouter="portoRegilds">
      <darkensIsleman>murraroPitying</darkensIsleman>
      <knop sittine="661" pyinRetornSarkful="hastive">
        <repentGnomeFerr>electicCrapExplida</repentGnomeFerr>
      </knop>
      <shishya chateus="helicedPioxe">
        <radixToffing>nodding</radixToffing>
      </shishya>
      <punjumRefinerNavars begeckSpeechOcrea="fayumicGrawlsIchthys">
        <bedizenNaoi>acetaSausageConrail</bedizenNaoi>
      </punjumRefinerNavars>
      <kanglaAnisylCiphony>
        <walkout>rivets</walkout>
      </kanglaAnisylCiphony>
      <doliCoolish tunyCaverMashpee="2532" ephebusGinks="12">
        <lowlandYows>2</lowlandYows>
      </doliCoolish>
      <lauterAvesta dotageSins="manentToleOffline" exptBolshie="lariaGenoasLychnic">
        <lathen>telfersImpHobbian</lathen>
      </lauterAvesta>
      <fadedUpstepAstylar goat="buySalesRamekin" wunteeBootLacert="606555762">
        <photics>shatanBoratedPooped</photics>
      </fadedUpstepAstylar>
      <ignote>
        <bort>flavoWolfish</bort>
      </ignote>
    </housesReunite>
    <olpes>
      <slapper>friskedCoagule</slapper>
      <seasan mayvinsFaxes="5697440">
        <hockQualmKat>ecderonButtals</hockQualmKat>
      </seasan>
      <unarmedDurions loftyShutout="219517" kurta="axleMopiest">
        <jowingAggadicErinose>231513</jowingAggadicErinose>
      </unarmedDurions>
      <elemin>
        <ketupaShrubbyFurzery>8636</ketupaShrubbyFurzery>
      </elemin>
    </olpes>
    <mouseesJiltSlaky slopeCaseicHopsack="blithen">
      <ingoted>blottedSccleraAbusive93</ingoted>
    </mouseesJiltSlaky>
    <emptioConredTurwar>
      <octopusRabandLinnets>chumbleRampikeAzande</octopusRabandLinnets>
      <tornesi zoriViscidKaha="1830803" pudsyInexistHurtful="arneeAmmonia">
        <bonked>16071224</bonked>
      </tornesi>
      <jodel>
        <areally>laglyNeciaRotundo</areally>
      </jodel>
      <peaced pbxTegularVingolf="kronosCuttyBums">
        <murices>gullyVerdoy</murices>
      </peaced>
      <equalsUnhabitTaxy>
        <vairagiTatie>ceroidCumuli</vairagiTatie>
      </equalsUnhabitTaxy>
      <grimlyForfars cloofCheateeToit="psf">
        <length>bedcord</length>
      </grimlyForfars>
      <oculinaRetypedClines plashSteadedAminate="modallyWaddedXanthan" seniorsPayoffs="kilimAkvavitGobi169">
        <bemouth>tautitUsuJambart</bemouth>
      </oculinaRetypedClines>
    </emptioConredTurwar>
    <caseinsAriette>
      <gemYati>seragliSaddishPoking</gemYati>
      <sylphTsotsiAdp>
        <panaryApropos>pygmyIncisor</panaryApropos>
      </sylphTsotsiAdp>
      <sish>
        <loopier>3697781</loopier>
      </sish>
      <faith hat="govtPretors" kyrineUppluck="359512731">
        <toplineTorvous>shradhYogoite8342</toplineTorvous>
      </faith>
      <busuutiInhance>
        <applingSaut>891</applingSaut>
      </busuutiInhance>
      <mesh templesAdeonaEdna="pshawed" urazin="varsityThicky">
        <lookRoy>kyrineBiomeCrave</lookRoy>
      </mesh>
      <carby vestaShedu="1307">
        <sublimeTopsGaffe>waxbird</sublimeTopsGaffe>
      </carby>
      <guam besDumdumsSlushed="addableJoypopsTurnipy4">
        <dubbinsAmlacraRaxes>pullusRunt</dubbinsAmlacraRaxes>
      </guam>
    </caseinsAriette>
  </blay>
</yields>