<?xml version="1.0"?>
<ballots>
  <uncurbsRaukleDigeny glyoxal="2935959" goraAouadsTahanun="riffledSolonsMsg" damns="murphCrewerBank" />
  <speiseFalcateQiviuts fungoseDoormenZoquean="orna" frances="neepsGibber58">
    <togemanQuaying engridFaggotyHelving="dolorBicronsSubhead">
      <hoddensPrisalEnosist>fits7</hoddensPrisalEnosist>
      <apperilDeer>
        <belfastArgons>girlery31</belfastArgons>
      </apperilDeer>
      <osmundsLigule>
        <silkMoist>mauri</silkMoist>
      </osmundsLigule>
    </togemanQuaying>
  </speiseFalcateQiviuts>
</ballots>