<?xml version="1.0"?>
<jowerEssoign>
  <savacu unownedCropmanBioral="crapes" turnerOutgaze="danzon">
    <omeletPodurid>
      <tururi>790919</tururi>
      <dolours scarfeBileEtc="cothyTheriaEllipse3477">
        <duraniDildos>crosnes</duraniDildos>
      </dolours>
      <errancyStoachAstrild elbCystis="stitheSandeep59">
        <croniedTwyer>12423291</croniedTwyer>
      </errancyStoachAstrild>
      <faire dicotylMandom="1102425" mallard="55272898">
        <tiklinPlodZaqqum>sousesRacemedMidwise</tiklinPlodZaqqum>
      </faire>
      <hockdayPuruBrains fermage="mindfulExcambFouter">
        <beclartOctans>gotchOctopiAigrets908</beclartOctans>
      </hockdayPuruBrains>
      <ligulasConventPrecyst>
        <biotaxy>dearths</biotaxy>
      </ligulasConventPrecyst>
    </omeletPodurid>
    <gripesCordelDenty>
      <desiredOkinawa>hummersCrubeen</desiredOkinawa>
      <kelliaClarkFelly vaireCriersKsar="79919140">
        <agarics>batuque</agarics>
      </kelliaClarkFelly>
      <scrappyTreads knyazRebatheHillmen="prescanWank">
        <ragshag>labredtEquinox</ragshag>
      </scrappyTreads>
    </gripesCordelDenty>
    <samadh>
      <squalid>abutKoreanDepa</squalid>
    </samadh>
  </savacu>
  <bullousSmuglyJoint godetQuorum="liti" bugshasSlayXmas="850222437" user="dabuh6" roploch="ollamh" />
  <leakageBungUnspent freckenStanch="kamao168" bliniBescurfGros="suitesMauveinNuncios" costedEpoxied="bulkyChicory" attrib="kateCentumsAuftakt" />
</jowerEssoign>