<?xml version="1.0"?>
<chinoaSkawXylyl>
  <waipiro>
    <maracan pieta="600625509" twelvesBulkyIsatate="duchy">
      <unrunTreronWisent>straitsWord4160</unrunTreronWisent>
      <serialQuieten gawkies="ideals" epioticSozzleAlum="buckass">
        <sinaloaRedcollKhans>charcoTalipatOestrum</sinaloaRedcollKhans>
      </serialQuieten>
      <iceboat foretopUnplaceEmended="enamberManfishAbib3">
        <sluedHostess>pourrisDumkaUndoers23</sluedHostess>
      </iceboat>
      <fanciesPannelUnpale berun="abattuAllyou" rikk="86735101">
        <gaubyDewless>carvedFastish</gaubyDewless>
      </fanciesPannelUnpale>
      <yelled>
        <tullianFezzesHinny>issue</tullianFezzesHinny>
      </yelled>
      <rocketsAttribPone duadicYesty="1" randemBahur="194767962">
        <comber>cellarsSonoresInverse</comber>
      </rocketsAttribPone>
      <packwayKolis>
        <dirigoFrecket>jaunce</dirigoFrecket>
      </packwayKolis>
    </maracan>
    <apsis deedboxUramil="banksiaIdleby18" brisant="plopsPhytyl" tartagoHempy="520638961">
      <lofterDreepyVolta>seggioNolt493</lofterDreepyVolta>
      <tantony ponto="95394" brockedIncony="paisDarr">
        <phialTubbish>crownsRunlets</phialTubbish>
      </tantony>
      <seyHendly>
        <asquat>inscapeRamps</asquat>
      </seyHendly>
    </apsis>
    <rachet vibixRuefulRefix="flauto847">
      <despoil>skulksMiscue</despoil>
    </rachet>
    <anagogyGrabber embolumDryableDeter="legumeFavillaKabalas" amebeanMontaukPiracy="548934146">
      <subgyriGalea>whizgigReetOpening</subgyriGalea>
    </anagogyGrabber>
  </waipiro>
  <esseTeaishPerp />
  <dungy inspeak="radiousSuicide">
    <epode sabaistBuzzers="669335316" misticoShammasPrats="702" coinerBowledParries="streNittier">
      <chera>curacao</chera>
    </epode>
    <tumionAlveolaEng>
      <fbiExceptBroid>russetyQintars</fbiExceptBroid>
      <obvertBerated cautelCarromsVisita="louseSippioRitards">
        <spewedBeblood>tribaseGanam</spewedBeblood>
      </obvertBerated>
      <glidderSistra>
        <abaisedCatsup>747</abaisedCatsup>
      </glidderSistra>
      <shockerPigeonIsobars graphy="peace" guetareMacaco="subhallTrapped183">
        <edgar>upsendsUnrroveZeidae</edgar>
      </shockerPigeonIsobars>
      <gulsachEdenic wryneckBromiusScreak="65764" errhine="drusean">
        <falcerPurtySouchet>thornenSyphersPatrons</falcerPurtySouchet>
      </gulsachEdenic>
      <skewy ideo="flintTuxedos" joinedMarys="linetPariah">
        <linkupsSicyosExpiate>fuzzingPortingOrthant</linkupsSicyosExpiate>
      </skewy>
    </tumionAlveolaEng>
    <chottMammoth>
      <metad>knurl6</metad>
      <mannans payGlaceed="ezba">
        <dexesLopingGeaster>witheShegetsAnanda</dexesLopingGeaster>
      </mannans>
    </chottMammoth>
    <gamilyLurdans>
      <zocalo>qualia</zocalo>
      <sibylsAtourSpiked>
        <watherSoffitShiny>523377</watherSoffitShiny>
      </sibylsAtourSpiked>
      <niggingOncinMuskeg sepoysRespite="elektraAgedDariole9680">
        <baulkOverlet>intimaOrgamyFairest</baulkOverlet>
      </niggingOncinMuskeg>
    </gamilyLurdans>
    <lowbornOxalateFaon>
      <upbraidPotto>221423834</upbraidPotto>
      <lifer>
        <explainGemmaePinched>berimes</explainGemmaePinched>
      </lifer>
      <libri termlyBerdashIcelike="ranchosOohZeuxian">
        <wamblesUpbinds>9</wamblesUpbinds>
      </libri>
      <stupaCarefoxCircum balker="kapokSconced" dimitryAlima="1">
        <habiri>elon</habiri>
      </stupaCarefoxCircum>
      <moellon>
        <lustily>caudles</lustily>
      </moellon>
      <canelAsimmerBuenos dinersUndrab="fjelds38" razedBalneae="496973907">
        <battiesMillyDeducer>sieurLathen</battiesMillyDeducer>
      </canelAsimmerBuenos>
    </lowbornOxalateFaon>
    <recarry>
      <miseryTitivil>5</miseryTitivil>
      <nonane tettersMaltShachly="acerinJakos">
        <gleekedDefrockEnology>rimierSkatolSabayon356</gleekedDefrockEnology>
      </nonane>
      <anjouYakanUnduped>
        <bowiePizzles>dunness</bowiePizzles>
      </anjouYakanUnduped>
      <panaceSerapeaHarbor>
        <noduleMutismTush>kitabi</noduleMutismTush>
      </panaceSerapeaHarbor>
      <conceit mergusNeperAlamire="814325928">
        <soupyBeaufet>chaber</soupyBeaufet>
      </conceit>
      <peisantLexemicCouthie>
        <deasilShramSantir>midyear</deasilShramSantir>
      </peisantLexemicCouthie>
      <lakmusEmploy>
        <stethyEppieRepr>semsenAtarPerhaps</stethyEppieRepr>
      </lakmusEmploy>
    </recarry>
  </dungy>
  <kagu cadyAsmaltePecked="drawarmSosCults" sotweedGodlier="morosisDynam" linalyl="42573177" muzoonaSqueezyOutlie="cleddeLoboloManners" />
  <ragnar>
    <allo astorJarlite="alhena">
      <mithanFidged>inlets</mithanFidged>
      <pappyriRoupilyWestme>
        <daymare>elragePigstyFranker</daymare>
      </pappyriRoupilyWestme>
      <aluminDiecase sunglowSyphons="myomaMoltenNahor" fausantAlai="adenoseFeodalRinaldo">
        <reariiSadists>550049</reariiSadists>
      </aluminDiecase>
      <gimbri>
        <connex>tawieToons</connex>
      </gimbri>
      <entoneFacetsDevide vealer="bisqueMalacon" reducesAlongCalid="rufterMalarin">
        <weznGest>shtetelAmends1196</weznGest>
      </entoneFacetsDevide>
      <lizSpiroleExcisor aesopicSubj="secernBiunity2" brewisLile="simmersBoer">
        <kachchaClammy>avidlyGonofChipper</kachchaClammy>
      </lizSpiroleExcisor>
      <marina swallowRompersLorius="proportXylene">
        <maquiBedUnwield>607</maquiBedUnwield>
      </marina>
      <fillersCrileChromed groomImpure="remergeBowpotHones" erector="6009289">
        <taresRerivetUnoped>beleedBegun</taresRerivetUnoped>
      </fillersCrileChromed>
      <toolingRasesGaslit splosh="opaquedKutchWigtail">
        <goboWabsterSulu>ajoure</goboWabsterSulu>
      </toolingRasesGaslit>
    </allo>
    <rebusy chetahsCushaws="varletsTaliage" tylocinVoluptyPlugger="malcolmItaLulu" bowle="wisselKathode">
      <millersFucks>87965958</millersFucks>
    </rebusy>
    <aleakWaura cantabMitvothButeo="dairi">
      <imidicGliderPsyllid>skolly4</imidicGliderPsyllid>
    </aleakWaura>
    <guides sheogueEndurer="saumyaTushedAstylar8604">
      <nuggetRetemsMaroons>usurped</nuggetRetemsMaroons>
      <gouraWaroriKylikec>
        <dhaman>empestPaeonin9260</dhaman>
      </gouraWaroriKylikec>
      <snapyMagnumsCaffa smudgy="hulkedSistersSclav">
        <camailsEnsnowEruca>maundsSpinney56</camailsEnsnowEruca>
      </snapyMagnumsCaffa>
    </guides>
    <combedMeoFraser>
      <valvarDhow>satiate</valvarDhow>
      <lazyCyborg>
        <salvedRho>ireosCaapeba</salvedRho>
      </lazyCyborg>
      <meathAmbsace tropyl="intrine">
        <tsadik>trisulcLeyden424</tsadik>
      </meathAmbsace>
      <retestsTripoliMeting pewmateReachesUnspeed="956962054">
        <veninAloedPonies>absinthBaymenDouma</veninAloedPonies>
      </retestsTripoliMeting>
      <bocce hyloistNachasNuzzles="rockishWages">
        <donateWormilsGalumph>heapsDecidedUpburst1</donateWormilsGalumph>
      </bocce>
      <ekedCation ichthFaking="recrop1680" filagoThurgiResid="ardebs">
        <cornersCarroch>bulwarkSpiralBubinga</cornersCarroch>
      </ekedCation>
      <utmostFowlpoxLucy scatMeltingCeston="spiderSuricatWreaks">
        <betoyaDodmanBimbil>4976322</betoyaDodmanBimbil>
      </utmostFowlpoxLucy>
    </combedMeoFraser>
    <exeat>
      <buyoutEtrenne>98</buyoutEtrenne>
      <theciumThetin feazes="taureanBrender375">
        <prozoneScfm>llew</prozoneScfm>
      </theciumThetin>
      <hairnet>
        <exsolve>51</exsolve>
      </hairnet>
      <simconPungledLemosi centare="957" serryOrpineUdell="nexalRoedDeigned">
        <semimat>souledTestacyGrind</semimat>
      </simconPungledLemosi>
      <sareeRocolo butteryPorina="iwoundBusters">
        <pensive>69477352</pensive>
      </sareeRocolo>
      <boltantCapouchHes rucksCamacan="zanyishDunites45">
        <amidateTores>532797429</amidateTores>
      </boltantCapouchHes>
      <girl>
        <yentesBahaistStaun>15224</yentesBahaistStaun>
      </girl>
      <vainer pushedWindrow="caramelGrando">
        <flogNakArchin>spolium</flogNakArchin>
      </vainer>
      <heated gideonFeezing="batardePaut" toletanEnchyma="93687">
        <ghatti>punksSkiftWongara</ghatti>
      </heated>
      <ancillePries bashawsJianyunAponia="broad">
        <droner>meatmanPares</droner>
      </ancillePries>
    </exeat>
    <uncurst>
      <toscaDeisinCorema>bewornCatella</toscaDeisinCorema>
    </uncurst>
    <rennBechirp>
      <sadhika>94</sadhika>
    </rennBechirp>
    <uretalXvii betrothEnwoundAmanori="ruttleBoolianErns" micks="wongenTheos" fenced="limitorVeuve">
      <inositeMoratPetum>5417585</inositeMoratPetum>
      <gauferMotmotUnhang>
        <gilakiCancha>5933</gilakiCancha>
      </gauferMotmotUnhang>
      <impartUsanceCapital otozoumOnagriLopped="relumeGepidae5" thester="absoil">
        <tactsTeutonsSutra>kindledJeanAles</tactsTeutonsSutra>
      </impartUsanceCapital>
      <forra nibbedRouters="ptinoid">
        <heiminHilsah>uniflow181</heiminHilsah>
      </forra>
      <worsenApoidea tituli="bundoc">
        <reptant>strailDaffingAlsoon</reptant>
      </worsenApoidea>
      <gulaeTroys upher="36">
        <assautAlants>madship</assautAlants>
      </gulaeTroys>
      <rumbBeckettKora dowsersGlassesCathop="aliquidBashful" toftmanEspecRegrade="barbeau">
        <wishtRiesGritten>baneStupendSuccus</wishtRiesGritten>
      </rumbBeckettKora>
      <elytraFrundel biosisPeonies="187" tangoQuarrel="primsie6401">
        <pallaeTaxitic>shtg</pallaeTaxitic>
      </elytraFrundel>
    </uretalXvii>
    <atmas>
      <kirn>zaniesCapocheIncave</kirn>
    </atmas>
  </ragnar>
  <taupoEyecup slantCloddy="kiddle" />
  <yakkersComaeDilemi>
    <papingo mobbersGlenn="behedgeMfdPenmen145" alkanet="440">
      <yate>pentyneBelash63</yate>
    </papingo>
    <ladlersBongsTabriz>
      <frithMutuumHeliand>paliestBemists</frithMutuumHeliand>
      <poutBelite achkanPentace="graylagSheepyUchee">
        <tailorsDelatesZoolite>yesoVetandaAgene</tailorsDelatesZoolite>
      </poutBelite>
      <siftedAbush chleuhCamoteJanders="589319809" minhagGamsPaisans="hooplas">
        <exclude>5754480</exclude>
      </siftedAbush>
      <pintBraxiesMizpah>
        <solidusFaintlyAxillas>7</solidusFaintlyAxillas>
      </pintBraxiesMizpah>
      <philip>
        <enribParol>karbi</enribParol>
      </philip>
      <throddyTinsmenToto>
        <yearthLows>howsSully</yearthLows>
      </throddyTinsmenToto>
      <knicker>
        <mixen>kurankoGuichet</mixen>
      </knicker>
      <locoman>
        <billjim>clampedDeratsCannot</billjim>
      </locoman>
      <squalorHogskin sorancePangens="appendEggroll">
        <acnida>428492</acnida>
      </squalorHogskin>
      <dramasTowser poachedCorsos="381509599">
        <twaddleAbasesClothy>gowns</twaddleAbasesClothy>
      </dramasTowser>
    </ladlersBongsTabriz>
    <meanedBabies>
      <rebabNobelDirgler>assortsForgePoorer</rebabNobelDirgler>
    </meanedBabies>
  </yakkersComaeDilemi>
  <advisyPeinedMourns casavasRipcordMerch="567569896" />
  <xylaria treatsOpineBemoon="715016">
    <unsayIsobar deddErebusQuipu="goalNimiousGens" hocMolge="cionTyphulaAgma">
      <livetinAnvil>1226</livetinAnvil>
    </unsayIsobar>
    <tauntsQuagglePallial levyistErf="771" crusadeStower="autoedNitroso" iodolsHyaltsStram="damalicPlumbet3647">
      <bundyInapt>7200285</bundyInapt>
      <yerBraless unwrapChekkerTawery="irks">
        <diiambMyotomyKopi>bullet5</diiambMyotomyKopi>
      </yerBraless>
      <cogonNaioAnoesia gallet="memsFlubdub">
        <mysel>73</mysel>
      </cogonNaioAnoesia>
      <sequestDualistUpupoid spinnyMilterSpain="44407202">
        <dollishAnoesis>keistGenappeGunate</dollishAnoesis>
      </sequestDualistUpupoid>
      <dumpersSimiad>
        <dipodidEvoking>7712721</dipodidEvoking>
      </dumpersSimiad>
      <betalkSicc myricylBorwortSquirt="canducCanular" suionesChakdarEarls="9">
        <canaut>carmelaIyarCaky</canaut>
      </betalkSicc>
      <trionymSixthScud>
        <ryaniaFittingNieveta>nornDupersUptown</ryaniaFittingNieveta>
      </trionymSixthScud>
      <dartman sylvate="comptsMuggy">
        <crannyChigoePol>trammelWhumpsBirlinn</crannyChigoePol>
      </dartman>
      <primi exilicAstrandCotrine="frisker" dothAsklentShohet="mercePugmillMeloid">
        <silos>3408</silos>
      </primi>
      <arrearHugy fulls="slosher">
        <nervesMyophanBypaths>bedsoreTickie</nervesMyophanBypaths>
      </arrearHugy>
    </tauntsQuagglePallial>
    <dandify>
      <rollman>87383126</rollman>
      <shaikhiYemenicBeala jazzes="hoefulEstrous" blottedWavesonLubra="camped">
        <lithateLeptiteMacros>80673847</lithateLeptiteMacros>
      </shaikhiYemenicBeala>
    </dandify>
    <betrendEpinaos>
      <acrid>burritoMoidore</acrid>
    </betrendEpinaos>
    <bongo depit="moolah" eydent="645">
      <trowsZambian>20756</trowsZambian>
    </bongo>
    <tamise axweedUnhats="49166040">
      <hogwardSizzles>bostal</hogwardSizzles>
    </tamise>
    <slavianEphoric nibs="tewerDicyclyBewrite" redrawn="744802" undosed="turcism">
      <phoebesGyppedDuit>aplitic</phoebesGyppedDuit>
      <rerateNorsk>
        <serfage>twat</serfage>
      </rerateNorsk>
      <teaeyBuggingTilery>
        <patrick>oilskinHaboub</patrick>
      </teaeyBuggingTilery>
      <odinicUnrazedCharkha sashaysJalopGoatee="sawerMaurice" sandip="tarbleParve90">
        <tunnit>mathsSlayer</tunnit>
      </odinicUnrazedCharkha>
      <trappedBlowessAvanti beingSlakedRexes="glaires" cicalas="seeableQuiringBuxomly">
        <mazeShikseSemang>rodneyZero35</mazeShikseSemang>
      </trappedBlowessAvanti>
      <revilerSullensSinaean sprayedChitCassie="thurleChildlyBaalist">
        <cayenneMilliteNows>irruptTufanWaxing</cayenneMilliteNows>
      </revilerSullensSinaean>
      <agromLoun prebill="margayGruffy" feyer="quinyie">
        <awaPitchesSees>oarweed</awaPitchesSees>
      </agromLoun>
    </slavianEphoric>
    <gynBonzer lorisesPledger="smoggySlyer3" naimOhare="2675" bungosLotuses="hamliAwardAssist244">
      <sorboseGrantha>hainch</sorboseGrantha>
      <civetEuroAten>
        <tinoBromo>uppluckAsqueal</tinoBromo>
      </civetEuroAten>
      <relictsWiss>
        <unbends>puirProxyCalices</unbends>
      </relictsWiss>
      <screaks almahTidings="551845207" glopnen="rendu">
        <apeekBasketMiseat>791</apeekBasketMiseat>
      </screaks>
      <puszta>
        <ller>pyrrolsWayangSeedful9</ller>
      </puszta>
      <sorningClarainTuchis rimate="bonitoPotch">
        <portalSurfieShorls>sleyMegarad</portalSurfieShorls>
      </sorningClarainTuchis>
    </gynBonzer>
    <anoeticDilute>
      <gesan>longeveArced</gesan>
      <kunesteShypooNothing icespar="6267453" brogan="ashyLangiCirce">
        <dulledKareaoOutpeer>8801</dulledKareaoOutpeer>
      </kunesteShypooNothing>
      <chirres hasinaiLiker="deviant">
        <gauzierCalumba>fageCabbyPropane</gauzierCalumba>
      </chirres>
      <toterOtocyonGuidon russet="overgod" agitateAmazes="775334528">
        <obelial>6549514</obelial>
      </toterOtocyonGuidon>
      <rissole>
        <uncivil>285</uncivil>
      </rissole>
      <humate arrahTkt="fundicAbelian501">
        <setdownReelSiloam>7</setdownReelSiloam>
      </humate>
      <hurdled entires="limityFaultedMusmon41" assautAyuyu="anisoylTaata">
        <ednaKirverUrinose>quiesceCedens8</ednaKirverUrinose>
      </hurdled>
      <incube>
        <doradAccurseEmigate>congeedNessusZoeal</doradAccurseEmigate>
      </incube>
      <onca>
        <starWhelky>697</starWhelky>
      </onca>
      <malheur>
        <renters>dovesTattleSplents</renters>
      </malheur>
    </anoeticDilute>
    <stake>
      <drown>bunnia80</drown>
    </stake>
    <raphiasTurbits>
      <iraqiDebe>adlayNoebcd</iraqiDebe>
    </raphiasTurbits>
    <reliantMistime>
      <linus>act</linus>
    </reliantMistime>
    <scotismStacker>
      <cansos>unsortKabikis9617</cansos>
    </scotismStacker>
  </xylaria>
</chinoaSkawXylyl>