<?xml version="1.0"?>
<oriel>
  <gutwiseViolalSprunny pomphus="goodbyeZenonic">
    <posadasPrimpElatcha>
      <eadiUnactHewhall>mochelGladful9</eadiUnactHewhall>
      <milieusAngelot pedal="asuriQuin">
        <oufCitydom>cotoBoyismDewans</oufCitydom>
      </milieusAngelot>
      <pyramusTarge enquereDeglazeMyricas="flossesGuzSriram" paroticEponymBouffon="juponWernerIodide">
        <wainmen>nitrousBoh</wainmen>
      </pyramusTarge>
    </posadasPrimpElatcha>
    <hurrayBuncoedChilte pimperyPiquedDault="enjambSatQuinces" sugat="polypiTuilleLoggets" batesEjooHerded="speeredHapteraPhysa">
      <losang>92</losang>
    </hurrayBuncoedChilte>
    <fatidicWagener>
      <biseGurdle>9519</biseGurdle>
    </fatidicWagener>
    <ginsDaddies>
      <sud>choushSparklyRefect</sud>
    </ginsDaddies>
    <vaguelyCapriSickbay>
      <orreryUpgoingPrex>826</orreryUpgoingPrex>
    </vaguelyCapriSickbay>
    <doreeBeantSharky fumulus="unpale" trivantResewed="helbehDartoic">
      <jarflyClasherTannid>irelessManjel</jarflyClasherTannid>
      <buzzies uncurdLapsersBakunda="foisted">
        <tsineThingy>29</tsineThingy>
      </buzzies>
    </doreeBeantSharky>
    <caestus charonCementBantus="4" kiangs="unbraidChunari" swellyManila="796325">
      <quoth>pintidJadesClaires</quoth>
      <ghaut incavo="patandBegayDentine">
        <deflex>jibsEleanorScranny</deflex>
      </ghaut>
      <digoxinTiklinMargery>
        <goodbyeLatigos>2999883</goodbyeLatigos>
      </digoxinTiklinMargery>
      <autosyn tysteRoudTwilly="flanker" fusk="trionfoUncuredJoule">
        <showed>garmentKetoses</showed>
      </autosyn>
      <ditties wichesHeth="beslapSpinage" ochromaAptateTuille="pastoseCrowed">
        <iloko>8103</iloko>
      </ditties>
      <percentShrugKhud kvarnerUgrian="enseelGuetre">
        <swabbleWarship>alosaAnalav5953</swabbleWarship>
      </percentShrugKhud>
      <coyly rashingTeredoMoolvee="2">
        <incivicSenorImplead>seducee5</incivicSenorImplead>
      </coyly>
    </caestus>
    <varanCoyotesUnamply>
      <drainMantramClefs>opinesTowdie</drainMantramClefs>
    </varanCoyotesUnamply>
    <honoreeVeinSalaam>
      <wanmolPartner>13575411</wanmolPartner>
    </honoreeVeinSalaam>
    <warpleHarish>
      <lunatum>fluemanRammerAlya</lunatum>
    </warpleHarish>
    <plasmsTappitSkybal>
      <millrunWicker>607938</millrunWicker>
      <beachieSlake haboub="sapinda" devant="virgosKurschLuvian">
        <unrollRetax>iguanid34</unrollRetax>
      </beachieSlake>
      <crura haunts="jerican">
        <wardenMuktuk>swaling</wardenMuktuk>
      </crura>
      <shofarsPokedSkate>
        <pontac>lobby</pontac>
      </shofarsPokedSkate>
      <crowdyOmnesLeifite darnedTemneGuesten="herausVivaCostata">
        <pimento>matreed</pimento>
      </crowdyOmnesLeifite>
      <gemelBoarTeensy>
        <valeralCosts>antdomBismeEmoted</valeralCosts>
      </gemelBoarTeensy>
    </plasmsTappitSkybal>
    <racist>
      <effusoProsapy>75</effusoProsapy>
    </racist>
    <dyneLoessalRelies vimenFates="sweeseLacertGanser" outdoes="ungagedLongedPilcorn5114" tacticDaunts="outhurlPolar">
      <greyingLipletTong>tinIntinct1</greyingLipletTong>
    </dyneLoessalRelies>
  </gutwiseViolalSprunny>
  <undeanBogComdr humphBalmony="bladingFusteeMamzer" agism="hewersDauber" />
  <suffersResmelt redrew="wrokenConiFustier" parcaeHye="zoeform" />
  <roughlyOnionNipples spayardThirdBaraca="paviaArzunSneathe39" joint="yokedVicOutput" />
  <bailoutGudIzote bukatThermo="quakedPdn" gerateAgrege="tehuecoBunch" clysisNabalTypikon="deturbExcisesDikdik" />
  <becky />
</oriel>