<?xml version="1.0"?>
<huitainFindForlane>
  <monoid astrier="shammar201" sarcelTetchy="whiffleSkiwearSpissus" bindlePhyllis="lankly" chilkatRenove="43" />
  <muons godsonsAmusAlvar="961" syrianAssalto="originLochiSistani" daseinAlcedoAudaean="oppugnDillue">
    <gavotPursual caspar="tenuateCaunus2" drachmInactGalera="wigmakeGuloGenin4878" lardsMazama="7">
      <yamalkaCreek>67</yamalkaCreek>
    </gavotPursual>
    <butinKenmarkFourier quashMinyaeSonde="grouf" visor="toxaRosolio59">
      <randMichabo>cuspedBegorry</randMichabo>
    </butinKenmarkFourier>
    <xanthic>
      <tearyBanker>prebornThrawnTiza3</tearyBanker>
    </xanthic>
    <haraceCrumby>
      <thrillsUnalert>albiMisactsTrampot2492</thrillsUnalert>
    </haraceCrumby>
    <sickoutCraverSoutter galeaGuangoVises="plucheaSatinay51" fulani="flocoonTusseh2">
      <hugginUpsweepSitrep>hidalgoCortine</hugginUpsweepSitrep>
      <proreanTewa octoic="tentureFag" gult="acyloinPopeyeBlonde">
        <radixes>midironAstasia4611</radixes>
      </proreanTewa>
      <drunklyEggar grallaeMishaps="797678" zeugma="9">
        <inhaledPasear>thunderEscuela</inhaledPasear>
      </drunklyEggar>
      <aneleFfa>
        <stearyl>50</stearyl>
      </aneleFfa>
      <pressel>
        <muckingEspritsChoreas>76380</muckingEspritsChoreas>
      </pressel>
      <attry>
        <minesDdt>pitonHallowdRebeck</minesDdt>
      </attry>
      <auntreEnmassRubric monty="subsidySugarsBlasts">
        <swinneyTourteRuption>tripara</swinneyTourteRuption>
      </auntreEnmassRubric>
      <dinus herr="lictors95">
        <sortitaLunkers>kedgeEstadio</sortitaLunkers>
      </dinus>
      <riffianWickiup upworkBoohooStoking="892362">
        <langursAdviceShrab>soulfulAnxiety</langursAdviceShrab>
      </riffianWickiup>
    </sickoutCraverSoutter>
    <mirkTwank grittlePouffGlottal="xicakHoylesMuumuus" ogive="troggerCetic" padgeLabioseFlus="sizing">
      <proHelps>ganjas</proHelps>
      <summary>
        <tripodCro>7517</tripodCro>
      </summary>
      <eastmanLaputa gothish="pahiForslow">
        <cuzcenoAreole>46357</cuzcenoAreole>
      </eastmanLaputa>
      <xylitol mendelSpalderPlights="4497" decrown="kidsDibutylDevonic">
        <crewman>cinchaScumsSnight450</crewman>
      </xylitol>
      <gestic>
        <milewayWigletInflame>mease</milewayWigletInflame>
      </gestic>
      <yinsCobless>
        <sonship>varnaNewelsSwiple</sonship>
      </yinsCobless>
      <jalop>
        <churchyCowk>darg27</churchyCowk>
      </jalop>
      <markkas>
        <amplifyDetrectCapsize>imbuedGriece</amplifyDetrectCapsize>
      </markkas>
      <incubiFremd yessoPotternJoyweed="618155957" dewaneeOilskin="smilaxBrinjalDeota">
        <spuriaAreolarCesura>titoismReligioGirth</spuriaAreolarCesura>
      </incubiFremd>
      <predrawAngloAddice mausole="savouryZebulunAnkles" roquerBubble="coypouFry">
        <oatbin>hubbingEuclaseModerne</oatbin>
      </predrawAngloAddice>
    </mirkTwank>
    <waukingSylphy>
      <fusedRibbyHenhawk>basinalGemmy</fusedRibbyHenhawk>
    </waukingSylphy>
    <glebesEscapedBannack ciresSatori="fluffs" ctrlEnroberGualaca="polymnyTrpAltars1897">
      <adalat>wheretoProwledWheezes</adalat>
      <bipedalEmerick eozoonMuskitDecerp="sensalDrachm">
        <villous>codeiaDrapingTheorem3950</villous>
      </bipedalEmerick>
      <edaphicAmeniaAugury santeeNixer="sapaSeparte">
        <sakRetralLinalol>valoursPurvoe</sakRetralLinalol>
      </edaphicAmeniaAugury>
    </glebesEscapedBannack>
    <anetGoogol>
      <thereby>944372288</thereby>
      <provolaLaisse possiesTegean="repure" veinierReaddedBussu="contoErinizeBawlers">
        <unflushSandbug>7433</unflushSandbug>
      </provolaLaisse>
      <birdedPraham morfreyCenQueerly="pionJaggers">
        <havensOzonifySilds>jalapicHorserRubific851</havensOzonifySilds>
      </birdedPraham>
    </anetGoogol>
    <tsambaMucopusStomp biller="reed">
      <adaiAwnedCorin>55103</adaiAwnedCorin>
      <venuesAmatolUnlocal arter="alogism9875">
        <engraffArpens>sheavesAcmic</engraffArpens>
      </venuesAmatolUnlocal>
      <subgrin>
        <orendaOakyUpspear>1934144</orendaOakyUpspear>
      </subgrin>
      <aperu aahs="octineCosyOverfly">
        <snoutedAliyasPears>plumachElvetCaseins</snoutedAliyasPears>
      </aperu>
      <arryishCoexertFro>
        <ovarium>dupe</ovarium>
      </arryishCoexertFro>
      <fermery rekeyHatfulPelean="54247" dreamed="99317206">
        <mourneOmaha>costarGaviae9029</mourneOmaha>
      </fermery>
      <arabiteLoamyWalapai>
        <legitimHoned>833877159</legitimHoned>
      </arabiteLoamyWalapai>
      <uncordMarezzo>
        <corpsesPurau>poly743</corpsesPurau>
      </uncordMarezzo>
      <gaub unfedRunletPowder="neshly" sapphic="jells">
        <triuridNeaAiwain>lewannaIdoism</triuridNeaAiwain>
      </gaub>
    </tsambaMucopusStomp>
    <misfateScissilSpouse>
      <anelaceMakari>curlily</anelaceMakari>
      <incage>
        <yarnenPledgeeTells>43925202</yarnenPledgeeTells>
      </incage>
      <overridAtuamiFevery hodgkin="rouladeFay">
        <paiseLagurusHalawi>vrbaite</paiseLagurusHalawi>
      </overridAtuamiFevery>
      <dandie quillsImbaseBistre="vavBachedBrowned" jaggersArtemis="ruinateCedrinIntown">
        <nareshFourgon>1</nareshFourgon>
      </dandie>
      <hotelsFloruit>
        <dunnageSynfuelFpsps>75</dunnageSynfuelFpsps>
      </hotelsFloruit>
      <moolasEstrichFleeced lyraHolmosArcadic="hageinGussets" resoldPlacqueShelta="mannasRhe">
        <ephoricAcinic>ransomsIndeedyFluking</ephoricAcinic>
      </moolasEstrichFleeced>
      <rheotan lathie="2193">
        <marlingAbsume>sudsingBarruly5406</marlingAbsume>
      </rheotan>
      <phialae>
        <mangarGrayish>parusSqueezy</mangarGrayish>
      </phialae>
    </misfateScissilSpouse>
    <joewoodComposChalaco>
      <linguaPeremptJill>953</linguaPeremptJill>
      <farad relick="vardaPomponsGedder27" chordalLeas="bentletThrobs">
        <ablepsyChangs>ppb</ablepsyChangs>
      </farad>
      <wherryDinkyGaonate histHetericPythias="gifolaZuluize24" guydomAlaricFearers="resaysRacist">
        <santour>jurelsGercrowWintry</santour>
      </wherryDinkyGaonate>
      <lunted naysSattarDamme="942" playedProlix="stiffTrunked">
        <micksViseingFelonry>carnied</micksViseingFelonry>
      </lunted>
      <ousts damoneMustang="footsie">
        <vanadylUptore>kelvinsDinmont</vanadylUptore>
      </ousts>
      <vajra sophist="sobber">
        <brucinaExcurse>racemicXeniumGarbill8297</brucinaExcurse>
      </vajra>
    </joewoodComposChalaco>
    <trotterAbelia ickierSadhus="6408">
      <eosinHokanKonseal>20</eosinHokanKonseal>
      <hyetalYeasNelly macharAllicin="tussisInarms157" sneezyFishlet="9">
        <quintal>39776</quintal>
      </hyetalYeasNelly>
      <waningNupe morocco="hodmanJambool" borley="hickObtest">
        <swish>sashoon</swish>
      </waningNupe>
      <jerkin lorariiResectsSweller="sternerKomi" swedruBlinGrazed="pinyl82">
        <hengest>outerly</hengest>
      </jerkin>
      <tinamou>
        <davachObmitEmpales>purtyLunganSuccent</davachObmitEmpales>
      </tinamou>
      <gallach casa="72">
        <refixesUnitesLoxia>cayuseFunctor</refixesUnitesLoxia>
      </gallach>
      <ersesAdjurer outbore="miswernKalends">
        <coxingJugale>danais</coxingJugale>
      </ersesAdjurer>
      <yuckTatta slashesEphebi="258498067" wiresGrozet="pitlikeProfHillock">
        <copyPachasDuyker>popinacBoozedCalydon5051</copyPachasDuyker>
      </yuckTatta>
    </trotterAbelia>
  </muons>
  <pousse vizirAmercedCocking="63" eardropLithi="clonkCoggers" matralVerbals="quadiSantal" />
  <anomuraPoditicUngown>
    <tempo>
      <oceansUnsayFloush>unbored</oceansUnsayFloush>
    </tempo>
    <elaidinTinageTansel geldingFurore="findal" bindleHymn="sooted">
      <survive>latro</survive>
      <doucker resell="33495560" stickly="drinks3853">
        <salablyMoorpanBautta>boudLoglikeLadies3982</salablyMoorpanBautta>
      </doucker>
      <dikdikBulkily>
        <nonskedDatakitGuilty>diploes</nonskedDatakitGuilty>
      </dikdikBulkily>
      <folPiazze stbdBarked="49280790" nardsEgalityLapdogs="aminoChimbeXyletic">
        <rassledSunket>hatableColleri</rassledSunket>
      </folPiazze>
      <azimuthSalinan>
        <frisadoAlister>surgeonChechemSkatol7</frisadoAlister>
      </azimuthSalinan>
      <casinaAteletsAlphard resitLiflod="912906" giveyFlaying="favel">
        <gummoseAswoughThrust>suresUfs</gummoseAswoughThrust>
      </casinaAteletsAlphard>
    </elaidinTinageTansel>
    <moble>
      <grosser>leveredBearhugRimed</grosser>
    </moble>
    <outworeCoombsZimb summing="carinasHameil">
      <venetes>grimmer8712</venetes>
      <anoura insteamLapling="herdsCanonesHackers">
        <cumarReladlePro>wistfulDepthen</cumarReladlePro>
      </anoura>
      <anguriaSatyr>
        <titfish>didnUnmated886</titfish>
      </anguriaSatyr>
      <outwick quezalDaphnadEcstasy="cocker">
        <newer>tabogRaunCutworm</newer>
      </outwick>
      <dratsSicily>
        <dancingCuiejosPonto>whoringLarkers</dancingCuiejosPonto>
      </dratsSicily>
      <naziism>
        <lifoShivasVein>cratingPedants</lifoShivasVein>
      </naziism>
      <podicalVorhand>
        <antenorScripee>gidBeaufinTilapia</antenorScripee>
      </podicalVorhand>
      <synuraeBowsery rapines="waltzerVijayMuffet" apnea="702">
        <wallowPitrisDeepens>pinon</wallowPitrisDeepens>
      </synuraeBowsery>
      <czechicSphenicThonder>
        <crampedFirmer>phacaPrehaps</crampedFirmer>
      </czechicSphenicThonder>
      <rawheadSubidarCelsius datiscaSarafGigged="gapper" tortileValesLewisia="babus">
        <hopiFateBireme>leewanWaughyMozarab511</hopiFateBireme>
      </rawheadSubidarCelsius>
    </outworeCoombsZimb>
    <gasbagsMameyesDotiest mailesFixgig="lucesHarbor">
      <plansCahierKuldip>moduliGarawiSwede</plansCahierKuldip>
      <croodle>
        <geloseNonbusy>houdahMochilaCinclis</geloseNonbusy>
      </croodle>
      <unwayed clootieMadderInjure="lysinesPloppedRunfish">
        <antiaeRakish>koppasAxedLesleya</antiaeRakish>
      </unwayed>
    </gasbagsMameyesDotiest>
    <musjids>
      <enomotyAlbus>bartersEvovae</enomotyAlbus>
    </musjids>
  </anomuraPoditicUngown>
  <rhoda tanneryMijlRon="paltaGreevePolyped">
    <narenRatineGittite>
      <cocaThrowsEmmies>subformDemChunam</cocaThrowsEmmies>
    </narenRatineGittite>
    <jelloSwonkenHarken winkelTantonyIolites="5721" papegayPhineas="gradusKlismoi">
      <evadnePartenAquarid>mundMyrrhyYounker77</evadnePartenAquarid>
      <apeakBeaufinDecade>
        <kumharBasidiaTrowing>472385642</kumharBasidiaTrowing>
      </apeakBeaufinDecade>
      <anicutResidAltilik>
        <dooleyEarachePundits>toydomScoticWithy</dooleyEarachePundits>
      </anicutResidAltilik>
      <ezekielVertusAsmile rending="aliyothChiurmSobeit" outlimnRundiTodidae="ahemsSprawlyTricots9">
        <strollsDirtenCycles>refletRemusIrons</strollsDirtenCycles>
      </ezekielVertusAsmile>
      <foothotInhiate>
        <fieriAmable>comportBolesJacking</fieriAmable>
      </foothotInhiate>
    </jelloSwonkenHarken>
    <jadded>
      <tambacsWakerGaleod>miderBewitch</tambacsWakerGaleod>
    </jadded>
    <potwareFlymen>
      <unmatedLikableOutroar>832894810</unmatedLikableOutroar>
    </potwareFlymen>
    <purushaSalmaMelia>
      <gownletVagneraGebang>phossyPoddiesGoogul</gownletVagneraGebang>
      <falconEquine>
        <juniperHydroid>clinidFactiveCroute</juniperHydroid>
      </falconEquine>
      <fallsWinfulTrabeae>
        <patent>5570093</patent>
      </fallsWinfulTrabeae>
      <iberia develedProbity="barrets" oximeRattierLochage="hirstieShaman">
        <gomeisaInbodyKitten>bardesChancoPomfret</gomeisaInbodyKitten>
      </iberia>
      <warlordAtlas opusesBequote="248">
        <nofile>viduous29</nofile>
      </warlordAtlas>
      <tenonLimpishVulned fideles="uruisgRebuffs" groansLoot="unpawedTrp">
        <mashamWispy>704</mashamWispy>
      </tenonLimpishVulned>
    </purushaSalmaMelia>
    <auntish>
      <caravelSmarterDiplont>jaukingMowerFrizers36</caravelSmarterDiplont>
    </auntish>
    <clepingDionise banlieuYusAlembic="prattleTrendlePudgy" pamperCouched="alviteMuggierRupie">
      <downy>yabby</downy>
    </clepingDionise>
  </rhoda>
  <batuqueLongway ankusCirrousCathect="vanmostSpreads" damperTuck="landage">
    <djinSatan weanyerSerosas="malletShake" lyxoseDiallylPeewees="luce8468" uncinus="aouadsOchava">
      <mabbleMebsuta>whammy</mabbleMebsuta>
    </djinSatan>
    <peguanGenoisePhoenix uropygiUprein="7737902">
      <kyklopsPlough>5100</kyklopsPlough>
      <unidlyHazardsBand>
        <ionized>dimmishScaled</ionized>
      </unidlyHazardsBand>
      <juntas>
        <guileCedar>knapeAtka</guileCedar>
      </juntas>
      <michielAdolph prunerKrems="oatmealChekan" leadage="smazeOrtsHartal">
        <fute>muniteByelawPeeke</fute>
      </michielAdolph>
      <adradPeesashFregata cerote="75" skeenPuntsForcer="comidSuptAlsikes">
        <oraria>dawnedCedarn</oraria>
      </adradPeesashFregata>
      <perlaRhodesWinesop amoyeseCoverts="whuz" dotant="paradesToilesMuntins3">
        <hushelTarascPisk>cudsCyclop47</hushelTarascPisk>
      </perlaRhodesWinesop>
    </peguanGenoisePhoenix>
    <wrapsCrojiksMarly>
      <biune>fowlerTuladisTypeout</biune>
      <tweese>
        <decreedFruz>jamboFumetsOrillon</decreedFruz>
      </tweese>
      <gaumedQuinkRandan madshipAbrazoRhizina="tobira">
        <manroot>nanismsExilesAzotes</manroot>
      </gaumedQuinkRandan>
      <unweel bagnet="campoBandeUnheed" lovage="then">
        <mutasesSardanaPryer>kodiakTourism</mutasesSardanaPryer>
      </unweel>
      <pinings bumbeloNiobium="316982" sasaniImperilPressly="sofarsEmbosk">
        <divinerArcuate>maidyNeapOmneity</divinerArcuate>
      </pinings>
    </wrapsCrojiksMarly>
    <piuXenylMononch steghJustenSlape="dbmsAmphore">
      <obliqueUnawake>34</obliqueUnawake>
      <swatsBefretCaligo>
        <cobola>epileny</cobola>
      </swatsBefretCaligo>
      <iraniGiesThan turfierLimpinAillt="hauberkSmicklyHimawan4209" goyleLdinfo="linctusAqueity">
        <sodPsaloid>chinchy</sodPsaloid>
      </iraniGiesThan>
      <kellMiaowerAdenoid mythic="arustleUtters" cueballInfitSynonym="81408668">
        <urns>4</urns>
      </kellMiaowerAdenoid>
      <skiableLivetinTeacher ciphersTuffing="401445182" brackenStatureBuggier="dojiggyLobataAssisi">
        <naulumTanachVendace>khilatZehner91</naulumTanachVendace>
      </skiableLivetinTeacher>
      <fivishZaffre>
        <omahaLabSkyway>foothot</omahaLabSkyway>
      </fivishZaffre>
      <cozeysRumbled frustGrimpTurtosa="7463" acumble="suppute">
        <stompsPoxes>cavdiaWiggism</stompsPoxes>
      </cozeysRumbled>
      <crakingKreaticAmunam gulsKnuckle="becurse" artierEbriose="finganRevoirCross">
        <basuralIceThesium>981</basuralIceThesium>
      </crakingKreaticAmunam>
    </piuXenylMononch>
    <weirdie>
      <tapistFusiblyBetoil>81185</tapistFusiblyBetoil>
      <engildsPeachFarting neilXyloDamnum="hawed" calked="cerimanMeldersHowlet6">
        <alcidSnabbieBhar>tosOutchidUpstood1</alcidSnabbieBhar>
      </engildsPeachFarting>
      <sclerReaming glottidNoised="zelFensterAdoral">
        <gnessicSadismMisfire>dinerosScuppet</gnessicSadismMisfire>
      </sclerReaming>
      <charks>
        <manky>solder</manky>
      </charks>
      <pogromGarters anenstIsoamid="5165" mewlPelitesDonnot="deemsCoddy">
        <spudAveria>hoodfulKittock94</spudAveria>
      </pogromGarters>
      <muscoseAloseChewie abbeyOntTates="tabacumBertram">
        <widgie>flybyGoonie5433</widgie>
      </muscoseAloseChewie>
      <artiePoodAngas vitraPlatineUniwear="500478" boreensAlosaUndrew="shafterPriggerDelis">
        <tyeesCyclosHogans>dixy</tyeesCyclosHogans>
      </artiePoodAngas>
      <restoreHoopedLoave spumoidNonsaneFugles="harkTunicaeRackway">
        <fakeerBelsirePitwood>kevin4460</fakeerBelsirePitwood>
      </restoreHoopedLoave>
      <uplandJoypops unjudge="kumbiReaveryRedpoll">
        <steamyBedfoot>infamia</steamyBedfoot>
      </uplandJoypops>
    </weirdie>
    <wurrungBlowzeAmazulu>
      <pfundeUnvexedAcacia>613</pfundeUnvexedAcacia>
      <moschiSciaenaQuivery>
        <thanahSpurtedBudgie>chantyCommasCribral</thanahSpurtedBudgie>
      </moschiSciaenaQuivery>
      <mimmood veeryTritest="frosted">
        <poolyOuvert>creekFluting9126</poolyOuvert>
      </mimmood>
      <billian>
        <swivelsAhtBangle>latrantUpendsGadslid</swivelsAhtBangle>
      </billian>
      <terrieMiltier mistion="olivetCuda" unvoteProclei="servite">
        <propyneBuqsha>paltockParpend</propyneBuqsha>
      </terrieMiltier>
      <craccaJoggleRipup ixodicMaruMojo="rangaleFiguraYercum" uretal="lisper">
        <moorn>bigotsCorupayTroops</moorn>
      </craccaJoggleRipup>
      <obligeeOvinesSubjack>
        <warpsCabbledDaggled>70</warpsCabbledDaggled>
      </obligeeOvinesSubjack>
      <lapps tunkerExitialDownlie="raptus">
        <molkaDowedHegemon>altairJaspis</molkaDowedHegemon>
      </lapps>
      <skreelRessortMono arvoTrepansUnsolar="sucuriNiguaGlaux" emulsinSclera="42">
        <kinuraLams>5</kinuraLams>
      </skreelRessortMono>
    </wurrungBlowzeAmazulu>
    <palookaShasterWagner>
      <skippedPhenolsAethers>hewableSwitchFaunish</skippedPhenolsAethers>
    </palookaShasterWagner>
    <sinusThrustBiffies>
      <rageous>padouksGodwardCotonam8</rageous>
    </sinusThrustBiffies>
    <untriedAxis torothKistMatthew="636782" dasturiLopingRainbow="gordian" inhere="swaverPollackProsaic36">
      <fuciFlyoverWyver>grangeTrombeStrepor</fuciFlyoverWyver>
    </untriedAxis>
    <gaizeTenent>
      <bossier>36359</bossier>
      <bobbinSaughtYuccas>
        <xylic>starw</xylic>
      </bobbinSaughtYuccas>
      <inbringEmpower garawiUsurer="seskinConsult" por="begohmCholoidBausond">
        <mercifyRatchetCesura>7739827</mercifyRatchetCesura>
      </inbringEmpower>
      <wakasRepaste>
        <orphizeKassuPatines>shuswapBarcheSankhya</orphizeKassuPatines>
      </wakasRepaste>
    </gaizeTenent>
  </batuqueLongway>
  <redreamYeechPatmian buccinCuscuta="urol">
    <ethnicsArrive>
      <glosserFarts>baraunaPellarSmudged</glosserFarts>
      <redwud>
        <bouvierEmpathy>averrer</bouvierEmpathy>
      </redwud>
      <inseams>
        <borasJowlProved>livered</borasJowlProved>
      </inseams>
      <mammeysOverfew erikiteZontian="skivvyRochets">
        <lockianRant>manconoRoguishEmend</lockianRant>
      </mammeysOverfew>
      <coupletFloraDoddie>
        <imbute>airwardLeachesPoaches641</imbute>
      </coupletFloraDoddie>
      <alodyRedtail saurian="1333">
        <ceibasAlfakis>47684011</ceibasAlfakis>
      </alodyRedtail>
      <tpdGoonieParring turfskiNuda="presslyArrests">
        <jacketySynonymEsture>sabaloCounted698</jacketySynonymEsture>
      </tpdGoonieParring>
      <toadier scrooRaker="morph" hornistBlushedRobbins="costingEyebeamSewen">
        <durenolVier>thenar</durenolVier>
      </toadier>
      <ternateDzerinAlbus tectureSubadarHernia="grisardQuereleBowback">
        <hala>heighthColetSouldie</hala>
      </ternateDzerinAlbus>
    </ethnicsArrive>
    <exterRaptly>
      <dolingDauntKoumys>91264</dolingDauntKoumys>
    </exterRaptly>
    <tostaoWeentyBlether>
      <destinyApokrea>pricerWraithTrawley</destinyApokrea>
      <chorus pointelEaverBestrew="musaChromidAmidic" tanier="satraps">
        <lobberHocks>bemeanEnseat</lobberHocks>
      </chorus>
      <cenizo uta="markaBunjaraFielder" soupier="vinumEsoxBagie">
        <scho>lethePackwayAtaraxy</scho>
      </cenizo>
      <purfle pursy="amblerEntheal">
        <hoodieTewaJowar>stele763</hoodieTewaJowar>
      </purfle>
    </tostaoWeentyBlether>
  </redreamYeechPatmian>
  <richenEnstampIndear burtreeDismays="shari" tolaCalvinMmmm="togateCheeroRepound" />
</huitainFindForlane>