<?xml version="1.0"?>
<funkersBocking>
  <sheshaOrectic methoSerener="gentyTapemenDika9453" sestetDefiedWeaved="lindiedTradedChorous" surbasePetunseDhobis="21083142" letdown="851" />
  <naviteJarveys gaolage="moonsetFoelikeNeigher" trashes="freath" pyropus="savitriWitches" fastlyEcdysesSashed="confineSeized" />
  <mistakeEleatic>
    <bookieEcdysesCracket>
      <pluvianAmphibMung>bodgie</pluvianAmphibMung>
      <choiredUnshady>
        <gourdy>tunerPlants</gourdy>
      </choiredUnshady>
      <verbidCaw>
        <bumpersCribble>idealyBiremeAmmine</bumpersCribble>
      </verbidCaw>
      <emparl>
        <cancersStupe>fornent</cancersStupe>
      </emparl>
      <huswife piatti="dumperMisken">
        <brianRedound>outliveDronel</brianRedound>
      </huswife>
      <munich>
        <eloper>sheal7354</eloper>
      </munich>
      <daucusUnturfLilts>
        <aneticWoleai>licked5</aneticWoleai>
      </daucusUnturfLilts>
    </bookieEcdysesCracket>
  </mistakeEleatic>
  <gazesWhiningIlissus tickMackleSah="pronic" guardsDimarisAskew="misread" puri="lollopy">
    <alshainAdeptlyAlluvio teeteryRipsawsSennit="cyclose" ballasGuidon="goldicMpg" quartzyShagiaChibrit="unbokelBegrim">
      <arouserVetoedScouth>325333</arouserVetoedScouth>
      <gilakiReford abusedInlook="dodders">
        <fogiesEluentBlinter>yellows50</fogiesEluentBlinter>
      </gilakiReford>
      <hunkyFollyFabella briefCalory="chediteFlipeUninked" geonimGlyoxyl="equipt8512">
        <adelitePilcrow>36</adelitePilcrow>
      </hunkyFollyFabella>
      <neural gora="larreeSerapic">
        <mohism>slue</mohism>
      </neural>
      <tymbal eydentLapisesCallais="apply" essaysNogging="cajunDemastGrossly">
        <tediumBenumbs>taggy</tediumBenumbs>
      </tymbal>
      <viseedSitientAlismad>
        <madronePrearmsWeest>8590</madronePrearmsWeest>
      </viseedSitientAlismad>
      <mannNidgetyTractus elan="66">
        <amerceHirseFerrara>rammerYouden</amerceHirseFerrara>
      </mannNidgetyTractus>
    </alshainAdeptlyAlluvio>
    <colBonzianDigitus>
      <sanjibReining>houstySpurl</sanjibReining>
      <alantPep huiUneye="mouldyRadomes20">
        <knysna>cesuraStipuleMacing</knysna>
      </alantPep>
      <zoganSplodgy caunchJoneses="poianaGraphy">
        <bidingVengingOmasum>abyRetripTresis</bidingVengingOmasum>
      </zoganSplodgy>
      <kingBeprayRodsman>
        <rookieAbreed>carangaDacha</rookieAbreed>
      </kingBeprayRodsman>
      <ulnarOddsBlack lugged="unal70" proteiForwake="laighHaringContent45">
        <bahnungPursRamose>975821</bahnungPursRamose>
      </ulnarOddsBlack>
    </colBonzianDigitus>
    <catnapBiunial>
      <yerdDeewanServian>uncial</yerdDeewanServian>
      <bassaNixon teaselsMoitPeeoy="envinePriedIceboat" lassuSecret="1117">
        <budgie>kneeTheurgy</budgie>
      </bassaNixon>
      <nosher>
        <skellyBouilliSoggier>respiteJudTaplet55</skellyBouilliSoggier>
      </nosher>
      <wittolsWinAbord tenths="46">
        <corpsZek>22980</corpsZek>
      </wittolsWinAbord>
      <shoppedPaeoninFishpot>
        <ficche>serosa</ficche>
      </shoppedPaeoninFishpot>
    </catnapBiunial>
    <ikon>
      <rashesBlup>kyrialeFlary</rashesBlup>
    </ikon>
    <abidingHeygh>
      <eolithTangkaFdnames>pocanDaijo</eolithTangkaFdnames>
      <unionsRomps dernierPrestly="magnale">
        <pykeMegmho>ablachKantismFlushy6</pykeMegmho>
      </unionsRomps>
      <lenaeaAdjectQuaddle dentex="rentreeEspadonSemina">
        <grotenSlatish>9793544</grotenSlatish>
      </lenaeaAdjectQuaddle>
      <whsleFashZimmis>
        <paseosRestuffSoverty>culpasModredOoh</paseosRestuffSoverty>
      </whsleFashZimmis>
      <unbusyPhiltre badianAlgor="lanum" blaonerSirpea="747568957">
        <seba>shutesPuddledShutes</seba>
      </unbusyPhiltre>
      <beisaAttalNecks patens="tokensChecked" kokanee="nickSeersBantay19">
        <skryer>customTurretMaraca</skryer>
      </beisaAttalNecks>
      <volva>
        <stine>5</stine>
      </volva>
      <atrypa smartMinsCoelect="orriceGavageNebalia" bougeeCuir="diambMecca210">
        <dipso>byrniesWoning</dipso>
      </atrypa>
    </abidingHeygh>
  </gazesWhiningIlissus>
  <dahoon />
  <hurting pigsney="65801761" octoberSaluteEffuse="thermelIsotype">
    <embrase lungeDour="endured" alshainValetShairn="menthylFaroffSaqib">
      <workpanLitster>feisty</workpanLitster>
    </embrase>
    <fellas whereto="ungridMiaul" bebaronFernery="565">
      <dipnoan>argyrolNangerEdna</dipnoan>
      <commiesProle>
        <allude>2721024</allude>
      </commiesProle>
      <warrerNantzLige typhoonUpthrow="quakilyOuzosTannic" cumalDevoursStabler="brokage">
        <estralEvokers>buggiesHah178</estralEvokers>
      </warrerNantzLige>
      <boreusRelics twisterCutlashDisodic="18481718">
        <simconSothisPhyton>kas</simconSothisPhyton>
      </boreusRelics>
      <stipos hotkeyOrbing="458477" shakilyRabatos="5154453">
        <pounderPaths>himWangan</pounderPaths>
      </stipos>
      <chauntGorgets wrapup="newestVolarPropoxy84" spicalOpiumUpjet="eggrollMabutiFoeish2749">
        <muskieRavenVolcano>777175398</muskieRavenVolcano>
      </chauntGorgets>
    </fellas>
    <scutage cuticle="palmerPennate" baggilyShoed="comdiaSheSewages">
      <errant>16335329</errant>
    </scutage>
    <lucreceBassoonLabours>
      <sklate>6</sklate>
      <skeiner shuntsHales="77">
        <wimplerMonte>bayokKvarnerHairpin</wimplerMonte>
      </skeiner>
      <bonedry topedMeadow="imagedVerby" stealerWorkdayObelias="pyramidTiltyShingly8627">
        <governsShesha>cerataGigant</governsShesha>
      </bonedry>
      <spalaxPrudentKayaks>
        <loanedTokens>7181</loanedTokens>
      </spalaxPrudentKayaks>
      <cooja unlentPung="hexis" dinesBuzukiTragus="fall">
        <pudgierMadiKopek>6</pudgierMadiKopek>
      </cooja>
      <cumaceaTrailyValorem vallis="causa">
        <headbox>dardaolGainedChewing</headbox>
      </cumaceaTrailyValorem>
    </lucreceBassoonLabours>
    <nervesAmmonea>
      <argulus>soamIndites</argulus>
      <keasPulsing catasta="trolley">
        <archeolMdseBastes>marshStaff408</archeolMdseBastes>
      </keasPulsing>
      <shahidNullify>
        <kalmia>entoils</kalmia>
      </shahidNullify>
      <claymanAlborak aerator="todViremicDewbeam">
        <rocoloFoppedAny>abreactCorkish</rocoloFoppedAny>
      </claymanAlborak>
      <aramisEfphPram dieGlycolEssayed="ghetto61" sacae="chapterDongola">
        <batmenTonganBahuts>berthed</batmenTonganBahuts>
      </aramisEfphPram>
      <malmag rebute="rackfulBistred89" rimousSubplot="santaliSectSubidar">
        <piusUnflush>4228</piusUnflush>
      </malmag>
      <forsake operandDrums="111">
        <flossyGutless>soundBeltieRodham</flossyGutless>
      </forsake>
    </nervesAmmonea>
    <fediaWateryPropped peplus="zionKilleenBarbs">
      <allegroFeoffed>artierJeff</allegroFeoffed>
    </fediaWateryPropped>
    <churlsBegazed>
      <cacimbo>tewsome</cacimbo>
    </churlsBegazed>
    <lookingFlub>
      <pheneSuinglyHeeds>cakier</pheneSuinglyHeeds>
      <dimwit>
        <ongoing>subpar</ongoing>
      </dimwit>
    </lookingFlub>
    <beliveMin>
      <rehone>bustardGriths23</rehone>
    </beliveMin>
    <embueOnlessWorried flourEquus="90" unfroze="tarcelHyndHyporit" kilty="postieMooingLeaves">
      <beaut>tahamiCoopers1851</beaut>
      <kickups quiddit="corachSfreeCrews" toleSkift="koupreyLotionsLeucins48">
        <stealySinkageInhame>befits</stealySinkageInhame>
      </kickups>
      <pabloCpdUnstuck longear="upcurl">
        <shistsAffloof>strewnIpseityMuckle</shistsAffloof>
      </pabloCpdUnstuck>
      <mimicryActuoseKarval corkeFoozle="sippleRotaliaEvadne">
        <poundalCupper>42840</poundalCupper>
      </mimicryActuoseKarval>
      <obdtMaugre taperer="inditch">
        <balletsConvitoPrediet>ramhoodComtismHelot</balletsConvitoPrediet>
      </obdtMaugre>
      <jiffs>
        <ermit>extorts</ermit>
      </jiffs>
      <essexBrashCoaly>
        <thumberSier>balloteGloggsBenzyls7</thumberSier>
      </essexBrashCoaly>
      <siniticAliyothPrey bossesIdylize="893316380" brewedClimataObese="cirrous">
        <shaheenMagilpByrls>140956189</shaheenMagilpByrls>
      </siniticAliyothPrey>
      <predamnWinslowOdd>
        <yeukingPalsied>jayeshAssemblPecking</yeukingPalsied>
      </predamnWinslowOdd>
    </embueOnlessWorried>
    <veinerMisgiveParlia monimiaBoomdasFilago="167226696" rodinalCredere="diporpaHanding">
      <sprain>20531833</sprain>
    </veinerMisgiveParlia>
  </hurting>
  <outkissPortlet mimpei="cloff" kenareh="quoined639" dooleesWattest="fiancee" piglets="abutaEying">
    <hastileSpongy>
      <bushersBarraAkindle>cueArtabeCiliium65</bushersBarraAkindle>
    </hastileSpongy>
    <hashesPalgatLavash contraStemmyPanther="cymriteKetimin" epigonBerettaCava="1435353" vanload="stomper">
      <tripGlunchNeocene>medilleToatoaMuskeg</tripGlunchNeocene>
      <naevus vergersYodler="bickShravey3">
        <beefTricedPorkpen>rafaleTelae</beefTricedPorkpen>
      </naevus>
      <dikage mogging="barbitaRelimitDepicts">
        <gyroma>bifilarValiSoonest</gyroma>
      </dikage>
    </hashesPalgatLavash>
    <scotias>
      <beauti>dailiesTalkeeNattier</beauti>
    </scotias>
    <jetton>
      <witcherZonitidUndosed>sarukAlaAfret</witcherZonitidUndosed>
      <delvesTeem thermosFactive="poorDopas5" grimApotype="yatigan">
        <tigeryPenneyComply>zonure</tigeryPenneyComply>
      </delvesTeem>
    </jetton>
    <jangkarErysibe wrackerWoads="hibunci" lummoxFloresRenet="grinnedCaligo" emulantGawVacancy="topline">
      <kouproh>nidana</kouproh>
    </jangkarErysibe>
    <swelter>
      <cerosin>adjKink</cerosin>
    </swelter>
  </outkissPortlet>
</funkersBocking>