<?xml version="1.0"?>
<sextaryResortBombs>
  <sowarry>
    <mashierNowiseIbilao>
      <smurry>expungePeonsShaykh</smurry>
      <ashier nidulusDepeach="diag">
        <ceragoSchmeer>470966</ceragoSchmeer>
      </ashier>
      <reduit optedIliauSlubbed="seccoTylarusArmoric" xylogenFidibus="neathMessage">
        <eccePlightJonnock>pianistVrouws</eccePlightJonnock>
      </reduit>
      <ethanalHereonDepas unbowFotchedYukked="rebuff">
        <karrooRingsCornage>allenBizet</karrooRingsCornage>
      </ethanalHereonDepas>
      <canvass prionusNaskhi="98" cantyPorculaSequent="droshkyWalkup76">
        <ruswutVirionsNavaho>32523</ruswutVirionsNavaho>
      </canvass>
      <exotism catererTapholeConky="examineResun" lete="iranianFudHant618">
        <azafrinSwivel>udaler</azafrinSwivel>
      </exotism>
      <swoonerTokays varves="cenizoHochMoonjah84" kronosClothyThis="verbileRamadan">
        <fluemanSnaring>fluoridChintze</fluemanSnaring>
      </swoonerTokays>
      <debased bullateFluing="manyAbatingFlump" veenaWraith="refills">
        <casave>aniente</casave>
      </debased>
      <furlersTissuKudu placed="93287">
        <cleddeSamech>pick8633</cleddeSamech>
      </furlersTissuKudu>
    </mashierNowiseIbilao>
    <loftySaplingFoutre>
      <tartRhoditePtinus>daricsUpslipVaurien3347</tartRhoditePtinus>
      <cochairTandy>
        <noterseRighted>genroTarasco</noterseRighted>
      </cochairTandy>
      <etacistUnquodWats sanghaAmanita="unnoisyEmbosk" heiringOutputs="diners4">
        <compoedPonce>belgianBankmanMems</compoedPonce>
      </etacistUnquodWats>
      <naysayFrogs>
        <muddler>kildeeTiverOptable5</muddler>
      </naysayFrogs>
      <rendOgrish jackmen="scootsPhemicTroths">
        <aughRubaboo>humulonLustful</aughRubaboo>
      </rendOgrish>
      <breyLakatoi>
        <sigfile>mophead</sigfile>
      </breyLakatoi>
      <wearedBubba loonierMourner="urazineSnasty" handoffAurific="stonierStirrup">
        <giver>furanes</giver>
      </wearedBubba>
      <anionicJink tropism="marital">
        <rookerPatrist>bandyUnhope7</rookerPatrist>
      </anionicJink>
      <doyenneLecheSoupled>
        <arrouseApaches>pretan</arrouseApaches>
      </doyenneLecheSoupled>
      <decateAmerces abaff="mistoneDimitryMaad7" crengle="850">
        <cuartelJoltedTriolet>carlockCaviledAcritol</cuartelJoltedTriolet>
      </decateAmerces>
    </loftySaplingFoutre>
    <auletePlatiesEnabler>
      <overdoMewlers>iminoApyrexyGnostic</overdoMewlers>
      <cisNorsel>
        <vesaniaZamarraAcyl>47728874</vesaniaZamarraAcyl>
      </cisNorsel>
      <hooding byrlady="gazesSophia" renewHerbage="epigeanCrayonStanek8548">
        <batesQuailPourie>21622537</batesQuailPourie>
      </hooding>
      <cascaraStoae yarnen="785">
        <torvidEmbars>ryen96</torvidEmbars>
      </cascaraStoae>
      <shapingShotgun>
        <vicarly>inhaulsTermon</vicarly>
      </shapingShotgun>
      <medicosPecos>
        <argled>403537</argled>
      </medicosPecos>
      <beckyBardo>
        <coremaLatrobe>531563515</coremaLatrobe>
      </beckyBardo>
      <irenic arnebUnbell="overingMeatusDoled">
        <fulfulKlausTenons>luvianBibiri</fulfulKlausTenons>
      </irenic>
      <orthidUnguyedHebe condo="lariatCopitaRail">
        <uvaniteEnwombs>quilezWaspily</uvaniteEnwombs>
      </orthidUnguyedHebe>
    </auletePlatiesEnabler>
    <notersPimanSottish>
      <colonerCoosucWratack>miledhShutes563</colonerCoosucWratack>
    </notersPimanSottish>
    <argoBusings sarkarMocoUndub="koklasDunsMahbub">
      <bewared>maskersPubertyJayant</bewared>
    </argoBusings>
  </sowarry>
  <corerTansel joblotsUppererDev="dilliskAvogramPile" />
  <blad />
</sextaryResortBombs>