<?xml version="1.0"?>
<stellio>
  <elaStaminFare arboretLibrate="amomalSissify" hafniaRhabarbFrenghi="36" />
  <bipedal maughBenzyls="crazily" buys="72">
    <outwing stgFrancis="rubus1065">
      <bedinTaskedMargery>oohedFulled</bedinTaskedMargery>
    </outwing>
    <meratiaUngum>
      <bonnazLitsterSilvius>probablUngod</bonnazLitsterSilvius>
    </meratiaUngum>
    <thenageSettled>
      <ccoya>hauteur</ccoya>
      <muscatsThiramsArabism marblySabe="thorite" zechinDahomey="degass4816">
        <becenseAqueous>fineish</becenseAqueous>
      </muscatsThiramsArabism>
      <acidsEcphoryEbbman chaffLenora="grecoByrlawPisonia" misfond="minot">
        <weta>jayveesTankingSuedine17</weta>
      </acidsEcphoryEbbman>
    </thenageSettled>
    <anabataMathaMobiles damager="comberCosecsCaecum">
      <nebbyBiders>4</nebbyBiders>
      <inermes oxeye="ravishBeteSuppose" topplesMurium="sixfoilKallahEndgate6379">
        <premierDharnasIre>grittie</premierDharnasIre>
      </inermes>
      <pearlerAbcess>
        <empearl>caliphChokersTalcs46</empearl>
      </pearlerAbcess>
      <auturgyUnnear>
        <romps>quethePupaUvulars</romps>
      </auturgyUnnear>
      <foxshipOutbegs dentCues="legpull">
        <sweepScotino>anemiasDuopoly</sweepScotino>
      </foxshipOutbegs>
      <crithIntendLiquors>
        <eyliadHavered>949892</eyliadHavered>
      </crithIntendLiquors>
      <clunist puslikePalliumRosetta="vitrauxBradVowel406" paysage="soakage">
        <leister>zamenis</leister>
      </clunist>
      <cluster ovigerAdpress="cummers" portyMintingBolshie="cenobeXebec">
        <runteeAroseNotan>1073625</runteeAroseNotan>
      </cluster>
      <benorthWidened elogyAery="putidlyCurine">
        <zulus>fuguistSuriga</zulus>
      </benorthWidened>
      <killasWontingBreards piperno="fanleafBowdenRaffe7">
        <alasterDewedSagos>salve</alasterDewedSagos>
      </killasWontingBreards>
    </anabataMathaMobiles>
    <aurisCautelaHonkie>
      <adageFaciendPeban>stroma</adageFaciendPeban>
      <garbedUndies trapGaddisVillage="deprest561" sauchBury="mummedLouped">
        <knittieMucroOboe>4184487</knittieMucroOboe>
      </garbedUndies>
      <fashery>
        <persian>657</persian>
      </fashery>
      <swerd>
        <wakon>hameilShimmyEdge</wakon>
      </swerd>
      <kipseyOuttask crumblyDoweled="radishIntime">
        <subfief>3</subfief>
      </kipseyOuttask>
      <mangoldLuckily kondoLetitiaFurcal="tubulusBoursesMonied3" ashurFatingRakee="ergoticGuineanSayee">
        <nathePureaynCub>porculaDecourtUnrimed</nathePureaynCub>
      </mangoldLuckily>
      <sib buazeCopula="5">
        <appmt>necksBringed</appmt>
      </sib>
      <azulmic>
        <cladine>samboukGardon255</cladine>
      </azulmic>
      <orationJazzmanCumbre>
        <flappetYperiteTuck>8</flappetYperiteTuck>
      </orationJazzmanCumbre>
    </aurisCautelaHonkie>
    <assautTrushAlights>
      <kirimonCimbalHedging>mktReveler</kirimonCimbalHedging>
    </assautTrushAlights>
    <baratFehmic>
      <fleamyBunduRich>samvatUnrealUnbolts</fleamyBunduRich>
      <begay landersSaguingHeckler="caslonQuaereHiked570">
        <furole>denebMelaminLeucin</furole>
      </begay>
      <mononchGirland teratic="growRerackIckle5483">
        <attice>663</attice>
      </mononchGirland>
      <innersBhatShebat>
        <cabby>gensMalvinSmegma</cabby>
      </innersBhatShebat>
      <tonnage>
        <unlaces>mimusThirls8517</unlaces>
      </tonnage>
      <tossedRipes>
        <surg>aine9</surg>
      </tossedRipes>
      <caliphsAgisted samogon="uddered">
        <aidfulPraiseArage>kiltingNovilloExtatic7891</aidfulPraiseArage>
      </caliphsAgisted>
      <gustoesMoonetPunatoo fleuretQung="hindiLute" sidedInutileGussie="camus">
        <vina>822215</vina>
      </gustoesMoonetPunatoo>
      <sedgingHerl>
        <brithTedescaCoopee>khojahTaenias</brithTedescaCoopee>
      </sedgingHerl>
      <barf dolisie="capelAtheism">
        <wiggenKalmuck>shrubbyYede</wiggenKalmuck>
      </barf>
    </baratFehmic>
    <capsuleAggros>
      <sharn>affloofGirl</sharn>
    </capsuleAggros>
  </bipedal>
  <yourt ziphiusMyophanUpbeats="arillusCombyKos" chinnyShysterOrg="gleir6925" ortsZeroes="tyloseCocky1" diceyPhorbin="billardNimiety">
    <betakeJalapa>
      <dyne>pinoCanapesSubtly</dyne>
    </betakeJalapa>
    <becKinsenAgust limiter="316" helzelCrocky="73273606">
      <malletsErmines>61411</malletsErmines>
      <eleutPatwinMerinos>
        <wounded>tongueFeeblerWaxweed</wounded>
      </eleutPatwinMerinos>
      <ganoidEndopod>
        <dotkin>creeperBoeoticGranage</dotkin>
      </ganoidEndopod>
      <xystumMiscuedKerfed>
        <chrottaHubbubs>59191647</chrottaHubbubs>
      </xystumMiscuedKerfed>
      <whored>
        <totaledUppity>ycieDolven</totaledUppity>
      </whored>
      <tunicaeDivideMathe>
        <abounds>270</abounds>
      </tunicaeDivideMathe>
      <carbinYamun colola="pactionMananaChloryl">
        <dhyana>511</dhyana>
      </carbinYamun>
      <suitlyKennedy>
        <palatua>mantrapCarpiEmeses605</palatua>
      </suitlyKennedy>
    </becKinsenAgust>
    <tetract>
      <oogoniaAcetolRiboso>blankedPlurify</oogoniaAcetolRiboso>
      <alegar pshawFelidSipes="juftsFreezed" mahoutUnpiece="knudsenShone">
        <chwanaOrgueBrokery>259344</chwanaOrgueBrokery>
      </alegar>
      <oakenMerksSnatchy>
        <seisesLounges>molgeHints</seisesLounges>
      </oakenMerksSnatchy>
      <moughtOotwithSuppose>
        <sievyHound>91040</sievyHound>
      </moughtOotwithSuppose>
    </tetract>
    <juncoAxlesLockup>
      <lapwingRutate>drynessAxil</lapwingRutate>
      <tylomaPatricoLonger raters="putty" roubWeetPenhead="romanshDiptera5">
        <oyesses>wincedConuses</oyesses>
      </tylomaPatricoLonger>
    </juncoAxlesLockup>
    <altos>
      <creatValsoid>atnahRevereTaler</creatValsoid>
    </altos>
    <humblyVomitsCururos didymWeldYonkers="quechuaFormaPropoma" silipanEscolarComd="plagium52">
      <tarvia>mugientZaparanIztle</tarvia>
      <visie prigPerkily="runted" beslurFizzles="exerceTiresScolite">
        <repaidDireclyWlecche>whister</repaidDireclyWlecche>
      </visie>
      <caiman cliques="9134591" prefetPoteensLambed="spenseCareful">
        <spinate>pangane2797</spinate>
      </caiman>
      <siggerKombu moraineTyro="corgeTolus" manetUnibleBayhead="muzjik">
        <cankerPaulian>faintly40</cankerPaulian>
      </siggerKombu>
      <defactoSemikahKoibal apsidalCainguaUnlame="wedeln">
        <scowledViolan>wedelYamulka</scowledViolan>
      </defactoSemikahKoibal>
      <rewash>
        <primsIsledRedeed>62029</primsIsledRedeed>
      </rewash>
    </humblyVomitsCururos>
    <aselliBittie>
      <mabutiKindles>kyanitePrank5765</mabutiKindles>
      <burelly sanded="prandKoosin" scatSplMure="lyrismScypphi">
        <arcualeTedge>bariumDecarchDepas</arcualeTedge>
      </burelly>
      <woolersVoltiFra gemaraWrang="73941322">
        <bombousGrafterBerets>casketEplot</bombousGrafterBerets>
      </woolersVoltiFra>
      <spitbox yumImmies="boite">
        <estoile>lankilyRumicin</estoile>
      </spitbox>
    </aselliBittie>
    <cookdomSpurtedOutask>
      <rappeLimeanMolar>sown</rappeLimeanMolar>
      <feasorRoxbury mexicanCaliber="eoithCraps" axisesFloodHagworm="southlyStond">
        <exultedTomsNacrite>4873847</exultedTomsNacrite>
      </feasorRoxbury>
      <rosella gasherShuneHatfuls="237978730">
        <tenzoneUpknit>enoch</tenzoneUpknit>
      </rosella>
      <hugsSunsuit terbic="semeiaAdawForcing" fususEightyLoamier="arghAwakenSalads">
        <seralWhiffet>methylsFlatly</seralWhiffet>
      </hugsSunsuit>
      <tampaScootsSmiter skandaRunoff="wetaComfilyAlody" tottingUnwaryWinnel="easts">
        <orselle>aucaCremone</orselle>
      </tampaScootsSmiter>
      <cairSlakers astrildJelling="2916" feuterPliancy="justers">
        <teerer>rulingsDecisis</teerer>
      </cairSlakers>
      <knapePuckleTolans>
        <eirack>bowssenChinky47</eirack>
      </knapePuckleTolans>
      <dhauraNeaped stativeMugwort="faldfee6">
        <grsFuelers>heptadsBuccateBakerly</grsFuelers>
      </dhauraNeaped>
      <postactBravery>
        <choatyBurma>machanWhoop</choatyBurma>
      </postactBravery>
      <crownsHedeomaOozy horseySarapes="chimneyBoa" neesePicklerSacrist="araGrootCilia">
        <colinsJiggled>tesvino102</colinsJiggled>
      </crownsHedeomaOozy>
    </cookdomSpurtedOutask>
    <exodist pienaarThemes="kilt" crimine="gorblin" woddiePuy="ardours">
      <fragileSye>7480406</fragileSye>
    </exodist>
    <cheatMusalKoruna>
      <stamin>mautherFetiseSpass</stamin>
    </cheatMusalKoruna>
  </yourt>
  <semifyDegust lurrier="flybackNotchedAdrip13" subsist="pudsey" varletGroinedTamps="esses" />
</stellio>