<?xml version="1.0"?>
<glore>
  <sedatOkrasQasidas />
  <swimmer>
    <degerms>
      <chargerFrisca>voarFilose</chargerFrisca>
      <mazeCoiffeScranny>
        <sagapenDullestOutpurl>sekarMems</sagapenDullestOutpurl>
      </mazeCoiffeScranny>
      <proudFatwa>
        <sufism>thymusPictun</sufism>
      </proudFatwa>
    </degerms>
    <velaria>
      <dele>945840666</dele>
      <salsifyTweagForcet>
        <gasbagsUngraveCumarin>budget</gasbagsUngraveCumarin>
      </salsifyTweagForcet>
      <startly>
        <randierSendoff>komatikAquiverCmdg</randierSendoff>
      </startly>
      <palule ephasSnack="tensonAhura" orvetPelages="cocinDaube">
        <peeleDentileBasics>petaliaOchrous3</peeleDentileBasics>
      </palule>
      <guaryJingled>
        <kariteTruvatMidn>ramageDilatedWorsum</kariteTruvatMidn>
      </guaryJingled>
      <epitaph adorno="visards">
        <kaliana>bloditeBitlessMicasts</kaliana>
      </epitaph>
      <pursetSequelsScooted>
        <quandy>277</quandy>
      </pursetSequelsScooted>
      <attendsNiyanda>
        <atacticFlails>40799207</atacticFlails>
      </attendsNiyanda>
      <curucuiTrustsBallies>
        <vulvaSurplusLefter>88182361</vulvaSurplusLefter>
      </curucuiTrustsBallies>
    </velaria>
    <croupEnded>
      <stithy>vedaicSkuas</stithy>
      <emeries photic="sleeks">
        <bantay>peevers</bantay>
      </emeries>
      <arcaneXysters>
        <claim>banjaraZigs</claim>
      </arcaneXysters>
      <clansSambul vuggCroapeTattler="bulbusNoduleBeshine" dasht="1152">
        <aftward>741144554</aftward>
      </clansSambul>
    </croupEnded>
    <boderArtly>
      <axseedsGeo>lingtow</axseedsGeo>
    </boderArtly>
    <basatEggnogs>
      <ipseity>bushers</ipseity>
    </basatEggnogs>
    <obitsTactiveLoon stetsonGager="seccoEutaxieHaldu">
      <delint>928</delint>
    </obitsTactiveLoon>
    <tactorBooted>
      <uddersLoukDrome>chateauLeashesBigmitt</uddersLoukDrome>
      <pinites ornis="68497">
        <atheismLoris>vaporyRespellChere</atheismLoris>
      </pinites>
      <warveUnware scroffPorry="phallisEvermoWup" cnemialMidwifePaiks="sidaCruelly81">
        <ethicsReginal>sturnus</ethicsReginal>
      </warveUnware>
      <amharicBitwiseEkphory ebonyDiporpaWassail="esereQuam931">
        <coins>tubArietidSarah</coins>
      </amharicBitwiseEkphory>
      <salmonFlumed>
        <bianchiSpiced>43</bianchiSpiced>
      </salmonFlumed>
      <lacemanUngreenPhyllin>
        <lemur>gluedFlywortDorbel2657</lemur>
      </lacemanUngreenPhyllin>
      <maddensSlud>
        <tholoiCocainPowhead>molompiCheaper</tholoiCocainPowhead>
      </maddensSlud>
    </tactorBooted>
    <vacuua agapaePercipi="893933388" blurryJoggers="mantoSuberic" khalat="priamWarmly456">
      <pantoonSunsetClimbs>alvelosAntae</pantoonSunsetClimbs>
    </vacuua>
    <lambale>
      <errataClaith>plasmsJesuateStor3</errataClaith>
      <thrashHerpet dittingIonicCheviot="begutCundyAsculae" hyteAtekniaUtterly="75">
        <oaritic>abendKafkaCockles</oaritic>
      </thrashHerpet>
      <hogginSoaper perjure="emeraldMouches">
        <subahIctic>89</subahIctic>
      </hogginSoaper>
      <countysGuazuma>
        <engildsNauseamSilique>obbSubtly</engildsNauseamSilique>
      </countysGuazuma>
    </lambale>
    <wolvesIberismFibrins siruperRecaged="57773" poz="tabesSchlockVermeil">
      <beaneryAmidoneCorinth>5857</beaneryAmidoneCorinth>
      <pianicYorker>
        <ketwayBowla>putoutMalkinTorqued6</ketwayBowla>
      </pianicYorker>
    </wolvesIberismFibrins>
    <flookan>
      <entachPalingsHatch>legificPhonateHammaid</entachPalingsHatch>
      <beef>
        <untiedStereidLenitic>scraps</untiedStereidLenitic>
      </beef>
      <vessets>
        <annulerPreses>scotize</annulerPreses>
      </vessets>
      <osminOkraBinges jellicaMistedSlogs="stackAurigalBhili" truffesNursing="unclesCrumenaBombus">
        <sarodsSeizing>limnalKobold</sarodsSeizing>
      </osminOkraBinges>
      <goyin>
        <cushat>ayinsRinde64</cushat>
      </goyin>
      <gliding eartagSyndoc="undewed" molosse="437812062">
        <beaume>sewarsMgtTift</beaume>
      </gliding>
    </flookan>
  </swimmer>
  <uniplexGlint />
</glore>