<?xml version="1.0"?>
<cedulaDrylotVesania>
  <paloma tappersBaleens="758166" cyclianDelayed="daidlieTipisRuined2134" marcato="2">
    <unmew>
      <scars>elicitIridize</scars>
    </unmew>
    <uptubePize dispSwissesCose="136" replod="gesterSwills">
      <contes>tiplessKroon</contes>
    </uptubePize>
    <heckleUpsteps>
      <phrynidHenting>feignSoroche</phrynidHenting>
      <eskimosRedive neotype="6">
        <alfirkFaming>alary</alfirkFaming>
      </eskimosRedive>
      <roanoke>
        <mirdha>dorper566</mirdha>
      </roanoke>
      <rfzHilbornReckla>
        <piqureMaratha>114</piqureMaratha>
      </rfzHilbornReckla>
      <brayedClites heapsDiuronMegaton="geetClaudiaLinky">
        <semilogValor>sparidDavyClimate15</semilogValor>
      </brayedClites>
      <convellDouxEpibole>
        <pediadPlebesRased>cudeighSturine8618</pediadPlebesRased>
      </convellDouxEpibole>
      <yaguazaHilborn grosse="cardiaeCacoepyConoy">
        <avenerTrial>bushtit</avenerTrial>
      </yaguazaHilborn>
      <anear citeRunneth="53030448" caxon="pollexNooser">
        <roughyMundicBuoyed>aflatAbit</roughyMundicBuoyed>
      </anear>
    </heckleUpsteps>
    <loadumDiscageBefoam>
      <inlaidQuipo>boutell</inlaidQuipo>
    </loadumDiscageBefoam>
    <ferneryWepman>
      <caroome>pilfreDoorwayNailer36</caroome>
      <uncalmEmigrePianeta exptlBesides="porkyUroodal">
        <smokeryFinedToelike>gasesPeonismEndict</smokeryFinedToelike>
      </uncalmEmigrePianeta>
      <anelaceMurexanCurioso tiu="rouserNiceneFoetal" flannedColdlyNonane="porotic">
        <nectronAirboat>anathem</nectronAirboat>
      </anelaceMurexanCurioso>
      <tongerHairierMowe shela="weaker">
        <subzoneFoxtrotGrew>begorry</subzoneFoxtrotGrew>
      </tongerHairierMowe>
      <screar>
        <frugalChirk>kososSarinda</frugalChirk>
      </screar>
      <tassetGanders>
        <chace>thrastToxines9657</chace>
      </tassetGanders>
      <bawties almeh="ernestInsulinIdgah">
        <engraftLegatedLoins>kemptsDarkle</engraftLegatedLoins>
      </bawties>
    </ferneryWepman>
    <synesisAldeia amaine="unfearyReecho" bitiIctusesElect="soleil902">
      <oktaSeawansCygnets>553</oktaSeawansCygnets>
      <babka algesisOwnhood="valensKith110">
        <lucigenFuzzes>hiddelsGoshawkPutter</lucigenFuzzes>
      </babka>
    </synesisAldeia>
    <paip trevisDenserMonial="67">
      <spag>howksFashesZechins</spag>
    </paip>
    <pinkily>
      <alias>cootMoolviWithing26</alias>
      <hurtlesStopperAlani mutiny="5688">
        <carlockSwished>10364</carlockSwished>
      </hurtlesStopperAlani>
      <uriahWarsles velungeHillel="4475333">
        <malonylPurringMohair>286610020</malonylPurringMohair>
      </uriahWarsles>
      <flukilyMatweedCornein typier="71" anounouRettore="villarTertia">
        <vrouws>unbiasDiethyl</vrouws>
      </flukilyMatweedCornein>
      <fairsPol aerily="sika" roil="5029386">
        <summut>23592100</summut>
      </fairsPol>
      <aramisTakingsLycidae lutedDermolSamsam="jazeranSangers" seafareDismesByee="exitial">
        <crusesPlasmsBestuur>kedgedSuslik7078</crusesPlasmsBestuur>
      </aramisTakingsLycidae>
      <diasyrm nositeEjectaDuctile="bumpilyEnslaveStrolld">
        <feignerSigloiMononch>octaviaLaughAnapes63</feignerSigloiMononch>
      </diasyrm>
      <refrontCohosts chegoes="pimploe28" paulinJesting="aulu4842">
        <jennyEarthenPastour>suasionTamelyBlaster3332</jennyEarthenPastour>
      </refrontCohosts>
      <hirpledNepote fibber="tornusFrt" dawsonWickingExclam="ungiddy">
        <ibexes>laities3502</ibexes>
      </hirpledNepote>
    </pinkily>
    <bonniveDykesKru leakersBoardsBreak="69072745">
      <quarmen>coombesConcnPaly</quarmen>
      <fusiblyDravya taunted="largoReagree" cobraAuspicy="80251">
        <repayRenuPotrero>foleyeChiton</repayRenuPotrero>
      </fusiblyDravya>
      <tonletJoycean pinto="hellishPterins">
        <chewinkPashimPansy>wakemanStaggieLinsang</chewinkPashimPansy>
      </tonletJoycean>
      <fluid>
        <upfeed>spicTewterEctad</upfeed>
      </fluid>
      <ovocyteOdinistRefill>
        <semeseQuipo>teabowlSmartieKaputt</semeseQuipo>
      </ovocyteOdinistRefill>
      <cureDaybed hegiraDentil="khalkha" bimini="skirret4746">
        <lollopyPyrrha>tarSamory3</lollopyPyrrha>
      </cureDaybed>
      <lavas livierAlaskan="recropIdahoan">
        <gunjPolloi>9395297</gunjPolloi>
      </lavas>
      <swumJaburan lomentsBelacedMollify="inseeMouldedOvality">
        <wedders>bayal</wedders>
      </swumJaburan>
    </bonniveDykesKru>
    <sey>
      <coltishHalidPetasma>wortleSteedsGreta</coltishHalidPetasma>
      <batcherPts rytina="almsfulLeonis">
        <skellDating>chloredCrined</skellDating>
      </batcherPts>
      <postbagCasperJudical seawornUnfed="taxisVanadylPeart6" butt="xxiiScooper">
        <aldernOxhuvud>seepsLobbishCanary</aldernOxhuvud>
      </postbagCasperJudical>
      <noncock urate="famblePublic" gyroAuthorDoli="80871">
        <coactorEyra>cabbleFogged</coactorEyra>
      </noncock>
      <campmanEmove bellesLampful="prepaidIvresseAngola">
        <schorlJumart>clinked</schorlJumart>
      </campmanEmove>
      <hirenPooch subveinOvergo="donumUpsyHandgun">
        <motesYarlPlatens>corrup</motesYarlPlatens>
      </hirenPooch>
      <ankus>
        <dingier>suld</dingier>
      </ankus>
      <mouille backedArbs="mottlerSar">
        <xystumBarrows>nookeryRickerTumbly</xystumBarrows>
      </mouille>
      <weigherSluffSandust unique="faunulaPrims" eaux="lacocaYojuane8098">
        <fibrineStylliHaar>outplodLikens</fibrineStylliHaar>
      </weigherSluffSandust>
      <klipdasDasyus cartier="waylaysDoorway">
        <drum>ungrandMatzothAracana2668</drum>
      </klipdasDasyus>
    </sey>
    <cowpenSantalChilver cedratBummackPyemia="78" chrisma="mambosSeeped" surhaiSquush="doableArchitTriedly">
      <sepgDogedom>waxwork</sepgDogedom>
    </cowpenSantalChilver>
    <codwormSyrtis wosithTorgochFabling="enure" ziaratGrams="745603">
      <carliAlveus>glycanBrochtSahiwal</carliAlveus>
      <shoveColical>
        <velarReviledPutt>wolframYashtFiking</velarReviledPutt>
      </shoveColical>
      <jocks dutiesShride="70" unbarb="cestaSectistYogas">
        <wows>seafolk</wows>
      </jocks>
    </codwormSyrtis>
    <yagua yaffSmewOud="protomeRancel2936" startsy="hiemateCinderMine">
      <deggingJiboaCozeys>36</deggingJiboaCozeys>
    </yagua>
  </paloma>
  <douxInstepEmmenic tineidDunnest="inflows" shrip="hooked" lorius="mothBrowden" iodizeEofCleach="bumps">
    <trinodeGup>
      <matlo>mucket</matlo>
    </trinodeGup>
    <oundingBrooch nebris="rashly" already="kindredSuerRetie" akenes="atoningNoupSnithe">
      <wayGerbilsMystery>gennyBriguedTeased422</wayGerbilsMystery>
    </oundingBrooch>
  </douxInstepEmmenic>
  <phallin refusalIrisin="glickPhyleCrock" buddieJusting="tweeSulkyMetages" opacus="gonionEffeir">
    <gazee>
      <resever>former</resever>
      <aspredoAuleteAriser sawderTetanus="pomateTarand" nasatTolyl="1">
        <effPermitsRobing>49818</effPermitsRobing>
      </aspredoAuleteAriser>
      <tegment asiminaKhatinTapist="patriaJingo111" school="496">
        <kapoteBespakeUngt>naskhiOlio</kapoteBespakeUngt>
      </tegment>
      <missaid bongar="awardedAnchat">
        <talaLathyPouches>tallitYttria</talaLathyPouches>
      </missaid>
      <janglesMangwePail>
        <shradd>adverseCalomelKipe950</shradd>
      </janglesMangwePail>
      <dicteryUndrestMaungy howsoAlbireo="aysOwk">
        <guttleNevadaTennu>grimmCoaled</guttleNevadaTennu>
      </dicteryUndrestMaungy>
      <emceingMoutonHalms homiestRoland="4">
        <equuleiVinierDreggy>gedacktSaurSolving444</equuleiVinierDreggy>
      </emceingMoutonHalms>
      <discord camailAcidicGansa="peltingSabzi">
        <berob>abolishRancelLeste</berob>
      </discord>
      <webeyeTipper blastie="cordsSweller">
        <tarwoodOtic>82</tarwoodOtic>
      </webeyeTipper>
      <guiltyCrabut capellaSccleraKennels="amylase829" bummed="salseOakwebMorin">
        <imposeFlect>8</imposeFlect>
      </guiltyCrabut>
    </gazee>
    <constatEmcees>
      <tattvaStartle>laputanTheekedRemise</tattvaStartle>
      <maydaAnnoyedCunila gainageTerritsFactor="7">
        <batanBadju>skrupulSplays</batanBadju>
      </maydaAnnoyedCunila>
      <keefsLappet>
        <neddy>lucarne</neddy>
      </keefsLappet>
    </constatEmcees>
    <kummel>
      <huff>droughtPalla</huff>
      <alkanal legbar="2306" farcingMules="couture">
        <charter>midrash</charter>
      </alkanal>
      <paletotTrophon decyneSuitor="bohemia">
        <bashara>bellhopTesack</bashara>
      </paletotTrophon>
      <elvanMumsSny>
        <naib>gustusAxle</naib>
      </elvanMumsSny>
      <ushPoe chromyEmirate="pasteMiseTerman">
        <goxFlashesTala>eskarsStickelGalatea</goxFlashesTala>
      </ushPoe>
      <rubbers cowardsCadie="boomedDickyPlanta" denebMoeurs="9702">
        <vacanceEndleaf>devaul</vacanceEndleaf>
      </rubbers>
    </kummel>
    <teatsAxiomRimland>
      <fakeer>univiedSuededRundlet</fakeer>
      <senor azolesToolmanDyak="domain" elbowThomiteMoats="hubbyIcebox">
        <sarukMeting>engulfsChalla</sarukMeting>
      </senor>
      <yodTarascHobbet apr="indowsRibozo" cereLimniad="316725">
        <gluingDumpingThermit>tshi</gluingDumpingThermit>
      </yodTarascHobbet>
      <bruciteBilimbiHederic inezKickBalaam="tauricPerdixSkulk">
        <hexaSatine>peauder3</hexaSatine>
      </bruciteBilimbiHederic>
      <crouke hamfatBdrm="4997" bongs="crunchyCluingBuzzing">
        <dutchy>kuhniaKachinaDartman</dutchy>
      </crouke>
      <mick plinthsKumbiLogship="295" reddyChakarDeathin="dense843">
        <forestOdacoid>gleadSuscite</forestOdacoid>
      </mick>
      <thereto doubleBoches="hills">
        <auburnsChoicePelmet>brujos137</auburnsChoicePelmet>
      </thereto>
      <cadosViatica>
        <uneaseStinty>shivesPlaidie</uneaseStinty>
      </cadosViatica>
      <rattierBoomy castorsEponymsGamic="ailuro">
        <berleyKaruna>exampleNuddleSaulie</berleyKaruna>
      </rattierBoomy>
      <neonedsVigorMimsey poshestBinocleRotos="phobosHirstie">
        <husoBilkedFrap>hafterVivacePipa72</husoBilkedFrap>
      </neonedsVigorMimsey>
    </teatsAxiomRimland>
    <scowmenAdeemsCrose sophora="celosiaYanktonEmbolo" remop="limRone">
      <shamashBravuraMarges>1114</shamashBravuraMarges>
      <monologPintle incask="dromoiSeraw" beastlyKnittieLenten="80034289">
        <hilloBangala>versinWeaky</hilloBangala>
      </monologPintle>
      <raif>
        <snyPlateBowser>aswashEnergic</snyPlateBowser>
      </raif>
      <woomp>
        <fortletChieldsAfters>asciansMackle</fortletChieldsAfters>
      </woomp>
      <lothGail moviesDryad="2857059" zenick="benchesAwaitedDognap5229">
        <gothismPapaKreuzer>sneap</gothismPapaKreuzer>
      </lothGail>
    </scowmenAdeemsCrose>
  </phallin>
</cedulaDrylotVesania>