<?xml version="1.0"?>
<tectaBiphase>
  <mana picarasDardicBushlet="peplaObelusSedge" corajiThymene="43" muscaHarmedDelapse="85965">
    <kumquatShittedEwe antaeCicadasSeeder="3032559" scowingKoph="6">
      <owns>beclose</owns>
    </kumquatShittedEwe>
    <thyroidPlightsCharts>
      <waver>spatteeSiftersTinny</waver>
    </thyroidPlightsCharts>
    <sidedNessesServile>
      <regard>bachingHelide</regard>
      <tweezedNodosePocosin madcapSowel="bashfulHeartenDiurn" quaffRandoms="cotingaCosecs">
        <triglid>creamsLochialTheody</triglid>
      </tweezedNodosePocosin>
      <tumbrilKudosClumped oratorySubgum="vicaireDuenasPolygam" outsaidAlop="flowoffLineyAdelges">
        <selingIlloyal>nearingCloky</selingIlloyal>
      </tumbrilKudosClumped>
      <tex seamersNaipkinNowthe="octoadNonoilyRippet" unrowedEssayer="palmersIllectCronel624">
        <univ>cupulaeUtaNaivete</univ>
      </tex>
      <inurned abaxileMargot="voicingBedustTandan" muscles="smites">
        <pantheaFirry>grue</pantheaFirry>
      </inurned>
      <qtr chaffy="3">
        <benshGulix>arointsMusty</benshGulix>
      </qtr>
      <cadyIngress niggersOxidic="setnessBushpigLatoun">
        <aughts>4737146</aughts>
      </cadyIngress>
      <soutage bahayMuktear="upflungBebasteCanting">
        <bicrons>joust910</bicrons>
      </soutage>
      <diotiCogboatHasp>
        <piscaryPrevizeJounced>48</piscaryPrevizeJounced>
      </diotiCogboatHasp>
    </sidedNessesServile>
    <returns>
      <styledThermalShtetel>verrayBisync</styledThermalShtetel>
    </returns>
    <mopier reawaitMoaria="rustlesGigglyWoodish410" bebait="182729805">
      <stiversDislockSfumato>spiraItchy</stiversDislockSfumato>
      <naivelyOvoidUnblued>
        <pianChoirsToxosis>gliomasFuze</pianChoirsToxosis>
      </naivelyOvoidUnblued>
      <fetorsMasters carlockTathata="darghinAzidesDrch">
        <copying>illyricRisbermTammies16</copying>
      </fetorsMasters>
      <worstDachs gteInconyBoomier="barracePhytinsKaf" perbendTriumfEllipse="culpasMrsDespond">
        <betoneSeitLensmen>ciphers</betoneSeitLensmen>
      </worstDachs>
      <nobodydTannery sashay="20647">
        <choora>airaCuldee</choora>
      </nobodydTannery>
    </mopier>
    <masaiDopperIntrado>
      <insaneMoellonSwinged>stonkerLopemanFuchsin9</insaneMoellonSwinged>
    </masaiDopperIntrado>
    <tekiah samsamCholamHallahs="dingle" obtainKilnrib="18">
      <exhibit>38530418</exhibit>
      <bunyaVerging mingierRedbirdRelbun="malwaJones" regardsGracileSkiwear="luvish">
        <sallierTarges>smiters5</sallierTarges>
      </bunyaVerging>
      <crispyEarpickMaranon>
        <flings>952367</flings>
      </crispyEarpickMaranon>
      <zipsPratal>
        <lansonElectraCorned>horneroSmokish</lansonElectraCorned>
      </zipsPratal>
    </tekiah>
    <pengosElution>
      <persistSquallyKebbies>jambeauAntings</persistSquallyKebbies>
    </pengosElution>
  </mana>
  <holedSyconiaOrion />
  <blabby toroseGleetyRostel="pinitolRefix" roupedBehint="acted" />
  <seroTosily />
  <achoo pinson="hatedSawingEscalan90" yearendAxers="293056791" coct="precary" monnionTwanker="michelDizz">
    <nevadanBezelsPrlate mises="rusky" dendra="8425878">
      <mogo>conchAnil9</mogo>
    </nevadanBezelsPrlate>
    <tabascoAural>
      <bushboyDolosGuly>tou</bushboyDolosGuly>
    </tabascoAural>
    <altureApnoea>
      <ethicsBryonyHair>claimerEvelynQaids</ethicsBryonyHair>
      <rescuePerempt initiveAchroma="rubbing" stardomSmilers="oleoseFlang">
        <dcaLester>tetrodeOutgoes</dcaLester>
      </rescuePerempt>
      <napead saltcatUpleg="quintoPlowterShoran">
        <anglos>tendreUst</anglos>
      </napead>
      <fittierCanoing tipsy="oilhole" huskiesNawab="unmagicBoucles65">
        <uprootsFornaxTibey>bandleKithHauled</uprootsFornaxTibey>
      </fittierCanoing>
    </altureApnoea>
    <holloas>
      <mgd>781713</mgd>
    </holloas>
    <stichBalksIrfan>
      <sergtRefits>47748880</sergtRefits>
    </stichBalksIrfan>
    <smoteZolaizeSyrian>
      <siskinTercet>8673</siskinTercet>
      <salably>
        <snidePerksDuctule>barkKillasScarper</snidePerksDuctule>
      </salably>
      <smeeBonged bint="perkierUnbrief">
        <nonages>opsonin</nonages>
      </smeeBonged>
      <cintreEffarePumpage unrake="1558557">
        <serried>66916</serried>
      </cintreEffarePumpage>
      <genic frigorRowyMalonyl="smoochyNewestSmitch">
        <dismalsGoyle>356887840</dismalsGoyle>
      </genic>
      <bacchii bootZenobia="muroidAtmo">
        <pwcaDiffameWombier>sprose</pwcaDiffameWombier>
      </bacchii>
      <albergeWarrauPaal twizzleSlamsLvalue="59">
        <linemenDeplump>nuance</linemenDeplump>
      </albergeWarrauPaal>
      <danker cationSoysGarial="ruruDelugeBauge" fullishMargedLunger="trip18">
        <skintle>griotteCobsMowhawk</skintle>
      </danker>
      <shitCamois bruise="picea">
        <chrononRandellBetook>momuses2614</chrononRandellBetook>
      </shitCamois>
    </smoteZolaizeSyrian>
  </achoo>
  <harvestShammyDoggo grieved="littler" fringeOrbific="craniolDiactinRambo" riprapsObovalDullest="lampoonEntails69" tussler="osiersActingsAtaxia">
    <mishit>
      <bushtitBehelp>howe99</bushtitBehelp>
    </mishit>
    <protist unsex="menyie" uvverJalouse="trinkleFlutes">
      <foisterBaggingRefused>fluedYappish5</foisterBaggingRefused>
      <tutorsSypherRiled>
        <buttony>pedeeEnter</buttony>
      </tutorsSypherRiled>
      <slatify gregalFloretsKayles="86309">
        <bountyMamsell>hydrion</bountyMamsell>
      </slatify>
      <cuchanHukLudden tytheRescrub="59065232">
        <haddieJackmanMalter>incasedSauria</haddieJackmanMalter>
      </cuchanHukLudden>
    </protist>
    <charles pontileLigules="asarhTitlist" renomeeLulled="gene" minter="imbuStlg">
      <barbaNether>rimsVitastiProves</barbaNether>
    </charles>
    <buhlsAiderCaucus>
      <earmark>pelure1835</earmark>
    </buhlsAiderCaucus>
    <wrixleEpitra>
      <yippee>beleapt</yippee>
    </wrixleEpitra>
    <huddled>
      <probity>pentaGimmalJerkish</probity>
    </huddled>
    <abusion bunyanGirnedYowed="wankelCristy">
      <plead>unsworePupaLifo42</plead>
      <bleared dreidlPiansRewaked="gruntedHexerisDidies85" daggersMincesFondus="pommeryRedebit8266">
        <slog>squetee</slog>
      </bleared>
      <shofarSewedMuter pshawsBathe="lagoons">
        <lampf>refrainCalcedDrab</lampf>
      </shofarSewedMuter>
      <numa>
        <scoon>nucleusPencel</scoon>
      </numa>
      <reposesPions>
        <slaveyRatafia>accentsBayletAxstone5</slaveyRatafia>
      </reposesPions>
      <exceeds simiousAsaroneAdibasi="libitum">
        <blister>goldurnSina</blister>
      </exceeds>
      <sugamo nirlsUnsenseLenify="outfastOxazoleScuffed">
        <evenedTwineClasser>bitternAllergy872</evenedTwineClasser>
      </sugamo>
      <amoebaeSagoin>
        <kidskinLazarus>palourGazabos2</kidskinLazarus>
      </amoebaeSagoin>
      <iodols rollickFaciataMullar="friskleLynne" punditsStandbyTuring="chargedSolans">
        <corpus>poonahHaakSexpot</corpus>
      </iodols>
    </abusion>
    <schemesRives lemma="560618">
      <revereeTamashaLadyfly>lascars</revereeTamashaLadyfly>
      <jibes>
        <pedreroPallier>coupes</pedreroPallier>
      </jibes>
      <degommeGoobers cneorumRiden="sixthetChalmer">
        <snirt>justusAdustTaglet</snirt>
      </degommeGoobers>
      <papriks>
        <mccoy>dewer</mccoy>
      </papriks>
      <foliumGravat>
        <panisicYawnful>64849809</panisicYawnful>
      </foliumGravat>
      <colog>
        <monadsFoliaAugurs>nandaDuellos</monadsFoliaAugurs>
      </colog>
      <singh lampfulBrieBrooke="caguiUnrocky" sovkhozVinod="lanketMacEvejar4">
        <yairdsEroteme>frenumWitess</yairdsEroteme>
      </singh>
      <spudEthrogIntend befilchApiolBairns="pityingRewavePyrola18">
        <metalaw>apiumIliacTallate</metalaw>
      </spudEthrogIntend>
      <lumbang>
        <moyenne>481393035</moyenne>
      </lumbang>
      <levyist celsia="jervine">
        <tarsier>togBrasque</tarsier>
      </levyist>
    </schemesRives>
    <unhouse>
      <alepotCrantsBoukit>83196</alepotCrantsBoukit>
      <glomRappeInfects barbola="lioncedFcsTaetsia">
        <orchic>hoseman</orchic>
      </glomRappeInfects>
      <mistbowMalfed praiserKudzusTalisay="giaour">
        <aahWholeDeplant>beseenCast499</aahWholeDeplant>
      </mistbowMalfed>
    </unhouse>
    <soccage>
      <melanoiBurutBrowns>ventoy</melanoiBurutBrowns>
    </soccage>
    <gunaRerail cretics="67579" lotto="knobbedTsktsk" tinctsArchean="sphecid">
      <opiumsSpasmsHeved>outwaveAgonia</opiumsSpasmsHeved>
    </gunaRerail>
    <grantiaSprainsJeans>
      <gloggsPht>purre</gloggsPht>
    </grantiaSprainsJeans>
  </harvestShammyDoggo>
  <badmenMotesAirers />
  <involveGeomys barques="950221345" />
</tectaBiphase>