<?xml version="1.0"?>
<amorua>
  <scaposeIiwiPedlers daira="olitoryGullied9" tooshKhakhamStung="6" />
  <vougeot gaussFlavoryEyl="logical789">
    <epodicPious>
      <thickenGlaire>lowdah5</thickenGlaire>
      <wakefulGlutch unstout="newly1">
        <gabonPlexus>unperch</gabonPlexus>
      </wakefulGlutch>
      <susumu naidKainsiBrewage="inpoursWaringFerrash8">
        <cuffHurkaru>sewers657</cuffHurkaru>
      </susumu>
    </epodicPious>
    <tupaiaPlatoonRevoir maurice="thulium2">
      <garners>viewsAnonymBalawu9326</garners>
      <sorbish lozengy="storedVirbiusHelloed" resayRagworm="nymphlyDudeen644">
        <clags>congou590</clags>
      </sorbish>
      <pulparRoodles>
        <legateKore>enjambRezones</legateKore>
      </pulparRoodles>
      <coxcomb appaltoDietics="kosong">
        <huffer>aloed610</huffer>
      </coxcomb>
      <scandalShrabKnuckle unvoteDenyerDeftly="fikieDatana">
        <kansCloot>mistbow</kansCloot>
      </scandalShrabKnuckle>
      <flap dyads="5" autoing="2554825">
        <drawlsReblend>kathrynTendoorRubby</drawlsReblend>
      </flap>
    </tupaiaPlatoonRevoir>
    <zerma>
      <tymbalsToweredWhorl>cyamidHeiress</tymbalsToweredWhorl>
      <coxingRegracyFikery wader="gunplay" toomChunariRefund="dakoit93">
        <dhavaJunebud>cyathiEnglobe</dhavaJunebud>
      </coxingRegracyFikery>
      <giggleClicksAvoure inkersSquushCusks="patesAldusWidegab">
        <piqueroRebold>nutateIllumeEricas</piqueroRebold>
      </giggleClicksAvoure>
    </zerma>
    <duliaEosine>
      <restiadSulkier>krivu</restiadSulkier>
    </duliaEosine>
    <pleiadFunkersDykes>
      <hydrome>thrawnPluffer</hydrome>
    </pleiadFunkersDykes>
    <tueironKukupaKamares ofo="blackieChouBobbery" calefDufter="subclan" wilningDwaible="293205543">
      <noblingSocles>quickerCrock81</noblingSocles>
      <boiette>
        <misactsAgaves>allody598</misactsAgaves>
      </boiette>
      <pushier gundie="kikoiRitzThawers" abollaeOutsoleGutti="donsReliner">
        <animals>sitellaPallas</animals>
      </pushier>
      <lyartClownedGhatwal>
        <eroticError>azotes</eroticError>
      </lyartClownedGhatwal>
      <musumeeInstep pinkos="vinierEarwort" modiShazam="14">
        <quiltedRhos>forelay</quiltedRhos>
      </musumeeInstep>
      <caesarCaners debrideRotundPenny="embowelEdibile83" catched="pluvianRunawayDegum">
        <dionaea>43059</dionaea>
      </caesarCaners>
      <iconsAntaresEnsuing>
        <tuscanNacry>antigunSubfuskSoldan80</tuscanNacry>
      </iconsAntaresEnsuing>
    </tueironKukupaKamares>
    <beevesTinkler treatedEndoreTronk="2778">
      <unonaAcnedBoyce>quitsCutter</unonaAcnedBoyce>
    </beevesTinkler>
    <bolusesDreidelEpizzoa yareGarnelDetort="waygoerHobo">
      <forthgoWharfsAmowt>diclinyBedeafTeethes</forthgoWharfsAmowt>
    </bolusesDreidelEpizzoa>
  </vougeot>
  <gulph>
    <hakimSpile>
      <canula>warth</canula>
    </hakimSpile>
    <girthed conyrinCurlsSovrans="tarrAdvoke28">
      <sorroaKerasin>63998271</sorroaKerasin>
    </girthed>
    <coinerBlimpsHarpa oltondeSikerLiberal="969743260" deviseEchoism="1" wraithsJuicers="rasersSemarumHoofy">
      <inbent>pagrusSizier</inbent>
      <shiatsuSkiCorchat asanaBusloadCyanic="papago57">
        <dachsMilreis>hunkerBemolCaret</dachsMilreis>
      </shiatsuSkiCorchat>
      <bagios>
        <gatorBabudomAchagua>bondGuildic</gatorBabudomAchagua>
      </bagios>
      <kappeDielike gutteraLuckiesCarinas="unmoldsWalloon">
        <coppas>limpetsMealyHipple1</coppas>
      </kappeDielike>
      <guesterWaviest>
        <trullSasine>wash</trullSasine>
      </guesterWaviest>
      <nitrils peeping="zutugilFresnelChimar">
        <vending>pohPlayingKastura</vending>
      </nitrils>
      <gemJebelDint ahtena="testbedRammier9972" dhoonTourersHuckle="92670">
        <plautus>maximumWetters6227</plautus>
      </gemJebelDint>
      <wallowsWechtsDiasyrm sweptColossiFicula="agog" charre="69">
        <grannie>hengestTabular</grannie>
      </wallowsWechtsDiasyrm>
      <befoulsJoke heiauAgtDislive="777213672" dupableSystyleNyaya="9107">
        <shamer>8</shamer>
      </befoulsJoke>
    </coinerBlimpsHarpa>
    <soueefCorno>
      <biggetyImmuteWinger>firkins7</biggetyImmuteWinger>
      <terman>
        <chanoyuBlowess>7</chanoyuBlowess>
      </terman>
      <plurals flamfewVinagePulish="junonia" cupTumbrelCalving="9163">
        <leaser>cornealHexones</leaser>
      </plurals>
      <millmen fluteyRising="candite" icosian="curatel">
        <pencilsRevisitYender>frustaGanef</pencilsRevisitYender>
      </millmen>
      <dyewood grittleAccra="gushYerba43" geld="80">
        <rascalsLapcockRepatch>chickeeDisney2920</rascalsLapcockRepatch>
      </dyewood>
      <halserGrozet infixed="taunted">
        <acajousEbbed>oxeoteTutler</acajousEbbed>
      </halserGrozet>
      <wooldCudavaCherely weinersQanat="7729">
        <maarBinzuruBluecap>phossy</maarBinzuruBluecap>
      </wooldCudavaCherely>
      <ritual>
        <kinoMarfire>thegns586</kinoMarfire>
      </ritual>
      <sweepy wandErrataMuscle="kindjal">
        <briar>googols</briar>
      </sweepy>
      <bluff>
        <ullerButyrylUpright>biddingExplantCulbert</ullerButyrylUpright>
      </bluff>
    </soueefCorno>
    <depurgeHillosTaunter cawkerBoing="subgens" woneOnagriMadhab="sudic991" taloned="ravenryEuhages9">
      <hussyHackledCarer>ecbolic</hussyHackledCarer>
      <loppyCiteeUnsting uptieUlcered="outedDeturb" idist="offersTremble">
        <voluteArius>sankaDudeensPopely</voluteArius>
      </loppyCiteeUnsting>
    </depurgeHillosTaunter>
    <enweavePlangiAcumens>
      <conusorVina>verilyMoireIphis</conusorVina>
    </enweavePlangiAcumens>
    <chukars>
      <ulvaChoseChamoix>enviousAcing</ulvaChoseChamoix>
    </chukars>
    <fons>
      <unseats>vessesDavies</unseats>
      <feverJuju algoman="pubic">
        <armuresAxitesAught>191</armuresAxitesAught>
      </feverJuju>
      <shankarSealkie senatesThoftHayne="39">
        <attack>405</attack>
      </shankarSealkie>
      <rhinal zemeBilicPuffers="52" kelliesStrialSnifted="oenone">
        <boringsGuggledTapper>swinkerToros81</boringsGuggledTapper>
      </rhinal>
      <scrimpAiry toward="smelt3010" chatty="unact771">
        <biotaxyFadgesKelowna>2</biotaxyFadgesKelowna>
      </scrimpAiry>
      <callid dieters="pintasOncia">
        <culbertAdam>babkasAralia</culbertAdam>
      </callid>
      <kabardScuz>
        <lancingQuellsOsirify>engazeDelatorXarque</lancingQuellsOsirify>
      </kabardScuz>
      <esrogimSnortle satiricWhareer="fasciaeHutcherGotraja">
        <inlessIndexed>975</inlessIndexed>
      </esrogimSnortle>
    </fons>
    <purrsOrvietoWalers>
      <ostrich>ovariumEmesis</ostrich>
    </purrsOrvietoWalers>
    <tenancyPiceneAttrist>
      <benthalPuya>proplexDertrum</benthalPuya>
    </tenancyPiceneAttrist>
    <choileNogheadGeest>
      <unlegalTibeyConli>9405</unlegalTibeyConli>
    </choileNogheadGeest>
  </gulph>
  <fizzing abowPerdrixSynchs="barhalOculateTarpan" exing="59162044" ritaFawning="592615">
    <opaSonchus handselTraceyTwigged="hagSinoperArgeers" operantBoaedonNopals="camelotDallopCatchie">
      <bedownNonmen>gelongEnsurer</bedownNonmen>
    </opaSonchus>
    <sarlacDecoded>
      <filmily>lawnsJeepneyCornage</filmily>
      <seton>
        <confuse>oppian</confuse>
      </seton>
      <ramose invoice="9661274" fytteSkyeMark="alludedUnempty">
        <undugNurlingNowy>oscar</undugNurlingNowy>
      </ramose>
      <lotahWritingWasatch calletRhytinaLichted="3" afroAgendasIconism="nockerl">
        <cuarta>numac</cuarta>
      </lotahWritingWasatch>
      <bhalu>
        <geonomaLeumaPummel>ratchelPileupPorret45</geonomaLeumaPummel>
      </bhalu>
      <emceeMilty essencySpoutedGoshawk="coticeRybat" termenSniderDareall="32">
        <ropers>ruptive</ropers>
      </emceeMilty>
      <torrentInbushForthgo pelecanPottiesFag="debindEases5">
        <whsJobbery>burniesLeafedSeeding</whsJobbery>
      </torrentInbushForthgo>
      <circeanFlusherEared faunishBruntsLegibly="cools">
        <feodalNoilMarvel>acediaMorroReests</feodalNoilMarvel>
      </circeanFlusherEared>
    </sarlacDecoded>
  </fizzing>
  <achape />
  <saltierVenefic panpipeOffside="gulpinCutline" hefterUnfrillJollop="749" />
  <unlucky nauseasSwither="122" insularSepsinPlusses="31218" streKhakham="redrawsFictor68" />
  <eyrMeller luckenSideDucula="nitellaSerenerDacron73" />
  <stilted />
</amorua>