<?xml version="1.0"?>
<yashmacHelms>
  <magueys />
  <muserYarr churchy="azoteGawkily" />
  <outedChieferFlexion frayneEnrobe="hirsled5" curledTennisCoacted="isodrin67">
    <cohunes serran="guywireTerret12" behymnTouchedFaured="neumCannyScutty">
      <cloesHexer>apojove</cloesHexer>
    </cohunes>
    <bielidGangrelMassula>
      <kotow>tapetumJujuUnwaged</kotow>
      <cannieSherbet scarrer="blunker" broach="gustusTernarPuffs">
        <tresselDobbie>prioryGlassyYannam</tresselDobbie>
      </cannieSherbet>
      <loavesSurfmen townmenBoostedVexful="fogdogsChignonSwedge">
        <augurer>4</augurer>
      </loavesSurfmen>
      <dyneWishesPhasmid>
        <coccoidRaias>stipateTinlike620</coccoidRaias>
      </dyneWishesPhasmid>
      <cabin pronePascal="pushDrofTransfd" silkyAvocatHolloo="caamingFrijol">
        <flyted>628835143</flyted>
      </cabin>
      <virelaiLiney luceres="dislock">
        <hornifySumsUnlinks>66</hornifySumsUnlinks>
      </virelaiLiney>
    </bielidGangrelMassula>
    <quinismOhareTamara>
      <sienaArling>murriesFunders</sienaArling>
    </quinismOhareTamara>
    <arriverSandersMorice>
      <joinant>rompAmurca</joinant>
      <deaningInhaler dozen="58758" revolveTerebicNirls="regAliveIsatine">
        <rollingLaglyUncoked>eluxateKidcoteAlgor1357</rollingLaglyUncoked>
      </deaningInhaler>
      <variousSabutanGamest fhrer="cycloidSarah" cawingMaserBolti="adaiEmbrued">
        <zyryan>hidatsaFlightsMuskrat</zyryan>
      </variousSabutanGamest>
      <debunks>
        <styanRoutousMincopi>sonniesBesquib</styanRoutousMincopi>
      </debunks>
      <pilinLimnsGyne nose="acetousAdesmyEoith86">
        <hattYouponsCob>wigletsPardaosLunge9</hattYouponsCob>
      </pilinLimnsGyne>
      <lanierAlcaeZaffer wakers="dustmenAeneasClerked">
        <dune>73</dune>
      </lanierAlcaeZaffer>
      <turacinName jaggedGeoidalDosage="logesWeren" ethic="85">
        <kinksIten>lilialCocks</kinksIten>
      </turacinName>
    </arriverSandersMorice>
  </outedChieferFlexion>
  <pouchy cakyMustnt="englynsPurlClucks" fundsCuarto="beglueUganda" jaletArrace="60503" estallNomial="saughen" />
  <grunth zeroizeEpodesCaroler="26290182" />
</yashmacHelms>