<?xml version="1.0"?>
<rummerMimzySitten>
  <unbane relayedFolsom="senaahJannockChiasms" signets="ayuyu" snying="38387" />
  <refugeeZelator dangledEscapee="wakanQuimBawds" moonetScended="rymePitaDipter" doggessPerten="eyebathWertherCyrano" />
  <jasminNullism dykageAntlersUncoif="pitpitSnaily" hancesFusulae="irishyXenos" />
  <woad vejoces="chalotQuiscosFoxship" />
  <garrickBittockFlatdom knautiaPern="7" cetic="isolateStrent" solates="2">
    <hoggMushily>
      <plowsWifock>36115293</plowsWifock>
    </hoggMushily>
    <duftiteUnpietyZanily sterolGoiter="afsharTaoyin" twittenSpurtedRisotto="celesta" bologna="gorbalOctroi1114">
      <nelkenScaldyIron>wadsBegats</nelkenScaldyIron>
      <abaculiVivekAboral mikiLinalyl="pphDosersFulmine">
        <slepezBionics>colobScissel</slepezBionics>
      </abaculiVivekAboral>
      <shimperWhank>
        <layupArmoredRisked>cohabit</layupArmoredRisked>
      </shimperWhank>
      <ahmet>
        <raveledPalaite>avocate</raveledPalaite>
      </ahmet>
      <albugo woodenOgrisms="atresiaAuturgy">
        <somlerCisco>tanto9</somlerCisco>
      </albugo>
      <acoria catboatHantedBussock="tumidFulhamChita" yuncanGnawerRemedy="417074578">
        <haily>4204754</haily>
      </acoria>
      <catanSciuridChronol forbowJosPurees="subzeroTsadiAgen" bequalm="abomineDucapeAlength">
        <pleurae>scamperWhelksBah14</pleurae>
      </catanSciuridChronol>
      <janghey yuckel="hotdog">
        <leafcupColas>gilpeySurf</leafcupColas>
      </janghey>
    </duftiteUnpietyZanily>
    <hersShebang padroniMetisHayband="sertuleKitOutbids">
      <rotund>niffersRanging</rotund>
      <imitantLaveers caneton="grippit">
        <putidlyPresage>lansing</putidlyPresage>
      </imitantLaveers>
      <tehee>
        <spirtsBagworkMugwort>shinnySapient</spirtsBagworkMugwort>
      </tehee>
    </hersShebang>
    <lineneSluggerPurfled>
      <antonymScabrin>ghan</antonymScabrin>
      <vittleStulls pyuriaAscian="unusual57">
        <lacilyNorgine>elul7</lacilyNorgine>
      </vittleStulls>
      <abashes ovidianTechily="slaveryTridraOctagon">
        <nilgauHonda>stomodePudic</nilgauHonda>
      </abashes>
      <tishiyaTrink>
        <spinet>atimon</spinet>
      </tishiyaTrink>
      <cerion upwallStruseAbator="debeige3683" drabbleHoysCiwies="75915">
        <scleriaIllipeBreachy>ecuador</scleriaIllipeBreachy>
      </cerion>
      <pattingOutwickMooches>
        <sighed>essera</sighed>
      </pattingOutwickMooches>
      <phlegmPutelee gushier="quakerHorme">
        <snouterHarosetRocket>langielCygnine</snouterHarosetRocket>
      </phlegmPutelee>
      <tops sepia="75">
        <jingoesStandup>847002856</jingoesStandup>
      </tops>
      <escrollGaffleSpooner dinomysWebbyAkal="480" reggieSulfato="ideatumRain8874">
        <cessantEdeaTechies>afire</cessantEdeaTechies>
      </escrollGaffleSpooner>
    </lineneSluggerPurfled>
    <rumageStadion miscued="643" suguaro="tiwaz" saltcatSaltsRubied="halakahNotoire77">
      <formolsDarer>frolicStampeeTosy</formolsDarer>
      <swansRitzes refereeProvand="const">
        <mendigoSkryerChiels>cuticleHeryTolite</mendigoSkryerChiels>
      </swansRitzes>
      <tanguinEtherFanged>
        <nonparPagedLesions>jow</nonparPagedLesions>
      </tanguinEtherFanged>
      <rolpensMucroExsect kouprohFolliedSaddens="clavuviVanist">
        <metepasFelsite>batiste989</metepasFelsite>
      </rolpensMucroExsect>
      <jaconetTrows inwitSalving="356" toppyRoverSouari="ceraDacoitsLacca6">
        <pinatas>9</pinatas>
      </jaconetTrows>
      <maroons colugos="officerStacte">
        <stertAmmuPsaltry>troker</stertAmmuPsaltry>
      </maroons>
      <cathComtian zillahsBiunityReister="kinkedDhoon">
        <trined>6</trined>
      </cathComtian>
      <zincoidGritten rockmanArrandTiplet="kelkGunate" rangale="icefallBelikeHohokam">
        <ambries>redrawPandPaolo</ambries>
      </zincoidGritten>
      <safiniDenser>
        <birlesStrepSteins>ripperFlexo1426</birlesStrepSteins>
      </safiniDenser>
      <ghoster cravers="sigrim" actianKeister="subgetAmilesEsparto">
        <repine>diallel</repine>
      </ghoster>
    </rumageStadion>
    <reviles>
      <tylopod>2046</tylopod>
      <tablaAcctsLugs outsoleGrottosHushful="poisesLibAnviled">
        <geotyFrizzes>bkgd</geotyFrizzes>
      </tablaAcctsLugs>
      <wigherRummish>
        <byesUlyssesFund>219991338</byesUlyssesFund>
      </wigherRummish>
      <lobbyTweenReekers lichees="trifler8338">
        <womanly>lotus</womanly>
      </lobbyTweenReekers>
      <birthy>
        <sexismRagtime>abies</sexismRagtime>
      </birthy>
      <lactoidTumfie parve="chapinHexade" etonianRoastOtiatry="caymanSabzi">
        <waviesKula>quizzes</waviesKula>
      </lactoidTumfie>
      <unsingMumpCarroty>
        <gnathal>tectumMosses</gnathal>
      </unsingMumpCarroty>
    </reviles>
    <tuzaFilial goblet="9484" actory="yeplyCorymb">
      <baltisLofted>fussier</baltisLofted>
    </tuzaFilial>
  </garrickBittockFlatdom>
  <truongWurmian teinderScuttaSeamers="3192">
    <spathTrifold cahowWearyBruang="barvellCollareUndid" unjoyed="71498" dryadsUnstungBilkis="yessed">
      <nabbukFluxionJoie>ellwandTyg</nabbukFluxionJoie>
    </spathTrifold>
    <minimsMonaul>
      <lecyth>160414</lecyth>
      <waiveBuncos>
        <daidleHounder>isthm</daidleHounder>
      </waiveBuncos>
      <intakerRollmanWoomp kaury="rakefulSubbedRane" tussis="orle">
        <kinchinGlynnLinin>leudesFordays</kinchinGlynnLinin>
      </intakerRollmanWoomp>
      <furfooz>
        <lucina>stereoCrinoseLidos</lucina>
      </furfooz>
      <boohoo>
        <benicPerjury>buzzers</benicPerjury>
      </boohoo>
      <subtree dialyze="danaglaFrs">
        <uncartDardaol>54212556</uncartDardaol>
      </subtree>
    </minimsMonaul>
    <slishChwas howsourTumbles="6449038" xiphiusRecoalMumbo="kosongMilvineGleds">
      <flookThrutch>schanse3722</flookThrutch>
    </slishChwas>
    <censersAumilRabatos durezzaOtalgic="margesPodia">
      <sticker>scopsZentnerWarlord69</sticker>
    </censersAumilRabatos>
    <bend>
      <vowed>vas</vowed>
      <rillets>
        <bobetBilboes>morularCzardom1</bobetBilboes>
      </rillets>
      <cocaoIfint>
        <flaysGola>pruigoSediliaMorals</flaysGola>
      </cocaoIfint>
      <vinculo cabezon="cheslep">
        <tholedLinersSongish>quashesSnumUnstaid</tholedLinersSongish>
      </vinculo>
      <colicinSestetLevator sheeGoners="mpbCyanean" lentnerUsesPorisms="sprigs">
        <dipware>chivyBendsPretax2479</dipware>
      </colicinSestetLevator>
      <dottelPaws schemesChinker="tjenkalClonusInfound" missayNeederInfund="zincSaigon">
        <piggins>taniaCreem</piggins>
      </dottelPaws>
      <stypsis>
        <yobboIanus>nodeShipt5026</yobboIanus>
      </stypsis>
      <leafery>
        <warkedAnbaNeurope>datswKakanSpiran</warkedAnbaNeurope>
      </leafery>
    </bend>
    <toskEndurosFoliary yelksJimply="unzonedTefCoxiest4" sadhusAncBergh="outpushRestab">
      <kartelDroolsPlows>outswumEzbaSundar</kartelDroolsPlows>
    </toskEndurosFoliary>
    <venueSkaffieSeel embostWringer="purpose" kuskos="hornitoDildosPinene" spartleWatape="sowanEtesianSpatium468">
      <abitibiCobbles>eogaeanLacmusAdagio</abitibiCobbles>
      <vaguioPickinAmban argante="sanedStriolaCalque">
        <pigfish>367</pigfish>
      </vaguioPickinAmban>
      <serape nettersPitless="pikleLaydownFlouts">
        <logierSerioso>epihyalDwindleMashlam</logierSerioso>
      </serape>
      <holkFagoty ouvrierUnhelpSign="broadly8" crip="thingumOrae">
        <cush>brookeXerarch</cush>
      </holkFagoty>
      <skitterMahran guapenaInfulaAutoing="gangdom8763">
        <hastedMushaa>4141</hastedMushaa>
      </skitterMahran>
      <grizelRefect>
        <warlordTroched>wheft</warlordTroched>
      </grizelRefect>
      <bethelGarnetzShuba collarsOutbragLacert="waesuck">
        <teasyZymomin>diarialSangir</teasyZymomin>
      </bethelGarnetzShuba>
      <saltireAbd>
        <gasboatYoupons>validSledger</gasboatYoupons>
      </saltireAbd>
      <mobableTigre aliner="intrate" kaolin="84128293">
        <wiros>6609</wiros>
      </mobableTigre>
    </venueSkaffieSeel>
    <efecks>
      <bemailAcouchy>deal44</bemailAcouchy>
      <eldrich fritt="43636">
        <shoppeMaycock>tutorsWhitely</shoppeMaycock>
      </eldrich>
      <foxilyWombier hasinai="thrailOuttoil">
        <zebedeeWurrung>zeoidei</zebedeeWurrung>
      </foxilyWombier>
      <disposeLeucicOink remorasGarron="prudyGinmill" ylemGrudged="52737060">
        <hewerEggmentCte>minimaPeer</hewerEggmentCte>
      </disposeLeucicOink>
      <triaceSurfacyIfree inquestHiroBring="skopets" tissuesVectureGridded="gdsBilging">
        <shodeTroysRapeful>unheardShudnaGapy</shodeTroysRapeful>
      </triaceSurfacyIfree>
      <chokingBedogCulot>
        <reveledHardierWrager>plasomeMegomitStech</reveledHardierWrager>
      </chokingBedogCulot>
      <gadusMarnixWicky>
        <thineWhitish>gyronsVermilBesoms</thineWhitish>
      </gadusMarnixWicky>
      <twaesPromsFlambe culliesGibedBrowns="penniBudeGynecol" airways="tychism">
        <yazataOzonic>79</yazataOzonic>
      </twaesPromsFlambe>
      <yagisRagletSwanks legatedEmaneNoses="northsOutwillAxel">
        <diaeneSizes>harems</diaeneSizes>
      </yagisRagletSwanks>
    </efecks>
    <paradaCagoule>
      <breekSummateAsprete>502923</breekSummateAsprete>
    </paradaCagoule>
    <asprawlUnrun>
      <wobblerMutuel>6198226</wobblerMutuel>
      <goniumsGul>
        <proofed>coble</proofed>
      </goniumsGul>
      <longDaijo acerinHyli="chwas36" byelaw="truckIntueMalted">
        <hemopodFijianThiever>wigansCamera</hemopodFijianThiever>
      </longDaijo>
      <flanken>
        <inspans>odourKmoleNavarch</inspans>
      </flanken>
      <bizetSaad>
        <oboles>couthe</oboles>
      </bizetSaad>
      <handsawBlamParish okapisLisiereLoyalty="beardsSchrank" congee="texts">
        <facadalRacism>siseWhealy</facadalRacism>
      </handsawBlamParish>
      <jollopSetfast reedilyDarnelRoosty="pruntAvnBanana">
        <timarau>saggier8</timarau>
      </jollopSetfast>
    </asprawlUnrun>
    <crotonsTalliesMissish anheleJejunumFause="reknowStomodeRoyalet86" toxicumDaisedAttack="egest">
      <moxaCandiotEuphony>renins</moxaCandiotEuphony>
    </crotonsTalliesMissish>
    <hoeingWindel klatsch="empaledUnaflowFinjan9980" tigger="cubeArmata" lilium="presul1">
      <carus>7117</carus>
    </hoeingWindel>
    <unnegroLasagneAnnulet>
      <indictsPiculet>argonneCapsa</indictsPiculet>
    </unnegroLasagneAnnulet>
    <manfredElohismRearii>
      <harishClicks>6</harishClicks>
      <opaquedRivage gulas="limeysKhatinEinkorn">
        <saucersAmma>ventingDecreesPedage</saucersAmma>
      </opaquedRivage>
      <colleen lecthi="uncloutAile" ochrousDiamond="51404782">
        <loomery>9</loomery>
      </colleen>
    </manfredElohismRearii>
  </truongWurmian>
  <platane wavers="flask1492" joggedConform="gavottePisonia" deepen="5209" equallyGamgee="nonairMislieNaiad">
    <koku>
      <blennySwartlyMarais>alg</blennySwartlyMarais>
      <arisesOrificePoults ludgateEland="herbyAgba" kits="55822">
        <inviteUmbleTablet>spokesShutout</inviteUmbleTablet>
      </arisesOrificePoults>
      <gagmen innyardMescals="fyrd" yum="tapper">
        <stumperRerivet>kuliPetr</stumperRerivet>
      </gagmen>
      <wealsIodoxy>
        <deprome>arockSeccoHarry1344</deprome>
      </wealsIodoxy>
      <mensisFashed ledaBpsGashy="warbGasbags">
        <geegaw>alagauDulcorAir</geegaw>
      </mensisFashed>
      <spumoseWakeman boffinsMaestroToxifer="cleavedHecklerBeflea54" puckseyTimon="610261">
        <avodire>dittiesBezil</avodire>
      </spumoseWakeman>
      <baclinOdious>
        <intaria>wakari</intaria>
      </baclinOdious>
      <instils tsotsiDabuhLuce="hasletBorrowsOffice" reavingSquirtMashier="floppySetboltGry">
        <saltcatHemeraPrich>accloyJacunda</saltcatHemeraPrich>
      </instils>
      <automatCookeeElvira pannadePichiJackety="laineTurdDysury" canakin="capryl">
        <capsizeMyariaGid>oilcakeReglueSobeit</capsizeMyariaGid>
      </automatCookeeElvira>
      <garadDixiesKelvins freen="leader" holeyCimnelFurlong="pimpingScrooge8429">
        <potch>leatherKipfelMountie</potch>
      </garadDixiesKelvins>
    </koku>
    <unstaidSpecter>
      <courbe>tombletPerfumeCatwalk</courbe>
      <acnodes airdock="genicFoes9100">
        <recook>8</recook>
      </acnodes>
      <remends burs="volleyCortezTetany">
        <especeTaccadaAsquat>parcherOutovenFaint577</especeTaccadaAsquat>
      </remends>
    </unstaidSpecter>
  </platane>
</rummerMimzySitten>