<?xml version="1.0"?>
<plies>
  <bolsonsMarilynNided feebler="gigging" burpingDhooly="8">
    <quipperUltoDakhma>
      <gradJiggersEstrums>bonbon3</gradJiggersEstrums>
    </quipperUltoDakhma>
    <gooral doeuvre="annealRudishDhai" kilimCacicusKaik="favoursTumming">
      <granitaKnuckle>slenderGarrons</granitaKnuckle>
    </gooral>
    <lealBalletPawkier praised="azurousFlees">
      <effableHashabi>timersHora</effableHashabi>
      <epiceleReincurEve skidpanLoretinMfd="taproom1832">
        <steenieBuphaga>694</steenieBuphaga>
      </epiceleReincurEve>
    </lealBalletPawkier>
    <bacopaNaceBenelux clowerEndevilJudaica="angara3">
      <amandaRauque>takelmaLucific</amandaRauque>
    </bacopaNaceBenelux>
  </bolsonsMarilynNided>
  <jotsMarieAsarone />
  <surging>
    <bryony>
      <jannerBirsy>20844</jannerBirsy>
      <outsail spanglyQuizzerAckee="13551">
        <poohs>lineateMech</poohs>
      </outsail>
      <zeburro copia="jacchusManmade" zoonomyAcratiaUnripe="uptimesFrapsEmpory">
        <bessesHelloed>sheriffDoweled</bessesHelloed>
      </zeburro>
      <quarionAnguis hadithsPierrotValor="3815" jethro="meguilpGodown">
        <ons>runner</ons>
      </quarionAnguis>
      <indamin>
        <busbyBocca>emmersRepew</busbyBocca>
      </indamin>
      <alexine>
        <expugnWooed>retestsFishers</expugnWooed>
      </alexine>
      <perty gratten="poach" asearch="noshed">
        <sleezyWolvers>53086</sleezyWolvers>
      </perty>
      <molterMayanChouser estroneSmaltzNamaqua="jinjiliColliedSapin" spodes="tetardPuceron">
        <acrock>gwag</acrock>
      </molterMayanChouser>
    </bryony>
    <popjoy mizzlerMisplay="allium" outfoot="dysuricLathee" atinkleTarpDister="703">
      <entoireDefeatsDetruck>copses</entoireDefeatsDetruck>
      <redbaysMoueDhole fogyishMiswish="navarin" wriggleOrnes="infoSnippedClumper">
        <bearletPlayer>rudelyToggingSpyship</bearletPlayer>
      </redbaysMoueDhole>
      <fuggedAppallsPachas infestsYobsEctype="13">
        <panimeBespawl>osesIstlesVocals</panimeBespawl>
      </fuggedAppallsPachas>
      <foreribRowdyKetenes>
        <ingenioKafta>waxlikePuisneBatad</ingenioKafta>
      </foreribRowdyKetenes>
      <upbuild judithBowledFulls="cummockGround">
        <kyrial>6</kyrial>
      </upbuild>
    </popjoy>
  </surging>
  <paybackGenip wrafScarsBisagre="hansels" jussel="envyingPlait" wiggenPrankMilords="jntRetires" />
</plies>