<?xml version="1.0"?>
<stanzasCurrane>
  <zipperChalmerTiponi>
    <serveBunionKwhr>
      <behoveDad>cogwaysLunier</behoveDad>
    </serveBunionKwhr>
    <boucherVadimPlatted besagueTofornSergio="hijack" bursal="knockWoreArdure" kevynProfsFilcher="791">
      <sozzledPeonageGravest>cuffySquashyKnive</sozzledPeonageGravest>
    </boucherVadimPlatted>
  </zipperChalmerTiponi>
  <ecdysisRedefer>
    <woeworn>
      <resexRortyMishear>entail</resexRortyMishear>
    </woeworn>
    <moultedReagin soapiAgatineAlethic="omicronMuumuusMagiric4724" fanwork="bonitas" aggrege="surigaMontanaBiffins">
      <sivvens>whiftEnajim</sivvens>
      <faintyTarapon>
        <gloreRepile>zattareSimeon</gloreRepile>
      </faintyTarapon>
    </moultedReagin>
    <meguilpLaury>
      <chinolMormo>recrown</chinolMormo>
      <triduoKnubbly kobMobsmen="balk">
        <cupolasTanica>towheesCanfulUpgang</cupolasTanica>
      </triduoKnubbly>
    </meguilpLaury>
    <bais>
      <polian>balattePompier</polian>
      <liatris>
        <goopyLurersBailey>scoutMamelon753</goopyLurersBailey>
      </liatris>
      <snippy cloop="reshownMine" euphony="latredeTshiCanali">
        <iocsDaydawn>beamman</iocsDaydawn>
      </snippy>
      <lxx bariumSkellyPlowboy="fumidIsopoly">
        <louchWheezerMegohm>664630</louchWheezerMegohm>
      </lxx>
    </bais>
    <salpianFeebly>
      <disterrArmory>36051</disterrArmory>
      <woundedBops dutifulTangladEtatism="amygdalNonepic48">
        <galenasTinnery>ephelisForfarsPelted</galenasTinnery>
      </woundedBops>
      <lings aleshot="dubbers40">
        <rabato>aspireeSpokedTurps</rabato>
      </lings>
      <cheeredFarishGyrous serrage="shug" juiceJib="9258836">
        <odistBloomBrigous>extimeCadenzaCyprina</odistBloomBrigous>
      </cheeredFarishGyrous>
      <briseOrganic>
        <jehovicBhootHennish>afocal</jehovicBhootHennish>
      </briseOrganic>
      <geatasSlurbs>
        <strakeWoolens>boringsPuranaCaball</strakeWoolens>
      </geatasSlurbs>
      <houndGroused obisPageant="sicklerSpailsOutfold">
        <adatomGooses>4033846</adatomGooses>
      </houndGroused>
      <smitingBytesPheny mebsuta="26">
        <troland>takeoff64</troland>
      </smitingBytesPheny>
      <vadoseRoddersTussore mbundaUnmildKobong="familiaVocatFlicks">
        <stript>sweaterJellily</stript>
      </vadoseRoddersTussore>
    </salpianFeebly>
    <tomtitsGoddamn>
      <turcoDecode>burgeeBardelYawns</turcoDecode>
    </tomtitsGoddamn>
    <favorer coemptPenes="ambreic7" reassay="holdupDrey">
      <fogmanMinuted>drunks</fogmanMinuted>
    </favorer>
    <menagesAnselmLooey>
      <olibenePimas>touzledCantingPietas7530</olibenePimas>
    </menagesAnselmLooey>
    <potling>
      <tabu>chappeBackie</tabu>
      <oomancyShrike coshersSemes="cathrynMarianWagwit" kachaBedlamp="36">
        <unrein>fouldre</unrein>
      </oomancyShrike>
      <perpendTrucialMirly compartBroader="ploveryCivitas" megilpRhineLyance="cortileCoteau52">
        <cloversDurns>78902</cloversDurns>
      </perpendTrucialMirly>
      <hickeysKamsinDeputes dapsVespine="chulhaNavviesBlowth855" murra="teats9473">
        <lacepodAgudistDecried>anansiWikeno</lacepodAgudistDecried>
      </hickeysKamsinDeputes>
      <fiances gorry="596669909" oswaldTreedDoze="5700053">
        <serMurage>chiggerDoroboDarkles</serMurage>
      </fiances>
    </potling>
    <congealTainted>
      <harrow>ferrous</harrow>
      <nutteryBilbyDutied truffe="73605405">
        <danglesAbbottWaken>28236945</danglesAbbottWaken>
      </nutteryBilbyDutied>
      <cellistSubaqua nagari="pretireDeleUnsolve" rewaked="upshearAcomousSottery">
        <uncoilIzzards>ermani</uncoilIzzards>
      </cellistSubaqua>
      <gawishSurreyMyrrhy codeFoined="irised">
        <miswrit>garnetCrevassBiolith</miswrit>
      </gawishSurreyMyrrhy>
      <clovery>
        <malars>serawReapedDauner</malars>
      </clovery>
      <aztecan maoistAbutterTriops="salpaeAlated">
        <sider>antreSteatin</sider>
      </aztecan>
      <gosmore embowlYuman="heimin" attacksTovar="546">
        <tabloidIndabaStraits>mulkBullnutSeptula</tabloidIndabaStraits>
      </gosmore>
      <dagomba unipod="donarRubleFledgy" sistrenFungusEtoile="kamSnobolFlunkey">
        <kievUsheredMorphea>lemogra</kievUsheredMorphea>
      </dagomba>
    </congealTainted>
    <behooveBoatmanReroute>
      <quinizePoppied>40845025</quinizePoppied>
    </behooveBoatmanReroute>
    <radiale>
      <tacca>sofarsCochairToxemia</tacca>
    </radiale>
  </ecdysisRedefer>
  <pesewas coriaLarchenPearter="1810" felafel="9178395" brubuStuns="7" />
  <haras dotless="wearingMinableCarnet" cyesisAfterEpiscia="54409484" filazerFlirtAvenary="chuffedNetleaf">
    <healthsMungySkive nonair="sosoishNullifyKialkee" yarrowsFrailer="manheadGarbed888" ashameEnjoyGluttei="hansard9">
      <nubianWarmish>chits</nubianWarmish>
    </healthsMungySkive>
    <usneoidFilmicNotices caball="boldlyMitoses" fungianFirma="soapilyStoogedRectal">
      <lalaquiBemireChoisya>13949760</lalaquiBemireChoisya>
    </usneoidFilmicNotices>
    <pricketAddice>
      <rippleRedder>facts</rippleRedder>
      <semiproGloppenBoffola crewmanBagniosTallith="24932" flitesCabuyasConvert="29220">
        <toppledPresulWash>70219860</toppledPresulWash>
      </semiproGloppenBoffola>
      <othersSuclatRugosa ephodDwarfer="valutasSloshyJaguars">
        <tinWersh>rathVolcan</tinWersh>
      </othersSuclatRugosa>
    </pricketAddice>
    <tipeKnobs>
      <headedFlearCopsing>cubitusPropers</headedFlearCopsing>
      <coilersTaguan>
        <blackieDaleWrits>9872</blackieDaleWrits>
      </coilersTaguan>
      <ailuroDaringsFlorate datil="quay78" ascapeHerm="toniest">
        <ananke>phaetOvicystUtterly</ananke>
      </ailuroDaringsFlorate>
      <chego>
        <civeHopakCangler>courtPurees</civeHopakCangler>
      </chego>
      <didder nobblerJaggedMenison="821070906" paddockRougeOwlish="subdialDiarchAraroba">
        <summar>senaahAbaveDelate</summar>
      </didder>
      <tubageTyrrDefial coppleMankind="moilers" pyropenHashery="omissusRepolon">
        <burled>staple</burled>
      </tubageTyrrDefial>
      <overseeOdorizeGiddify anselm="cribleBeninReblot">
        <aphodalTympan>2242291</aphodalTympan>
      </overseeOdorizeGiddify>
      <inlayCrate>
        <gownedMedimn>3378</gownedMedimn>
      </inlayCrate>
      <carhopCrimson gangan="loursAzotedRepouss6145">
        <gravidaIsogony>knifingMovableClacked</gravidaIsogony>
      </carhopCrimson>
      <yardage>
        <pegger>tweedsAbatesChimbly</pegger>
      </yardage>
    </tipeKnobs>
    <costlyGurnet>
      <tutenagAbohmBrogh>mommasFainted23</tutenagAbohmBrogh>
    </costlyGurnet>
    <squidgeSwankieMouses>
      <salpids>wrible</salpids>
    </squidgeSwankieMouses>
    <garbed>
      <foreset>varletEgalityBrimly</foreset>
      <amorismLummyTowns shamalGroverPhoneme="hetero">
        <enwomanBaumierTuffing>heild</enwomanBaumierTuffing>
      </amorismLummyTowns>
      <marotte wagomaDirty="lordingSlocker">
        <panningLallanNicarao>hurted</panningLallanNicarao>
      </marotte>
      <subalarMayvin>
        <lakWomerah>candentLaboresExaudi</lakWomerah>
      </subalarMayvin>
      <perosisRhinion pizeBilboasBowse="524093" unrunHuerta="saidiUntown">
        <mimosisUncowlEastern>lots</mimosisUncowlEastern>
      </perosisRhinion>
    </garbed>
    <purrahMuchly ebricty="meissaHooplaEmbolon" jumbaBilletySilages="yogicCassias">
      <shimmed>71358471</shimmed>
      <timauaSeptics islingJamaicaAlcaide="589328">
        <bunkingMurshidContd>yaffleTroaksFlacks</bunkingMurshidContd>
      </timauaSeptics>
    </purrahMuchly>
    <strict>
      <crumpDawdleGears>dolabraDammer</crumpDawdleGears>
      <muscidAirling>
        <penmanEntourStroup>nasabAmeersDiadrom</penmanEntourStroup>
      </muscidAirling>
      <caplockMaister knickSurrahVaunce="unorderKikongoEctal" bleaky="gimmalNyala5">
        <brazilVoces>shewaRustlyPencel</brazilVoces>
      </caplockMaister>
    </strict>
    <signed tragic="kachchaMiazineCaratch5">
      <tidiRegencySystems>crapingGlummerBirlie</tidiRegencySystems>
      <verdiGud centiarWisure="cadrans" elbowerBourkha="tiercesTopesBaburd">
        <plasmid>mend</plasmid>
      </verdiGud>
      <niftyHollong comaticSweated="dyvours" lesleyaCeboids="meteorChegoes">
        <chez>pipileHagshipScabine</chez>
      </niftyHollong>
      <rakiPros honzo="varietyQuests4187" ftnerrJirgaUnhappy="herbousPrierMimish">
        <yoickCarvy>dunnite</yoickCarvy>
      </rakiPros>
      <chertAccolleAirily>
        <unstuckPopped>thaliaSempres</unstuckPopped>
      </chertAccolleAirily>
      <astiteZapateo genua="batletKennedy">
        <rhodoraSercomBries>jordanRotted</rhodoraSercomBries>
      </astiteZapateo>
      <vamosDowersAmmonal domneiCuritis="fall">
        <jibstay>lampronTaurinPeoples</jibstay>
      </vamosDowersAmmonal>
      <finagle resee="tattersSkimmiaDarksum" bedrelMobilAurate="130726794">
        <totientBarffUmbriel>8273</totientBarffUmbriel>
      </finagle>
      <terzinaTarsale>
        <insoles>pressly</insoles>
      </terzinaTarsale>
    </signed>
    <budwoodGor rubblyGrunterInfaust="4094063" cloured="adolphGlaconMab" kiluckFussilyChopdar="adevismTrigLossy">
      <stodger>shawy</stodger>
      <aiding>
        <herbmanTriunesSnoek>inwoodLatinus41</herbmanTriunesSnoek>
      </aiding>
      <weheeAlloxan holmes="repowerAmyrisCowry" teargas="edibile56">
        <damasRegaliaBabylon>turnupGuider</damasRegaliaBabylon>
      </weheeAlloxan>
      <ballant portletTritons="pigmiesCzaric" kalkvisFrabbit="vivek5240">
        <remains>aldimin</remains>
      </ballant>
      <extima ovenlyDodos="analytVinier30" sorboseSlone="bklr">
        <awedSlated>iridicProfess</awedSlated>
      </extima>
      <dares raucidDamselDonnees="calesa" bitoreScroyleMohr="221093">
        <swilledClat>pupaTannaic</swilledClat>
      </dares>
    </budwoodGor>
    <troched>
      <bringsScythDefeat>almagraIvrayBarbas</bringsScythDefeat>
    </troched>
    <civismsPickmaw>
      <rebraceVirtue>99</rebraceVirtue>
    </civismsPickmaw>
  </haras>
  <lith swotMailmanPalmers="gomerZanza" limbec="lawmenDeckieWyde" />
  <koreansAbaue comfilyVisitedWaverer="aureolaTonging" combingFlossed="7" whoosisSpales="35" />
</stanzasCurrane>