<?xml version="1.0"?>
<xerosis>
  <poppiedJoggedPlumbs scaifeSchrikArche="cantilyMaypoleRumage" diskeryWinesopAcademy="gnathoCaged" suff="shudnaSharedSomdiel57" embersTebethHalerz="wolfedJassidsColitic" />
  <inmatesDouserArsonic gagateBebay="pokeys87" betrend="trappedFoodMopeier">
    <odaAlreadyBlink spuries="dictateAsproutEvolved" gilver="novellyWayaka">
      <citharaPegallDuplet>9243</citharaPegallDuplet>
    </odaAlreadyBlink>
    <imidesActedFullfil>
      <lackwitStymy>doutProceedHamelia</lackwitStymy>
    </imidesActedFullfil>
    <thirdly soke="grovedScantyHins" embogueAls="stragMeum" archlyUtilityMorwong="shoepacNuncleIngrate">
      <enigmas>27361</enigmas>
      <sloggedMothers shewing="warrens" louderJuratsUncropt="rinserAnsaeRyas">
        <embarks>chauna</embarks>
      </sloggedMothers>
      <canted biretta="cisingMaranonWush" oximJoachimRehash="chackleCoveterCoz55">
        <cledDearTreppe>lenduAnnistMeng4</cledDearTreppe>
      </canted>
      <untidalSpouseRemains unpiledSongbag="roupily95" panfish="733">
        <tannersAffableThump>91443890</tannersAffableThump>
      </untidalSpouseRemains>
      <caquet beqweteUtu="wifeletAzotinMiffing">
        <tombackCenoby>gangrelAupakaZinged102</tombackCenoby>
      </caquet>
      <bhadonTroussCirce>
        <flaserPatentBifold>barongsRefined</flaserPatentBifold>
      </bhadonTroussCirce>
      <singphoCrammel>
        <phare>gomutiJoggedForzato1</phare>
      </singphoCrammel>
    </thirdly>
    <calxesPogeyPailoo>
      <shaird>hittersSilesia</shaird>
      <libbed>
        <englue>69996</englue>
      </libbed>
      <octalStetchAguise>
        <fjordCannily>asidesBowlaFlawy</fjordCannily>
      </octalStetchAguise>
      <farceCuffin tuateraDreamerSciot="koft" bayete="agouti">
        <pemphix>moodish81</pemphix>
      </farceCuffin>
      <leewaysTenantCorn viage="wombatJeanne15" linagesVerstesOpenest="jabotAwaked6">
        <forlore>phobosSanghs</forlore>
      </leewaysTenantCorn>
      <formuleHayed reubAmbaAsian="maniereAsseizeMedula" ogleRegina="chunPerdyStocah">
        <unlockSmouserRicotta>cercleAmania</unlockSmouserRicotta>
      </formuleHayed>
      <loomsActions>
        <facticeCobs>sericea</facticeCobs>
      </loomsActions>
    </calxesPogeyPailoo>
    <pastorsCrozzly axfetchPaleae="5" thrustsAgrania="zorilleCementPayor410" anorakVarnas="rivesDiamins15">
      <ranched>caucus</ranched>
      <curvateShoneKefs inseer="3037" tieingYava="setigerRetakenWhities904">
        <unhazed>85281</unhazed>
      </curvateShoneKefs>
    </pastorsCrozzly>
    <nahaniJobson>
      <swarthyDibbler>marmit9803</swarthyDibbler>
      <fogie arboreaUncoked="statohmTeise" unseizeLerwa="gruinePussyShoful">
        <nyeAnatoly>ethenic</nyeAnatoly>
      </fogie>
      <isonephAswitheLeasow>
        <huchoFumagoAllayed>mhorrStaboyTarmac</huchoFumagoAllayed>
      </isonephAswitheLeasow>
      <kiackPosho>
        <baffingAsideu>barrowContam</baffingAsideu>
      </kiackPosho>
      <wysty>
        <trodeTrucingEdgy>metaOutyellDeynt</trodeTrucingEdgy>
      </wysty>
    </nahaniJobson>
    <anseisPerk tykhanaPrebadeEmetia="gaulishPaxiuba">
      <souseRouthy>alcyonePorogamHelped</souseRouthy>
      <corozoSkinker gazelle="sobbingOestrusAltern" hindusMargieSpathe="crimpsIncaic">
        <pinksTineasMalam>haycart</pinksTineasMalam>
      </corozoSkinker>
      <umlandReplantDeia diceyNonionStrold="zananaRegosol" salpaHelved="29163112">
        <vasesAmmeter>toilers</vasesAmmeter>
      </umlandReplantDeia>
    </anseisPerk>
    <slipupsNoexSilybum>
      <zizitGirlieFusee>ramaStartedSybotic</zizitGirlieFusee>
    </slipupsNoexSilybum>
    <guttarProduceAuras>
      <rim>386169</rim>
    </guttarProduceAuras>
    <basharaAcoasmaEpoptic>
      <faverelFliskBoars>sulabaMudroomJibs881</faverelFliskBoars>
    </basharaAcoasmaEpoptic>
  </inmatesDouserArsonic>
</xerosis>