<?xml version="1.0"?>
<insider>
  <blatterCortina coseismEmperyYarns="chistkaBrowny" glennImplateBraise="959664665" confix="4658" becuibaTinlike="eskimoHumblie6355">
    <statuedChizzel>
      <guffinTopoHelewou>boogiesAbsciseWeens</guffinTopoHelewou>
    </statuedChizzel>
    <loggishHumpy oresQuartin="ental" akamai="propendJudo">
      <avalLenesVisage>oquassa</avalLenesVisage>
      <unhelerSaxony>
        <quilterFibry>lands</quilterFibry>
      </unhelerSaxony>
      <nouillePlagued upband="buildupDuits">
        <mexitlAbede>532</mexitlAbede>
      </nouillePlagued>
      <valued gyps="paizingLaches" yirn="votes">
        <zutugil>sumiPillery</zutugil>
      </valued>
      <moralsEuphroeArains cutties="peltish">
        <ilokoProstSarpo>torgochKarvalScabia</ilokoProstSarpo>
      </moralsEuphroeArains>
      <timingsDailies payenyTricorn="swissesTholli">
        <vimanaHibitoBasat>974025108</vimanaHibitoBasat>
      </timingsDailies>
      <puelche lavaboTwangle="fausen">
        <infixedJocumFancy>queen</infixedJocumFancy>
      </puelche>
    </loggishHumpy>
    <knur nointBezants="retypesAnatox" bigotedChain="mmfdFeme" unsavedHeadrigRaging="3">
      <riePreknitSloops>lochiaHyp</riePreknitSloops>
    </knur>
    <hefting>
      <zemstvaGuidonsReeding>merce</zemstvaGuidonsReeding>
      <roomthPaved warine="dulia" staidlyPrecoxNided="regularLooed">
        <gambaPotters>chereWinders</gambaPotters>
      </roomthPaved>
      <uraminoTrollolBalder>
        <matti>rialto</matti>
      </uraminoTrollolBalder>
      <ectasis acuerdoHolismCradler="enarborEmbowsBanyans" naukrar="21646">
        <sejunctFaquirNoxial>stuss</sejunctFaquirNoxial>
      </ectasis>
      <tataricScrappy spewedPats="33363012" belying="50509315">
        <alexasBrochan>97620536</alexasBrochan>
      </tataricScrappy>
      <heedingUnbledGromyl ruggersBopping="21664408" putdownTerser="untill">
        <amplerTrunk>kie633</amplerTrunk>
      </heedingUnbledGromyl>
    </hefting>
    <godletTressel>
      <articleAerariaReliers>bloatSquabsDyeing</articleAerariaReliers>
    </godletTressel>
    <astronOitavaYuke moabiteSwiperSewer="dirtierYield" rubiest="quadratGromylRictus" upwent="bifteckLarickTela">
      <babble>34776014</babble>
      <talcingReefyPerish piecesGudget="4" bummock="phacoid">
        <lassikyNuagistReequip>879700062</lassikyNuagistReequip>
      </talcingReefyPerish>
      <pillion sylvasRedtab="gallopsAlexiaHuffle591" organza="kogia">
        <relacedSwathPoplins>capharYahwist</relacedSwathPoplins>
      </pillion>
      <coopee paschalJissomBarrows="typistFoxesRuffe">
        <grandly>chinosDalkEricas</grandly>
      </coopee>
      <gyratorAdd lan="ont">
        <boxersCorset>incurve</boxersCorset>
      </gyratorAdd>
      <leesingGrantorWhoop lignoseUnriped="diambicNabby">
        <porr>informsBortzes7</porr>
      </leesingGrantorWhoop>
      <renninSpunYett lorisesPsocid="kinetic" lepasBeakerFlux="suffuse">
        <pibgornPargets>tongSitaRoderic</pibgornPargets>
      </renninSpunYett>
      <escrimeEveseGrete>
        <hance>sola</hance>
      </escrimeEveseGrete>
      <submainRefeltInvect huzoorTinkles="dhowRuglikeRumania">
        <bridger>aged</bridger>
      </submainRefeltInvect>
    </astronOitavaYuke>
    <killasBolloxCappie bellisVomicaPschent="bilder">
      <duelsUntuneGives>gigful</duelsUntuneGives>
    </killasBolloxCappie>
    <marezzo poacherUptrussThiamid="shris" gulfyCroche="hautboyAzans">
      <infernoScaleIcebox>herbletKiblas</infernoScaleIcebox>
      <attrapCaymansDewey>
        <species>musrolFroustyPayoff</species>
      </attrapCaymansDewey>
      <setupsDromic>
        <silkingUnible>16</silkingUnible>
      </setupsDromic>
    </marezzo>
    <quereleFleur>
      <gummata>abistonMounded</gummata>
      <joan>
        <paguridCrinumRedware>thanessUnwaryRitchey</paguridCrinumRedware>
      </joan>
    </quereleFleur>
    <pole>
      <musimonSerean>420725</musimonSerean>
    </pole>
    <phageCouth>
      <caryReggie>hoggishVasterGladen3</caryReggie>
    </phageCouth>
    <marorNormal>
      <zaramoChoral>steleneWismuthFrontis</zaramoChoral>
      <bootBowelsZant>
        <imbrues>gnamma</imbrues>
      </bootBowelsZant>
      <caoineSkeipp ramularHumpty="screakyGooses" uncitedRawsPrigger="ribozosSeatersLagena">
        <leonineLockage>2</leonineLockage>
      </caoineSkeipp>
      <prayersClippedMsec coronad="enjoyed337" arlessTubigFurphy="footierSethic">
        <kumbiOssificBusing>didactsQueenedMewls29</kumbiOssificBusing>
      </prayersClippedMsec>
      <yite eweriesBielidPermiss="513632659" extremeUnitersYoking="yaruroKeeliePerk">
        <muttony>46996</muttony>
      </yite>
      <pultureAarrghh fossorsArcidaePinkey="livetin54" bosuns="poopedGladenWahlund">
        <slichtMuttonWhinny>athinkRasceta648</slichtMuttonWhinny>
      </pultureAarrghh>
      <lithic arniHymenia="massifsMoulterVat" vising="viperyFowk">
        <busesInsulseWhinger>96494311</busesInsulseWhinger>
      </lithic>
    </marorNormal>
    <yemingMootmen smoothsGipon="phooka">
      <bedwayFecket>mimzySwungenChancey</bedwayFecket>
    </yemingMootmen>
  </blatterCortina>
  <zagging oralityBrantaEighth="foiled" leprousPali="25167">
    <dedo>
      <nonoilyTapsman>yawled21</nonoilyTapsman>
      <preallyAsaphus justsIconesNathan="skites">
        <gowlanLegumenNimbi>fanums6</gowlanLegumenNimbi>
      </preallyAsaphus>
      <lestStoneyNavels>
        <rascal>newingsSiemensOutwill405</rascal>
      </lestStoneyNavels>
      <kami>
        <bemusedCart>lipic</bemusedCart>
      </kami>
      <sagasColureAbiuret psorous="voucheeQuaddle" lotmentDebasedCarid="antealDagaba">
        <earhead>bitQuarkSpume</earhead>
      </sagasColureAbiuret>
    </dedo>
    <scrimeGuggles cyrilDarkle="nebbukUncockInly" graftsCupmanScrite="morion" fable="99324">
      <bedrailHelgeCephala>mesuaCopularJugate</bedrailHelgeCephala>
      <onagerPoitrelFastest towy="lindsayRowboatTodays">
        <genekiPiratedBumwood>pawersWhalp</genekiPiratedBumwood>
      </onagerPoitrelFastest>
      <tellachHeaders neshly="43" logwiseWinerPorc="scaenaTimbrel">
        <filmilyElflikeBiblist>29703271</filmilyElflikeBiblist>
      </tellachHeaders>
      <oenomelWager tesvino="barokoToop">
        <cowshed>baizeKorwa</cowshed>
      </oenomelWager>
      <motoricHaiks>
        <tawa>elaterJophielPeroxid</tawa>
      </motoricHaiks>
      <hiringsChillis culeusGaudishWaggish="13612" delesEctypes="forkedAfshah">
        <aloftAdoralSubgens>autistFleyingCombos</aloftAdoralSubgens>
      </hiringsChillis>
      <excuseInrol cerated="titiesJefferyUnbrief">
        <geerCloseup>routerUrates21</geerCloseup>
      </excuseInrol>
      <dernMorularTattied eterneQiyas="cojudge" danglerBroomLogy="inhiate">
        <lupulicAliened>381883</lupulicAliened>
      </dernMorularTattied>
      <cytozoa>
        <epos>juliet37</epos>
      </cytozoa>
    </scrimeGuggles>
    <dintChasmy>
      <reguide>jawboneNowayFris</reguide>
    </dintChasmy>
    <sluffed stannumThyrses="diarianReflets8" neumHoof="droopy">
      <copes>leewaysTorgot330</copes>
    </sluffed>
    <apelles impawnRoomlet="pleadProofedDredges" ulusSpiro="compels" gambit="unforkFrame">
      <capo>905670339</capo>
      <danism baldedSpannelDeluce="132" moppetSmokies="strewed">
        <luntsStepups>3</luntsStepups>
      </danism>
      <gugglet kutenaiEchimys="pottlesShirrel">
        <simplum>6998044</simplum>
      </gugglet>
      <foistsAsana arkosicNailbin="retierMildred" propylsCanticoPiled="75">
        <tendoor>claretsUnreeve</tendoor>
      </foistsAsana>
      <druidryLyrismsCaproyl>
        <dimeranCageful>simple</dimeranCageful>
      </druidryLyrismsCaproyl>
      <coggersVolvuliUnknew>
        <directWilliamStows>573071720</directWilliamStows>
      </coggersVolvuliUnknew>
      <anesis babbitLittler="sarcasm3028">
        <trinaMethod>anattaSoorkee</trinaMethod>
      </anesis>
      <maziestMagnus>
        <hiesRecantsLoaden>tramalLemanryDamlike</hiesRecantsLoaden>
      </maziestMagnus>
    </apelles>
    <imbody unkissDesto="190" beswarmJocoteWaltzed="707">
      <municSuwarroStuns>beataCompt</municSuwarroStuns>
      <soakingAarrghSignory bayamosOuttrotTwats="flunksOrblessZosters">
        <pya>780624</pya>
      </soakingAarrghSignory>
      <hurling>
        <cuesPechiliKipfel>mirex</cuesPechiliKipfel>
      </hurling>
      <outpollTrioletTraduce overrunFangledCopist="updatesHippian" beenMercalDidicoy="recto">
        <smelledFearsHaulse>56</smelledFearsHaulse>
      </outpollTrioletTraduce>
      <byrriGalyacFiddled>
        <howdieOwseGonagia>filmyOilskinBurnet837</howdieOwseGonagia>
      </byrriGalyacFiddled>
    </imbody>
    <ephoriOutaddBedtime>
      <resojetMorfreyDishpan>243034854</resojetMorfreyDishpan>
      <hucklePoochMisplay>
        <mizraimDrie>eemisDepure</mizraimDrie>
      </hucklePoochMisplay>
      <khakiBotonyDispose panioloJowterIgad="cherelyCubito" raidsCabletSaraf="ligulasBoweryAmusias">
        <sadhesClawEnduro>slicedZigzags</sadhesClawEnduro>
      </khakiBotonyDispose>
      <airts anuryWoan="aaronic" peening="bribery">
        <jatniGrot>7669</jatniGrot>
      </airts>
      <ossaRaves innGomukhi="picarosMosanDizzily">
        <clayerTweedSchwa>parrockSerger</clayerTweedSchwa>
      </ossaRaves>
      <holardsSoogeeDecad>
        <biker>gemmula</biker>
      </holardsSoogeeDecad>
      <burly acrid="58509102" poralBrant="merelyKuttaur">
        <agramedBemoonRemind>gormand</agramedBemoonRemind>
      </burly>
      <japansFcompRerobe triplyTardive="samarraEdward" pwtRobotryTed="venule5">
        <sneak>histrio</sneak>
      </japansFcompRerobe>
      <briza>
        <stapled>17</stapled>
      </briza>
      <nickersTowers sever="chicanePorkpieChinse1908">
        <swiperWaferedQuidae>banateShaysAbdomen</swiperWaferedQuidae>
      </nickersTowers>
    </ephoriOutaddBedtime>
    <debauchWhummleLobose>
      <castockHesther>cteniiNoilsHerring</castockHesther>
      <effront lupousRgen="impoor2179" ethylMuggurs="lactose">
        <sfzTumbekWameful>phanticSanguCertify</sfzTumbekWameful>
      </effront>
      <boastedCutwalTabula hookasSmuglyLavacre="maniaWashStuffed" naiadesMuggs="kaiaksAdoulie">
        <freckleCartonOxonic>unwritSeppuku3964</freckleCartonOxonic>
      </boastedCutwalTabula>
      <arealPugree>
        <isonephConks>misreadBears</isonephConks>
      </arealPugree>
      <rebraidGamma>
        <pausedWithery>23730100</pausedWithery>
      </rebraidGamma>
      <pele uppushCimicidTrasses="draff">
        <epacme>daniDeliesDevinct</epacme>
      </pele>
      <scrivedBidarka bedinDactylNumbles="isobase" sunghaParadesCeiled="kayosDrysneXviii40">
        <zohak>finedUsages273</zohak>
      </scrivedBidarka>
      <trepidAerose>
        <acoupaBastsYark>bitsyLynxes</acoupaBastsYark>
      </trepidAerose>
      <lackingPuree hammer="alcaicCarettaLow">
        <rebuoyEbonize>josephsRappenSeculum407</rebuoyEbonize>
      </lackingPuree>
      <yummy certain="apl" hatti="senega">
        <thermeRibberGrewia>4331</thermeRibberGrewia>
      </yummy>
    </debauchWhummleLobose>
    <gabbingJerkins scuppetSlylyJarrahs="hudson">
      <droit>guenepeBistro</droit>
      <lazedCorcir>
        <pointeRavings>9</pointeRavings>
      </lazedCorcir>
      <cryptaZigankaFashion decap="choreusMalva">
        <treacle>traiksParen</treacle>
      </cryptaZigankaFashion>
      <causson aliothValhall="lardite" chakrasRaphiaAbel="3">
        <loot>titivilFrosk</loot>
      </causson>
      <dumping telicBritanyMatanza="83405154">
        <sparred>boggin</sparred>
      </dumping>
      <adlayDzerenTitre gutwise="droger">
        <dintsCaserio>dockingSline</dintsCaserio>
      </adlayDzerenTitre>
      <cabocleSawCrevice tundunFructus="yezBraggatFanny">
        <narcismUnrebel>inadeptCarapax</narcismUnrebel>
      </cabocleSawCrevice>
      <jaildomAnagap>
        <stookerHenyard>bhpSacques</stookerHenyard>
      </jaildomAnagap>
      <seeBlea burritoOvamboVesting="2">
        <skeins>95725</skeins>
      </seeBlea>
      <pomaryHoundyWarmed kybele="servoPelages56" outhitsCogman="milReprobeMirkier">
        <azido>182115489</azido>
      </pomaryHoundyWarmed>
    </gabbingJerkins>
    <aniseCushingRaft>
      <wappoCessor>adryJinglyCremor45</wappoCessor>
      <hearsedFontal villaeDaywork="ixiasZabaismIzafat" encomiaArrayed="hogBarbel6902">
        <befrets>lapisesKirpanRutuli</befrets>
      </hearsedFontal>
      <idolaToresJatni finallySoutarUmteen="673561" sanseisEuxine="jonqueDioti">
        <youthMercianShifter>tammockPyreHippian</youthMercianShifter>
      </idolaToresJatni>
      <twibillTractus>
        <livresFeuteMidriff>ducatsSituses</livresFeuteMidriff>
      </twibillTractus>
      <gutsilyAguadorTroppo abidedGriping="acroa">
        <tramels>scribesCarrotsSuricat</tramels>
      </gutsilyAguadorTroppo>
      <awningsAmbit>
        <snack>feasterWapJarabe</snack>
      </awningsAmbit>
    </aniseCushingRaft>
    <lemmus>
      <torreya>469</torreya>
    </lemmus>
  </zagging>
  <rootageImage hummockCresylPintles="vicilinFoismChouses" tecoContos="aneuricKnacksAlegars">
    <escrollHijackLiken>
      <azollaBugong>8608519</azollaBugong>
      <bugs>
        <fumade>gisants</fumade>
      </bugs>
    </escrollHijackLiken>
    <endlessGunyahSickled boschEbriety="spahiMimeoedShin" ense="stictis" kayos="adaize">
      <leoReeveComping>somitic69</leoReeveComping>
      <mixe whemmel="feuchtQuealKing" mtxScorerBursal="bicetylKebarAngoise7247">
        <tenrec>gosLimpily44</tenrec>
      </mixe>
      <terraeSpurry>
        <refinds>fyttesTrains10</refinds>
      </terraeSpurry>
      <climant sputterCleping="10589065">
        <oarcockPicot>loqSpewers</oarcockPicot>
      </climant>
    </endlessGunyahSickled>
    <whiledTaenite>
      <ribald>whelky</ribald>
    </whiledTaenite>
    <orariaSalteryMandate>
      <plasmasFerulasFossage>mussedBedbug</plasmasFerulasFossage>
      <cicero stdCensusRugby="cordalRizzerBristol">
        <gallopGuazzo>vailedLexica</gallopGuazzo>
      </cicero>
      <tearilyMimiProgger>
        <abientSestole>demivolJuntIpomea</abientSestole>
      </tearilyMimiProgger>
      <guemulUtterly draweesServer="vavsShihMaut">
        <canamo>abroniaSiclike</canamo>
      </guemulUtterly>
      <kayvan rhenish="kyathosGulaeTrojan" rusaDoddardPeace="mksHazeledZebroid9">
        <beacherTestar>meiniesSeedsSmopple</beacherTestar>
      </kayvan>
    </orariaSalteryMandate>
    <subgumUnisonChusite gripeyBumDasypod="68686" gourdsTurturCandace="dowdySouMahori38" phyle="oilily">
      <swampedLimpedBiggen>hosted</swampedLimpedBiggen>
      <ashmenTooler yepely="96186247">
        <fleuryLanaiAviates>healthsMatins</fleuryLanaiAviates>
      </ashmenTooler>
    </subgumUnisonChusite>
    <isomeryDvorakFixup>
      <quayfulToused>argotsPanneryQuail</quayfulToused>
    </isomeryDvorakFixup>
    <collow>
      <coveredScuftSwarry>ferriAlgebarThorp</coveredScuftSwarry>
    </collow>
    <atry>
      <annulliThreneMiniate>465690963</annulliThreneMiniate>
      <thesium>
        <gorble>chinkle1557</gorble>
      </thesium>
    </atry>
    <muclucs>
      <muette>meshedBirdie</muette>
      <reinsShuftySazerac>
        <firebox>acarariPummelMispart</firebox>
      </reinsShuftySazerac>
      <whereas>
        <exerted>18147873</exerted>
      </whereas>
      <amiableDevoirAngloid beggaryFbiReasty="trucing8" annatOafs="downbye">
        <sphenes>golo</sphenes>
      </amiableDevoirAngloid>
      <gabbedUnspinCrammer fluytSeebeck="2311">
        <poemetRepriseKoswite>8111252</poemetRepriseKoswite>
      </gabbedUnspinCrammer>
    </muclucs>
  </rootageImage>
  <racemic majoremModTempera="schanse">
    <feeableSalary>
      <xxiSolus>570</xxiSolus>
      <ammu tricklyUppingGestae="950" zestier="filingRejoinDogmata">
        <hoursCozes>884793890</hoursCozes>
      </ammu>
      <beleaptRudolph>
        <tinnetOasean>luggar</tinnetOasean>
      </beleaptRudolph>
      <erasesMisbornAnetic>
        <terrify>2238</terrify>
      </erasesMisbornAnetic>
      <pipageIncitesTummels touchy="hiroVaisyaAncien">
        <tewel>lurksOdyls</tewel>
      </pipageIncitesTummels>
      <sensive pepos="grande745" troutsMazardDodders="zanzeAntefixHydnoid">
        <glosserPervialTestbed>primostLeaflet</glosserPervialTestbed>
      </sensive>
      <kebarsFlyawayTopers uptight="kerchooThymine" emitSwans="markkas">
        <howeverSpringyLeaker>sabby32</howeverSpringyLeaker>
      </kebarsFlyawayTopers>
      <dunks quires="784995" mowchtPhene="powdry">
        <dyslogyRompeeRaciest>miracBeauty1646</dyslogyRompeeRaciest>
      </dunks>
      <squalid removalPakeha="befogs" dreamtAreg="challieMisobey">
        <savants>linusMoasBladish</savants>
      </squalid>
      <shameRestake bashed="lehrmenUlulateStyrol">
        <matoke>407870</matoke>
      </shameRestake>
    </feeableSalary>
    <gript>
      <oddlyAuge>fattedJailorDickens</oddlyAuge>
      <jigsaws>
        <wittierSemital>urundayUnshrew5527</wittierSemital>
      </jigsaws>
    </gript>
    <thronalTarquinEnlard>
      <egisBaridStupas>turgid</egisBaridStupas>
      <clawedDebitumSciniph>
        <wacSwarfsBeltie>7</wacSwarfsBeltie>
      </clawedDebitumSciniph>
    </thronalTarquinEnlard>
    <edderJereedChiel>
      <natuaryIsiac>asshole</natuaryIsiac>
      <bestad>
        <capel>basaliaTrionfiHypoxic</capel>
      </bestad>
      <quaymanAwork rldBarberStretto="luffs" crookedBitoreAmy="aroarOvestReaks">
        <proctorRagweed>atroposAperchOfttime</proctorRagweed>
      </quaymanAwork>
      <tarr renderFlyteTracks="tisBethumb">
        <anaphiaGirn>lycee9616</anaphiaGirn>
      </tarr>
      <astersTaoiyaFurfooz>
        <gasped>8</gasped>
      </astersTaoiyaFurfooz>
    </edderJereedChiel>
    <sundown>
      <lakke>3685</lakke>
    </sundown>
    <osculaAstrol hellhagRenews="souLosangFleerer7144" rupialZebrina="renter" derbiesReveilEgoists="durries">
      <saranStotterBlessed>marledCollySalves</saranStotterBlessed>
    </osculaAstrol>
    <fungiaLehayim caviarsTimpaniWooding="amididMaidReheal5" hipple="hoiseStipel">
      <mangonaOsaminVilela>4</mangonaOsaminVilela>
      <homme obvertsUnhoned="birnDobyImido" dimmingRynds="kolkhosHock9">
        <chine>2</chine>
      </homme>
      <rehungSoddierOompah simityTireder="amateurPukes">
        <deraterSistersBravers>gratis53</deraterSistersBravers>
      </rehungSoddierOompah>
      <sinningJoinerySynovia>
        <dinder>pennillChacona636</dinder>
      </sinningJoinerySynovia>
      <bedinGardy glusid="816037086" repavedPetioli="honors">
        <checkyLucanidWhigged>tetrylsKaas</checkyLucanidWhigged>
      </bedinGardy>
      <aspy reassayCantelSpidger="oak">
        <gesticEthnalPechay>earnestCharas</gesticEthnalPechay>
      </aspy>
      <oceansBudh millmanBeroe="phycic" enodateScoffer="987183332">
        <flandan>craniol</flandan>
      </oceansBudh>
      <puthery anomiteParlour="plageTabelDuiker" trades="harmalKarling">
        <bayz>174074</bayz>
      </puthery>
      <jubilesRap grides="jhuriaAbwattsHindgut">
        <retakesWheeler>spawns</retakesWheeler>
      </jubilesRap>
    </fungiaLehayim>
    <unpotUtickSaluted>
      <enzyme>90</enzyme>
    </unpotUtickSaluted>
    <cimicesEcology>
      <award>cacas</award>
    </cimicesEcology>
  </racemic>
  <risquNoisyWides impartsAchene="semsenUngaite" outlotBrinie="78378934" emeritJugglePlacoid="71592" lauds="73948912">
    <caponsPodical>
      <estallMenagesSurveys>75</estallMenagesSurveys>
    </caponsPodical>
    <rhyniaKyakHausse>
      <gustoHypnic>eatche</gustoHypnic>
      <cowan>
        <towner>vauntCloves990</towner>
      </cowan>
      <choosesSalung celebesPiling="701405" oxaneMacerGrab="virgal1157">
        <nitid>ermaPrizing83</nitid>
      </choosesSalung>
      <workboxAlleyed>
        <isogonyWeasonEchnida>605</isogonyWeasonEchnida>
      </workboxAlleyed>
      <scouterTorrentDha weasel="dantaMurexanEmirate">
        <fallageFlasker>chuvash</fallageFlasker>
      </scouterTorrentDha>
      <toxoneBiogSpiled>
        <iconvFruit>burian</iconvFruit>
      </toxoneBiogSpiled>
      <entirisCorradeColtish sepnTubae="nooky1346" blende="cynodon7309">
        <bloothCharleyArbour>guigePatta</bloothCharleyArbour>
      </entirisCorradeColtish>
      <aweelApproofAcquit skoals="quippyWheelie44">
        <raftageAcoupElderly>kanji</raftageAcoupElderly>
      </aweelApproofAcquit>
      <arils>
        <byplaysAgnameSissier>yeastedCloskeySkeeg93</byplaysAgnameSissier>
      </arils>
      <spald>
        <kippersTowery>idledIvray</kippersTowery>
      </spald>
    </rhyniaKyakHausse>
    <chabotKnaggyHalfman oftPlap="suttasAltosOrients" buriesMadderSublist="kudosAlkanetWhatten" lampfulWolfianBummock="atriumsLambeauConynge64">
      <evasiveOutLeukons>unmiry</evasiveOutLeukons>
      <hushoSpeakerAshet sargoEelery="hagbush" choupTouters="mograbiKuberaHoots">
        <sanes>filched</sanes>
      </hushoSpeakerAshet>
      <motaSuey riffedRookingYeld="spanedDemain" immitAlfuroTonkin="troppo">
        <commiseGoblineArcadia>bloomerPirnieWhoosy</commiseGoblineArcadia>
      </motaSuey>
    </chabotKnaggyHalfman>
    <sauteedChores rectumsChimlas="nentaWhincow" cesuraeDebitum="846" ballatePerriesAgalma="bultSunilDidna789">
      <eurytusFondak>ptisansSpicyTupman</eurytusFondak>
      <excurSufeismCutis>
        <marisReroute>fomentsSemsenShesha</marisReroute>
      </excurSufeismCutis>
      <ginFatlike>
        <listeraFiggleGangway>nebular931</listeraFiggleGangway>
      </ginFatlike>
    </sauteedChores>
    <reduncaRubicanPoetize>
      <ungotPhysicAam>98</ungotPhysicAam>
    </reduncaRubicanPoetize>
    <kharajYouthTutted sniffy="5" eatery="81" jeffBombeGainer="8927">
      <sappersCogidaRatten>lulaRatatatComique</sappersCogidaRatten>
    </kharajYouthTutted>
    <regularPecan>
      <inners>soleyneLabibiaNoodle</inners>
    </regularPecan>
    <deaSloughs>
      <rainyMorsels>zyzomys</rainyMorsels>
    </deaSloughs>
    <jeonGraftedBitumed>
      <unl>bayong12</unl>
    </jeonGraftedBitumed>
    <alaloi>
      <tsadesCoys>clawedArdent</tsadesCoys>
      <lagan>
        <curaceOwlheadYokel>3797</curaceOwlheadYokel>
      </lagan>
      <festing knobsUnanime="54545">
        <craikTramell>wickapeKatipo</craikTramell>
      </festing>
    </alaloi>
  </risquNoisyWides>
</insider>