<?xml version="1.0"?>
<kumisAprioriBecalms>
  <typesof burped="armorsObvertsWakif">
    <myoxusGiberBefilth biontEscalan="eyebolt48" albarcoMurphy="dwiningChilla42" bulbuleUnendlyMakadoo="veniceCoolish">
      <yodhTalcoseSubfusc>enlistGrex</yodhTalcoseSubfusc>
      <dusteeScleral aruspexVarsha="jawansDhutiYawners">
        <tabstopMorceauTippled>britain</tabstopMorceauTippled>
      </dusteeScleral>
      <honkeys sagestLookedTracks="husk">
        <paroecyStatLowsest>rebateMenuraeReroot33</paroecyStatLowsest>
      </honkeys>
      <musherAeon>
        <sextonChokingBoxfuls>41268588</sextonChokingBoxfuls>
      </musherAeon>
      <alnathCorajiVenie collareMuggar="pothookZoocyst" textForslow="indeedyGummite">
        <feeblerWaiguli>popeOrlops40</feeblerWaiguli>
      </alnathCorajiVenie>
      <wilmerGonidic>
        <frankedTomentaEnolic>lustreTyro</frankedTomentaEnolic>
      </wilmerGonidic>
      <albumCladose>
        <sexhoodPetrolProette>5271</sexhoodPetrolProette>
      </albumCladose>
    </myoxusGiberBefilth>
    <diazoChichisPiddock oceanidSeabeds="crakes9" neifOfferRepitch="outdoSiskinsHagworm" reiveGulls="bellonPickin">
      <tacesReveresMaillot>springSertiveSyrt</tacesReveresMaillot>
    </diazoChichisPiddock>
    <aquilid ningpoPentrit="inflatePluvianEffare" politeiJostledAborted="zadShistsJulole384">
      <hei>tapes</hei>
    </aquilid>
    <havocsGoddingCoquet>
      <beme>atomiesJaggsEssays</beme>
      <gaveler ligWaifsTuns="cedeCaprylJaguars" cotyleAmma="seeweeBlamed">
        <enchaseAmadis>unsnibDrawlBlissom</enchaseAmadis>
      </gaveler>
      <ululuEmerods>
        <labroid>729881821</labroid>
      </ululuEmerods>
      <tasselyRoodMarsian obduceSensatePeculia="shoes" tajikiSlows="whitlowDeafest">
        <ladingTrickSpiry>cachrysBlee</ladingTrickSpiry>
      </tasselyRoodMarsian>
    </havocsGoddingCoquet>
    <majoredSachemStarkly>
      <restuffClechy>toppledChineeEtwee</restuffClechy>
    </majoredSachemStarkly>
    <themPomeriaDeburr>
      <anestriDampsSallies>3546</anestriDampsSallies>
    </themPomeriaDeburr>
    <teemMicmac>
      <daiseeInclipNuddle>92</daiseeInclipNuddle>
      <prophet koppenFrangi="yucch" adamsBeglidePrince="2">
        <fangHalakic>ardor877</fangHalakic>
      </prophet>
      <missoutCabbingManton tweakerCaretOwnself="avertsFatsosDugs">
        <ribbetTrundle>167889</ribbetTrundle>
      </missoutCabbingManton>
      <casinaZaparanChaste algardeTorsSolunar="bordelsIvorist" panner="minted">
        <calpul>cashooRancors</calpul>
      </casinaZaparanChaste>
    </teemMicmac>
    <onlyScads>
      <maskers>wonnersCarbroBesin</maskers>
      <mart>
        <tenthly>clariceDaubersDevout</tenthly>
      </mart>
      <bannetUnurnHavier flavorsWordmenSteven="eponymsAccords" snerp="camperFollyHighlow">
        <adapa>54417922</adapa>
      </bannetUnurnHavier>
      <okapiaBeninPicacho>
        <hidage>iconic</hidage>
      </okapiaBeninPicacho>
    </onlyScads>
    <verdeaCampier frostyLouts="bythDopeyInsists" mamboed="unhauntCatellaThiasos" oatPodices="aramidsPosteen">
      <squintySavouryXyrid>outleapSpuffleLankish</squintySavouryXyrid>
      <tickled penanceVerre="docken9733">
        <sheiklyBudget>clonos</sheiklyBudget>
      </tickled>
      <miaulsPanfry gliadinHypnale="owenia" hoddyMooch="vicuaInspakeGotham">
        <saturaShovingInsult>seragliTucked</saturaShovingInsult>
      </miaulsPanfry>
      <elastinRobinsPlunges dagglyMasooka="21" jabberInduesChicha="7397">
        <jugularSirkarSangria>placeUsageKetch</jugularSirkarSangria>
      </elastinRobinsPlunges>
      <shlock>
        <motoredObitalCorbies>attestsBulgari</motoredObitalCorbies>
      </shlock>
      <gibed wigfulLive="skulled">
        <string>undragCannach</string>
      </gibed>
      <pricyTrifledPiteira>
        <ruffesBittsAilanto>375</ruffesBittsAilanto>
      </pricyTrifledPiteira>
      <jasmineCultFormers>
        <gluteusGels>aforeLampongTarraba</gluteusGels>
      </jasmineCultFormers>
      <lotongTuladis stept="kronosProtore">
        <lekanePyoceleClauber>swipes</lekanePyoceleClauber>
      </lotongTuladis>
      <zamarro bisqueDesyl="violandUndeck" hoardedEnrailDal="lan">
        <lansing>vitrineScanChivey</lansing>
      </zamarro>
    </verdeaCampier>
  </typesof>
  <kvinter tipeWarthogPoyous="mistypeRamrods6" cautioPschentBlooded="grosso" shhRastusAlerted="94320">
    <disneyMayvinsRoaring>
      <languet>walksMoralEaster</languet>
    </disneyMayvinsRoaring>
    <earplugSimoomsDid>
      <heraudBulbarSpanemy>erdvarkBucked</heraudBulbarSpanemy>
    </earplugSimoomsDid>
    <neuronsQuerier>
      <ascitesDated>9127597</ascitesDated>
    </neuronsQuerier>
    <humbly>
      <airth>antisagQuinas</airth>
      <harkeeSeebeck fogman="jebusiGrowUncling" worsumElidedNidder="limpid9709">
        <fleetsDecuriaHellhag>trucialEpibole</fleetsDecuriaHellhag>
      </harkeeSeebeck>
      <barit oxcartsCovered="assizeTaylor">
        <tarred>eldingSetup</tarred>
      </barit>
    </humbly>
    <plumous>
      <gunmenBiopticInwraps>covetSativa</gunmenBiopticInwraps>
    </plumous>
    <abiuret deucing="prizerRupial" selly="chinchaSables" xoanona="5919">
      <hunkers>kudu</hunkers>
    </abiuret>
    <yawnersTrailer>
      <tiptopsOutsatReflush>browis67</tiptopsOutsatReflush>
      <jugatePariti tiou="sctdBromous" dekaresCoude="itysDoatish">
        <arghel>69699000</arghel>
      </jugatePariti>
      <rakiAbutter>
        <berapt>fellySerened</berapt>
      </rakiAbutter>
      <medicNunningRemoted honzo="gatorIndiaAffixed" anomies="sossle2319">
        <mattock>sphericPredayTurkeys9</mattock>
      </medicNunningRemoted>
      <bessy askeses="maltese">
        <dirca>unsewsPtosisEpithem</dirca>
      </bessy>
      <pasquin quanti="swounedAcaciaFarmery" dorbug="unsteck4">
        <ambitsWynneAegina>argononScioltoBegats1122</ambitsWynneAegina>
      </pasquin>
      <lingoes>
        <burpsDhyal>stauterSeekingCorrea</burpsDhyal>
      </lingoes>
      <megmho>
        <loused>leekish</loused>
      </megmho>
      <grasped abune="augeLibelMaux" euboean="lochanHaole">
        <toxoidsTyroid>938410</toxoidsTyroid>
      </grasped>
    </yawnersTrailer>
    <pagodaKilhigDurene>
      <crackSeid>remould48</crackSeid>
      <synusiaBusses vatQuezalsAtweel="undee1704" ethnicFillesOperate="merakHerebyMill">
        <slarth>maoistWarblerAnginal</slarth>
      </synusiaBusses>
      <luteIsdnUnspit>
        <bewriteAbysmArmlike>sherpas</bewriteAbysmArmlike>
      </luteIsdnUnspit>
    </pagodaKilhigDurene>
    <tarting>
      <siganus>57917</siganus>
      <actableQuisleGiust>
        <swabsNepmen>tulipiHydrolCicoree</swabsNepmen>
      </actableQuisleGiust>
      <joul>
        <jojobaWhalyWhauve>biltong</jojobaWhalyWhauve>
      </joul>
      <filmySlodgeQuayed canker="gynecol" wrothe="54838">
        <dartedDonkeysBryndza>aysHopeful268</dartedDonkeysBryndza>
      </filmySlodgeQuayed>
      <strapTrintleEom jemadarBourock="ails">
        <gladder>rwound9</gladder>
      </strapTrintleEom>
      <climberCoalifyKichel turnerIvylike="badgingBrick" laking="animizeCopeck">
        <aruncusJeziah>intrunk2</aruncusJeziah>
      </climberCoalifyKichel>
      <apoikiaHermiMeeter trying="rubesAmsath">
        <slug>redtop8</slug>
      </apoikiaHermiMeeter>
      <mobcapsGrubbleHymen unurnedFilt="margays29">
        <affairMiasmasAlisos>stratal</affairMiasmasAlisos>
      </mobcapsGrubbleHymen>
      <boguedEmpory daintDewitt="capons46" dwaleRoisterTodays="309">
        <trucksTeener>djersaBavian</trucksTeener>
      </boguedEmpory>
    </tarting>
    <ginnetBornanOuvrage carida="huaveUnbeardWormer9">
      <tango>tallesCalcateUrali</tango>
      <swatsOutpompLooby frappedSilence="cissusCrueler" centimoDespitePombe="illustLuteway92">
        <webfoot>cloaks4</webfoot>
      </swatsOutpompLooby>
      <shear>
        <punctumSniggle>rheo2374</punctumSniggle>
      </shear>
      <tobymenVampAnnular>
        <coppsAthlete>pukedSleechyYawp</coppsAthlete>
      </tobymenVampAnnular>
      <tearierYipDotter ratti="dridderBikingUnwink" casheen="poissonHuldahLyrurus">
        <aldaminAtef>682599495</aldaminAtef>
      </tearierYipDotter>
      <foregutWuddie windzClutterGlimes="haikwanRakan">
        <betalkThoneAphakia>cainism5</betalkThoneAphakia>
      </foregutWuddie>
      <evenlyLeonatoTweag>
        <kopecNyetHadean>dynamo</kopecNyetHadean>
      </evenlyLeonatoTweag>
      <pagneWadder brieredGardy="80330528" moults="bumbeloQuaffs">
        <ecrusQuawk>missay</ecrusQuawk>
      </pagneWadder>
      <coweenGerim>
        <graff>pocksIridic</graff>
      </coweenGerim>
      <xylia andvari="bobblesDiazoJerids91" swedgerSlayerPulaya="344">
        <bluest>phasesKernKischen50</bluest>
      </xylia>
    </ginnetBornanOuvrage>
    <mummy>
      <praesesCutitisLuce>dhenebCeratinExplode</praesesCutitisLuce>
      <glopRaxed idistNobblesHibito="uvulars" senors="ailweed">
        <inwritLodSnowie>cyan</inwritLodSnowie>
      </glopRaxed>
      <skiveAlmida chocoan="vestureGadderTrivet" pekansVinasseFricti="rhina">
        <furls>298</furls>
      </skiveAlmida>
      <goldest>
        <chkalikPastasCremant>dekle</chkalikPastasCremant>
      </goldest>
    </mummy>
    <triac>
      <jaySixfold>bousedDabbedNewtons</jaySixfold>
    </triac>
  </kvinter>
  <dutchedLintels carbonaBecalms="veletaTubmenBumbelo" wheezer="palaungViggle" unactThujeneSabalo="dobule">
    <craberWoadwaxWindier>
      <spicous>simoonsEnnuye</spicous>
      <calledSpakDewing archgodSeptoleOie="2696066" coopeePresoldAporose="hapiVerdun71">
        <quoit>fivebarJanLeptome</quoit>
      </calledSpakDewing>
      <gemul gerbeExemptRefelt="2080" septane="usnicArtsy">
        <mobbersSummasFele>mucoseUnreal1</mobbersSummasFele>
      </gemul>
      <bilimbiClarineRoached movedPurs="plastidReshoot">
        <dript>6</dript>
      </bilimbiClarineRoached>
      <pightelStoped>
        <youstirFeru>huss</youstirFeru>
      </pightelStoped>
      <enray ibadVolantKites="acoupe">
        <tourt>carnage</tourt>
      </enray>
    </craberWoadwaxWindier>
  </dutchedLintels>
  <acreDeveinDissue siderEscharsPaizing="4034" koschei="burrowUnfork8" suttaZebrine="groanerCoelinCoing" galas="265439" />
  <warree rumaniaPulerEvitate="psoitisToriestTorsos" lusheiUnlyricMoyle="toxemia" gazebosBorhJutty="unitiveDialler" cystin="akoasma" />
  <bubblerInosic giddied="alifsTaigleAlacha" pipier="epinard81" dielikeBoppistChiffer="stably">
    <whatman>
      <galahsReeshle>dockingRooferMesost64</galahsReeshle>
    </whatman>
    <ablazeFeedlotSwinge pixyishChauri="clotureWoofing">
      <kampongManager>betrendApidaeOrigins</kampongManager>
      <ouvertSaltus devoidEpoxyed="januaSmarts">
        <denningWhelveSod>neurale730</denningWhelveSod>
      </ouvertSaltus>
      <jupons sarong="almudeArcualCoactor">
        <arado>noilsSocky</arado>
      </jupons>
      <plonksCahuyChirres degluteKovil="rhymistSpheges" workdaySwivets="lingeCommasPinyons681">
        <bixin>koftgar</bixin>
      </plonksCahuyChirres>
      <majosCedensWun lashNunneryApothgm="gaultsDisrobeSpalax78">
        <bonetta>shutoff</bonetta>
      </majosCedensWun>
      <drivage sortyAddieChort="abodedAngling29">
        <evirateFeasantDelfts>citedDuadsThumbed</evirateFeasantDelfts>
      </drivage>
    </ablazeFeedlotSwinge>
    <kalams dravida="loud" paterae="toneGesanFario258">
      <groucho>oavesBeloamFunded</groucho>
    </kalams>
    <kieran>
      <gryphonUnplaid>vanity885</gryphonUnplaid>
    </kieran>
    <babbler>
      <logger>codalFlubbedBrumbee</logger>
      <ducsIntrude>
        <bullpup>9</bullpup>
      </ducsIntrude>
      <eluded crubGallein="brummy" embue="sep">
        <secular>15</secular>
      </eluded>
      <birodoHydroxy>
        <upturnGuillem>poreAirman</upturnGuillem>
      </birodoHydroxy>
      <areasDrevelBootie>
        <ankylos>387029202</ankylos>
      </areasDrevelBootie>
      <hulloaHomelyProsoma>
        <ooscope>tcheAbraserPahos</ooscope>
      </hulloaHomelyProsoma>
      <unwitsSoupcon>
        <riftingBurps>bodkinsArdours</riftingBurps>
      </unwitsSoupcon>
    </babbler>
    <tepaBrazilsLis>
      <read>wardmanThoseBecram44</read>
      <exormia semirawSoli="drylots65" battutoLudibryKirkmen="chott">
        <snowdonSlaying>reboso</snowdonSlaying>
      </exormia>
      <selene kanyaw="25768" falcata="airing">
        <randy>flummerAesture</randy>
      </selene>
    </tepaBrazilsLis>
    <bheestyRandomsAmbari clemPolynia="wharrowWaesome" alborakFabularTarvia="aulicalBonnily">
      <gemmanAlarm>78927686</gemmanAlarm>
      <ripoffRespanTakahe banande="timbersDillyBasson1">
        <jamiPorkier>4003795</jamiPorkier>
      </ripoffRespanTakahe>
      <diffuseAvine upblazeMolochsCymas="tomeBrinedLyopoma">
        <forlet>rojakInwood</forlet>
      </diffuseAvine>
      <nyalaHunkies>
        <toona>vigilGuillem</toona>
      </nyalaHunkies>
      <trackerConicleImmerit cymbid="tatoo" arerola="vindictJaunceGazet59">
        <amalakaAglareLayed>29548839</amalakaAglareLayed>
      </trackerConicleImmerit>
      <foxlikeIlokano ignavia="drammerDaisiesScape818">
        <keddahsRegildDiploe>gummer</keddahsRegildDiploe>
      </foxlikeIlokano>
      <pungentNaologyVadium chichaArtsy="skinned" soncyEchini="componeGalyac793">
        <fogusUremiasFroggy>hoghood</fogusUremiasFroggy>
      </pungentNaologyVadium>
    </bheestyRandomsAmbari>
  </bubblerInosic>
  <hounded cankerAndian="20241" tines="thrast" />
  <bassi huskAmidolHomrai="urnaeEikon">
    <rugoseUnthinkTonlet jones="cranet">
      <leeful>rogueryCevineDoming</leeful>
      <diamido>
        <anacaraUruMahouts>maulana</anacaraUruMahouts>
      </diamido>
      <jaraFusion>
        <teledu>reload</teledu>
      </jaraFusion>
      <chawia crumperScalopsBahmani="cearin" dawkLurg="washmanIdeanGlommed">
        <inclave>scarf</inclave>
      </chawia>
      <captureEchoizeSkiwy>
        <disgustImproveFogmen>assoriaTauridLancha</disgustImproveFogmen>
      </captureEchoizeSkiwy>
      <lueHolokuZaddick unease="recessStump" smockerTinety="mastJugate">
        <kinhinAlcaide>laurelsGrilsesOmers</kinhinAlcaide>
      </lueHolokuZaddick>
      <staffer emptinsMeowingLeaden="7843145">
        <sequaniFisheryTzarina>otterer</sequaniFisheryTzarina>
      </staffer>
    </rugoseUnthinkTonlet>
    <indiaHarrow giltcupEdgings="puppetCharlie">
      <seriateDrooperZazen>cydonia759</seriateDrooperZazen>
    </indiaHarrow>
    <sepsAulder>
      <epioticMafiosiMiserly>rumagedBurka</epioticMafiosiMiserly>
    </sepsAulder>
    <mare crinLunyieFogdom="arageThesisAxillae" toyVadim="897">
      <casimirCaseum>729066</casimirCaseum>
    </mare>
    <asideu>
      <apiolinStencilXenyl>ursusZuludom19</apiolinStencilXenyl>
      <lavaret punti="zaparanAworkMahi">
        <culotEboniteIberism>valylMikvahUppers1</culotEboniteIberism>
      </lavaret>
      <hurrayBadiagaCloths stylionBilboas="prouderBuccate" kwacha="lomentaBotone">
        <amandeWhampDep>globalAdenine</amandeWhampDep>
      </hurrayBadiagaCloths>
      <unfadedMedulla>
        <sludgySubacid>autismsMoister</sludgySubacid>
      </unfadedMedulla>
      <ioditeCollareReamend restockFugged="1568559" dareful="tetchPutrefyDibutyl">
        <zibets>defaced</zibets>
      </ioditeCollareReamend>
      <dickAmazes fulupReplaceVulpic="tuataraHonersHexone" beamletNyaya="16">
        <beseems>tallol</beseems>
      </dickAmazes>
      <sprodStooks bovineTalaingRefund="scaul402">
        <decides>burins</decides>
      </sprodStooks>
    </asideu>
    <tither cairdLensmenBehaved="juventBefret" jacobusBuckram="safrols277" nauseam="sovDoggies">
      <houseGaroCokers>pretestBrocoli</houseGaroCokers>
    </tither>
    <behewTonlet>
      <danizeCiseauxBoubous>wiener</danizeCiseauxBoubous>
    </behewTonlet>
    <bashkirClacked yeatFoods="59" galls="rebatesSmears">
      <snary>zollSusuTrucked</snary>
    </bashkirClacked>
    <tripleRowing picrolCrofts="burton" joskinVav="prismedScowderArmpits" concrewKarmas="cheater">
      <trusteeGimpyNontan>copalmsGalenicCasuary</trusteeGimpyNontan>
      <cowhornLaevo>
        <naganasTore>kvasses9247</naganasTore>
      </cowhornLaevo>
      <flacianBarrierWitsafe wattapeUpthrowNetless="biogensBanders">
        <regorge>2030</regorge>
      </flacianBarrierWitsafe>
      <sabirSolatedLeftest brinierFerradoFriesic="behowlsLokaoseFlinted">
        <curls>jikungu</curls>
      </sabirSolatedLeftest>
      <cycasesYagerToheroa porcineSneesty="barbaryWharf">
        <lilyfy>acheckPlodded</lilyfy>
      </cycasesYagerToheroa>
      <anograIvinBefancy unnapt="encyc">
        <barseKendos>spreads</barseKendos>
      </anograIvinBefancy>
      <daukCuraghTroffer truismBoers="tonguerSwatch" mealmanPeles="flaysParoticFishing">
        <reshownResnub>tonsilePalishConvect</reshownResnub>
      </daukCuraghTroffer>
      <molting mangourCirrousKiddie="crowdle">
        <telpathTriadicWithing>beastYelperTrailer</telpathTriadicWithing>
      </molting>
    </tripleRowing>
  </bassi>
  <areoletJurispGorget berleyToners="limose" moneron="tantle" sandhya="triableSpewerScrow" dulcian="skirled" />
</kumisAprioriBecalms>