<?xml version="1.0"?>
<daringsKexUnitary>
  <afaceTrompes dumsolaDuroc="637133552" mark="plungesOxygonOutseen">
    <unnewJakoBewend scarfe="wetlyAttunesArrode" untwind="megaeraCoilElapsed">
      <barneyUnsews>fusoidCranked</barneyUnsews>
      <isology calque="murkishUplying">
        <strokerOrpine>ulmin</strokerOrpine>
      </isology>
      <gepidaeCascadoLaugh muchel="19">
        <frizzenFugu>meowingOreman</frizzenFugu>
      </gepidaeCascadoLaugh>
      <nearSuboxid manieDiploes="5136931">
        <velaConteurMisread>blowzedBurh</velaConteurMisread>
      </nearSuboxid>
      <havener gaulishAgeusiaChilina="nablusLiliesCera2" cydoniaPieman="menowCneorumPrexes">
        <indowedFondleJuris>sowfootBirls</indowedFondleJuris>
      </havener>
      <ima>
        <peresGhrush>choredNookier205</peresGhrush>
      </ima>
      <unlaidWehner olivile="cuplike" alodyBeseemBylina="clambAmahKainah">
        <coignyAlopias>667</coignyAlopias>
      </unlaidWehner>
      <jillTabered fatuusSpet="6432">
        <adreninZygoid>unbainChutingCarved</adreninZygoid>
      </jillTabered>
    </unnewJakoBewend>
  </afaceTrompes>
  <cladineSox ushabti="gallicJocuma">
    <pusTheban>
      <pinetum>sloveneMyths</pinetum>
      <aegeanDinahPuelche chrobatGelledCapicha="guffsIngreveHoubara">
        <sposhKhanPomace>marmoseVices</sposhKhanPomace>
      </aegeanDinahPuelche>
      <flocoonDelesLapcock picurisRattledConcoct="fumados" transfdMisedit="24852">
        <intrate>78418</intrate>
      </flocoonDelesLapcock>
      <hepCycAnalgic sinalMarkupsUnclip="bebaitCrabber8249">
        <maugerPenceHaybote>950986836</maugerPenceHaybote>
      </hepCycAnalgic>
      <stifler oenoneNashiraMarcan="alferes" vocateBillyer="draughtCoys">
        <cundums>lodgesCranet6536</cundums>
      </stifler>
      <regressSheolic swilkieNasi="spouseGaufferUnasked">
        <giddierKob>50813047</giddierKob>
      </regressSheolic>
      <whudLissesPolypus dornAltureVincent="27533222">
        <miswendChullpa>mouldedFounte</miswendChullpa>
      </whudLissesPolypus>
      <unhitRateenBronzed warpDeafenHatchet="idonealLambPestled" unfussyNestler="8703">
        <impyKnyaz>pirojkiAdviserValval</impyKnyaz>
      </unhitRateenBronzed>
    </pusTheban>
    <priodon>
      <aristoi>939897</aristoi>
      <herpetDrown tzetzesNudiesSpeece="comdUmiaqs">
        <dibatagMeetingUnpack>ophitic312</dibatagMeetingUnpack>
      </herpetDrown>
      <bifilarJoutesPilula elsehowGoondieTypal="cutchaWoyChimbly">
        <racismOutrunsJavanee>815688465</racismOutrunsJavanee>
      </bifilarJoutesPilula>
      <glomeli inditer="chockBuxine">
        <hennery>vogieOutlies</hennery>
      </glomeli>
      <ermineeSonniesGlucid inaptlyErinnic="3698458" estWhynessVoetian="835306">
        <exlaPtgCrambe>hyp</exlaPtgCrambe>
      </ermineeSonniesGlucid>
    </priodon>
    <kelvinsDeplaceRodwood>
      <heilsCarlin>cicero</heilsCarlin>
    </kelvinsDeplaceRodwood>
    <gulose>
      <gaboonsDoreeAnaemic>preotic</gaboonsDoreeAnaemic>
    </gulose>
    <unsurlyPokanManumit>
      <zanteOrceinYephede>tembetaPailolo</zanteOrceinYephede>
    </unsurlyPokanManumit>
    <poleRenule>
      <photons>benicScalade</photons>
    </poleRenule>
    <ringedHemalCardiod>
      <kynurinRct>twillsOutaddsLucence</kynurinRct>
    </ringedHemalCardiod>
    <beefaloEnpiaHerbage>
      <ghoom>jagerBalanid</ghoom>
    </beefaloEnpiaHerbage>
    <crystic>
      <disbaseGeistIridize>sered</disbaseGeistIridize>
      <unrollVacuateTors gaycat="escotsSpecksMuddle" unkendSheth="unleashGetters27">
        <rabinWoesSnicket>mulvel</rabinWoesSnicket>
      </unrollVacuateTors>
      <blesbok dotkin="coupureToxosisMudde">
        <apulseEntrep>oxalisCowriesDebowel</apulseEntrep>
      </blesbok>
      <soapiMoonway>
        <rizzomGaspar>labium</rizzomGaspar>
      </soapiMoonway>
      <pouches>
        <toolmenFlitch>76124545</toolmenFlitch>
      </pouches>
      <truncalCimicesParilla illupiSuch="rewedsKeup" horrorsToilful="surcrueAnoesia">
        <atwin>theismKaramuProlegs</atwin>
      </truncalCimicesParilla>
    </crystic>
    <keltsMuches furiesCote="flaws" goff="3113295" waglingAcinoseColytic="deviceForcers">
      <cremesBilboa>644475</cremesBilboa>
      <amaniBeseigeZirian chancel="quietKafta">
        <soldiMimeoAurate>geerPuccini</soldiMimeoAurate>
      </amaniBeseigeZirian>
      <jessicaSpik gentianAikonaKamala="synonymDozilyPsf" oriyaTawyerShitten="apraxiaUnneathCorsy">
        <tomsSamvatPraxes>tollerDewbeam377</tomsSamvatPraxes>
      </jessicaSpik>
      <unstingFlorae lastage="qed">
        <murexes>wyethia</murexes>
      </unstingFlorae>
      <griffin>
        <conusesUtileEarthy>skying</conusesUtileEarthy>
      </griffin>
      <lychnisYevenCorno>
        <meanestCharkhaPraxean>sanctumLeeksAlfuro</meanestCharkhaPraxean>
      </lychnisYevenCorno>
      <oatearHarnessRaash doesnVeenTramman="thenarTawnilyGranger">
        <shays>59</shays>
      </oatearHarnessRaash>
    </keltsMuches>
    <honky>
      <tadpole>3</tadpole>
      <cackedMakarsSwanker charkas="987">
        <finking>zinober</finking>
      </cackedMakarsSwanker>
      <coresNidgets syrticYawningSandy="sokokiIdeta2497" makadooWatchetHates="351016">
        <naggingUmbril>879</naggingUmbril>
      </coresNidgets>
      <cliftsHoumousPodurid parpendWrangsNanaimo="malarkyAerugoSoosoo">
        <nodoseKitchenTarrish>caterer</nodoseKitchenTarrish>
      </cliftsHoumousPodurid>
      <kloesseZiczacExcess usaJissomFobs="resmell6" mengweBeadman="teepees">
        <semoule>germyTheasum</semoule>
      </kloesseZiczacExcess>
      <zigankaWickyup thuluthBucare="ghafirEspier" spatioVerde="coupedSpireas">
        <dowagerLenisSindry>cair54</dowagerLenisSindry>
      </zigankaWickyup>
      <qtamEupathyDicht soboleVulpic="864" parrotsForsook="rojakNigeriaLeuk">
        <katinkaJokish>donkKeeksSardian94</katinkaJokish>
      </qtamEupathyDicht>
      <members>
        <zingsStocah>redebitWaseIoniums</zingsStocah>
      </members>
      <feeding>
        <chyloid>monismCankery</chyloid>
      </feeding>
      <manJinrikiMiny alefBredDamars="bygoneThigger773">
        <scopaDroptIfint>enaliteQuadrel</scopaDroptIfint>
      </manJinrikiMiny>
    </honky>
    <elucidIntrusAnarchy>
      <palalaSyllidMou>notchelLentigo</palalaSyllidMou>
    </elucidIntrusAnarchy>
    <deicers wrootIntrunk="toniestCastorAthena" sparryEverniaVersor="plinthsAnthony">
      <cowweedParale>poonah</cowweedParale>
      <finnocDoliumCrull>
        <saning>1577</saning>
      </finnocDoliumCrull>
      <furrierRompishSiennas istlesJoltingOner="granchIsogeny" kami="corpsMyzontAprowl">
        <adyta>64057</adyta>
      </furrierRompishSiennas>
      <cuingLichtlyIncreep>
        <cutoutDhotyCephus>wangans50</cutoutDhotyCephus>
      </cuingLichtlyIncreep>
      <feelers hasted="qere">
        <astrid>ferris</astrid>
      </feelers>
      <toitoiMakranRescind kebbieFactishEogaean="guideArtemas">
        <defamer>toplikeUncake</defamer>
      </toitoiMakranRescind>
      <authorWealth rafale="typesofTacked">
        <tua>tokenedSilicic</tua>
      </authorWealth>
      <duanAdangleBesagne browd="semiorbAcyloinGauges2863" flunks="29">
        <abraxasPriapusDogy>penultsCrackleWinemay</abraxasPriapusDogy>
      </duanAdangleBesagne>
    </deicers>
    <sursizeAirline>
      <synoekyClasps>620</synoekyClasps>
      <decalAgars inde="diactinPosoloMormo" funje="555835">
        <eosines>88054785</eosines>
      </decalAgars>
      <prayed ywis="cussedLothAlogy65">
        <livedDrollyNolos>2747776</livedDrollyNolos>
      </prayed>
      <encarpiEpithi adatyEath="crockoFlooder">
        <rewon>gooseErse</rewon>
      </encarpiEpithi>
      <killsHilloBoozers mopierPoliticMetepas="ganefMoted" sirreesKishNota="lappersCoalboxWearily174">
        <chobdarMiddlesInbbred>whaleStogy</chobdarMiddlesInbbred>
      </killsHilloBoozers>
      <outhireMuterHippo plenityClinkThala="59">
        <lowlilyFards>iterateBaldiePunster69</lowlilyFards>
      </outhireMuterHippo>
      <noireBristlyAllure facadedGlutaelBecall="rewrapt399">
        <rebreedRanularFirring>unzonedFavellaZootaxy</rebreedRanularFirring>
      </noireBristlyAllure>
    </sursizeAirline>
  </cladineSox>
  <hoihereNaggier gandersImportSelsyn="satiresComices" rerentLithateNamely="552389" burysCryJiboa="malellaIngeny9391" />
  <unspikeGlug>
    <curiet>
      <eclatsHousedHajilij>meloids</eclatsHousedHajilij>
    </curiet>
    <elegitKhazarFixive buenasTropeinCoddler="belinda">
      <gapMandats>ferrumClagPenangs4</gapMandats>
      <theyllBlander>
        <suluBafaroNaze>machine</suluBafaroNaze>
      </theyllBlander>
      <merilMadigaGuinean adapis="forcesIsotypePhoresy" hematidPekoes="finback">
        <amomis>condWinare28</amomis>
      </merilMadigaGuinean>
      <endingDeashedAdytum ralliesLoessicArchsin="jimminyAgy55" deliriaKyle="wahoo">
        <enwrapArfTilting>scobbyPottierAffere</enwrapArfTilting>
      </endingDeashedAdytum>
      <dareallQuangoBetween potshawSompaySpaders="fibrin" retear="torilis">
        <norbertLimierChozar>sarnaPronubaDeeper</norbertLimierChozar>
      </dareallQuangoBetween>
    </elegitKhazarFixive>
    <cohosPulijan bichy="songhaiHonks" calvityUttered="muggurAirilyWailers">
      <printsEarpickGainsay>pimanMudless</printsEarpickGainsay>
    </cohosPulijan>
    <yogas>
      <gelantsFlether>presleyHereatSargus</gelantsFlether>
    </yogas>
  </unspikeGlug>
</daringsKexUnitary>