<?xml version="1.0"?>
<araiseMetrist>
  <elegies>
    <mitten>
      <muratBoffsTinhorn>marah89</muratBoffsTinhorn>
    </mitten>
    <abductsTrollopAbscond>
      <guidmanBaharAcle>canliCushat</guidmanBaharAcle>
      <belimeTropist epimythCadeau="tangingBuhrsNutlets">
        <tumults>gentil</tumults>
      </belimeTropist>
      <sychee epurateSeeings="naimFalces" fowled="thulium">
        <troussWertherMermen>moped</troussWertherMermen>
      </sychee>
      <dightsNauplii tunablePlitchAnatifa="fampRicineChakras9405">
        <bleoTap>canos</bleoTap>
      </dightsNauplii>
      <dislimnKettler leskea="baculus">
        <speckyFordoesTrina>beildAline</speckyFordoesTrina>
      </dislimnKettler>
      <embrued>
        <thillImpelPitmans>ziram</thillImpelPitmans>
      </embrued>
      <undosed>
        <hookedTapoa>haratinTendon</hookedTapoa>
      </undosed>
      <nihil radiumPipe="lipinCoster991" araby="agoutisGriotteFumant">
        <joistPiazzaNascapi>nightedTarpan</joistPiazzaNascapi>
      </nihil>
    </abductsTrollopAbscond>
  </elegies>
  <hyeCostata washerBeglew="abloom" donasTussiveWobbler="841" />
  <amitaAdrenoPinyin raddled="bundledCephalaDefrays">
    <tuningMochilaAsimmer blarneyGranet="opsinTautog" euthymyGaurianDammed="tuzaHalkeDorter">
      <masks>diact</masks>
    </tuningMochilaAsimmer>
    <wauraMihrabLoam leafsColdong="himmingBaguet" molary="globedWidthColima2">
      <wanness>keelHartail</wanness>
      <hydnoraOpsins expedeLaze="loofahBurelyTwifold" jowingLineal="3">
        <wahlundPigmentSudsers>rewoodBrakingTapuyan</wahlundPigmentSudsers>
      </hydnoraOpsins>
      <sheen sleechMespilViagram="82529" fural="jazies166">
        <weentFrisch>subletChavishPalaver7</weentFrisch>
      </sheen>
      <olorUnjust>
        <rupa>telomeNoughtyMary</rupa>
      </olorUnjust>
      <granderDesiresOutnook topsideYabbers="479" ouijaTellinDisplay="devoter">
        <peevishFrownsReamer>ordures</peevishFrownsReamer>
      </granderDesiresOutnook>
      <foldureSpanule>
        <rukbat>24</rukbat>
      </foldureSpanule>
      <mastedAhuacaDisomus piffle="736" anticlyPeter="poppingDolos389">
        <pleasedGinneyZoarite>lilithBlister592</pleasedGinneyZoarite>
      </mastedAhuacaDisomus>
    </wauraMihrabLoam>
    <spole>
      <muktar>bayboltSuimate</muktar>
      <bkgMuskratCollege wildVatfulHaggy="arrayalCoraMoong">
        <snatchyCussos>frickleSharplyFibra</snatchyCussos>
      </bkgMuskratCollege>
      <saltersPitside replum="weirdlyKif">
        <safewayRaad>pivoterShadsRustic</safewayRaad>
      </saltersPitside>
      <sawtSpecif>
        <yawroot>punkin</yawroot>
      </sawtSpecif>
      <coverupWeirs zippedGhaziesHemipic="cannasReaal" shagbag="swaddleEnhortGreets">
        <audileNowhat>plantalDiktat7004</audileNowhat>
      </coverupWeirs>
      <intariaStiletTimarau plainyWapitis="962" roundsUpalleyUntunes="luridlyGrivois2">
        <biders>kuskos</biders>
      </intariaStiletTimarau>
      <gowdnie>
        <weliKingDubber>569241</weliKingDubber>
      </gowdnie>
      <testsPillbox>
        <shipperChewers>wooing2065</shipperChewers>
      </testsPillbox>
      <eccaTertian>
        <shakudoTeinds>7</shakudoTeinds>
      </eccaTertian>
    </spole>
    <cuminalCowpony fossedCapererAgile="milvineEpirotMotes">
      <wedbedAmydon>midmostWesleyUndust580</wedbedAmydon>
    </cuminalCowpony>
    <retint targed="dataryCresylMayhems" terveePilmHalt="tokamakKorona1916" waughyChincofArchsin="bolterVicaCupful">
      <waxingAlumni>bakings</waxingAlumni>
    </retint>
    <gluiestOnshore ficeWepmanCreatic="winrowFreaked" oxamid="orangyMockeryFrike">
      <inique>lowdown</inique>
    </gluiestOnshore>
    <sklentAddnl baharMowhaFerias="stoon" mycosesCosigns="physis" dukkerMonoecyBrest="169">
      <tibicenScalded>693926</tibicenScalded>
      <durenol outcrowPickets="rantockIronicDomnei8" knobBattler="35011898">
        <scanmag>kakarInbredEgress</scanmag>
      </durenol>
      <ganglyThurio liveth="knasterJackeen" lieve="coef">
        <unawnedCellars>branny9</unawnedCellars>
      </ganglyThurio>
    </sklentAddnl>
    <titular>
      <mealmanLaciestPlumbum>15</mealmanLaciestPlumbum>
    </titular>
    <morgay nambyTenacesGuardee="misgive">
      <unwindDtdSheafy>dripperBustier</unwindDtdSheafy>
    </morgay>
    <ramaite baguets="spooner" lootingLeery="uzbeg">
      <sanicle>farseer</sanicle>
    </ramaite>
  </amitaAdrenoPinyin>
  <jackmenTewhitBulgari melaenaDolaPartan="644" wahabi="espinosWearierToko" rhodoraLizardDewier="shiismEbauche" />
  <mints requeenDepermAralie="scribed" boxfulWady="3755" puranasReoiledFolate="637575036">
    <altered uaupe="querido" hyakume="tarrishFlickerEtatism" manufTusking="bracken">
      <screenyUreidFerried>fesapoOvolos</screenyUreidFerried>
      <souffleRumbledJigger tuba="meninxMussel" blase="wirable99">
        <koldaji>levo408</koldaji>
      </souffleRumbledJigger>
      <essex pyreneInsipidLustrum="mcgMichel250" prying="bellaStreitKhokani3">
        <aciformBulked>kerrieFete236</aciformBulked>
      </essex>
      <voetsekGurshes agyAnticumRabbins="subtree">
        <bayz>514</bayz>
      </voetsekGurshes>
      <emblemaWhizzAmesite muzzWricht="outly2" mispickSpoiltDucal="sprank">
        <soeverExustYerva>respeakAtavi14</soeverExustYerva>
      </emblemaWhizzAmesite>
    </altered>
    <preludeResewnGainful>
      <isocolaMuskilySealch>perit</isocolaMuskilySealch>
      <lustlyDonisAponic weskitUnwall="howfs" furlersMailed="curragh">
        <placidCorks>26840</placidCorks>
      </lustlyDonisAponic>
      <fondestTritestCohunes>
        <resinsEndwaysMuscone>diploidMarqueeAnnuals</resinsEndwaysMuscone>
      </fondestTritestCohunes>
      <bestillUnaidedCymrite ramilieYouthsWallful="biohermCacalia">
        <wans>shewersPianism</wans>
      </bestillUnaidedCymrite>
    </preludeResewnGainful>
    <scybalaDanes foyaite="malpaisVia">
      <usurpDowryLayoff>mannireVititaTeetee</usurpDowryLayoff>
    </scybalaDanes>
    <codfishRegives wristedRedwoodSolar="caudex82" palmierQuieter="flitingProbingPollute80">
      <tangutSpermy>wrangZoner9232</tangutSpermy>
      <allicitBaryes couldna="dominosPeglessWoozle">
        <manmadeUnsadly>170584890</manmadeUnsadly>
      </allicitBaryes>
      <illingBedfast>
        <netops>52616059</netops>
      </illingBedfast>
    </codfishRegives>
    <popjoy dipcoatBuggedDomett="52673" hyperinPrineTegment="ascidia" abcessMoodleThelium="yangtao5435">
      <potateMucaroAdry>6</potateMucaroAdry>
      <netmenAthens misuraInvalid="dormsPetrel8375">
        <backwaySuedeAromata>recoverWhooperDibs</backwaySuedeAromata>
      </netmenAthens>
    </popjoy>
    <payingCheeses repacePeatery="imbued">
      <keaweLogger>77</keaweLogger>
      <axleGibbet>
        <dill>yelping655</dill>
      </axleGibbet>
      <exilityWeeders notherEterne="fibberyGaze7">
        <teaselsCordial>lofterRaserIncuss</teaselsCordial>
      </exilityWeeders>
      <eyefulsYankee>
        <thickly>bindwebStrivenNanda</thickly>
      </eyefulsYankee>
      <mambos awnsPattersNempne="alumelPaybox" worsetsCutoffs="titDene">
        <burelle>reestsPumped</burelle>
      </mambos>
      <decarchOutcastMontera yawing="tunish">
        <sempleTamped>5274685</sempleTamped>
      </decarchOutcastMontera>
      <adulateArangaBihari>
        <amoralKissy>unroped</amoralKissy>
      </adulateArangaBihari>
      <beerageListelsScudi>
        <radulas>724198052</radulas>
      </beerageListelsScudi>
    </payingCheeses>
    <sneersZoogeogForlet>
      <vanesEvincedWhapped>nisAzuleneAketon2</vanesEvincedWhapped>
    </sneersZoogeogForlet>
    <raise midwayBiasedBoody="pouchy">
      <mastfulQuaffBassly>markaz57</mastfulQuaffBassly>
    </raise>
    <videtteExequyBeanery>
      <egging>tilTitterWhiten</egging>
      <locatumKelvinPastour medusa="cothKamas" amanistPaulinePow="ruthsEvertedEnhuile">
        <gorseFixatifCastory>ullucuVorpalBlethe</gorseFixatifCastory>
      </locatumKelvinPastour>
      <refer vibrio="steelieGools" tyauve="araujiaLemelNativus">
        <bisectAffiedRaymond>63984</bisectAffiedRaymond>
      </refer>
      <kileyCooncanKyoodle estops="arachinRaportPelamyd" wodSalada="mhosWombs">
        <pollerOwningDonis>aboardAbettedMyel</pollerOwningDonis>
      </kileyCooncanKyoodle>
      <copesKebab halidFasces="selvesWuspIngene" fusticsWendish="1">
        <millfulScaleni>thudPadige</millfulScaleni>
      </copesKebab>
      <urohyalErraticHeeled>
        <carloadGorglin>slipmanNelson</carloadGorglin>
      </urohyalErraticHeeled>
    </videtteExequyBeanery>
    <asak>
      <yamel>tyrantsVectisIodins</yamel>
      <subwar vespSnoutsPeller="mulloidTroking" cyphers="emergeClupein">
        <seoulBoranChaum>773</seoulBoranChaum>
      </subwar>
      <ulnaTerrieLentigo tiffingTreatyKenos="raananWoful2132">
        <undealtNabobry>subsect</undealtNabobry>
      </ulnaTerrieLentigo>
      <wishedArgling patriotOutrootMoidore="plushUnflesh" panicle="752877">
        <jizyahDuscleArder>refordFuselsSeises99</jizyahDuscleArder>
      </wishedArgling>
      <uniparaPlinkerYunker>
        <thawnTagetes>postinsLimmer</thawnTagetes>
      </uniparaPlinkerYunker>
      <triene>
        <alliesAusuboPrepg>tahuaMoneyEnplane</alliesAusuboPrepg>
      </triene>
    </asak>
    <ketchFudgy>
      <fittersRamus>welchesOzonerSemples</fittersRamus>
      <mahouts nigreAmassed="gargles">
        <smurksCanis>briosSerbizeBlanked</smurksCanis>
      </mahouts>
      <pawneesMothery baning="charily" glaive="piwut">
        <poemsLeally>limbiCentalsChains5</poemsLeally>
      </pawneesMothery>
      <wappoEast bramah="featBarkerScaldy" copyboyDilli="woofyShoopEaseled">
        <vocoderMilvine>2515</vocoderMilvine>
      </wappoEast>
      <clawker piazzeSeqfchk="septimeKnitWeent">
        <formAloxite>guilyRicassoBroach823</formAloxite>
      </clawker>
      <payableDum>
        <zinoberCantonEyedrop>atabalsMolasseUrao</zinoberCantonEyedrop>
      </payableDum>
      <hugging delverOlympicBlithen="unio209" mtsPericu="tonkin8">
        <sciapod>182</sciapod>
      </hugging>
      <vincas stakesJackboy="remarkDustbluFeus" cecitisXylenes="joltRagasGossipy6">
        <nigglerMixesCobalts>burtree</nigglerMixesCobalts>
      </vincas>
    </ketchFudgy>
    <tavoy>
      <tollwayGentryUnhelm>poesiesFobSubfusc</tollwayGentryUnhelm>
      <shealsUnbeltFungous kiswaTunka="klickZebeckJapyx6265" edhsJerid="carfare">
        <midnoon>atleeOfterFarrand218</midnoon>
      </shealsUnbeltFungous>
      <raddleEldCurse>
        <karatePeopler>413396379</karatePeopler>
      </raddleEldCurse>
      <setoffs beepsRaconsDestain="snacksDoping">
        <cubitusObtestsNasa>tilak</cubitusObtestsNasa>
      </setoffs>
    </tavoy>
    <penseMyriareMistily>
      <bewater>cachedUredosQuoth</bewater>
      <faulty caelianWanghee="fugalDisable" koosinIonogenJoes="brickleShoalsHutted">
        <vogieSpratTuners>bekah371</vogieSpratTuners>
      </faulty>
      <squidArtemasMukade>
        <efflateBines>4601</efflateBines>
      </squidArtemasMukade>
    </penseMyriareMistily>
  </mints>
  <cerevis pigeonsBordageDiacid="dighted" />
  <frowned>
    <cooner eddieWafter="51" randirStail="scarred">
      <forwelkHoliest>stembok6314</forwelkHoliest>
      <mushilyJibiKirtles rozumSnipes="algazelLarvaeLurer9677">
        <edemasDanzigPongids>britanyParaiba</edemasDanzigPongids>
      </mushilyJibiKirtles>
      <meniseHemin podos="childed2" heitiki="zanoniaRetie7917">
        <planity>cholera8</planity>
      </meniseHemin>
      <cellae shulwarPenteneLeath="sexiest" lech="penniedPungi">
        <nocent>griebenWanrufe</nocent>
      </cellae>
      <dammersBaskerGuemul youveBlastsCagily="dignifyHollong" carvoneCrain="troic">
        <poseursThicke>paulist4</poseursThicke>
      </dammersBaskerGuemul>
      <tineolaCheeker endurerAorta="telicalHumeanGifts" beliersLarchesDino="wringleDonga">
        <trustyLiars>unhappyBourlaw</trustyLiars>
      </tineolaCheeker>
      <farts amperGleirPorosis="becrawlScanmag" buskins="7881854">
        <tantleSpeeled>dabster</tantleSpeeled>
      </farts>
      <banger>
        <coxitisRehangsPiperno>rackleCurd8919</coxitisRehangsPiperno>
      </banger>
    </cooner>
  </frowned>
</araiseMetrist>