<?xml version="1.0"?>
<rowtingTinlike>
  <bolCourapKidney askewMayingsNaily="repps" rovettoRakesElapoid="hoveledHaymishRhizoma3">
    <thane>
      <crakedRocher>nevelNaggier</crakedRocher>
      <hacking colonGimme="abdest">
        <tailers>wenlockGhetto</tailers>
      </hacking>
      <fiorded>
        <vicunaDecatyl>caridaBagiosEvening</vicunaDecatyl>
      </fiorded>
      <teleconGagsterSuevic mosso="tawsesAnadem" astride="svabite">
        <treatyTamenesFilite>parsers</treatyTamenesFilite>
      </teleconGagsterSuevic>
    </thane>
    <bedlamp glory="bowWaceUnhope" peddlesWeenedBasinal="opsonin" zandeKobus="amidistBracken">
      <mokihi>paltaCisternAgonal</mokihi>
      <prairieBilbiBiders malik="bethumbCoachMxd" pisachiBitumedDicyan="anacara90">
        <aliyas>torusesBorascaPerule</aliyas>
      </prairieBilbiBiders>
      <zool>
        <mariouChanted>boney7</mariouChanted>
      </zool>
      <gaugerNesses itaves="tilpahGluma">
        <captiveUpcatch>nawab</captiveUpcatch>
      </gaugerNesses>
      <pyxesDilos amaasReiter="falcataUnwist" resedasLesson="98">
        <flamens>redoundGeod</flamens>
      </pyxesDilos>
      <titania>
        <nereid>kelter</nereid>
      </titania>
      <indylic mughoPiddlesShivy="valvulaEflAdhere">
        <sandraDroh>quafferSubraceFavel</sandraDroh>
      </indylic>
      <rerivalSauger bren="tyrone" utible="44517312">
        <klipRundletSpencer>paggle</klipRundletSpencer>
      </rerivalSauger>
      <carapus nonceCadenzaBonged="chockedSpurges">
        <lessen>4708</lessen>
      </carapus>
    </bedlamp>
    <dubby>
      <lipRilling>closetManini</lipRilling>
    </dubby>
  </bolCourapKidney>
  <onlineCholamShoneen hakesMusteesSchloss="bobolQuistDeities" mirexes="643" oilbirdGoring="embarge" />
  <tanager alloys="revenue" />
  <unplugsCordel licuriSunfallTagged="defileJunksSquills" safine="oncosisGussets" chamosSavey="coecalOctofid" />
  <inwrap />
</rowtingTinlike>