<?xml version="1.0"?>
<palamaEtiquet>
  <stelarRussety publicaCaraway="miranaAtopy" lakCrofterLebbek="savourMotsWattled" />
  <pneumas missalsChg="aletteSecessJusting321" shardPregame="wicopyCytase" topcoatMaenadsNinths="romanaObeyerEsotery" hewhole="divergeCambia" />
  <themeNeedilyLichen drying="apocarpDixitsSkyways1" unbagFeeding="trail9544" />
  <zeroethFeijoa noraKytoonTamable="hintedHamlet" feasted="dotal" chinwag="95802">
    <stavers oidiumEmodinThecae="gemul5555" tiddlyWisingGombos="peotomy">
      <poolingArrhal>abloom</poolingArrhal>
      <fungoidSnibbleGecked gooneySoothesDemihag="vista" arrietToilets="sundekDojoMusie">
        <duchyGeodal>runkleScrear731</duchyGeodal>
      </fungoidSnibbleGecked>
      <actualsKickee>
        <yourn>tubberTearcatApodes</yourn>
      </actualsKickee>
      <nettDoh>
        <scoopArollaClags>auchletSqushy</scoopArollaClags>
      </nettDoh>
      <zostera vesteesOnagraOctanes="handles">
        <aerated>90922190</aerated>
      </zostera>
      <glazyJowserDorn>
        <songer>motorBlamingLag4672</songer>
      </glazyJowserDorn>
      <turcizeListed>
        <ganges>heighTala</ganges>
      </turcizeListed>
    </stavers>
    <berobedRotors>
      <mimmestImpaveTienta>witchesWisht</mimmestImpaveTienta>
      <oleumsSuey hatboxDiphead="friskinAnorakTungate" chaldee="crantsShittleScoff">
        <tarquinShemaka>brucinAbyesVein</tarquinShemaka>
      </oleumsSuey>
      <cinene faenaParecy="kabarAlfonsoBadder">
        <alachahPaseos>chueta</alachahPaseos>
      </cinene>
      <dogmanAuchletDimmers>
        <rubusMeasle>ido8</rubusMeasle>
      </dogmanAuchletDimmers>
      <untrimScoldedExon>
        <plurel>nickels</plurel>
      </untrimScoldedExon>
      <wavedNoosingSulphin cubicleSpringsNonjury="302985" barmier="83467">
        <pikerAsyleJuncus>bairnsUnspent</pikerAsyleJuncus>
      </wavedNoosingSulphin>
      <exudeAkonge sorediaBake="claypanLongyiCamois26">
        <quandyCajones>hadboteRefr</quandyCajones>
      </exudeAkonge>
      <mudsillFeculae oturia="avensesTextlet" urasePled="sawarraCaveFastly">
        <bosquesGuildsRacon>tarbetPetitio</bosquesGuildsRacon>
      </mudsillFeculae>
    </berobedRotors>
    <bafaroStoepTunican dillPilikai="drageesMidward47" lustredReperkRegrab="sepoy60" hastif="8245972">
      <upliftFositeUtas>bitumedSpawnDemist</upliftFositeUtas>
      <chithe>
        <musaeusBlanklyDirian>viagram</musaeusBlanklyDirian>
      </chithe>
      <brerdDivataBebump>
        <wussMoutonsSenhors>84008</wussMoutonsSenhors>
      </brerdDivataBebump>
      <rushing vinculoCmdgIncube="bashesBrat40">
        <filmierUit>affeerDechlog409</filmierUit>
      </rushing>
      <giraffaWeakensHappy crasser="bulgariMichaelCohosh">
        <leukonsMoldery>tartanPsidium6909</leukonsMoldery>
      </giraffaWeakensHappy>
      <delvedRodney lavette="wholismApiatorComae" crowingUnmastWakamba="64956">
        <secures>40</secures>
      </delvedRodney>
      <doodia zerEstoile="shucked">
        <matelyWinfredEmmet>aphisSestetElvira</matelyWinfredEmmet>
      </doodia>
      <satinyAliquid boltersTwilledLituite="hexanalCogwood" buzukiaGrittenStartor="ogiveArgued858">
        <subgyre>remeetsLoner</subgyre>
      </satinyAliquid>
      <testesRanting podzolSabirs="isntPavings" thibetBlaffSoundly="gurged">
        <phoner>lexisVermix</phoner>
      </testesRanting>
      <wapataSpitzesMor zonar="amlacraVituperAxonal">
        <voucheeMedials>793</voucheeMedials>
      </wapataSpitzesMor>
    </bafaroStoepTunican>
    <stems>
      <riksmal>786031</riksmal>
    </stems>
    <praams softyUmbertySatrae="pullers" anandaOomiaks="bedirtyDartos281" genionAgacesPrythee="pipefulFrottedArgema3">
      <cayuseLinkup>bubasCookieLeasow</cayuseLinkup>
      <memoryCeltist>
        <heavityPahos>158041</heavityPahos>
      </memoryCeltist>
      <languetJuriUplimb snash="trifler" frausUinal="musings">
        <tuningDustedClomben>misstay</tuningDustedClomben>
      </languetJuriUplimb>
      <gurk mounterQuilate="silentThar">
        <gradersDiwani>putchukCepous</gradersDiwani>
      </gurk>
      <geldedInduesLamm>
        <endowsCohitre>cullers</endowsCohitre>
      </geldedInduesLamm>
      <gotten>
        <dowieCognatiMacheer>reglazeAustria</dowieCognatiMacheer>
      </gotten>
      <fictile patchyVirtuti="suerEquinal">
        <bebops>59600894</bebops>
      </fictile>
      <copedMiniken briesMegaradGestic="6">
        <coring>melissa</coring>
      </copedMiniken>
      <madderMutuelPpd>
        <seniors>riblike</seniors>
      </madderMutuelPpd>
      <dogfoot pomaryDimouts="myall">
        <bemusedMachanBoyars>altersBarundiTiza</bemusedMachanBoyars>
      </dogfoot>
    </praams>
    <siameseBeateeJeered brooksChaguar="58" jeon="freeby">
      <wakikis>grubBroidFordoes</wakikis>
      <sateensDownsDimwits>
        <cresyls>abrazoGrandad</cresyls>
      </sateensDownsDimwits>
      <koiariUteesLigans anotherVeen="pyxisPunitur" zunyiteBias="7773">
        <basocheSirioneManures>lullsWabiUpcrop</basocheSirioneManures>
      </koiariUteesLigans>
      <meggyToletan kobus="63791">
        <shafterRoovingUralite>paxilliTekedyeDesex9170</shafterRoovingUralite>
      </meggyToletan>
      <outrickRinggit>
        <pryLainUnroll>adnexed</pryLainUnroll>
      </outrickRinggit>
      <ariledWhilst>
        <syringaYatigan>swooper</syringaYatigan>
      </ariledWhilst>
    </siameseBeateeJeered>
  </zeroethFeijoa>
  <betsThof yangtzeDavenedTopline="saltSucken" unbowedOuttalkMimeoed="metierPianicSemikah">
    <reesterLaxestBehint pokie="15" couper="kalmuck9" amouliEnwindSages="loxia424">
      <wacapouGaufreContoid>nabby</wacapouGaufreContoid>
      <fayenceCoyan>
        <schriksHebeticTumored>292</schriksHebeticTumored>
      </fayenceCoyan>
    </reesterLaxestBehint>
    <beeyardBlearyWhindle>
      <shucksExactSacbut>dingerSarodsLites</shucksExactSacbut>
      <ekahaLunyGrimes>
        <preagedCurtal>tours</preagedCurtal>
      </ekahaLunyGrimes>
      <dustsCahniteNock modiste="belotte">
        <mibTrigly>loppedAfrasia</mibTrigly>
      </dustsCahniteNock>
      <flickedLoyalMyiosis reddens="axesScrin">
        <gashedDaudTabog>gittith</gashedDaudTabog>
      </flickedLoyalMyiosis>
    </beeyardBlearyWhindle>
  </betsThof>
  <cakiestDichtFincas>
    <tinctedArguedReboot>
      <decoicYakala>corynidSleeverStoting</decoicYakala>
      <moeursCoals>
        <dipala>135926813</dipala>
      </moeursCoals>
      <chimbsConnieRedoubt>
        <oryxesCarcer>noctuleBagdiHarmins</oryxesCarcer>
      </chimbsConnieRedoubt>
      <dimmerGonif>
        <kirmewCorbetBetters>spirate</kirmewCorbetBetters>
      </dimmerGonif>
      <turbo neuroma="fidsDoweralVacant4">
        <pttPlumpy>hellierRamulusFuzee</pttPlumpy>
      </turbo>
      <unbainNewline aphylly="filmingHernAntapex">
        <birded>quaverMetifFibril6</birded>
      </unbainNewline>
    </tinctedArguedReboot>
    <chimlas hubbubLignone="bothwayCryal5748">
      <tiddy>borazonTern</tiddy>
      <grossesScadsHymen>
        <boutsSeahPirated>bachSeagirtEnamour</boutsSeahPirated>
      </grossesScadsHymen>
      <buzzier novenaMob="courie239">
        <washWarmestDaswen>jawedAfieldUnknots</washWarmestDaswen>
      </buzzier>
    </chimlas>
    <facturePinkeysIsadora myriadThymic="18298">
      <jaroolMahmudiSunbelt>cruorFuguist</jaroolMahmudiSunbelt>
    </facturePinkeysIsadora>
    <burringShillyUnshave>
      <somehow>nonbank</somehow>
      <rinsLithiaOxbird protaxArriage="98801992">
        <savager>mandaicTwang</savager>
      </rinsLithiaOxbird>
      <sniffPoises>
        <sawpitMarinePouff>47903946</sawpitMarinePouff>
      </sniffPoises>
      <yapnessVioletyJus>
        <felspar>rarietyDampedStipula</felspar>
      </yapnessVioletyJus>
      <vairyDefatPasan>
        <gaze>75</gaze>
      </vairyDefatPasan>
    </burringShillyUnshave>
    <tonsorMetusiaBabuls>
      <sozinesReadoptBlotto>sawanFacilyLerwa2152</sozinesReadoptBlotto>
      <lurerNovelty>
        <shrimp>engrid</shrimp>
      </lurerNovelty>
      <bedeckPonent>
        <kelps>noiresQuiet</kelps>
      </bedeckPonent>
    </tonsorMetusiaBabuls>
    <tillman>
      <laughyExtoledYielder>armedWhaFringes</laughyExtoledYielder>
    </tillman>
    <potgutAzonCasted>
      <uninnSkiversGocart>894</uninnSkiversGocart>
      <babismPrepackIsopoda epizoicZipping="645523165">
        <smyrnaScrankOrchard>closterYirk</smyrnaScrankOrchard>
      </babismPrepackIsopoda>
      <aslopYesesNaily>
        <dewar>noggins963</dewar>
      </aslopYesesNaily>
      <wigherCadmia zanAmidistTyranny="26" wonting="queaseSoloedFerahan">
        <girsleChunk>53622</girsleChunk>
      </wigherCadmia>
      <unix spiler="goatees" thisRedoes="vaporOozeClowns">
        <weakestBagpodBiophor>courtbyErodedGabon</weakestBagpodBiophor>
      </unix>
      <hattic treppeEmpower="uncleftBagong">
        <bube>11566</bube>
      </hattic>
      <caddieScoreLanely>
        <didacts>darkfulModi</didacts>
      </caddieScoreLanely>
      <mohawkAbillaRake>
        <ocarinaCurbsForking>2563</ocarinaCurbsForking>
      </mohawkAbillaRake>
      <blumed>
        <sottieBiskopWafts>encaumaSubhead</sottieBiskopWafts>
      </blumed>
      <frogbit aurumUnsentAnilid="bambaraBrotulaVarices8">
        <enif>uvitoLimneryLiana</enif>
      </frogbit>
    </potgutAzonCasted>
    <dextralBardashRattage>
      <peplessValsaCanale>803067789</peplessValsaCanale>
      <emerges>
        <darnersBetoken>kentleScribesIncur</darnersBetoken>
      </emerges>
      <nebular grouseNardsLurkers="meetenOctofid" euskaraFeelerWitney="brome">
        <aporiasAbuleia>anergySunnier</aporiasAbuleia>
      </nebular>
      <kochabIdyllsElias sikara="unwroteRichestUnttrod" hopyard="7065">
        <washman>bothiesInjointKrone</washman>
      </kochabIdyllsElias>
    </dextralBardashRattage>
    <margedDecrownLitas>
      <rizzleFiremen>litasUngulaeGrading30</rizzleFiremen>
    </margedDecrownLitas>
    <tutors>
      <villein>547141448</villein>
      <figuresPranks>
        <skatistPercaleBrott>raifFabricClitter</skatistPercaleBrott>
      </figuresPranks>
      <inunctCoynRoscoe mimirSobberBetone="tyre" bundler="inbuilt">
        <snapoutTithersVisuals>rembleScarfeBusied</snapoutTithersVisuals>
      </inunctCoynRoscoe>
      <congaed paesano="murexidGadidsPriscan">
        <tenrec>trickle</tenrec>
      </congaed>
      <chekiPyuriasQuaked>
        <duffyEnsuedWive>elans</duffyEnsuedWive>
      </chekiPyuriasQuaked>
      <glassenMahoutFlytier inigoShayedBatussi="abanga" cloky="plumbetGodhead">
        <urgencyCubbyuTrues>heiiReroutePetted</urgencyCubbyuTrues>
      </glassenMahoutFlytier>
      <gardeIndylHagada almehPrefersAugh="salpasTertiaNaphtho" golUncusNubbier="sesmaExciseTernary">
        <whimmy>3</whimmy>
      </gardeIndylHagada>
      <upspoutImpends mascotCosaque="aseity">
        <sanityTote>ghastBusload</sanityTote>
      </upspoutImpends>
      <amidistSude ferretsNos="inadeptBefleckDrovy6" azoicHalves="ignoredBlacks">
        <loochAlkoxy>cruelsJennaUmland</loochAlkoxy>
      </amidistSude>
    </tutors>
    <lingoesShem vesper="khanYawps" yuppieAssate="wrassesStriked" sheddedSpintryFortin="508912">
      <guran>prologsFeyer</guran>
    </lingoesShem>
  </cakiestDichtFincas>
  <pilotiPersic waleBubales="anthela" deuxHalloosAdze="gangismNeillia">
    <coelomeHookingTuglike>
      <remindsZoosisIguanas>petasmaGagers</remindsZoosisIguanas>
    </coelomeHookingTuglike>
    <memos bramahUnimped="lyctusDistend">
      <sticker>wadySettlesWarrok9</sticker>
      <crickReshine>
        <lancha>16614</lancha>
      </crickReshine>
      <passen>
        <unlistyFlusher>spulyieBlowsSchule</unlistyFlusher>
      </passen>
      <evadedAvalonTracey cordia="jiffleJeelBurs">
        <towableOrewood>575703</towableOrewood>
      </evadedAvalonTracey>
      <murlackPaharia dangedPimplesTawpi="feistsSnabble" indraftDiscs="testate">
        <skibbet>scabishExhaustSocht</skibbet>
      </murlackPaharia>
      <flylessTegHomeric myophan="bowfinsBahutsFixures47">
        <liepotThroedNobis>thongsKoruna18</liepotThroedNobis>
      </flylessTegHomeric>
      <atoneEtrogim topful="eurytusBroncJewry" apidaeReetlePrevote="mahseer">
        <slounge>punan</slounge>
      </atoneEtrogim>
    </memos>
    <gcd>
      <gustardArbithMixes>sludgeDogy</gustardArbithMixes>
      <dubbin>
        <bazaarsTyne>dunner</bazaarsTyne>
      </dubbin>
      <oaterApyonin moraLeaseAlophas="scrolarEgomism" prayaSashoon="odysseyAnnuals">
        <kitcatBulandaParboil>diocoelOffload</kitcatBulandaParboil>
      </oaterApyonin>
      <mirage>
        <jochYampee>sozin75</jochYampee>
      </mirage>
      <limitedPercherRedback>
        <tarwoodNobatch>russene6113</tarwoodNobatch>
      </limitedPercherRedback>
    </gcd>
    <clerkedEthosesComose>
      <ureFructusSidle>26997</ureFructusSidle>
    </clerkedEthosesComose>
    <pleck sulkedErudite="flares" iceboxNarrate="nailingBaloneaRenn" badmenTrummelGhetto="ambitusAnergyShebang">
      <redealCowardy>enracePhials</redealCowardy>
      <sateensWinster wac="maximsNostoc" emydea="gumharJambosa">
        <escaped>sandier</escaped>
      </sateensWinster>
    </pleck>
    <cyrilExsertAivr>
      <palazzoKnysna>cacajaoChampac</palazzoKnysna>
      <warblerRibCaracol encheckWheftWyled="10">
        <howffsBank>borleyBoutadePicris</howffsBank>
      </warblerRibCaracol>
      <smitterSpud>
        <repickBlader>pupas</repickBlader>
      </smitterSpud>
      <hairpinFilleFolic>
        <rubato>fictiveBtry</rubato>
      </hairpinFilleFolic>
      <pachyma eluteKibberCawny="9" culetsGobelin="882832">
        <gingMolBummel>corydon</gingMolBummel>
      </pachyma>
      <staphDetenuUnhad>
        <gloodSmithamHemule>peised</gloodSmithamHemule>
      </staphDetenuUnhad>
      <kissedClutchySequan pkwyUnrated="soutarSuetySipid4" snite="ovalizeShopeChatot">
        <comical>975567</comical>
      </kissedClutchySequan>
      <trets flaxes="6034820" relicUnfazed="2201254">
        <triedOdoredCulpeo>whoosesBoast</triedOdoredCulpeo>
      </trets>
      <leaping>
        <unendly>7606</unendly>
      </leaping>
      <lychnisNatus>
        <boyards>2</boyards>
      </lychnisNatus>
    </cyrilExsertAivr>
    <skidlidScamlesTaroks>
      <athold>juturnaChimbsCloit</athold>
    </skidlidScamlesTaroks>
  </pilotiPersic>
</palamaEtiquet>