<?xml version="1.0"?>
<mummiedFormoseReddy>
  <upends>
    <beaningMargery temples="816872">
      <wigInlier>40507</wigInlier>
    </beaningMargery>
    <parlayJeanie>
      <cameraeTailory>garagesLykenUnpious8</cameraeTailory>
      <dobbiesDevilryAcmaea>
        <voustSolid>amateur</voustSolid>
      </dobbiesDevilryAcmaea>
      <imbauba reeruptTurgors="75" castersBimorph="fatihaTypikaGrownup5">
        <jobson>energid</jobson>
      </imbauba>
      <koss alemiteTwiglet="rites" see="togglerLadyflyFreya">
        <millileHealdRabbler>shapedCaracasPiquing</millileHealdRabbler>
      </koss>
      <olsonConicHagmena>
        <ramieTermon>71240671</ramieTermon>
      </olsonConicHagmena>
      <torvid>
        <kolasXerus>89189896</kolasXerus>
      </torvid>
      <yagnob>
        <scotaleSaneRuption>epioticSpiritsWeenty126</scotaleSaneRuption>
      </yagnob>
    </parlayJeanie>
    <caduceiEbriousFohns archonEpurateDusted="dawtSemifyPotassa" lacRudas="gillesKnutPetals" pleonic="3808445">
      <sanerSeemer>defixForlorn</sanerSeemer>
      <licitlySimples bugle="smatter476" obeliskPapagayUpped="sensaDiscour">
        <yukeVisors>smolderAnglian</yukeVisors>
      </licitlySimples>
      <dampsTrawley cabsWhapuku="evolateWrangsChatta484" airlingTaillieHaya="teatyFrizzyJeweler">
        <beckonSteamyPimp>snuggerFullage</beckonSteamyPimp>
      </dampsTrawley>
      <unprim>
        <finallyMikvah>iuusMilacre</finallyMikvah>
      </unprim>
    </caduceiEbriousFohns>
    <gabbrosRimePileus>
      <flics>daryl</flics>
    </gabbrosRimePileus>
    <cpus>
      <ohms>jainistBriard</ohms>
      <hexosanSparse chry="9297950" curbedWheezesDeked="hawkins">
        <cankersPreyfulAmbitty>60883</cankersPreyfulAmbitty>
      </hexosanSparse>
      <tikka compted="7035" chooserCumbhaAbaris="429877887">
        <nigher>planche</nigher>
      </tikka>
      <tcharik>
        <bravestTaggle>281</bravestTaggle>
      </tcharik>
      <colderOryxesDewater tirosWarded="caffeicClarts">
        <rhymic>sophism</rhymic>
      </colderOryxesDewater>
      <yaksYogees araban="95524">
        <bronkSena>61</bronkSena>
      </yaksYogees>
    </cpus>
    <dreggyMoity sanded="745192">
      <abede>douser7028</abede>
    </dreggyMoity>
    <siganidSleathyAplasia>
      <ahuatle>tortaBiscotPigmeat</ahuatle>
    </siganidSleathyAplasia>
    <chronolUdic>
      <grigri>whartGentiumRefuse</grigri>
      <diveKoswite>
        <waresSlup>postilOvatedEvil</waresSlup>
      </diveKoswite>
      <brokeryCitable>
        <gaeShunsSlotman>nidaryUnhelmGamgee67</gaeShunsSlotman>
      </brokeryCitable>
      <yonFain epiky="4">
        <helplyDioptryDurango>umpireTrodCalyxes882</helplyDioptryDurango>
      </yonFain>
      <unkamedOliverNoter irrupt="309380">
        <iodate>sennaTitano</iodate>
      </unkamedOliverNoter>
      <famaBodierInitio>
        <unawed>tuppenyAnagap</unawed>
      </famaBodierInitio>
      <leady>
        <decorGigtree>28366791</decorGigtree>
      </leady>
      <pultun>
        <mestizoSalol>nakerBulkHederin</mestizoSalol>
      </pultun>
    </chronolUdic>
    <grimsir bedaweeGaymentUxoris="borago">
      <naturedNubbly>capriFontalCertis184</naturedNubbly>
      <photoJudoPipeman resighUnglee="doughAcraniaVastly" baybushBaizas="4158">
        <dinkumCliverVulvar>forraBulbel</dinkumCliverVulvar>
      </photoJudoPipeman>
      <blotterWindowy>
        <gapersTeapotsFeature>760428</gapersTeapotsFeature>
      </blotterWindowy>
      <eternalCadwellRange>
        <rapacesGutteryJewess>gleaveBarish</rapacesGutteryJewess>
      </eternalCadwellRange>
      <ronaldRedden scurfsSimballWryer="aleeStolon">
        <mahewu>mitThecoidSiganus</mahewu>
      </ronaldRedden>
    </grimsir>
    <fueling>
      <prevued>serringVulturn</prevued>
      <baroccoVerbyDullish worthsEwery="bachPooaDeashed22" peacesAbay="gamblerDigne">
        <gliaUnvisorFerae>1554</gliaUnvisorFerae>
      </baroccoVerbyDullish>
      <vitrain boschHocuses="55421114" decise="588123136">
        <holmes>4863</holmes>
      </vitrain>
      <sergesGedds>
        <toledoBeyliks>seapostJiltishArician</toledoBeyliks>
      </sergesGedds>
      <tua nakhodSoldersSoulz="everichMujiks31" broachUnlid="soakers">
        <crushesClaudia>matra</crushesClaudia>
      </tua>
      <oonsConvictBaja primmerArboralLifer="pukyRhondaStomate">
        <gadaeaRepark>limned</gadaeaRepark>
      </oonsConvictBaja>
      <butlerCaesura>
        <swabbleMercuryButter>coroadoVastierHoverer</swabbleMercuryButter>
      </butlerCaesura>
      <untinRapids jubhahSteroid="9287" unpaidRidBuyers="stutter">
        <osmond>herdic</osmond>
      </untinRapids>
      <heyghPicoteeFeridgi arsonic="raphiaDecurt" unendly="cystomaAthymyWheres8826">
        <mousoniSibber>trant5</mousoniSibber>
      </heyghPicoteeFeridgi>
      <intuent sebatAdjtRowels="filleul" morendo="panzers">
        <towageFlows>goatees</towageFlows>
      </intuent>
    </fueling>
    <locrine puzzleJangkarBohawn="noduleScarcer" envault="origUreBackcap691">
      <impaledEpipialRills>belaJamboHakam6864</impaledEpipialRills>
    </locrine>
    <katat>
      <surhaiLat>agelausSicesLegends</surhaiLat>
    </katat>
    <salianCanyon>
      <ctsScowed>yeltVisayanHexeris16</ctsScowed>
      <barflyUptwist dewed="8" xenon="53">
        <saltery>fack8</saltery>
      </barflyUptwist>
      <meltith meuEvase="kanakaBragas" coursedUntornBrayera="65392172">
        <costaeArgans>teetee</costaeArgans>
      </meltith>
      <sunward>
        <gluteal>59</gluteal>
      </sunward>
    </salianCanyon>
  </upends>
  <tropicsLopperWokas guazuti="palmulaFinific" mages="652" guacoOnward="eches7" madlyOperant="longus47">
    <boseyOxphonyTrumped venetesOutcaseEductor="uparnaRobotsRegmata" varangiRedrag="oremanPargoCroape43">
      <raptEigh>issuantGummedAtrypa6466</raptEigh>
    </boseyOxphonyTrumped>
    <pathway>
      <favissa>fribbyTushed</favissa>
    </pathway>
    <laccinPuggedCafila>
      <snotsDeaningGambang>coder</snotsDeaningGambang>
      <emulge grazieNagglePronuba="pityBimbil">
        <waiwaiQuoited>semicup</waiwaiQuoited>
      </emulge>
      <sadheAgioAgapeti>
        <threep>whaukAry</threep>
      </sadheAgioAgapeti>
      <caroa aery="ruptiveDinero">
        <coneGothismPotshot>drayman3</coneGothismPotshot>
      </caroa>
      <quarrelZoisite>
        <imbody>tied</imbody>
      </quarrelZoisite>
      <threadTrainer>
        <bliss>stalest</bliss>
      </threadTrainer>
      <nigging plumerTaughtHoodcap="duckiesDorsale" retornNowadayTsking="affirmSecohm8575">
        <prowedAlodyRudolph>wedgeFalisci</prowedAlodyRudolph>
      </nigging>
    </laccinPuggedCafila>
    <coreyFisted matapan="rebentNuddle" brecht="battikMidwardVampyre">
      <dolliesEpipanyJedding>floreta</dolliesEpipanyJedding>
    </coreyFisted>
    <carina silkieDoodlesSetula="gypsBullion">
      <shelvyAbducesPuist>132</shelvyAbducesPuist>
    </carina>
    <naggedGumihan>
      <surveys>abacistChromic606</surveys>
    </naggedGumihan>
    <grafPotatoLightly>
      <woneGoladar>anginaRewake</woneGoladar>
      <hivingAmritaUndust uncrossWatterGulonic="cepheusBaser">
        <irishryUpcarry>wasatch</irishryUpcarry>
      </hivingAmritaUndust>
      <asuriStylistPresa muraled="carnousLousyTheezan9">
        <sustain>ospore</sustain>
      </asuriStylistPresa>
      <ida>
        <awakingModally>snaggyPulyBaldie</awakingModally>
      </ida>
      <aplitic dessa="spitzerBoutelCham">
        <yoweDottel>arrestsFirmingWampish</yoweDottel>
      </aplitic>
    </grafPotatoLightly>
    <pointed>
      <aloyau>timers</aloyau>
      <centiarBookery>
        <godward>dhurrie</godward>
      </centiarBookery>
      <daybedDudsScolex frosted="tonjonHecks" knarl="fiarsDioxy">
        <sumass>5811584</sumass>
      </daybedDudsScolex>
      <ambientServ pernine="ursidBismuth" eildTampoyGibsons="bausondGaulish">
        <ascotsUncapsPollan>634759</ascotsUncapsPollan>
      </ambientServ>
      <darns>
        <stugAmigosKuman>polk</stugAmigosKuman>
      </darns>
      <zamarroAbbasiFreet>
        <draw>hwylGurdy</draw>
      </zamarroAbbasiFreet>
      <limniteMercat blancoStipo="metopes">
        <redartBoating>repliesImplant</redartBoating>
      </limniteMercat>
      <cottrel>
        <sailsPepla>slaggedTankieWinnard</sailsPepla>
      </cottrel>
      <pycniumHarnsDoltish croftsAncoral="timableMunseeDixain">
        <tpsZion>pattingMetho</tpsZion>
      </pycniumHarnsDoltish>
      <helpsIgitur retiaryInknotMawworm="44553457" planned="mummify">
        <crimpy>26637</crimpy>
      </helpsIgitur>
    </pointed>
    <anounouChakrasEnhort>
      <jettru>furivaeUpas</jettru>
      <aquatePolistaLaccic forcut="deedCrewcutHawbuck">
        <moaned>mucklesMagneta</moaned>
      </aquatePolistaLaccic>
      <matchet arrackLimulid="verstRikshaw33" socialsSwishesHeyday="asalePledgorTacker">
        <charqui>nachoRewearRecco</charqui>
      </matchet>
      <pailRedealtPaar mazhabiYowed="gualaca">
        <ahsanZaffresFixing>oblate</ahsanZaffresFixing>
      </pailRedealtPaar>
      <precess>
        <jangleEnstar>lollsGarboHitoshi</jangleEnstar>
      </precess>
      <raman>
        <sayyidFulwa>684</sayyidFulwa>
      </raman>
      <tripery>
        <flat>pranged</flat>
      </tripery>
      <sobeitAcale sonsy="8" ones="chouserHankulBeaches">
        <shales>dsname</shales>
      </sobeitAcale>
    </anounouChakrasEnhort>
    <subdualTooter>
      <coypous>duredIncomes</coypous>
    </subdualTooter>
    <pottleBarlows>
      <giaourKhassSprose>heroifyUnpave</giaourKhassSprose>
    </pottleBarlows>
    <lictorBeaver oakletKeglersCities="889340390" unfitly="plashedWepman" tock="matsueLilts">
      <vialedThreadCallant>bulimia</vialedThreadCallant>
    </lictorBeaver>
    <prenderGloats toperAcacia="butBegariWinked">
      <gunneraVick>timbalsPotgun</gunneraVick>
    </prenderGloats>
  </tropicsLopperWokas>
  <masonerBisonCrowder feelGaunt="rhabarbBearerSoogeed" scooterMirier="44167" diapasmSwingedVails="cog51" />
  <harpsEmusIsrael />
  <kwapa sclaffWauveMahsir="subjAccurseUpupa" trinaGeodalVauxite="coalbagEnemiedAlcedo" apodemaDentsPikey="33" />
  <throddyUnshave plyJecoralTreason="foilerAlala" menowRoti="mikronsShukriaGodling" chipMiurus="flowCabaretRocks" rundaleHooleyHoy="civetsCluppe449">
    <balsamoCases>
      <grappasTingeArupa>dioxaneAttorns</grappasTingeArupa>
    </balsamoCases>
    <rakefulCoilFlams gogglerBeefily="watterDarghinFancier1">
      <conniesAmorphiAfar>4</conniesAmorphiAfar>
    </rakefulCoilFlams>
    <genalBassistVoilier aranga="busloadMadtom1">
      <lotto>173346155</lotto>
      <cesuraeAccueil snagrelEmmets="romanshButtled" astir="outman">
        <grousesBarwing>harnessChoyaWarmup</grousesBarwing>
      </cesuraeAccueil>
      <satura bopyridJewless="78970" sputaCrambly="bracked">
        <saggardEyessTinners>shahi174</saggardEyessTinners>
      </satura>
      <ilokanoShrilly cavallyCycadsAmparo="bluffer">
        <bikini>blackie</bikini>
      </ilokanoShrilly>
    </genalBassistVoilier>
    <wailerCordiaZoonite sizingBelah="anilsGeswarpGanoin">
      <lav>dultInkhorn</lav>
    </wailerCordiaZoonite>
    <theezan>
      <cretanSasanEpigeic>5457</cretanSasanEpigeic>
      <asbolinMargery klva="feoffedLinacs" morgueUnrived="agaliteCatery945">
        <vilela>decard</vilela>
      </asbolinMargery>
      <quizzer thiasiTeckKryptic="sinnetCithernPolaxis">
        <dakotanRainbowGurney>turfite</dakotanRainbowGurney>
      </quizzer>
      <ripstopKinneryZapotec>
        <upswept>fele8496</upswept>
      </ripstopKinneryZapotec>
      <flus yerthSiddurs="nobodydExpound">
        <canzoneUnhomeHumbuzz>ameluLemma</canzoneUnhomeHumbuzz>
      </flus>
      <cloteVorpalCabrit tarquinYett="grovesEzod" toryize="baaskap">
        <acheronArsinesAmphid>forthgoPatly</acheronArsinesAmphid>
      </cloteVorpalCabrit>
      <rouilleSlickly>
        <exciple>geraeraCohibitSenlac</exciple>
      </rouilleSlickly>
      <balmilyImburseSensism upcomeErmani="4477">
        <kaibabTjandi>jelib</kaibabTjandi>
      </balmilyImburseSensism>
      <enoilEnforceAyen heapingBatfulReties="bandor" azoxyAshraf="glamorsMowsFucus887">
        <hakims>pows</hakims>
      </enoilEnforceAyen>
    </theezan>
    <stenosPurslet>
      <firsterArtlessAsgd>limbosCatnepCramble</firsterArtlessAsgd>
    </stenosPurslet>
  </throddyUnshave>
</mummiedFormoseReddy>