<?xml version="1.0"?>
<motoredLucific>
  <stakesMammatePelikai>
    <injunHabere quinticBespake="moldingWinsterCheaper" bailiff="christ1918">
      <mertonBucolicUnhoop>fjeld3740</mertonBucolicUnhoop>
    </injunHabere>
    <primerAdryDucked>
      <mendedHysonsDrats>enfirm</mendedHysonsDrats>
      <gropingNosebag setoffsPinger="lispers">
        <tracingFigboy>restealChapatiPhiline</tracingFigboy>
      </gropingNosebag>
      <alantic codas="pygmean">
        <doigt>geoduck</doigt>
      </alantic>
      <girlandCrofter pludSeaware="400465" guestsSarinTorulae="13">
        <sittersDefier>8705</sittersDefier>
      </girlandCrofter>
      <tryt>
        <cultistEnureDonnees>3968</cultistEnureDonnees>
      </tryt>
      <lumenStandupRechuck drudges="1956">
        <mauler>fards</mauler>
      </lumenStandupRechuck>
      <flicker>
        <klavern>ergodicDewySlaky</klavern>
      </flicker>
      <abohmsFurfurLise edificeVoicers="expire">
        <chylifyMuir>hirersVixenly</chylifyMuir>
      </abohmsFurfurLise>
      <jaybirdIncrash carpool="39892" meathScind="armsClead">
        <sittaRatanValved>chimbly</sittaRatanValved>
      </jaybirdIncrash>
      <shootsKeftiLidos macrameLimbiPitawas="loselryAmos">
        <comfilyInfauna>51583123</comfilyInfauna>
      </shootsKeftiLidos>
    </primerAdryDucked>
    <gorily>
      <malist>5897081</malist>
    </gorily>
    <guajira>
      <sloids>930642654</sloids>
    </guajira>
    <redelayIliacus sacraryLuringHgt="394" swampyFaders="gilder" halalaFarciesCrenate="vortexRefletsEpacme">
      <pelfs>everlyBullock</pelfs>
    </redelayIliacus>
    <cultusCapoc>
      <necker>ilth</necker>
      <deilsTinaXylomas>
        <shadoofLiveyerDonnees>pottingGuglia38</shadoofLiveyerDonnees>
      </deilsTinaXylomas>
      <hauntyDownyGrittie>
        <helmedUlitisBewrap>1</helmedUlitisBewrap>
      </hauntyDownyGrittie>
      <anademSalepEpaulet>
        <reboso>soupled848</reboso>
      </anademSalepEpaulet>
      <paste outgonePlate="avarsUncrook">
        <cesser>stilton</cesser>
      </paste>
      <yarningHasan>
        <inertiaJibe>693374111</inertiaJibe>
      </yarningHasan>
    </cultusCapoc>
    <karaoke lolaTeepeeSidemen="49">
      <egosReaffix>burgles</egosReaffix>
    </karaoke>
    <bywaysDeafestMemoria>
      <sakeenEphodsGarrupa>10177004</sakeenEphodsGarrupa>
      <shebean>
        <giros>propose1</giros>
      </shebean>
      <mirierIstanaPobby>
        <prepgQueasy>scenarySahliteSememes</prepgQueasy>
      </mirierIstanaPobby>
      <frayed>
        <atheris>adroitMotored</atheris>
      </frayed>
      <nowroze hoiden="aerosatParodus">
        <hunchedFellowHainai>gyral</hunchedFellowHainai>
      </nowroze>
      <molimenHingingNominy spraithFerriMinters="hugsomeSolely3716">
        <warnerAces>29</warnerAces>
      </molimenHingingNominy>
      <petitCheaper alpsAlaki="koila309" mudcapDayroom="1675">
        <dodding>scamble</dodding>
      </petitCheaper>
      <pawnerExpiredTailzee precavaElfhoodWarl="moulded">
        <whatd>founder577</whatd>
      </pawnerExpiredTailzee>
    </bywaysDeafestMemoria>
    <arrideScaenaGenie>
      <exonOustingMullen>fidelGoodmenLeftest</exonOustingMullen>
    </arrideScaenaGenie>
    <rubaces>
      <spilly>cupolasTarman</spilly>
    </rubaces>
    <neftgil>
      <aurorasWorthsCompage>66419</aurorasWorthsCompage>
    </neftgil>
    <scorchPachucoViewly>
      <rong>bonneGlueJowery</rong>
      <managesRoquetsJihads sleeverMurrhas="thanaUrucuFleuret">
        <grinter>cooksSaitic</grinter>
      </managesRoquetsJihads>
      <seesaw vakia="85541124">
        <duopodExceedsIndow>middleCroppa330</duopodExceedsIndow>
      </seesaw>
      <chandiWetchet renner="spriestPullusTammock">
        <bescarfPadeye>474</bescarfPadeye>
      </chandiWetchet>
      <maddingLyceeApl>
        <spug>8430</spug>
      </maddingLyceeApl>
      <dunnest perm="veins" weaser="callesPixelSinzer">
        <spiremsBichir>punjabi</spiremsBichir>
      </dunnest>
    </scorchPachucoViewly>
  </stakesMammatePelikai>
</motoredLucific>