<?xml version="1.0"?>
<noosersMoolahs>
  <femceeStrae>
    <apologs epicism="waying" loutre="37721">
      <turtler>52601383</turtler>
      <scoochSumperBeowulf minyansAlkanalRefs="ellStekan" adluminMowra="yatiBurman">
        <maniocsSabre>coxa</maniocsSabre>
      </scoochSumperBeowulf>
      <schmoeHumanly hoursGrammesSolans="feintsHyaline160">
        <markabChobdarPitpit>lykenLockersMideast</markabChobdarPitpit>
      </schmoeHumanly>
      <swapsBahimaSacket>
        <otocystFrutify>twifoldWinemay</otocystFrutify>
      </swapsBahimaSacket>
      <woof>
        <heratFimetic>pigmeatSonhood</heratFimetic>
      </woof>
      <melasDropax>
        <punctusJawhole>pacayaUri</punctusJawhole>
      </melasDropax>
      <bouetDebases>
        <dichord>834</dichord>
      </bouetDebases>
      <devotedPorcula tinamou="gamahe" japetus="predoom">
        <elainsTerassIndulin>eppes306</elainsTerassIndulin>
      </devotedPorcula>
      <feoffs edge="784764">
        <atesSilen>dyingsAlgorab</atesSilen>
      </feoffs>
      <semoted>
        <sicana>drawk</sicana>
      </semoted>
    </apologs>
    <becauseAsseal yorkerUnsleek="tetotumVerily">
      <anthineIndicesNephele>odoredCabildo</anthineIndicesNephele>
    </becauseAsseal>
    <fetialBibl truck="spendDamonSutras">
      <bework>boraces</bework>
    </fetialBibl>
    <disband confuteAtingleScummed="triariiTorCarryon">
      <huppahsCurvierRheen>exalte</huppahsCurvierRheen>
    </disband>
    <dogcart>
      <crampetUpgirds>studiumTurbots</crampetUpgirds>
      <hakdarStraik>
        <stagerTezkere>5311984</stagerTezkere>
      </hakdarStraik>
      <obiismsScopusSuber pitmark="pcmTruncalBarbar">
        <ledolSki>plewghCrinite</ledolSki>
      </obiismsScopusSuber>
      <offlineFumblerTrehala ligeLeaguerCardiac="scrapeSaggardTabored59" sadiTyche="loutish">
        <gamutCompregGuised>5919</gamutCompregGuised>
      </offlineFumblerTrehala>
      <cabiriaAntjar jarmoSkeezix="remarry" dintedHangups="mirks4">
        <hyperon>begorahBoyishHansard</hyperon>
      </cabiriaAntjar>
      <pomelosOuabain>
        <hellosBespin>items</hellosBespin>
      </pomelosOuabain>
      <rosiest>
        <hayband>trainsGawishWeevil</hayband>
      </rosiest>
      <murlackExpanse venulaKoph="blunt" tacticsTwyverSwanpan="stheneDamarsWarth">
        <bookersDoghead>imineIguvine</bookersDoghead>
      </murlackExpanse>
      <aune ullCaribalPivot="oomph">
        <prowGiblehPaddled>instilBrownly</prowGiblehPaddled>
      </aune>
    </dogcart>
    <mygalid sori="lumbagoBorDonnick" bagmanPinonesDruith="5" pressedIolitePhrasal="ephod30">
      <yedeFibrinsRetried>emerizeTapnetSooner</yedeFibrinsRetried>
    </mygalid>
  </femceeStrae>
</noosersMoolahs>