<?xml version="1.0"?>
<unmadMiked>
  <estoileEquineBohemia />
  <solidlyLottedZinke nuragh="512145218" />
  <eadiDartersVoicer iriticCaimansCarlist="flirtedGidyeaWiddies" latiJots="egestaWashin" phonism="catdomReemingGnarly" />
  <jabiruFiliate ingrowCapererDeports="faredNervalAlberge" jagataiDawtieEnter="gooseryBiopsic1996" gave="rigol" />
  <elegy peersNestedUnjust="ginnersAphasia" shoatsEvectorTornesi="nibbledCroupesPaiker" oaklandNomap="antship" />
  <ooidal abysmsChlamydCheve="koyanHordesXanthyl" hellman="hackneyWiglets" />
  <piranhaNizy virasonSamites="kamianJawholeBerths" vacateGrateQuicken="doomWiggery">
    <thuliumBoroniaSoughs beardy="pinner55">
      <haunchBatable>agues</haunchBatable>
      <eonsMyrrhs>
        <jewfishComdrLegates>cirrhus</jewfishComdrLegates>
      </eonsMyrrhs>
      <pioxeMycelia>
        <chesses>guzzlerAbjurerSpacy</chesses>
      </pioxeMycelia>
    </thuliumBoroniaSoughs>
    <upwallFess>
      <gesithPhasersPrimi>phocianLibralSwabian34</gesithPhasersPrimi>
      <felsGainor bagwigs="quent" teasInfight="rillesSturt">
        <rattage>graipTshi</rattage>
      </felsGainor>
      <elfwort mukden="odorizeUnjoinKolkoz" shahiUnnotedByth="concrew">
        <bareges>didine</bareges>
      </elfwort>
      <jabiruNonform>
        <saditePalt>psychosBdsKob</saditePalt>
      </jabiruNonform>
      <wampeeAbsorbsEnamel lurdans="muzzierUncurseSar">
        <prismyMassig>diopterLunkersMagilps</prismyMassig>
      </wampeeAbsorbsEnamel>
      <cramAlly pogoniaBoldedTonguy="218724377">
        <therellLipsJeel>genioBoucher22</therellLipsJeel>
      </cramAlly>
      <walkeneZamias beffroyRedbone="tremorBereanDelimes" notaliaGeomyidJames="unreadRelived">
        <tagulaRaguly>sextus</tagulaRaguly>
      </walkeneZamias>
      <veily dowf="pamelaZieger">
        <knorrKiluck>quakingDeifierBeroida</knorrKiluck>
      </veily>
      <busuutiBecolme kuficDamesEyot="besterKiter" bars="reindue">
        <gidgeeAlhagi>857729</gidgeeAlhagi>
      </busuutiBecolme>
    </upwallFess>
    <kenemaTecuma>
      <idaeanTeaches>levees</idaeanTeaches>
      <slursPageboyHelver wrastleDimoric="galax" mazdean="alalaCyeses8325">
        <array>soorahUntzTapmost</array>
      </slursPageboyHelver>
      <resawsCopying>
        <grail>hickeysHelicon</grail>
      </resawsCopying>
      <calamarBaldBethump glaived="479">
        <wurleyToilingNighed>mussDomentConred</wurleyToilingNighed>
      </calamarBaldBethump>
      <divide surhaiDownsetOtotoi="gyredHainVira">
        <guichet>cedrelaMohalimChore</guichet>
      </divide>
      <rotatorLikest>
        <laplandDuals>platyMyiasisCamises</laplandDuals>
      </rotatorLikest>
      <athbashYamalkaDeeding meatier="noctenStoury" sofaEbonizeTeatman="rosilyToryize">
        <hangYenteRinger>pewOglala</hangYenteRinger>
      </athbashYamalkaDeeding>
      <riveledSlypes incisedSamucan="outhornGlutenCowls">
        <braizesJugulaPrittle>rimateCaconymWows</braizesJugulaPrittle>
      </riveledSlypes>
      <refeedsUnsay greatenCpiHarish="58001">
        <figwort>3</figwort>
      </refeedsUnsay>
    </kenemaTecuma>
    <bayousMaculaTwangle>
      <taoistFideismHache>unspikeLing</taoistFideismHache>
      <peiktha sarsenDashingLettiga="bichirGutweedFplot">
        <yatigan>antaivaCramp</yatigan>
      </peiktha>
      <noosedCarolin>
        <pathedErenowCetacea>banco</pathedErenowCetacea>
      </noosedCarolin>
      <emma>
        <thegnly>threw</thegnly>
      </emma>
      <vacBowpots adepsCymry="664">
        <sidearm>adawe7</sidearm>
      </vacBowpots>
      <centavo aldenClangerFougue="meristShrapLambed" niobeManilleExodus="obtains">
        <ovulaThrongsKamao>lappetFdtype</ovulaThrongsKamao>
      </centavo>
      <turwarBalooNamda disloadNigger="gwely8">
        <usantDrabberHondo>drayElevens</usantDrabberHondo>
      </turwarBalooNamda>
      <proxied>
        <fulgideSallyAbba>platineNeoShewa</fulgideSallyAbba>
      </proxied>
      <puget>
        <tootlesNourice>abortsPalmoEcphory</tootlesNourice>
      </puget>
    </bayousMaculaTwangle>
    <hesterPulingForsung>
      <faraday>gentiinCmlMollusc728</faraday>
    </hesterPulingForsung>
    <sallowMuclucLosh krautsStepsonCurtein="telaryGrinLeptid2" mimeoed="cootTchr">
      <britany>barokoKakkak</britany>
    </sallowMuclucLosh>
    <psycterBegnaw mockerApexed="voyeuseCurbCaprate" wettishNepal="coitureTaryba">
      <assisanGeonDocking>629</assisanGeonDocking>
      <yamen>
        <fackEnajim>klephtsOont</fackEnajim>
      </yamen>
      <hooding banians="rousedEyecupFulmars">
        <feyest>those</feyest>
      </hooding>
      <yeggRuerGyric>
        <fraps>redroveRegrate</fraps>
      </yeggRuerGyric>
      <kneepan slypeRodsmenRumours="kittedSaladsSclera" tinnier="axman">
        <hamatum>untightSchussSouchie</hamatum>
      </kneepan>
      <donneesSethic>
        <tebethFrenulaHapten>53649</tebethFrenulaHapten>
      </donneesSethic>
      <grugrus sapinda="kafirsBblsCordons" tempi="tattoo15">
        <zipless>haresWoodlotGibaro</zipless>
      </grugrus>
      <thewsHobblesPlumage akwapim="quidder" arcualShellum="nemeses">
        <kajPleny>38</kajPleny>
      </thewsHobblesPlumage>
      <kempts cottonyDaimios="299">
        <muscoseConfideMantel>265854799</muscoseConfideMantel>
      </kempts>
    </psycterBegnaw>
    <patdFerieAdders aureiKella="unwormyProwess626" patterNutantRevay="make">
      <lahndaSluicyFoxship>gonofEtang</lahndaSluicyFoxship>
      <girella>
        <razourUppishItsy>humect397</razourUppishItsy>
      </girella>
      <pedlarSanty doll="smackedFoldenDeplore">
        <injoint>warlessRepin9773</injoint>
      </pedlarSanty>
      <cortonSeason subfusk="50502" bhavanCallo="catodonOdorfulUnsnare">
        <testShamsNest>provolaGuckTasian</testShamsNest>
      </cortonSeason>
      <ovulateBarrackRakh ham="verboseChasteFeedbox">
        <tindal>7052163</tindal>
      </ovulateBarrackRakh>
    </patdFerieAdders>
    <feridjiAggryBavin strowd="leafletKrantz8" smervyKadayaFlensed="fluidlyKidderHeliced" chumuluPrimeurTrankum="camailFlower">
      <enderonPassmanAdenin>crosser3</enderonPassmanAdenin>
    </feridjiAggryBavin>
    <gallousBaul>
      <nipplesEnse>pickmaw</nipplesEnse>
      <milledConditeTrek asinego="17195">
        <tampersSkua>6010497</tampersSkua>
      </milledConditeTrek>
      <baheraFliesHedger joulesAdriana="fitchet" maltyThriftHoper="782379">
        <flybeltPuberalTrover>abroachWoodish</flybeltPuberalTrover>
      </baheraFliesHedger>
      <chevinBerith recasePuffing="bestian" emeline="roosaTaplashDrawk">
        <bluefinImpasse>woofersPrawnerBedrail147</bluefinImpasse>
      </chevinBerith>
      <sommite pomeElleck="seatsDojos">
        <succuss>smokos</succuss>
      </sommite>
    </gallousBaul>
    <topmaulEmbogue>
      <cartway>azurineWhealy</cartway>
      <scopes richest="quarlePretireHattery3581">
        <papposeSlockerClosed>48</papposeSlockerClosed>
      </scopes>
      <beetflyHillel nebAsg="comingDerbiesStegh" tortrixInciteDiander="bcd">
        <jesse>ataunt</jesse>
      </beetflyHillel>
      <enwoveFavuses>
        <tuumInfect>theasumEuthymy892</tuumInfect>
      </enwoveFavuses>
      <aclemonNattilyWeedow>
        <pedaloMargot>496223</pedaloMargot>
      </aclemonNattilyWeedow>
      <opusesSigmas ravingsApiculi="scalierEktene">
        <lassoerLokaoNael>fictor</lassoerLokaoNael>
      </opusesSigmas>
      <reshunt bundies="ectatic">
        <ferrary>cuteUpnessSerin</ferrary>
      </reshunt>
      <enlimn enfreeFunnelsLaxer="liggerPiper2643">
        <biblosTawhid>dartos</biblosTawhid>
      </enlimn>
      <limeman topples="pilineSemipro">
        <sledfulWiping>indited</sledfulWiping>
      </limeman>
    </topmaulEmbogue>
    <scarerLoosestAcid>
      <cojoinArmenicTicul>barundiMilitiaWaddler50</cojoinArmenicTicul>
      <tripledShipwayDirects mendePompoonEdeitis="galaticEnblocKimono" defuzeUtah="mastmen">
        <amebianIncivic>tassetMorfondGerres292</amebianIncivic>
      </tripledShipwayDirects>
      <piddledHullersMaddock>
        <arend>23</arend>
      </piddledHullersMaddock>
      <remotedOboistsHustles waltyKippy="waspChekker" suranalAssify="bilobedOleoCheyney">
        <saggardCeltisBonnne>3028492</saggardCeltisBonnne>
      </remotedOboistsHustles>
    </scarerLoosestAcid>
    <unmoralEelware>
      <muddler>eddieAdurentCumbly</muddler>
    </unmoralEelware>
  </piranhaNizy>
  <upborne />
  <datesCrudityPaut expends="5821601" pelvisCrwthsGrippal="979" mibDiscaseSubbase="adjudge">
    <rebrownAvatars>
      <condoleWheyeyTunful>plottGuetar</condoleWheyeyTunful>
    </rebrownAvatars>
    <bluefin>
      <bazoos>93781517</bazoos>
      <desexedImpshipZmudz bardess="palkee">
        <pholcusStiteAzoles>razzedKinetinCarlin</pholcusStiteAzoles>
      </desexedImpshipZmudz>
      <ghuz viatorsJurevisCodling="80616">
        <mutillaOghamic>hudson</mutillaOghamic>
      </ghuz>
      <roricTusayanCocytus>
        <kapok>7051124</kapok>
      </roricTusayanCocytus>
    </bluefin>
    <muriel scap="amiray6383" thackedCuishesMastful="colies" shoad="curucuiSenegasSpinose">
      <servedChinny>ronnelsFowentCleaved8579</servedChinny>
      <gregosSetarid>
        <punjum>uncauseAthenor</punjum>
      </gregosSetarid>
      <thermeDinner advices="mitrateCrudely">
        <cuffyTassal>poodlesUngleeAptly</cuffyTassal>
      </thermeDinner>
      <debunksNaivelySett>
        <hirsels>amnesty57</hirsels>
      </debunksNaivelySett>
      <itemsVedanaCalving lentosYamun="berat">
        <kristin>971213</kristin>
      </itemsVedanaCalving>
      <spokyArmlockCozened thecialDangedParergy="quoteQuasi">
        <staab>refeed</staab>
      </spokyArmlockCozened>
      <apair salamo="ciderAtik" xylogen="deric">
        <semnaeUnicedFlag>74308</semnaeUnicedFlag>
      </apair>
      <dsect albumFixer="cockled" lusherAmusersSawwort="crestedCochalChivied">
        <liquet>distnSaburra</liquet>
      </dsect>
      <scaleniRecrush>
        <factyFealtyCliffy>codecBiopsicOralize</factyFealtyCliffy>
      </scaleniRecrush>
    </muriel>
    <infixalDidymis>
      <hocked>factoryRoaches</hocked>
      <attornsFables>
        <confisk>frenum</confisk>
      </attornsFables>
      <opossumFautor osmanieAftersPaxilla="gibbousSeventyTwit" kefMurlin="inkraWeren">
        <shagSewarsPross>skelpitWaasiDuumvir71</shagSewarsPross>
      </opossumFautor>
      <anoxicArniShucked equatesBescornLegacy="354041419">
        <korean>savorerScriptoRecoin</korean>
      </anoxicArniShucked>
      <foinHulloo>
        <zingana>vanda</zingana>
      </foinHulloo>
      <fugallyBigCabble culet="cella">
        <harnDowmentPharos>daggyRoily</harnDowmentPharos>
      </fugallyBigCabble>
    </infixalDidymis>
    <tinware oreadHolms="spolia" malleus="aclinalCivoryWey" aurigalHogs="489165733">
      <masterSoles>22822494</masterSoles>
    </tinware>
    <creadEnd>
      <radialsTxtBlad>chrySuine</radialsTxtBlad>
      <lockedSubtendSkat sphagiaFusoid="ameletDirtier767">
        <nichtZarebasSurety>973</nichtZarebasSurety>
      </lockedSubtendSkat>
      <bagnios untoughCurplePipil="pilaff" cohoshDaintCoke="succesAnniteEzod508">
        <cidersPuca>outboxSportly</cidersPuca>
      </bagnios>
      <mymarManes reusingCytol="idolismRubbeeBustles8691">
        <boxier>5570074</boxier>
      </mymarManes>
      <coueism sikaraCarrs="wytingCockney5206" lippensLiveryStooges="dustierAronia418">
        <estmark>semiFarersMomisms</estmark>
      </coueism>
      <zaberma heehawTherese="pardePecoraHorray">
        <guareaMica>ampoule2</guareaMica>
      </zaberma>
      <enjelly lazIon="rheumyHasky" sicketSpikDollop="ratitesBargees">
        <saughenCurtail>biofogTetty986</saughenCurtail>
      </enjelly>
      <rivieraChef circusySchoutThawn="icicled">
        <finewed>bendeeTarzansJewing</finewed>
      </rivieraChef>
      <bikersBroeboeHuzzas arabanaLauterAriser="birdieSwerved" farciScatterGeminid="hydnoidAmateSerian">
        <bromo>724754</bromo>
      </bikersBroeboeHuzzas>
    </creadEnd>
    <mundaAitsVisaya>
      <towny>lookedDienesGappy</towny>
    </mundaAitsVisaya>
    <flores>
      <chutney>tapeteNextMelinis</chutney>
      <mawGolemLumine oleariaSpursTroat="pimasRibald" downsDrearPappi="faySakell">
        <ghalvaBenmostSurd>wantons</ghalvaBenmostSurd>
      </mawGolemLumine>
      <comfier duelFootiePetits="603587060">
        <chortiChevre>esseneRescore673</chortiChevre>
      </comfier>
      <coe formene="precantWehner">
        <hangbyUlpanimTailed>281986721</hangbyUlpanimTailed>
      </coe>
      <eggarsZoo>
        <mimly>64328</mimly>
      </eggarsZoo>
      <tidiesTrull wechtTippled="havocLdgPeste">
        <kulimitBedreadScreeve>pyalla</kulimitBedreadScreeve>
      </tidiesTrull>
      <fdtype varellaPegallEuonymy="glanderStullsWervel">
        <bulldog>8</bulldog>
      </fdtype>
      <biogen takedInlands="prosUnmould">
        <crookReweaveGnawed>vodkaMiffed</crookReweaveGnawed>
      </biogen>
    </flores>
  </datesCrudityPaut>
</unmadMiked>