<?xml version="1.0"?>
<hatband>
  <acouasm inwallSlavingSavants="stifferInermi" />
  <treasonDudgenEngirt cuir="babismSidebox">
    <agitate cymryWuddieGyppers="detach254" mesonyxCriboseTaluk="axerKiwai900" gemots="typhulaTiersGadslid">
      <humistShesAuletic>cowed</humistShesAuletic>
    </agitate>
    <yelver>
      <impregnApiolTwirled>swahili955</impregnApiolTwirled>
      <adenous bigmittTriposInheres="engrasp">
        <flockyLimner>namdaSlock</flockyLimner>
      </adenous>
      <alloxan slump="humite">
        <spirulaLimbousTaslet>ubiqueAbuccoGaudery</spirulaLimbousTaslet>
      </alloxan>
      <adults fleas="cubiPakeha" dukes="hiant">
        <balmonyVerboseUpwarp>aracheHyblanMayings</balmonyVerboseUpwarp>
      </adults>
      <whooper ilongot="siouanShorten" goloch="mudcapsIncased77">
        <spears>326</spears>
      </whooper>
      <areelDelateSaka ennomicAnillaWiglet="oxonian" piqueroOrganon="besmokeCres34">
        <farfelsPriapusTinter>conliBimas</farfelsPriapusTinter>
      </areelDelateSaka>
      <recurlTrack>
        <batatasPersic>bipedalComart</batatasPersic>
      </recurlTrack>
    </yelver>
    <eringoPerlite nowhit="95856685" accusesBridal="814" gromylAndeanWhinger="coquina">
      <hopes>phymataQueechyOakesia</hopes>
      <abbayeTarliesDizzies churlSiryan="saucerIsopticSolid9">
        <pivotedGuereza>glazesGurkha5873</pivotedGuereza>
      </abbayeTarliesDizzies>
    </eringoPerlite>
    <schickLimneryEsotery>
      <redbugs>marWelcher</redbugs>
    </schickLimneryEsotery>
    <handingHaems unpile="inwoveRagglesCarmele2">
      <siren>ouvrageDuftery</siren>
      <dcbnameHogheadShrike>
        <zayinWeightyCloff>rhebokChinolDiluter</zayinWeightyCloff>
      </dcbnameHogheadShrike>
      <aptotic faddingHazel="55654753" tavGrind="corkedUpburn">
        <wartlet>carneysBagwashHaida</wartlet>
      </aptotic>
      <puaDamonBights gnsBulbul="goave">
        <patroleAdoresButin>writterBluingsGayatri</patroleAdoresButin>
      </puaDamonBights>
      <sertum krills="7530239" pavers="zapsRetrip">
        <alcae>featishBumpsy</alcae>
      </sertum>
    </handingHaems>
    <pedanteCompactVinew tinfoil="56" yardsBaronetCorno="draftedFanionFelid2" echappe="fear">
      <devonicAgatySergiu>claim</devonicAgatySergiu>
      <knospsHalver>
        <dentineNewmown>seamers</dentineNewmown>
      </knospsHalver>
      <semicGesan siphoidObesity="grandoMelineScutage" dunlinTulu="118783">
        <cerosin>drouthsBaxtone</cerosin>
      </semicGesan>
      <perchDeathin>
        <echoesBatsterDucklet>tokenedShtetelPompey</echoesBatsterDucklet>
      </perchDeathin>
      <nosingGruys>
        <awolsSkyishPrf>ratterEnraptMgt</awolsSkyishPrf>
      </nosingGruys>
      <nattleScrineEzekiel micksLousesDion="nahuatl92" hellosTypingSuppers="creponArridedLayouts">
        <engine>decollRuggingCumble</engine>
      </nattleScrineEzekiel>
      <birdiePaperyManille faucialSamletsGophers="79410178">
        <melted>106</melted>
      </birdiePaperyManille>
      <pardesiAbolish cogweelFotmalHilborn="gumpSquads">
        <alulae>evolate</alulae>
      </pardesiAbolish>
      <surelyPoisonsKirver>
        <swimmerMitre>adroop</swimmerMitre>
      </surelyPoisonsKirver>
      <exquireHonkies warwickPutamen="tracheaLapisRatbite" widesYakkerSwimmy="cornualTagmemeTeledu9">
        <rosalia>outgun</rosalia>
      </exquireHonkies>
    </pedanteCompactVinew>
    <hawbuckFaith>
      <girlismMarySpeaker>413</girlismMarySpeaker>
    </hawbuckFaith>
    <vorageTike>
      <dwellsEffluve>taipoVaguest</dwellsEffluve>
      <odorateLizardsTylion claviolCestui="rifi58">
        <pardi>coachSteeleSuccin</pardi>
      </odorateLizardsTylion>
      <kickyCrappie hiederChiefsSermo="887583413" seseliBranded="pisVapourPlacus">
        <herbous>cumbuLamback4802</herbous>
      </kickyCrappie>
      <phizes tunaRepewBranks="villaWelchReferee348">
        <nidedCirrate>palfreyScuffly</nidedCirrate>
      </phizes>
    </vorageTike>
    <kingly>
      <nomicWalkingPedant>badian</nomicWalkingPedant>
    </kingly>
    <kachina>
      <laggen>7</laggen>
      <noritChicsGaddis pressorHornShusher="1671" desmine="tawnilyGumshoeExpwy">
        <birgusExcuser>788</birgusExcuser>
      </noritChicsGaddis>
      <dignity ihramsSounder="gugglesCleatLocates" dacryaSayidsMede="3">
        <bedtick>83</bedtick>
      </dignity>
      <symptom piquingHillary="hainanKingu" vallaryCupFoussa="63572">
        <kadineDaffTeeter>unsunkGraspMoter</kadineDaffTeeter>
      </symptom>
      <orcinolSoothlyBlacks defixNelly="titanyl746">
        <doblas>baffle</doblas>
      </orcinolSoothlyBlacks>
      <suriqueZapotecSiloam rehearsSultan="unplank">
        <emunctMoo>398576</emunctMoo>
      </suriqueZapotecSiloam>
      <outrailLendeeFleay chaneSompayProws="carbeenHistie" torsileFibroinSpute="caress">
        <xebecVassals>becuibaDeluderFlossie</xebecVassals>
      </outrailLendeeFleay>
      <kaffirsOdumRidged>
        <pianosaBelyingIllure>ambalamCancridDunness</pianosaBelyingIllure>
      </kaffirsOdumRidged>
    </kachina>
    <cogonMoron bunyasSussex="congaed2">
      <spandle>zonerSpearer</spandle>
    </cogonMoron>
    <ringe>
      <tarsCacatua>36096271</tarsCacatua>
    </ringe>
    <marfireCoteauCupolas ararao="premierThorny92" bokoKrills="roustedLushes">
      <thairm>areitoVarletPorella</thairm>
    </marfireCoteauCupolas>
  </treasonDudgenEngirt>
  <undecyl exordiaEnglutSteeled="barryMahranRumpy6" />
  <parlayAuhuhuWeent greund="44563427">
    <sharers>
      <goofedCiliata>brassia</goofedCiliata>
    </sharers>
    <decreesBatavi twittleNiccoloVenue="bungfuRecanedWeasand">
      <sildsOutfame>ohm</sildsOutfame>
      <catjangUnthrob temene="milaHecksPaven">
        <plucheaBarkhanPhonate>subetHagi</plucheaBarkhanPhonate>
      </catjangUnthrob>
      <cundumTrace miscite="hanumanKousso">
        <busLapland>cuddlesMgdBreach</busLapland>
      </cundumTrace>
      <sajJobade>
        <reoccur>jannockCheateeBulbine98</reoccur>
      </sajJobade>
      <lunular fatal="sabaism">
        <bawsint>880</bawsint>
      </lunular>
      <lasedPernisSophist suable="djinsCamansiBess">
        <brianNucleonManward>76</brianNucleonManward>
      </lasedPernisSophist>
    </decreesBatavi>
    <balsamyDownier dungonLencanMabolo="919060">
      <bargainCummers>whetileCommata89</bargainCummers>
      <talcoseTikkerNuculid auristsGamedFeltman="82" nerdsDhoniSoul="winceysVerdourPukish6">
        <charbonKabakas>27</charbonKabakas>
      </talcoseTikkerNuculid>
      <lyanceMinasFoysen deprome="80343" hartin="bason">
        <putid>tebethTigroid527</putid>
      </lyanceMinasFoysen>
      <glozeYabbie drupalCell="sexy4530" bilkisSalpinx="stadiasEstralEnfarce">
        <dulosisDatedlyLars>rainerBowpotHeppen438</dulosisDatedlyLars>
      </glozeYabbie>
      <listingIonistElvira wommera="louiseDrimys" charnuNornaZanyish="504">
        <abaca>bretonsCedrat</abaca>
      </listingIonistElvira>
      <dealsObeish>
        <bourbon>lndg5</bourbon>
      </dealsObeish>
      <fayumicSwounJohanna kilom="septaneModem">
        <anankes>8395131</anankes>
      </fayumicSwounJohanna>
    </balsamyDownier>
    <malouahTwo wirrah="cire">
      <steeperRecanes>hoodfulEncomicCrum</steeperRecanes>
      <sylvianSeamyOsmotic suborns="solateNucelliCucupha">
        <rosolicUterusParty>5431</rosolicUterusParty>
      </sylvianSeamyOsmotic>
      <tyrantsFlank norms="tangoCacaxte" kecklesCapFreest="sepiolaOutedge639">
        <bowse>newcomeVertex</bowse>
      </tyrantsFlank>
      <parodoiBoutellIloko stick="antlerUtilise40">
        <strenthDesorb>alpieuSeisors</strenthDesorb>
      </parodoiBoutellIloko>
      <impawnsNervalZizz>
        <pudderCalling>oxblood</pudderCalling>
      </impawnsNervalZizz>
      <gult rikshasWap="languid" foxieFylkerDover="3">
        <kittledAnteed>parkishCotoxo</kittledAnteed>
      </gult>
      <laen kolkhozWhortAceta="2">
        <soddensSergeJills>plicalHelve</soddensSergeJills>
      </laen>
      <clicksSteerDominic>
        <scamlesMarcosDominie>bargedFoot877</scamlesMarcosDominie>
      </clicksSteerDominic>
      <huaveanSimmers pissoirNinths="finbonePenhead" lozengy="chartHawkersSotol">
        <ninniesSard>calesasWavies</ninniesSard>
      </huaveanSimmers>
      <bortz pavisor="43" bromizeZanyish="24984">
        <puja>orfray</puja>
      </bortz>
    </malouahTwo>
    <sleetyPrisons>
      <blonderWefts>maskeg</blonderWefts>
    </sleetyPrisons>
    <sujiDarwan>
      <samshuUncuteRetrait>lestrad</samshuUncuteRetrait>
      <larrupsCopings veep="tooling" guetarEvertor="leucous">
        <acapu>persioCoburg</acapu>
      </larrupsCopings>
      <prevetoBerlineAugean yeomVicusMeting="septan" getterWicksBough="isotriaRetrim91">
        <battenToplike>turkize</battenToplike>
      </prevetoBerlineAugean>
      <pahariaBiverbMorvin geecheeOnlayOutbulk="codensVerist323">
        <raffled>cakey</raffled>
      </pahariaBiverbMorvin>
    </sujiDarwan>
    <gelantsHilloas>
      <kachcha>dossilsLongfulHayey</kachcha>
      <sumassSubteenFaunas>
        <fooyungPopolis>infolds</fooyungPopolis>
      </sumassSubteenFaunas>
      <stagesCicelyCarinas fluxKnutty="coheirs" spleenyBlaver="7434">
        <shipponPhalera>noilageWrier</shipponPhalera>
      </stagesCicelyCarinas>
      <dilatedChacateEstrado skimpedDyassicWeenong="tweakBlurbs" cestiMorals="chayote3">
        <peins>verdea11</peins>
      </dilatedChacateEstrado>
      <swath urease="prisageJeepers">
        <cachazaDyad>didiePoustie9994</cachazaDyad>
      </swath>
      <daker awakeFarcial="arcingRams">
        <tobacco>remeltsRidges35</tobacco>
      </daker>
      <sirreeBurro alodialAtomicStealy="dorlachRarioraKibbeh8683">
        <squaliKintyre>divergePigtailSitual64</squaliKintyre>
      </sirreeBurro>
      <acushlaGaleae plutealSynergy="opiateVache" atle="goanBillety">
        <bilimbiRajabTawny>unfancyShahin7</bilimbiRajabTawny>
      </acushlaGaleae>
      <bepawSissyCyphers adaize="actaeonBimahPrimomo4366">
        <brehon>73358861</brehon>
      </bepawSissyCyphers>
      <kookie vealed="resmeltOrganryLogania80">
        <pennageBuchite>sautreeFertilBubales</pennageBuchite>
      </kookie>
    </gelantsHilloas>
    <nincom wifely="theavePartakeLicour">
      <refusesFurless>euripus</refusesFurless>
    </nincom>
    <phonons>
      <seekerEnnuye>hipposErava</seekerEnnuye>
      <blowzedDainful monachiThallin="corses">
        <miserly>vugsPautCowl</miserly>
      </blowzedDainful>
      <meanlySlanted flumesGraine="phenolsLiegelyRetzian">
        <orthalNimbus>codoPrepn8598</orthalNimbus>
      </meanlySlanted>
      <marm tama="5" kurtasIsidaeFelidae="coffersCranetOrcanet">
        <rumal>koaeSnideCambeva</rumal>
      </marm>
      <lencanLaggenKintra>
        <dilucidDizened>payer</dilucidDizened>
      </lencanLaggenKintra>
    </phonons>
    <ligable puntalGibedGrammar="abraxas" octavalAtossaCabaret="aeaean">
      <saanenSambalBenzein>fowled</saanenSambalBenzein>
      <nymphaDorinePintura unprime="sped" siwashGallery="2258">
        <externLightScan>811</externLightScan>
      </nymphaDorinePintura>
      <chottsGozzard>
        <bromineSubroot>velumenSayidOenomel44</bromineSubroot>
      </chottsGozzard>
      <alsatia munandi="885373" aglare="askeses">
        <carcaseOutgladNappers>synoviaHexads</carcaseOutgladNappers>
      </alsatia>
    </ligable>
    <renegue dotlet="kandol">
      <antique>droned</antique>
    </renegue>
  </parlayAuhuhuWeent>
</hatband>