<?xml version="1.0"?>
<censed>
  <vijay chawlGotchy="9811" misrun="gamineBoultScavel" paliDura="kingingReflog6" />
  <sumage />
  <jiberUnflushOlivil venesiaAscham="segetal" ahsHausa="141" railmenCurnockTaunton="14675268" />
  <bwanasGaufferGeleem />
  <coxite tambo="anaudicPaggle" />
  <fusuma streelPreciso="dowsersLaquaisAletris" umbeledYaray="mistendTamulic91" goliard="fistify">
    <sepiaeRerollsMarks>
      <jervineReworkWithin>9189</jervineReworkWithin>
    </sepiaeRerollsMarks>
    <spoonyParsed>
      <flusherRerouteMaureen>sodasKwanBeetewk42</flusherRerouteMaureen>
      <undure pianosaJockHamline="regush" carryke="unwoolyWhompedLows">
        <chittedCoutelCithers>maoShylock</chittedCoutelCithers>
      </undure>
      <exulCloze panurgy="klino">
        <bowlegs>ficinsFitzroy</bowlegs>
      </exulCloze>
      <yoginiPsaloid lushy="tearily">
        <emparlCamesLoges>braveSaltary</emparlCamesLoges>
      </yoginiPsaloid>
      <friezed>
        <engridAeon>agramedSafavi</engridAeon>
      </friezed>
      <mariJambiyaStadias>
        <staveMaranhaHoodies>3</staveMaranhaHoodies>
      </mariJambiyaStadias>
      <dawYaourti>
        <taverns>loeilLottie</taverns>
      </dawYaourti>
    </spoonyParsed>
    <houvari chimarAccuses="colugos" extrudeCullas="teda" nagual="awmbrieWeightyIsms">
      <ghazismGliosis>chazyAllegesIncogs</ghazismGliosis>
      <unboundAsepticBhara>
        <hackin>holiest</hackin>
      </unboundAsepticBhara>
      <loxes coxcombLeviter="9610800" adjustPadding="acapuCrowing">
        <pontileTarry>reoilWardite</pontileTarry>
      </loxes>
      <reclaspVivreJingles notatedUncrime="dinericElisorManses" embedsUng="2">
        <markkasBig>7651</markkasBig>
      </reclaspVivreJingles>
      <tissueRunchRps emeutes="2096" tauli="wernerDriechJalor">
        <curatorGrangerMho>vitriteSwerverDaroga</curatorGrangerMho>
      </tissueRunchRps>
      <nitentSyunFalsely>
        <blushy>11</blushy>
      </nitentSyunFalsely>
      <combustAlloquy gerahsCobaeaCoenure="9591">
        <paraxonHinter>colenCycasin</paraxonHinter>
      </combustAlloquy>
      <pochadeTaisho gowfer="posey442">
        <piastre>changes</piastre>
      </pochadeTaisho>
      <jagatAbomineSickler hellhag="cognise">
        <finchesSourMuzzily>soyotLamblia</finchesSourMuzzily>
      </jagatAbomineSickler>
    </houvari>
    <butler>
      <calamusSimabaRhumba>plazasCherguiGreeter</calamusSimabaRhumba>
    </butler>
    <ayousVirasonTawite>
      <uncowGiddify>thurioBombace</uncowGiddify>
      <bandosHearthSlinks sopitedClovenBasin="idest" logion="95687654">
        <abiloTuaregDurrie>soorah</abiloTuaregDurrie>
      </bandosHearthSlinks>
      <anomiteMotaCool shoeingEuonymySued="utricleHyalinsExcyst">
        <tushsHelvedLieue>friskSags2</tushsHelvedLieue>
      </anomiteMotaCool>
      <karthliCornealCantar>
        <liardsEltRosalyn>eppesDarin</liardsEltRosalyn>
      </karthliCornealCantar>
      <cleanseIllipeAssize ilianAkedFurled="5722400">
        <limity>synapseWaseLutists</limity>
      </cleanseIllipeAssize>
    </ayousVirasonTawite>
  </fusuma>
  <poops vagrantArioianVolutin="47786631" skulked="tormenComa" />
  <liebigGibbonSend />
  <xylonJazzbow entopicFesta="thrust4045" blashyTripper="tarenteTapis" rasperHagdenNatale="skirretChasmic" caseose="875829">
    <cephidBlunnenUnround harlotFliping="822" hant="gpcd">
      <vexedWheysDiv>normOutcame</vexedWheysDiv>
      <differsPuttanAltun>
        <hubbedRenig>notersMarqueeDerve24</hubbedRenig>
      </differsPuttanAltun>
    </cephidBlunnenUnround>
    <sweaterSatireFerity>
      <befog>redealAmusesSucrier2105</befog>
    </sweaterSatireFerity>
    <artaba>
      <castoryHyoidsAlnus>bebaron</castoryHyoidsAlnus>
      <micoEnvenomOfficer taslet="phajusPhenose">
        <baluga>inbodyTuart</baluga>
      </micoEnvenomOfficer>
      <achymiaAthrongKirman tinealOannes="4149" tentigoAlameda="fibbingRandnThunor">
        <bench>573285</bench>
      </achymiaAthrongKirman>
      <fundicHerbary sesamol="gyrinusSjaak">
        <pewterProcure>feower</pewterProcure>
      </fundicHerbary>
      <canoing dolce="nailSweety">
        <trotsBondmanWalchia>bounce</trotsBondmanWalchia>
      </canoing>
      <renting borsRaggledSpoilt="tumored">
        <hadDomageVulvas>elenchPhilosKnot6</hadDomageVulvas>
      </renting>
      <strindZinkedBramia lirasCovary="lottedAscryDuct" glutensHype="laceier9606">
        <deturbHylodesSchlep>abjureUndightBetided</deturbHylodesSchlep>
      </strindZinkedBramia>
      <hogback eggars="yaru" bronzer="punnic">
        <batlikeFeod>arrode</batlikeFeod>
      </hogback>
    </artaba>
    <sporal>
      <gilgulAcadianJuntas>sillagoSylene</gilgulAcadianJuntas>
    </sporal>
    <seabag>
      <octarch>finked</octarch>
      <teabowlGoblinsCasein drossBevorButtled="fixedlyBritonPolitei" cronishSonsMighty="uglierParadoxProvene">
        <polling>fourths25</polling>
      </teabowlGoblinsCasein>
      <uneagerKinic>
        <seely>hypingLaborDiluent</seely>
      </uneagerKinic>
      <outletDuds>
        <locate>warrerAmorosa</locate>
      </outletDuds>
      <pawmark wafdistSouaggaSfm="nuke">
        <ruddledMnioidTinkles>pratedPinge</ruddledMnioidTinkles>
      </pawmark>
      <hackbutAgnizes kheda="unitingBatsmanLongans78">
        <slepez>wunteeGlassieUndeaf779</slepez>
      </hackbutAgnizes>
      <fenniciOrbate ranking="folialPiwut">
        <sirianTalcToprail>exultedLiveyer</sirianTalcToprail>
      </fenniciOrbate>
      <dotingTsugaPackman tilty="outlandLegitim">
        <margauxAuthorWhooped>16</margauxAuthorWhooped>
      </dotingTsugaPackman>
    </seabag>
    <swippleAsiarch>
      <latakiaAerialsRewrite>82768</latakiaAerialsRewrite>
      <tombaksPamsSwinked>
        <formant>tutory</formant>
      </tombaksPamsSwinked>
      <eschelKiloton anarchKnawVodum="7" update="testaCanellaTrindle">
        <gawRyme>7847</gawRyme>
      </eschelKiloton>
      <oroides forgoRuffler="elohismPeliomFaery18" rarebitAspredoMonase="taints">
        <carnify>kinesisBugwortCrunchy4</carnify>
      </oroides>
      <melisLesson>
        <wone>cupricSeguingToy137</wone>
      </melisLesson>
      <auctors fixers="95517094">
        <speltsSheddedOremus>lascarsMujikStomp</speltsSheddedOremus>
      </auctors>
      <splintUnholyBaylike shaughsMoults="davochCongeonPiccolo" witneyBroncsDsr="165959">
        <iprMacupa>laddieWup</iprMacupa>
      </splintUnholyBaylike>
      <scouts velicFulaLegist="puttied" cidersPolicy="regrowUngreenUngiddy">
        <sivaistUnsoledPropale>eludes</sivaistUnsoledPropale>
      </scouts>
      <grubsAcerbly>
        <rathite>prima</rathite>
      </grubsAcerbly>
      <horserAnonol>
        <kumysesPrickerBhang>shillukMoghul</kumysesPrickerBhang>
      </horserAnonol>
    </swippleAsiarch>
  </xylonJazzbow>
</censed>