<?xml version="1.0"?>
<numbatLacs>
  <cooeeFauveJuked />
  <ridgier ridged="floweryKetonicProst244" althea="frazerSpart" stumourSenecioRiposts="cynodonNosDietist" eyewortTact="buddhaSfree" />
  <duettedBroods arriba="itolandKlutzesDeady" pokeysFylfotsBerob="lidarCrambe">
    <paguridLourdPamment metas="soothlyOesBhotia" megaara="soriticQueerPulis">
      <gogosSpukePocoson>forebow3997</gogosSpukePocoson>
      <southedObeish>
        <ceorls>cloyne</ceorls>
      </southedObeish>
      <serosas>
        <musics>544</musics>
      </serosas>
      <infernRamlineTeapoy cretinsIdioticPirner="addu6" slowingGlutted="halidRamjetsBanally">
        <ghoster>antipot</ghoster>
      </infernRamlineTeapoy>
      <musers assilagRatatatQuerent="87">
        <cytinusVinyonUncase>herbertLamanoRequote639</cytinusVinyonUncase>
      </musers>
      <woodrowFideles>
        <miswire>moreenLatcher</miswire>
      </woodrowFideles>
    </paguridLourdPamment>
    <russCubicaGranny>
      <rastleSunroomRonyons>adoniteLorarii</rastleSunroomRonyons>
      <myops>
        <buddle>maraudRaggled</buddle>
      </myops>
      <howdieElegant bondsJingoes="gulfed35" folliedSdump="cannachCroomiaPellard">
        <agitatoJiggle>12</agitatoJiggle>
      </howdieElegant>
      <facks>
        <cordalClyer>eponge</cordalClyer>
      </facks>
      <touldBabongoDragon>
        <rodent>naricaSauces</rodent>
      </touldBabongoDragon>
      <upwarpSkulls>
        <zymite>dunciad</zymite>
      </upwarpSkulls>
    </russCubicaGranny>
    <blotty tetchy="walkene">
      <pilausAirtingTwister>caumAirbornAssoil</pilausAirtingTwister>
      <chihfuPtts>
        <gapa>707</gapa>
      </chihfuPtts>
      <grebes>
        <tidingsVenging>hindu</tidingsVenging>
      </grebes>
    </blotty>
    <gudrun>
      <kermanReeded>sipapu</kermanReeded>
      <zibetTarage waliesTempos="choySwellsAmbush">
        <collareKainynMachair>prosedSlatify</collareKainynMachair>
      </zibetTarage>
      <wastrie poudrin="berline">
        <pwtYiteBohmite>caderasKrieker</pwtYiteBohmite>
      </wastrie>
      <besmut tiffy="doggers925" araujia="pushrod">
        <uncorksHerdsFenner>reprosFoxlikeNegro</uncorksHerdsFenner>
      </besmut>
      <hwanFleetsDoo armine="retimedSushi29" hymning="kaftansWimbles">
        <setuidTubbieWailed>wheedle2623</setuidTubbieWailed>
      </hwanFleetsDoo>
      <soaking acicula="wire5" teucriNettlesMolland="tenebraPomard825">
        <cleaved>pehlevi</cleaved>
      </soaking>
      <nessSilency>
        <preach>claimedBocal363</preach>
      </nessSilency>
    </gudrun>
    <bouse>
      <earsoreEncoopCraft>fnameGox</earsoreEncoopCraft>
      <larkingAnselm>
        <seatheKnurly>caprice</seatheKnurly>
      </larkingAnselm>
      <cram badling="4" donorBoudinLogman="garages">
        <chon>armorerBoshasAgrom</chon>
      </cram>
      <dalton tawhaiUnreaveLockups="basicNoblifyTrance" bekickBraunaCommixt="jivatma">
        <ansiLatebraCritize>ooooAvidous</ansiLatebraCritize>
      </dalton>
      <bigmitt abash="cancan" nasoImbandFlumped="torsionTrifles">
        <antesGasesAlepine>wenethMankin384</antesGasesAlepine>
      </bigmitt>
    </bouse>
    <motiveFerly>
      <hawingVenetiHid>broeboeRechar</hawingVenetiHid>
      <snoozes dimetry="gudokLumbersAddulce">
        <cymbium>rociest</cymbium>
      </snoozes>
      <abdFighterChazzen french="lewis" mezquitDowsAdits="kicky115">
        <slod>apacheDimmish</slod>
      </abdFighterChazzen>
      <coccous>
        <wary>full</wary>
      </coccous>
      <hilch doperNonrun="sarahThorp">
        <metalawEelbobOras>vincaHexaddKegs</metalawEelbobOras>
      </hilch>
      <muled ripsaws="myxoidResumedLocrian" touchedSalameVendage="dsrMaragedGecks">
        <cottier>splake</cottier>
      </muled>
      <sanhitaPyrrol tablesSputta="47476">
        <kanaraTurfage>epacris</kanaraTurfage>
      </sanhitaPyrrol>
      <racings>
        <accostAssizeLearnt>flexura</accostAssizeLearnt>
      </racings>
      <tanlingOrfraysVindict limosNestles="neistHyrateHangie" pockily="pitchYawpers979">
        <nonegos>sorageMycele</nonegos>
      </tanlingOrfraysVindict>
      <sixthly anolyteReuseGrift="913778601" asksTuchis="4463867">
        <laplandThecia>reblessTiffins</laplandThecia>
      </sixthly>
    </motiveFerly>
    <tamablyPatenerComet>
      <eidolonPrp>dogyDogwood</eidolonPrp>
      <safetyTortaysHonzo cobs="biased" kurdish="falsen">
        <yaboo>dirndlsMogganBepaint91</yaboo>
      </safetyTortaysHonzo>
      <shuswapAbsohmGablock lesathPigfaceTabued="wantonSquealdKeys">
        <probits>petasos3585</probits>
      </shuswapAbsohmGablock>
    </tamablyPatenerComet>
  </duettedBroods>
  <dravidaIdylliaProgs picaryUnrowed="563" casbahsOutlay="chibaDinning" />
  <buffoonSillyDivots commotePurvoe="samiteGhanaIpm" pondletBottleRattled="quartesAgrief" protyleMaythesAegagri="jiglike" spirtsValinchPredefy="footsyDonnickNast" />
  <bawneen canon="skeller" xylosesSunlit="tydeusVanadyl" churchyFettedLoanin="signumCladus9" />
  <galeas shrewedCaulomeTopaz="bilgeImaumJockos" eburinMucigen="verses5122">
    <adicity>
      <watson>5065831</watson>
      <evokerStains>
        <watteauGavelerAutumns>laroidNatchez</watteauGavelerAutumns>
      </evokerStains>
      <iranicBason>
        <capucheThrapJawfoot>125510</capucheThrapJawfoot>
      </iranicBason>
      <piercedDrably>
        <moorishGuile>mimersBasonAcutest</moorishGuile>
      </piercedDrably>
    </adicity>
    <beclogs>
      <nolo>thoriaPulas</nolo>
      <okruzi>
        <vacatesSnathsGodkin>hawbuck</vacatesSnathsGodkin>
      </okruzi>
      <dunnageBudlet>
        <gaucyChoomAribin>44</gaucyChoomAribin>
      </dunnageBudlet>
      <cutlerErrant wesselJocelinPorret="clottyMessy" riccia="frijole9052">
        <parmaZygoticUndue>halids31</parmaZygoticUndue>
      </cutlerErrant>
      <authorsTynwald prudentStealth="5731843" rizzomBedew="rooingCadisDynasts">
        <anting>shoppes</anting>
      </authorsTynwald>
      <tallboy potfulPeridot="waiter5981">
        <gnomist>190443411</gnomist>
      </tallboy>
      <gironnyPawdite>
        <sextur>suicismMattOvisacs</sextur>
      </gironnyPawdite>
      <crimineOmegaTakyr charact="pommelAuroreOdz" venusGippy="12">
        <lieue>ritards</lieue>
      </crimineOmegaTakyr>
      <avoureTrishaPawning pipeGrungyCharily="trizoneGuam" antoniaCrinoidGribane="chalkyIndice">
        <furfurSciathFade>rutilesBeekitePollist</furfurSciathFade>
      </avoureTrishaPawning>
    </beclogs>
    <kickupsSecretClunch>
      <protect>44</protect>
      <dolphinBirlingAccept>
        <poiArmoire>806</poiArmoire>
      </dolphinBirlingAccept>
      <bodgeSley unhoary="rumbaMoist" missile="cherCowitchAgazed96">
        <theftRemakes>runnyCautioRacists</theftRemakes>
      </bodgeSley>
      <noummos>
        <haloaReplowLebes>915</haloaReplowLebes>
      </noummos>
      <ageistsViuvaTorture>
        <naziismCaprock>beepers</naziismCaprock>
      </ageistsViuvaTorture>
      <tektosReyokedEngirt pilus="unshentSlipe" potagerPita="salsola">
        <narrasJunkierAdry>buccalMislain</narrasJunkierAdry>
      </tektosReyokedEngirt>
    </kickupsSecretClunch>
    <bustierMorbus>
      <anglosCentums>earlsDerkTiara</anglosCentums>
      <kora>
        <eddaic>croceusRuffer</eddaic>
      </kora>
      <zosteraSleidedPerlid>
        <smlCeleb>ramsonFrowardDacus</smlCeleb>
      </zosteraSleidedPerlid>
      <gripsMotivic>
        <brasierWorky>tridii</brasierWorky>
      </gripsMotivic>
      <sellout helenus="lumbersMangeryPatana" nitoPeltedTigella="957308515">
        <barbeau>prizersAmygdalScogger</barbeau>
      </sellout>
      <curshipWoldPlayte pegma="apport" dapico="caraunaDodgierLakatan">
        <sludgerAndriasKakas>355</sludgerAndriasKakas>
      </curshipWoldPlayte>
      <downcut handoff="wisdomTetrasDumper">
        <hogcote>timings</hogcote>
      </downcut>
      <orbitar xyridTampala="wisestOrchil" niveau="905156">
        <harmineHollies>invoyBettinePeratae</harmineHollies>
      </orbitar>
      <miskeepCarlsDutch odalisk="piazineHalely" billyer="hockledCumblyDegases">
        <anulomaAgrafesPeeweep>rakesGanodus25</anulomaAgrafesPeeweep>
      </miskeepCarlsDutch>
    </bustierMorbus>
    <schultzThats>
      <ravery>nookeryProverHippus</ravery>
    </schultzThats>
    <dieselsCapmanOutlets>
      <loggers>busbiesSteedsWifedom</loggers>
      <plectre>
        <convito>5638</convito>
      </plectre>
      <maniocTahaBunce beeperHogtieQuaeres="fractedYairds">
        <lupeol>sewlessHooshBereft</lupeol>
      </maniocTahaBunce>
    </dieselsCapmanOutlets>
    <awkwardAtlatlsPts>
      <leasowMagma>amandus</leasowMagma>
      <osmolGrooper>
        <calycle>aconite</calycle>
      </osmolGrooper>
      <katrineBesra>
        <exoticRolls>pardeeEnurnyEngorge</exoticRolls>
      </katrineBesra>
      <outflyTwicetCarle winevatFecal="biasesPlimsolMutated37">
        <outrRisqueeAtavi>supaCattaloFatimid</outrRisqueeAtavi>
      </outflyTwicetCarle>
      <spleet>
        <spukeCoalify>tautsMog</spukeCoalify>
      </spleet>
      <dispandMimpAlcids drinkWaftsChimbly="jiminySchloop" seraiPouncedQueak="backrunGloms">
        <oaritic>658921490</oaritic>
      </dispandMimpAlcids>
      <ornes sicketUmbraeKeysets="whosen">
        <cerosin>lotiumMoffArikara</cerosin>
      </ornes>
      <berustSracQuashey>
        <orchisOrduSly>poodler</orchisOrduSly>
      </berustSracQuashey>
      <kronurPalaced hapticsVarve="eyrerPeakingReester" barileDhootis="hamadanConfectShaws">
        <hawkingXylenolMagueys>wowwows</hawkingXylenolMagueys>
      </kronurPalaced>
      <beckon>
        <slushedBedelve>15364803</slushedBedelve>
      </beckon>
    </awkwardAtlatlsPts>
    <arsylBuckler radionGailyMugho="licenceTracked">
      <sensorsSluingEntropy>decorumVerineResing</sensorsSluingEntropy>
    </arsylBuckler>
    <bemeUngirth ignobly="topfull" fairlyFightUpbreak="wystyImper">
      <pathicSheathsSevere>parers679</pathicSheathsSevere>
      <knoutedRalish maestraGoombayCurdled="virtuedAnker5735">
        <ants>wannishDicing</ants>
      </knoutedRalish>
    </bemeUngirth>
    <stokersMulti>
      <bardishHankleBurman>ameletThymyl484</bardishHankleBurman>
      <grimingAmalettBonzian tarrishJackies="canful2" sheltaCacasVirify="4445">
        <pastasKegling>chivySedans</pastasKegling>
      </grimingAmalettBonzian>
      <overdyeCholickAuras cottersPastils="10" frugginGiltenMorel="bussuBarye">
        <pamsCuratorCarroll>fibber</pamsCuratorCarroll>
      </overdyeCholickAuras>
      <enfiledNullify finnishDevot="323" hachure="freqInia">
        <ranche>dobiesInching</ranche>
      </enfiledNullify>
      <wordierManjack>
        <rullLats>furrowy</rullLats>
      </wordierManjack>
      <madre>
        <halving>155</halving>
      </madre>
      <goingCrileExert>
        <seginusTheorumDharmas>stopenOzaena2</seginusTheorumDharmas>
      </goingCrileExert>
      <iachimo relendsUsantOverwin="need" cutoutsUpseal="lenoraKuruba">
        <amucks>pastil</amucks>
      </iachimo>
    </stokersMulti>
  </galeas>
  <potorooDartoid graylySravakaVipers="scouryMisciteSacian8735" cushats="belate" befleasCitess="969694">
    <asgPreshow>
      <cuffed>drizzleLefsen</cuffed>
    </asgPreshow>
  </potorooDartoid>
  <swackFeute quickie="inspan" ambasUntornKathode="gigtree12" seisers="qiviut">
    <athymicClucksCoeval>
      <flannel>antipot</flannel>
      <eloined>
        <tackled>unausHuffs</tackled>
      </eloined>
      <potted gonotyl="wangaraMetel">
        <respaceFinner>agmasPityingLigator</respaceFinner>
      </potted>
      <cameCentric fute="daalder">
        <avoiderRuderal>chorale</avoiderRuderal>
      </cameCentric>
      <lutistLamboys balaenaSujiNeter="flited" natheTipe="garvieTripple">
        <jokyPails>cullionObtests</jokyPails>
      </lutistLamboys>
      <squalidAdmittyForz foshDevestsTermite="4">
        <fewsomeYanks>auldest</fewsomeYanks>
      </squalidAdmittyForz>
      <humlieUnactedWebs dibasic="283850298">
        <vingolfNeeseLoads>worldy</vingolfNeeseLoads>
      </humlieUnactedWebs>
      <drawbarElaidicRaftman crinkumTwiddlyAbay="buhrs">
        <liningUnwedge>shinily</liningUnwedge>
      </drawbarElaidicRaftman>
    </athymicClucksCoeval>
    <amuyongMightly>
      <exudeAesopicObey>taces</exudeAesopicObey>
    </amuyongMightly>
    <workupWilfred carlessEuda="3" mehrdadJowari="unwellLammieDefying27" dialogsSummonDendra="84527">
      <gliffsFlang>demiram62</gliffsFlang>
    </workupWilfred>
    <loverJoles proceed="310" pondagePique="wivers9" ulmicOutwearDecreed="trizoicWafting">
      <quasheyClamour>tabbyLubeRapt</quasheyClamour>
    </loverJoles>
    <secoursAcmaea>
      <sexfoil>carbonFrumpsSyruper4</sexfoil>
      <imageUnholdCavdia dromonCanaanDwarfs="syntaxPadre" valuedTabiraTacso="783083662">
        <pythianSpydom>suturesBlowups135</pythianSpydom>
      </imageUnholdCavdia>
      <lull>
        <unclesMutantTamul>thwacksDrumlyPsychal</unclesMutantTamul>
      </lull>
      <outactsBulging>
        <inlacesBopsterStoical>startle</inlacesBopsterStoical>
      </outactsBulging>
      <cockily>
        <balasesAlmuces>reduitCitrals</balasesAlmuces>
      </cockily>
      <esguardAlewhapAtolls snurlCruddyGowlan="yojuaneUphroeQuixote" purflyBrough="azyme">
        <tapsmanDoruckTipulid>soller</tapsmanDoruckTipulid>
      </esguardAlewhapAtolls>
    </secoursAcmaea>
    <exultetMidgardWaltz>
      <petto>6</petto>
    </exultetMidgardWaltz>
    <wairsFalls>
      <paulite>syndicsOverlay</paulite>
      <caveletCrackyDidos>
        <nappiesSapotaTiff>inorg</nappiesSapotaTiff>
      </caveletCrackyDidos>
    </wairsFalls>
    <coxingVersute>
      <anagep>miscite</anagep>
      <lysinsBevomit>
        <fetched>507618167</fetched>
      </lysinsBevomit>
      <invertDanaAdmire>
        <rommanyPanicle>2750722</rommanyPanicle>
      </invertDanaAdmire>
      <fetuses sinopicMimmest="jabbingGasbags">
        <yajeineScudderUnlash>warbled1</yajeineScudderUnlash>
      </fetuses>
      <cuplike pingersRoosaSinamin="flaxes">
        <jocuSteeledZinc>hallooVocalsMewing</jocuSteeledZinc>
      </cuplike>
    </coxingVersute>
    <tamarin toluide="bksStingPetti" dorsum="snugglyPayoffsTanadar">
      <seakAmpassy>curitis</seakAmpassy>
      <gougedGuineaBraised>
        <antealScriveDault>zeissDiquatChrysal223</antealScriveDault>
      </gougedGuineaBraised>
      <sniffy>
        <batlerRowtyFlowoff>salfern</batlerRowtyFlowoff>
      </sniffy>
      <kennoOvenNoire hagborn="lourdyBranles4" pigtailStrych="errsRevendHymenal">
        <achigan>timbrelOrexisLullian</achigan>
      </kennoOvenNoire>
      <lambkinPercuss doltWarierDeposit="velvetyAlthingPewage" byssine="wanyKeresan496">
        <kalach>arhat</kalach>
      </lambkinPercuss>
      <swing armoric="carbonaThyrses" tappers="finityAmmonic">
        <faders>meatsAntoniaPenults</faders>
      </swing>
    </tamarin>
    <orvetUpstepMock>
      <linkerBaized>frizzed8641</linkerBaized>
    </orvetUpstepMock>
  </swackFeute>
</numbatLacs>