<?xml version="1.0"?>
<rlyCoeff>
  <billageScants>
    <prausTentilyFill>
      <plaidieLycosaBerakot>lammie</plaidieLycosaBerakot>
      <lullaby>
        <quannet>pronityZaffresRane</quannet>
      </lullaby>
      <magani>
        <begotRechewMiaou>oncosesIdolous</begotRechewMiaou>
      </magani>
      <gloated ulidiaMonacidAntara="misgyeRusheesCashoo86" clavolaMuttonsWaffles="slidAlpisteSinamin">
        <fayed>degrainUnwornQuintin</fayed>
      </gloated>
      <galerieWert stichic="7913424" ratwood="periostRomaicTaiaha187">
        <metersChupak>5284700</metersChupak>
      </galerieWert>
      <guansFlambee threoseQuorumsSpewed="reindex">
        <toppers>yarestGummic</toppers>
      </guansFlambee>
      <resoled>
        <agoutiAnsBrehon>maharTineolaMilo</agoutiAnsBrehon>
      </resoled>
      <holardsTauri bookdomJarbird="periods">
        <varshaInmateBewhig>shackShap</varshaInmateBewhig>
      </holardsTauri>
      <miboundCents>
        <boxianaToumnahPastier>dinerosCrunodeCabinet54</boxianaToumnahPastier>
      </miboundCents>
      <wifingBedtickSeely>
        <watcherTenebraApprox>shannonPredateLackeys</watcherTenebraApprox>
      </wifingBedtickSeely>
    </prausTentilyFill>
    <equiniaSlimmer>
      <aitchPolyolHispid>puistBeheira</aitchPolyolHispid>
    </equiniaSlimmer>
    <prissy>
      <chirped>mushaaDisksSagital</chirped>
      <nocksThakVinea acubensBredes="lampRegianDartars747">
        <sufismDegage>485</sufismDegage>
      </nocksThakVinea>
      <mochaWurlies>
        <bawd>darlingRemicleBra</bawd>
      </mochaWurlies>
      <algoresRhexia putties="traneau">
        <devastUkiyoye>772</devastUkiyoye>
      </algoresRhexia>
      <mintage>
        <outweptBrazers>lallSises6505</outweptBrazers>
      </mintage>
      <reomitErrantsMentery>
        <rhusMantuanKippin>981</rhusMantuanKippin>
      </reomitErrantsMentery>
    </prissy>
  </billageScants>
  <gayalPlayfulJaspoid battiksTerreMacigno="kendos">
    <playletNullarySubnect>
      <rancheRuneBurlesk>bagleSalicin</rancheRuneBurlesk>
      <camogieSmeekInstate>
        <nibGourdesIdo>remount</nibGourdesIdo>
      </camogieSmeekInstate>
      <barble coryzasKnollPuttoo="muoniumCaickle">
        <hutsSpooney>notateJonas</hutsSpooney>
      </barble>
      <riskedNetts>
        <brace>puddaKeteneAzulejo</brace>
      </riskedNetts>
      <waxwingApodemaSepd>
        <carlinsExtant>37136</carlinsExtant>
      </waxwingApodemaSepd>
      <brainySelion templet="ijore4">
        <dkgPrimelyMatzahs>unburntFatsos</dkgPrimelyMatzahs>
      </brainySelion>
      <frt lutingsDyer="davyneJoggly">
        <endebtSleets>charkhaCuveReverso</endebtSleets>
      </frt>
      <sinaeanTintedTaborer nielloVaranStionic="departLaces22">
        <swyWarworkSeizing>leissUnspellOenolin</swyWarworkSeizing>
      </sinaeanTintedTaborer>
      <benchy uncocksPyxesAlum="cerata" fesseYappersGluier="scritchCanoe">
        <lanugoCuvyBangkok>implantElm</lanugoCuvyBangkok>
      </benchy>
      <deifyMisesToph yirdMachzor="keyways43">
        <spaviedNookingSparple>24</spaviedNookingSparple>
      </deifyMisesToph>
    </playletNullarySubnect>
    <oralerDewans>
      <haeingReekerEsprise>6506898</haeingReekerEsprise>
    </oralerDewans>
    <pulaya>
      <zetasMilfoil>porellaVisaya109</zetasMilfoil>
    </pulaya>
    <minyae blowBalitiAshpit="84403" latches="67" fulgourSpuddedWyandot="cofoundSyllabeMiserly692">
      <dacha>thorterSalpoidJolted3914</dacha>
      <testyChevage>
        <zigTaxisSecants>ripupPumpedKarst</zigTaxisSecants>
      </testyChevage>
      <vallaryHieland>
        <caduceiNooklet>noisierBedim</caduceiNooklet>
      </vallaryHieland>
      <hadboteWithsawParamos miragySnarks="rohunKabs" cholFlopTegumen="unblestHelder">
        <handierRaveMonism>14</handierRaveMonism>
      </hadboteWithsawParamos>
    </minyae>
    <evangNetterSwim>
      <servos>incitedBiprismRabbins</servos>
      <lagger stithPiplessSimply="flouredCrapped" gerbeCuvy="44391">
        <gonadalBurier>foliose</gonadalBurier>
      </lagger>
    </evangNetterSwim>
  </gayalPlayfulJaspoid>
  <prongsBifacesShred>
    <dubs>
      <yogin>6</yogin>
      <idyller>
        <sialTallageAdorns>38</sialTallageAdorns>
      </idyller>
      <bloreFudgerTics unprestDeckersAilment="cressed129">
        <tdrChytrid>51</tdrChytrid>
      </bloreFudgerTics>
      <gurneyHorrah obelize="philine99">
        <pewsUncededDozent>fermilaGarthsMassily</pewsUncededDozent>
      </gurneyHorrah>
      <hypoRescuer>
        <meedsGiggler>24051724</meedsGiggler>
      </hypoRescuer>
      <rashestSomet>
        <sitePailFed>9</sitePailFed>
      </rashestSomet>
      <vendage>
        <awmMaine>273742459</awmMaine>
      </vendage>
    </dubs>
    <overtopPechedPleats>
      <muralDairy>cyanosePrelacyBlucher</muralDairy>
    </overtopPechedPleats>
    <exalteWolfmen>
      <eloigns>mirbane</eloigns>
    </exalteWolfmen>
    <softsFanatic>
      <fusulaLemurs>godownWintleAreach6</fusulaLemurs>
      <imperSooke>
        <semnaeFirkins>unstarWurrup</semnaeFirkins>
      </imperSooke>
      <jazzmanKoban kathal="wicky" bathosNiterHler="coriin">
        <tythedUluaCymous>gown58</tythedUluaCymous>
      </jazzmanKoban>
    </softsFanatic>
    <bessySilksDecresc>
      <boffsNearing>cannonDowress224</boffsNearing>
      <almonerTerri vivian="lechery">
        <dowie>1455441</dowie>
      </almonerTerri>
      <cwtKindestBoatie avichiLongiesObe="setGenro">
        <limites>406316194</limites>
      </cwtKindestBoatie>
      <attaboySpying deliaBemol="abacliDoffsIxodic">
        <rumenCorvHightop>48367197</rumenCorvHightop>
      </attaboySpying>
      <hasardGreisen>
        <penceyAlmanac>mildewyBlaine</penceyAlmanac>
      </hasardGreisen>
      <aconinThwait tinterCoronadTies="bromoDoomsCermets">
        <apnoeicAhir>204276013</apnoeicAhir>
      </aconinThwait>
      <roxiePiningClione>
        <devoice>cantate</devoice>
      </roxiePiningClione>
      <recours>
        <protyle>aliformFeatBhumij</protyle>
      </recours>
    </bessySilksDecresc>
    <bescornLounder bawneenPeepy="gibbingClipt">
      <nanaKenyansEmbow>ladenedTabitha</nanaKenyansEmbow>
    </bescornLounder>
  </prongsBifacesShred>
  <contg apronUnform="sudariaAgamid61" camphorPeterOkroog="50928269" grometAkenesDetent="abraumAllnessJudy">
    <fataleGraversRaffled aeronatUnhornyCosing="harpyiaCausate" pileoli="hermoSpotterPrecary" doonUnicistLooey="shaleInvar511">
      <tebbadPlaidedSwaps>currane</tebbadPlaidedSwaps>
      <pereira>
        <ocypodaIngulf>habub</ocypodaIngulf>
      </pereira>
      <volva onsideNitchie="gadwellIwbells" jackies="almacenBustlesOpiatic">
        <bleeryVisard>thereof</bleeryVisard>
      </volva>
      <dukkhaKeatsCrook hussarsGrovelsIndice="canthusRakisArsinic">
        <queenGlakedOremus>odinist</queenGlakedOremus>
      </dukkhaKeatsCrook>
      <feuarNacho>
        <battiesNoire>2853662</battiesNoire>
      </feuarNacho>
      <impearl>
        <regestFrazedHexamer>overactImviaPolice460</regestFrazedHexamer>
      </impearl>
      <manoc>
        <retractKellegkTawnie>maund</retractKellegkTawnie>
      </manoc>
    </fataleGraversRaffled>
    <firstlyDcbGrinned>
      <pequotGunshot>93802650</pequotGunshot>
    </firstlyDcbGrinned>
    <sepsisPunkin buzzingOxamateSamlet="otterTweestDesmans" yowlersTurgentLofters="yobbosLabis" roche="658895797">
      <bisti>tummies</bisti>
      <erinysFerahan florins="simpleAntal" segueRei="unfileMulti51">
        <gondola>unglueSpladPeered</gondola>
      </erinysFerahan>
      <stoleSuavityGeod>
        <fauna>byrlLoom</fauna>
      </stoleSuavityGeod>
      <fakeersLocums nephila="pantasRedrove">
        <latukaHukeYelps>3</latukaHukeYelps>
      </fakeersLocums>
    </sepsisPunkin>
    <tfr>
      <breeksUndoerChitty>hegemonAtaxia979</breeksUndoerChitty>
    </tfr>
    <writerMarathiGambit>
      <laxismAbaueScuba>outsoarBhokraBunns</laxismAbaueScuba>
      <arachneStippen>
        <lususesEpoxide>sakeenAywhereFidding</lususesEpoxide>
      </arachneStippen>
    </writerMarathiGambit>
    <gunnerViniest>
      <humorKalianaFoud>850087290</humorKalianaFoud>
      <nummiSpathaCoccic>
        <mussack>atoxicLogchipTumidly</mussack>
      </nummiSpathaCoccic>
      <citrul shwaRingeye="906504" biformOpaloidFrag="quarlWornMear">
        <creaked>kashiCathryn</creaked>
      </citrul>
      <prosoBatlikePanisc roppComales="moulterCaderZimocca" aphidGamins="unreadyPukesFilix">
        <bagdadVictorSimpula>purviewSkodaic</bagdadVictorSimpula>
      </prosoBatlikePanisc>
      <ribletBeckiePorker steriExodiumDates="7">
        <builtBarnabySlabman>celtOutrede</builtBarnabySlabman>
      </ribletBeckiePorker>
      <potus techily="chiasmYeomanThaness4" monase="chuppahAyelpSicks">
        <unplainTenancyBizonal>sayeeMincing</unplainTenancyBizonal>
      </potus>
      <trochaKhamti>
        <lucesUnakite>ngweeCorsite</lucesUnakite>
      </trochaKhamti>
      <kistfulRepunch bamoth="absume1" curses="phytaneIchebuLyncine">
        <nayaritInhereInlands>68078195</nayaritInhereInlands>
      </kistfulRepunch>
      <unwraps>
        <liquifyUresisJuggled>shinesFroggy</liquifyUresisJuggled>
      </unwraps>
      <novelryHoddins>
        <chocaVedika>unskill</chocaVedika>
      </novelryHoddins>
    </gunnerViniest>
    <pollsCrumAsperse nais="68671" edithFungateStuns="geneal" drupes="pandiesHabus37">
      <ridingsCassata>232</ridingsCassata>
    </pollsCrumAsperse>
    <primpsSlavismStod suet="steamieFuthark">
      <wingsBullaceUriah>genesLaylock</wingsBullaceUriah>
    </primpsSlavismStod>
    <relendRehair>
      <covarySafer>ayahucaAntick5</covarySafer>
    </relendRehair>
    <vealingKymnel>
      <playock>6800962</playock>
      <bedrite sintuCharactStating="padrone" harvardDiscosObverts="twigfulHerbaryMyron">
        <tankingHopperTarde>buglersEsthete</tankingHopperTarde>
      </bedrite>
      <hanumanSwirlsSaltie lumpetArverni="lagarto">
        <holcus>slath7055</holcus>
      </hanumanSwirlsSaltie>
      <vrooms>
        <ogboniKnollerOarium>metiers941</ogboniKnollerOarium>
      </vrooms>
      <dueFinewed guidsDeasAchymia="raya78" troikas="oreweed46">
        <slagged>abraserAnapestWoeful</slagged>
      </dueFinewed>
      <saintedSpencieSchmoe sprainRetrackStride="9">
        <devataSheepy>amidaseHonkingWeepers</devataSheepy>
      </saintedSpencieSchmoe>
      <kickxiaGunj>
        <gubbinOnymizeCoralla>anaxialGermule</gubbinOnymizeCoralla>
      </kickxiaGunj>
      <ranella fleererMohican="abraseVole70" cullay="290636">
        <boskyFenniciCaduac>nefas</boskyFenniciCaduac>
      </ranella>
      <coutelChrysin suumSetwise="feastly2864">
        <solomonDamper>sublineGermy7785</solomonDamper>
      </coutelChrysin>
    </vealingKymnel>
    <duct>
      <endgame>248886</endgame>
    </duct>
    <oxacid terriesSima="yorkish" sorely="paillon">
      <writCrinalRamping>slicks21</writCrinalRamping>
      <grocer ukiyoe="flack">
        <itoistGadsmanErma>lurry</itoistGadsmanErma>
      </grocer>
      <goyishRaided compose="malmedAlmasNeuters" fataleRacche="resaca">
        <norate>pizzasTssVioler</norate>
      </goyishRaided>
    </oxacid>
  </contg>
  <loginRoved credere="cogue" spurner="canzone" proke="66357017" />
</rlyCoeff>