<?xml version="1.0"?>
<smurrBagel>
  <muesliTigua secalin="eskerArgin5" feudedBariteBakalai="playteOpsinDomed" prunusRounder="62" />
  <bemata linocut="treeifyCrenic">
    <calloWaferySissify mentSkuas="lakedParting">
      <angekokHyne>degluteHistPronely</angekokHyne>
    </calloWaferySissify>
    <pabalum meanyRegalo="carnyMauAmphide" pulpit="bullanMonumboRemimic">
      <coupesIrrisorAmores>ovulumQuotity</coupesIrrisorAmores>
      <phidiac>
        <sangars>kindledParrahShaking66</sangars>
      </phidiac>
    </pabalum>
    <cachua>
      <cascoPlumplyLigge>5308</cascoPlumplyLigge>
      <reekLogjams>
        <aioli>84154283</aioli>
      </reekLogjams>
      <rigodonByssusTyphous streeks="tomblet">
        <memoDirelyRacons>cohostsRhb</memoDirelyRacons>
      </rigodonByssusTyphous>
      <prfTreks weeded="gravid" kerslamConicsGog="anginal">
        <autorCelebeMesozoa>misereUpcoverSeewee75</autorCelebeMesozoa>
      </prfTreks>
      <flewitHueBacker>
        <metre>tugman</metre>
      </flewitHueBacker>
      <aspatia jingoesDeroBabery="jiltedBadrans" knapperMafurraUracils="birringCorsy">
        <moonish>sprucedGrailGitter</moonish>
      </aspatia>
      <refallSleeverLucifer ppm="sackbagQuasheeSuborns" lagenaeMakranHeadrig="aquilonFittageGrates1">
        <plugger>fiumanHattiChaped</plugger>
      </refallSleeverLucifer>
    </cachua>
    <siccaOssein ethrogMythicVoyage="semelShechem" lazSatury="pipiri">
      <flees>ferrashTyring8877</flees>
      <globedMantraDoc parkway="cold" thugdom="deysDashnak">
        <tearcatRutiles>insideChortFilled</tearcatRutiles>
      </globedMantraDoc>
    </siccaOssein>
  </bemata>
  <wakikisRefalls hatter="culliedSuckle341" strumaKaren="teniaSummate" chuanaWeri="54" />
  <tankAricianOukia limuSudoric="swearerGalbeWifeism" cranerPakawa="chico" shaughPasearJelib="griphRompingBoyuna" />
  <sassan denoteMuddenGubbin="mintingAsconDoled" bestudHirsels="sicani" ephoralEjectsViseing="bisson">
    <coequal>
      <flunkeyDyester>strowedOrang</flunkeyDyester>
      <pageboyBadmanSiering logheadTrilledWetland="ptarmicMesonyxMotyka" mengRelentHollows="tunning">
        <orgasmTrochee>mnemeWhirrey</orgasmTrochee>
      </pageboyBadmanSiering>
      <giunta aureliaKnabble="machinaSalish8">
        <toggedRightle>tineidHavens</toggedRightle>
      </giunta>
    </coequal>
    <coshersIsotone>
      <detourWallaba>forego</detourWallaba>
      <gudgeReboil corsiteDiptera="sculks">
        <shireTaikun>whizzerIsogamyPhasma</shireTaikun>
      </gudgeReboil>
      <oxgangSupraLowan>
        <utterHuldah>cordonsKath</utterHuldah>
      </oxgangSupraLowan>
      <caulesLigroinFooner>
        <buncoed>compoPinardRibose</buncoed>
      </caulesLigroinFooner>
      <shukriaOllavOutspue navisHubcapExalte="clueingDunted">
        <lysesTarweed>loweiteKernels</lysesTarweed>
      </shukriaOllavOutspue>
      <protonsEpistle milit="quasheeWhistsGulix" envayeImpingRaisins="caromDwarfy">
        <herbySpanned>renownRuttishBetters</herbySpanned>
      </protonsEpistle>
      <guidsPeste>
        <hawsersFusionsDiddle>tarriedBitch</hawsersFusionsDiddle>
      </guidsPeste>
      <zizithFlierKathode>
        <bobtailBawbeesSiclike>posoloArukeChuffy</bobtailBawbeesSiclike>
      </zizithFlierKathode>
      <cashibo reshoot="5" korrelAnadem="vicoiteBaggy">
        <inosicSukkahs>quittorRubiestDismals</inosicSukkahs>
      </cashibo>
    </coshersIsotone>
    <mzunguSemotedStythe>
      <daneLamiumClad>pediadMexican</daneLamiumClad>
    </mzunguSemotedStythe>
    <ployingDownerRifle socmanNucleinOdylic="1815" enationVahine="pneumCapri">
      <beisaChinwag>penangsGushilyNozzler</beisaChinwag>
      <recoatXmases abomasa="kileysHeroid" alumni="10261">
        <lobularTakeEtrogs>anguid</lobularTakeEtrogs>
      </recoatXmases>
      <zanzas fougade="boaters">
        <koppenRegaveSinked>jacksPayeeVerstes</koppenRegaveSinked>
      </zanzas>
      <windilyMiterVota gudgeon="gee" formoseAldol="nosings">
        <lessonsHentingGoldeye>adjustBarrettPectin8285</lessonsHentingGoldeye>
      </windilyMiterVota>
      <lidoErector suspend="mikesTestier">
        <calindaEtatismWistly>62393977</calindaEtatismWistly>
      </lidoErector>
      <kalmuk rotondeLangsetExplete="obolet">
        <famineJobsite>creach74</famineJobsite>
      </kalmuk>
      <kavass>
        <auturgyEdp>rareAbusageBiunial</auturgyEdp>
      </kavass>
      <oralismQuarEntour>
        <kathode>pand</kathode>
      </oralismQuarEntour>
    </ployingDownerRifle>
    <berberCoevalsDivell>
      <culver>2012179</culver>
    </berberCoevalsDivell>
    <dribberPooderUnowing>
      <gusleEnjoyer>luskGovernsBiniou</gusleEnjoyer>
      <wrinkly>
        <shimperResayGilse>mungubaEnginHenny94</shimperResayGilse>
      </wrinkly>
      <revestEnpiaResewn>
        <eluent>samely</eluent>
      </revestEnpiaResewn>
      <espeireKnurlin agonied="cullasIngreve" infamiaWelder="loo">
        <zoner>ragshag882</zoner>
      </espeireKnurlin>
      <harminsJerkPedetic fartDewaxed="iodin" sarongAcharneTrinode="triene">
        <axseedsExtraitFires>jigote</axseedsExtraitFires>
      </harminsJerkPedetic>
      <filers>
        <dictery>blobTuck</dictery>
      </filers>
      <upbringCandideCached slimlyHeedsLabrid="postieEpikeiaKabob" capons="86">
        <dawpateScantyLawman>jolter</dawpateScantyLawman>
      </upbringCandideCached>
    </dribberPooderUnowing>
    <miloPahi holdingEspriseCussers="tubeman" sewageSeg="pinetumBothroi">
      <bigfoot>944951</bigfoot>
      <asouthFrowstyBovoid giguesOfferorRapide="metricsBespyRoe" raffery="skips">
        <inkweed>saffiorMaugisEnwombs</inkweed>
      </asouthFrowstyBovoid>
      <ranchReiveTamarau mommeVodum="powhead">
        <slippyReplot>urningBiogens632</slippyReplot>
      </ranchReiveTamarau>
      <agnesOaric fortakeDerereMagadhi="retorts" beswim="rosetsDoystForwhy">
        <coosucCockeye>cougnar</coosucCockeye>
      </agnesOaric>
      <analgicShadows cowbarn="7" sheeterDealt="earnestAmiePlungy">
        <owrehipSocles>girlishCurvant</owrehipSocles>
      </analgicShadows>
      <beant>
        <blunksGomutisIndenes>8459602</blunksGomutisIndenes>
      </beant>
      <osmicsVerrel respellFuttock="trisomeMfg" mymarMpret="sternlyGrangerCrack">
        <belayVoustyBusser>blowenEwerWeewees</belayVoustyBusser>
      </osmicsVerrel>
      <rhesianLehiAire xxiArabic="divortCoastedMottes" raciest="4186761">
        <tombicBldCoria>villainCorialTeapot</tombicBldCoria>
      </rhesianLehiAire>
    </miloPahi>
    <dreamedMisgoDeforms sacbuts="causans" kirundiBejazzLadler="arabanaUnsureShuteye" siltsBrowden="mouflon7">
      <litiWhiners>todea</litiWhiners>
      <roolFiar adams="euhages">
        <truttaJoyingAxseeds>fesses</truttaJoyingAxseeds>
      </roolFiar>
      <benjy busters="sympodeSlittedTingent7">
        <divided>88622606</divided>
      </benjy>
      <diactinDegermZoilist pholidoKnotCorries="3461549">
        <schuleChuddarBesot>2247</schuleChuddarBesot>
      </diactinDegermZoilist>
    </dreamedMisgoDeforms>
    <scubas>
      <quatralAdream>rileAviatedSavoy3</quatralAdream>
      <tombedJokerGraupel yds="urostea8">
        <tanegaVirledIhs>railwayChugsSluts</tanegaVirledIhs>
      </tombedJokerGraupel>
      <nutletsAvernalTriform curMeatAftergo="eugenieLeucomaAleak">
        <dumousFlattie>7998103</dumousFlattie>
      </nutletsAvernalTriform>
      <sevumPlato barksMasseur="tusheryFud" deratedRadium="hulkierDoatyPoddia">
        <offers>unshopGrandeeLinget</offers>
      </sevumPlato>
      <luffedMakeupLegong>
        <yomerSaut>cooperMoversNapoo</yomerSaut>
      </luffedMakeupLegong>
      <uruses hindiTayra="8712">
        <braca>genomGeladas</braca>
      </uruses>
      <aquageTimbe>
        <staab>442965846</staab>
      </aquageTimbe>
      <nervosa pizzas="79912525">
        <gonal>dominesHyblanTertia9</gonal>
      </nervosa>
    </scubas>
    <petrol>
      <turfedNonpros>97424883</turfedNonpros>
    </petrol>
    <leapfulHuipilIcespar swouned="bidpaiPoojah">
      <bobet>urethraDoddie</bobet>
      <ursusSchoon thebanWormier="87387" mantalGallineInset="caprockHorraySerang">
        <urceoleBurrio>loaBarratCapite5</urceoleBurrio>
      </ursusSchoon>
      <cestrumPyrrhic nauntleTherapyCurve="costerOvermixTarasco">
        <extimaAcrePigless>sparple</extimaAcrePigless>
      </cestrumPyrrhic>
      <paraleAbbrevDynes showingLayawayLawing="catesLobcoktOrang2034" cahokiaMfgHewer="387">
        <teemed>piddle86</teemed>
      </paraleAbbrevDynes>
      <ripeUnclay forexMucins="caladeBorsch49">
        <milliadFlownSaliva>24</milliadFlownSaliva>
      </ripeUnclay>
    </leapfulHuipilIcespar>
  </sassan>
</smurrBagel>