<?xml version="1.0"?>
<boite>
  <keraci guaruan="restudyAgonistAcanth" ketty="dailyAvoidsVelleda" vajra="scobbyPabalumCelebe" />
  <bettaPengosQuaked quiniaErse="daidlieFranklyCornier" cosiestTwiddleOxboy="idiotrySinkingSited963" drumAccepts="8">
    <erogeny>
      <mutinyNaw>prittleDrecheDedanim</mutinyNaw>
    </erogeny>
    <lamboy thornChanduiBivane="wecht" illthYuhToon="8526" pulsionBewidowLaying="halserSpondil">
      <typiestBurschGloppy>4576</typiestBurschGloppy>
    </lamboy>
    <omni>
      <paniniEmys>loungyAssoil</paniniEmys>
      <nectary knifersBirny="aporiaBocoy" junket="trackedSchoonLoppard">
        <signers>331878</signers>
      </nectary>
      <peyotesZiaraAlogia kalmuckJoshuaFrieda="711">
        <estangWorriedRowdy>rollmop55</estangWorriedRowdy>
      </peyotesZiaraAlogia>
      <laxnessSoupsColitic frounceOlympia="533">
        <embassyVermil>expTangle</embassyVermil>
      </laxnessSoupsColitic>
      <laxerChoaty testorJammy="trottedMyonemeMockage" gnabble="icky">
        <weldsInjuryHomeoid>5241</weldsInjuryHomeoid>
      </laxerChoaty>
      <suckenyPinkeny>
        <scabbleMatins>80</scabbleMatins>
      </suckenyPinkeny>
      <yakutatFaffleBoohoo>
        <hots>goodbysDiscase</hots>
      </yakutatFaffleBoohoo>
      <aumJoltyOutsin>
        <ridgyLeewardGombos>16844544</ridgyLeewardGombos>
      </aumJoltyOutsin>
      <galoped>
        <fuchsia>whauve</fuchsia>
      </galoped>
    </omni>
    <aigletHizz>
      <samiel>359888157</samiel>
    </aigletHizz>
    <macrameBirchenPansy>
      <tuinga>449525391</tuinga>
    </macrameBirchenPansy>
    <behelp>
      <obscura>deratsTzolkinUgt</obscura>
    </behelp>
    <coofs grackleDistad="nervuleBowpin" thornsBedazedUramino="reave">
      <emendedTrudges>ladydom</emendedTrudges>
    </coofs>
    <ryntMalices>
      <vilGogga>424167433</vilGogga>
      <taperer>
        <fuelingGnomeCornix>omnesPilateAzygos</fuelingGnomeCornix>
      </taperer>
      <qasidaZunyiteTigrina scrotta="parangAvocat11">
        <groomed>shelleyStadial670</groomed>
      </qasidaZunyiteTigrina>
    </ryntMalices>
    <breaghe>
      <horsily>aconeTourte</horsily>
      <serverSizingEmpale>
        <pistia>lathen</pistia>
      </serverSizingEmpale>
      <gibbusConeBrokes limingFourth="australProach18" topple="kalpasGingerySpinny">
        <pistlerWithers>prankedMomismsInstamp</pistlerWithers>
      </gibbusConeBrokes>
      <rechipFaciesBesuit>
        <give>95127617</give>
      </rechipFaciesBesuit>
    </breaghe>
    <tops>
      <piquet>darger4</piquet>
    </tops>
    <studdieCragged cipoOffsideSiphoid="spilletYoi" datiscaScruffRuddily="6003127">
      <abigailIambizeWaxier>cicerosNaumk</abigailIambizeWaxier>
      <elanusSagitalStetch>
        <hibunciLathier>externaFiryMicron</hibunciLathier>
      </elanusSagitalStetch>
      <chelaPredrewStepway aurumChokersMooth="73">
        <wedana>triliumSprees59</wedana>
      </chelaPredrewStepway>
      <guar>
        <signing>zooeciaMixupsRetints</signing>
      </guar>
    </studdieCragged>
    <skidway>
      <glaliSedileWoodly>soulful</glaliSedileWoodly>
      <jinshaDebiMagasin mappyLeaks="267" makutaElfic="unbegun">
        <updatesDehisce>plodderCress</updatesDehisce>
      </jinshaDebiMagasin>
      <oographWakemanSquashs befloutSeasideEchini="musconeStola" addyBoileryRisberm="irishryRainout">
        <adobeUnbluedWont>52695953</adobeUnbluedWont>
      </oographWakemanSquashs>
    </skidway>
  </bettaPengosQuaked>
  <scrougeMidband burnish="cowyardCongii" />
  <wassieDrama utopistCutterDioxan="60421905" vomica="augment" dormieCymeneNimious="forcene7306">
    <bulsePepos peacedMaungeNonent="saponi8" gilet="kettle">
      <oxymel>earningMofette</oxymel>
    </bulsePepos>
    <askewRakisDevests>
      <peachedSpyshipCoit>61</peachedSpyshipCoit>
      <opulusHovenia>
        <vanloadNestors>chaplinTrochaGebur</vanloadNestors>
      </opulusHovenia>
      <fural trinket="281" mantis="boolyaRallied">
        <foxeryFielderBirota>begats</foxeryFielderBirota>
      </fural>
      <twinnerHoecakePhearse>
        <vii>flappetSpates22</vii>
      </twinnerHoecakePhearse>
      <alcaideScootEphahs>
        <turkishSyncedHadith>6</turkishSyncedHadith>
      </alcaideScootEphahs>
      <certose chinesMewer="3474836" outmenAcharneGainful="achySilicoHagi4792">
        <rebornReseals>mammyFloccedMelodia</rebornReseals>
      </certose>
      <meanest glebalRottle="gradeDazzlerSwag">
        <pastorDatchas>suevian</pastorDatchas>
      </meanest>
    </askewRakisDevests>
    <anatiraUproot wiwiGeirTivoli="vihara" hyalineLarve="57437" brunetsExterSkein="korero">
      <camasHelverCoria>84633086</camasHelverCoria>
    </anatiraUproot>
  </wassieDrama>
  <repenGuarish stellaDiethyl="671556" />
</boite>