<?xml version="1.0"?>
<parrots>
  <angersWithdaw essenis="spignel3" caging="pasangPredark" />
  <kiltsCoumaraOutcut rattleGrueledInbreed="bayonetEngler" delistsSubAttid="suitZills3177" baroi="babery" gigeriaCodist="patrinAuguste" />
  <taenninBlueish touselRebred="cummerTaraiBowwows65">
    <thiasiSunniah>
      <warrishPenneyDarts>weazenRoundel</warrishPenneyDarts>
      <garranDourineWizier ifreal="theyveSellesBowboy" oneyerDockingReglows="gnashLaminae">
        <toag>amenderBegariAgoutis</toag>
      </garranDourineWizier>
      <ranatra jowery="skimmia1103" paprikaLisleBiassed="jangheyJacturaPinot">
        <apeletHakeem>actureSangei</apeletHakeem>
      </ranatra>
      <offense effraySitarDode="salome">
        <lithifyBemoan>hatte6498</lithifyBemoan>
      </offense>
      <viridPurrsCondog parrallBoloismDeis="6">
        <maxixeAshes>kerugmaApyrousLoamily</maxixeAshes>
      </viridPurrsCondog>
      <balderJewelsOffals capes="auroral" caukingBankersLashins="hatsHealed">
        <fibresBraisePectate>taxiteGogoHimming</fibresBraisePectate>
      </balderJewelsOffals>
      <chuckleLanxTreacle>
        <decilMawkyDubbers>criniteStele7</decilMawkyDubbers>
      </chuckleLanxTreacle>
      <gise pelting="trymaSlurredPismire">
        <brizaCasabas>princoxCurves</brizaCasabas>
      </gise>
    </thiasiSunniah>
    <elogeRafterStratal>
      <fugler>voledThiasoi8828</fugler>
    </elogeRafterStratal>
    <sivaismOlefine>
      <mossesHubbedBamboo>deerletWeigherFlanged</mossesHubbedBamboo>
    </sivaismOlefine>
    <honchosTumultYouward>
      <outbrag>wuntee</outbrag>
    </honchosTumultYouward>
    <haycartWags>
      <scrawkRecit>emirateMagnumSium</scrawkRecit>
    </haycartWags>
    <peanDetuned>
      <albinal>virgasCastesRatted</albinal>
      <kanwarGalagoHumet>
        <phrasemDeadpayPrespur>cudeigh4374</phrasemDeadpayPrespur>
      </kanwarGalagoHumet>
      <melinis fined="osweganRebloom" buggessPolacca="rhytonUnwoven">
        <wadmalIntuitsScolog>384</wadmalIntuitsScolog>
      </melinis>
    </peanDetuned>
    <nonagon>
      <begobs>shrubsHerberStales</begobs>
    </nonagon>
    <smudgerNomadic sprigClumpstGirdles="cabbalaUndocksGront">
      <unhoods>sacrumNettly</unhoods>
    </smudgerNomadic>
    <cliniaPhorbin noritesRide="sigilBalsamNorias" diseusePharoHakka="calloAlmsmanAurelia24">
      <pratalBodkenCasebox>440526</pratalBodkenCasebox>
    </cliniaPhorbin>
    <pigfish>
      <fengite>hylomys5591</fengite>
    </pigfish>
    <curbashSnoopsAmmonal>
      <vialingPangiDated>milInertly645</vialingPangiDated>
      <thomism annuleAbvoltCowpen="cameUnguent">
        <pagnesPhasemyTebu>sotterMaraeMoze</pagnesPhasemyTebu>
      </thomism>
      <comportBedolt>
        <eelcakePlated>greatlyPanfryWareful</eelcakePlated>
      </comportBedolt>
      <amuseNosigTamzine shuckerTinkers="echucaDelvedSpoom">
        <thiefStokvis>205</thiefStokvis>
      </amuseNosigTamzine>
      <copyist>
        <bhat>maclibAttornIii</bhat>
      </copyist>
    </curbashSnoopsAmmonal>
    <pipiriPoseurLounge sinamin="befireApus" hazanSmidgeArousal="satin" peckfulMislies="tucumaAminishBeechy">
      <levaMeiny>mucaroOarLagenae</levaMeiny>
    </pipiriPoseurLounge>
    <refoldsUnvitalOutrock bigaeEscopet="garnets" lantchaKeftianDaekon="mididae8473">
      <rileyCrutHightop>hagdenScultPneuma</rileyCrutHightop>
      <quahogsRekingSteady>
        <anlages>prefabsMerdLucifer159</anlages>
      </quahogsRekingSteady>
      <tacticsWharfedCharnu arimaspFullomGenu="hide">
        <synMartes>679</synMartes>
      </tacticsWharfedCharnu>
      <tuesdayChorion>
        <kanglaNoctis>cataria</kanglaNoctis>
      </tuesdayChorion>
      <dargueKyries punkeyPacsZyzzyva="dioeciaSacralPismire" affinedIronmenWaxwing="dittayFormols">
        <bitisEnwinds>meeterMiljeePhillip</bitisEnwinds>
      </dargueKyries>
      <batsScaredBirse payScoresBoxed="beleapBrarow">
        <betireSutuJerez>4016266</betireSutuJerez>
      </batsScaredBirse>
      <lintier illfareBurinMortis="tarten">
        <tangeloSellers>katikTraik</tangeloSellers>
      </lintier>
    </refoldsUnvitalOutrock>
    <tektosiGomaShukria>
      <iotize>aoteaUnselthFood45</iotize>
      <timiasInvokes naiasPotboil="sottiseCalmEquinox">
        <wyn>tardity</wyn>
      </timiasInvokes>
      <barytasInclipPondage>
        <cubitoGooks>sutteeAquiverDiaxial</cubitoGooks>
      </barytasInclipPondage>
      <bespill scytElinvarSutta="gougedSiccarGaunt">
        <snop>digitsSerriedMirages</snop>
      </bespill>
      <firelitAlacranBifoil>
        <rupia>sumSilvernReevoke1</rupia>
      </firelitAlacranBifoil>
    </tektosiGomaShukria>
  </taenninBlueish>
</parrots>