<?xml version="1.0"?>
<despond>
  <outingsGadisTarten kouproh="elude" anidianChutesWinbrow="bayongTurakoo" />
  <frundelIpse siffletAntiope="39381" boned="mende2539" wershAmpules="82829641" oncer="biogHopperAmorph" />
  <pullsStionStenos taipansKarite="solum" surphulBreezes="9843" />
  <spurtedAgosNene prodd="inquirySurnay8" yerbasBokard="zibethsFullamDefial" cosetAgeteSmalter="ycie" plandok="844076246">
    <pimbina>
      <moistTerreenLadron>kungRipOrewood</moistTerreenLadron>
      <miler theemimBalk="92854959" siestasGoralog="grumlyShip">
        <ticeArtRemene>84042872</ticeArtRemene>
      </miler>
    </pimbina>
    <parodi clemmed="bitiCodein13" cruels="araujiaFellow3" mewling="8923835">
      <danceDeforceKleig>termanTantivy</danceDeforceKleig>
    </parodi>
  </spurtedAgosNene>
</despond>