<?xml version="1.0"?>
<medizer>
  <mamryCastenFireboy creekerBateful="mums" yobboReekersBizarre="816451" besuit="38">
    <briss>
      <xeruses>tadsAwedlyCurves</xeruses>
    </briss>
    <skimmiaEcodJissom>
      <feignedDrywallVolvuli>poybirdToeholdClysma</feignedDrywallVolvuli>
    </skimmiaEcodJissom>
  </mamryCastenFireboy>
  <auxesisZaftig beatsMirabelAgao="peyoteErmines" limulidFamularSialic="plushly" />
  <desmidsGinghamUprise />
  <umboneJaggyToxin cadishMothedClacks="sikkim" />
  <triplet zygose="laicise" guanizeRepleve="euconic" mudras="limbiSarcousSkers" recheerShammesLilacs="525921">
    <conamedSabino>
      <etuisGoonchDelay>arumDasheeSnappy9686</etuisGoonchDelay>
    </conamedSabino>
    <tiffieImamah>
      <steedsDiacids>enguard723</steedsDiacids>
    </tiffieImamah>
    <assiTensivePippy nappie="osmesisTelliesPhenyls" lehmerCoed="kindred" kissersDealersWaeful="wealthyDizzard">
      <thyroldNatures>kanjiTautMollify9318</thyroldNatures>
    </assiTensivePippy>
    <effateMacignoSimiid>
      <perineaOlefinNeaf>220235372</perineaOlefinNeaf>
      <wherritReflowErron>
        <meech>colored4</meech>
      </wherritReflowErron>
      <asaphicPrinkInflect shmoFussingChaccon="coneysWeatherSchedar734">
        <acusPinlessCurette>83</acusPinlessCurette>
      </asaphicPrinkInflect>
      <reeshleCoolest>
        <rodolphDuplonReaping>430925870</rodolphDuplonReaping>
      </reeshleCoolest>
      <coudDefuzeOdso>
        <matMiltos>sgadPodittiCoosers</matMiltos>
      </coudDefuzeOdso>
    </effateMacignoSimiid>
    <disportCryable sapheadOssaDeblai="anesone" jamwoodTrophyEnols="837" actuAegis="alachah2397">
      <adorsed>boucleHallboy433</adorsed>
    </disportCryable>
    <marshesFsiestAsahel>
      <brahmTotalsYaird>30392</brahmTotalsYaird>
    </marshesFsiestAsahel>
    <cloit romaneGees="nizamSageerHalfly" tenonFuriedSteeler="tragiSarrafCocains" vastlyPocks="concealDiodeOttoman">
      <chauteCornada>tophs</chauteCornada>
    </cloit>
  </triplet>
  <sarinOilers />
  <nonpaidOutputsShauri diloJotsAnno="durrieLeeryRidley" />
  <loathy cokers="82128" gimbleUpdressRackety="operoseRedipGleeked" betailJicamas="knouted">
    <dukery>
      <curdingBipodsCosmati>roomth</curdingBipodsCosmati>
      <oto trudySlickly="swungenNepoticAcomous">
        <outbook>amayAbfaradModius258</outbook>
      </oto>
      <grenadaJacht deevey="webfeetManBraze" sayyidsParchedUnchoke="sonniesNawabsGodship21">
        <hound>8742</hound>
      </grenadaJacht>
      <gridded>
        <massedLemaneaBodings>13878</massedLemaneaBodings>
      </gridded>
      <novenae margauxWhisket="1" poorisHugonisProagon="lemmon">
        <ouabainJoltedMahound>swidge</ouabainJoltedMahound>
      </novenae>
      <melonYipTypal>
        <eudevePaxwaxJewelry>tilly</eudevePaxwaxJewelry>
      </melonYipTypal>
      <fishesWayfare cierzosTaplingSnowk="ethel">
        <picra>partVenous</picra>
      </fishesWayfare>
      <seizorsAgate>
        <jakeMonericAdream>juddockCabber</jakeMonericAdream>
      </seizorsAgate>
    </dukery>
    <sunburnCitole malkinsShunWombats="cadges981">
      <clinkum>craves</clinkum>
    </sunburnCitole>
    <yachter>
      <andrena>dinkeyFadeoutUramido</andrena>
      <clunkerQuiver>
        <quango>milched6414</quango>
      </clunkerQuiver>
      <pinylZonariaBeylik>
        <unluredTimbernImmiss>topknotJetsams</unluredTimbernImmiss>
      </pinylZonariaBeylik>
      <foppery resaidGonyAnthus="durable" derrideHartiteTalli="gibbonBombing">
        <badgir>diplomaAngkhak</badgir>
      </foppery>
      <fizzSubericTeopan>
        <geesDesorbPersona>bertrumEerilyTarsia</geesDesorbPersona>
      </fizzSubericTeopan>
      <incaged comber="abkariPanzer">
        <picnicTurmut>segar</picnicTurmut>
      </incaged>
      <artamusUntoothPetrean hackedVaranusLulav="discost" affeirOrals="amuseePunan">
        <cholersZiczac>knautia</cholersZiczac>
      </artamusUntoothPetrean>
    </yachter>
    <pinuela>
      <canopic>thewsStein</canopic>
    </pinuela>
    <viscidEbcdDhurnas>
      <chesserTataryBacis>46021676</chesserTataryBacis>
      <figoFeed styloidChemisPaulin="roterPrioralCuif" jakRia="761">
        <cabomba>southly</cabomba>
      </figoFeed>
      <ecolSuavely seismYerkingGingham="pigyardAcrylylHadarim4" certBlobbedDisarms="5">
        <adurentEmmaFoliole>pester</adurentEmmaFoliole>
      </ecolSuavely>
      <swart feriasAnoxias="areolas8030" rimateStitheUpdry="pavingPluries">
        <rapidlyDewy>82262985</rapidlyDewy>
      </swart>
      <metazoa>
        <scanianWunnerStew>sidesLivreAche</scanianWunnerStew>
      </metazoa>
      <cheerly>
        <brisesTollers>laser</brisesTollers>
      </cheerly>
      <gassing>
        <pointer>jiggles</pointer>
      </gassing>
      <malagmaRalliesTuilles>
        <curdingOwlyVelunge>warders</curdingOwlyVelunge>
      </malagmaRalliesTuilles>
      <dresserHelvinVelout ascentsHomburgPmt="recklaWadgeBacony316">
        <streiteMeese>formulaYuca</streiteMeese>
      </dresserHelvinVelout>
    </viscidEbcdDhurnas>
    <goupin>
      <gamefulUrazinViajaca>1488</gamefulUrazinViajaca>
      <grovedEmesis secrete="gallantEpopWetters620">
        <tigraiDauted>genitorWongahGunung7573</tigraiDauted>
      </grovedEmesis>
      <ickiestSpritty>
        <knappeGig>arculaFatlessTeaboy</knappeGig>
      </ickiestSpritty>
      <acetateJoual>
        <lauwineEsmayleCoelome>9105</lauwineEsmayleCoelome>
      </acetateJoual>
      <misbusyUrentShawy corso="talajeBaths" semitaIgnis="combustHuffcapDensus">
        <marlerRumex>paraoWhinnyQuinze4</marlerRumex>
      </misbusyUrentShawy>
      <linneonOutpay lobelia="resurgeGeddsJaunder" mechirHemanMensae="341443210">
        <pilloryNapalmsHyrate>miaow</pilloryNapalmsHyrate>
      </linneonOutpay>
      <hoaxedUpbound comadeScurfInstate="sajouDopedDaffish">
        <proversBypathCoifed>epicyteCloughsCarlism79</proversBypathCoifed>
      </hoaxedUpbound>
      <hangoutCoyol>
        <testeeCetylic>canadolLunnVelated</testeeCetylic>
      </hangoutCoyol>
    </goupin>
    <tilths>
      <retter>reignBrookeBrokery83</retter>
      <nobsBelout mucate="diurnRatinesDefoul">
        <samuinVianderKoft>clairSawbuck</samuinVianderKoft>
      </nobsBelout>
      <ans hiltedPopean="72048735">
        <dangMaskinsLoftier>8399841</dangMaskinsLoftier>
      </ans>
    </tilths>
    <bobstaySixthTannin>
      <augur>9374</augur>
      <nidifyYttrias hafgan="beveilYelksResat">
        <replays>cardoonYielder</replays>
      </nidifyYttrias>
      <itselfClawkDulcid>
        <accedeMedulla>aspensEcce4836</accedeMedulla>
      </itselfClawkDulcid>
      <gastfulUnsmote reflyEnnuis="milha" bringsSeptets="workoutStandup">
        <unpawed>onceWarbledImpis12</unpawed>
      </gastfulUnsmote>
    </bobstaySixthTannin>
    <ratersAmbon>
      <lacunaeBulbelsAptest>dightsAiluro</lacunaeBulbelsAptest>
      <uncaveMegrim gabletShoringWafdist="gratedCoifed" tectumBadinerTrusts="cryptsTipmost">
        <misliesCrambeMedaled>wonnotCystEstated</misliesCrambeMedaled>
      </uncaveMegrim>
      <avowal fronter="rentingBesew">
        <shantey>plaice</shantey>
      </avowal>
      <rasesZamouseSpeckly achira="rasp" kantismFadsWharf="spinula">
        <limansPiqueur>sternlyCapelinTunings</limansPiqueur>
      </rasesZamouseSpeckly>
      <gride>
        <coluber>figury</coluber>
      </gride>
      <doganaExla>
        <wraithyEmptier>hamital</wraithyEmptier>
      </doganaExla>
      <visualsRippedScenery rustilyRandier="eightvoOrleSorbin" paddler="emptorBokos7442">
        <swink>84755640</swink>
      </visualsRippedScenery>
      <stangsGaura pirnyFatcakeHejiras="besaintHosemanWaggles" sovertyDoat="bumpyKeister">
        <herbalsLikensChurch>782953</herbalsLikensChurch>
      </stangsGaura>
    </ratersAmbon>
    <brassetPicky>
      <etouffeAgist>bivocalOcellusFaggy</etouffeAgist>
      <jamboSnappyBlackie oversawHedger="craftlyZoeformAbote">
        <theemim>vitrauxWeestTubber</theemim>
      </jamboSnappyBlackie>
      <raccheCarinaeBeewort alginicAscitb="jahvism">
        <fingerDegrain>lesterAbadaPalet</fingerDegrain>
      </raccheCarinaeBeewort>
      <begallsFedn pinto="gambeSlats" palis="wacSacrify">
        <piddles>683409674</piddles>
      </begallsFedn>
      <florealFelloesDeipara strow="venedCoulBerede" lowder="recrampAvataraUll">
        <ellwandCertyChopine>escalopAscentsBarbary20</ellwandCertyChopine>
      </florealFelloesDeipara>
      <poddiesNostril merest="sidy">
        <venieJacareMolmen>malleli</venieJacareMolmen>
      </poddiesNostril>
    </brassetPicky>
    <funnilyGiddierPimpled>
      <laitiesVacuit>pratedOdlingHippish</laitiesVacuit>
    </funnilyGiddierPimpled>
  </loathy>
</medizer>