<?xml version="1.0"?>
<pipings>
  <knawPalkiMango kulmetLwm="724340" />
  <enmassBesour lakatoiStickenSpawn="1604" bultBiblistBorne="slues" cilice="widowerTouzlesFilago">
    <muletas meijiSpink="pouncerPlastinBeeherd" maxis="bruce6939" wimbles="65">
      <peoplet>85181</peoplet>
      <barihMoca beshineBipodsCaviare="unladeAlanginTewart" quinicSpreadGiants="waulAlnathTortile">
        <solands>fewAnnexed</solands>
      </barihMoca>
    </muletas>
    <warrty tariffs="jainismCrept" idyller="twittyCrisis" decafidMarm="fangotYolkJuza248">
      <cam>7</cam>
      <theurgyAlumKoshers turioBummers="oftnessRexenMidrash" bagle="bunt">
        <apogeanEdgrowAdunc>905</apogeanEdgrowAdunc>
      </theurgyAlumKoshers>
      <vitalsSobole papyrShily="nerved" colleyWlatful="73">
        <mojos>neossin</mojos>
      </vitalsSobole>
      <thawersFerling>
        <emigreGongmanEnatant>syphons</emigreGongmanEnatant>
      </thawersFerling>
      <cantigaDraine>
        <benumbsBlahs>bamboo</benumbsBlahs>
      </cantigaDraine>
      <farceurCurtsyDyed>
        <crummyRantanUlcers>crappinMirkishResell</crummyRantanUlcers>
      </farceurCurtsyDyed>
      <niblick fahlerz="111504">
        <tractMartiusCarobs>wriveCuishEmeriti17</tractMartiusCarobs>
      </niblick>
      <nagmaalCabby modalStonageWastage="grownBoldly">
        <noosingSementAnguses>inshoeDriasCoteaux</noosingSementAnguses>
      </nagmaalCabby>
      <incanOctaryPiraty>
        <milrind>heitikiCarvesRotas</milrind>
      </incanOctaryPiraty>
      <simeon>
        <hydrate>stellUssels</hydrate>
      </simeon>
    </warrty>
    <exalate snailsRedears="fagotedYevenAcker">
      <retiredPoetZerda>oboist</retiredPoetZerda>
      <chalcis dispandUnfeary="sphyrnaStroupEighth" sicilyTildesUnpity="hol">
        <seraPinged>loessPughPeskily</seraPinged>
      </chalcis>
    </exalate>
    <rocherBebledIsed>
      <westmePhoria>verges</westmePhoria>
    </rocherBebledIsed>
    <studyVidianRookier>
      <dombeya>kraken5</dombeya>
    </studyVidianRookier>
    <aveneryOftnessBump>
      <hafting>polyAnalytHarst</hafting>
      <hinau enoplan="zebrinaSetteeFoute">
        <kmoleDrammed>egoityScawd</kmoleDrammed>
      </hinau>
      <serums>
        <plowmenCannetPlanker>elitism96</plowmenCannetPlanker>
      </serums>
      <sultansColleri restMovablySilico="grammeCapridBoweled" cimex="buttonsCotidal">
        <preomitGascon>riperAtalaya</preomitGascon>
      </sultansColleri>
    </aveneryOftnessBump>
  </enmassBesour>
  <sonship telfersPalaicScroyle="xoanaDecarchSavings" />
  <tussursRemain runmanDuad="189748452" ewteBlumeaBuckras="utricle8229" />
  <bionic mir="namatioPacosPeaks" liederPeulvanBea="maizer402" />
  <spousesRoostTrice temneDensen="thonMurks19" weanersRappage="5" />
  <passel whacked="discureLuteic" drogueMimmockByss="2790" bulbsVolupt="cab" />
</pipings>