<?xml version="1.0"?>
<baroloBlousesDazedly>
  <blighiaCdgPron cuminyl="3013" />
  <terminLastjobGlim>
    <omitisDermoid tegean="gangaCabret">
      <syunCatwise>gordiusPiousSalable</syunCatwise>
      <sunnismKennMahra>
        <carinaeSchizzo>glazeUckersSatan</carinaeSchizzo>
      </sunnismKennMahra>
      <cagCricks lassColy="stookTurwarFlon">
        <impederLactone>pompousPeevingEngrid</impederLactone>
      </cagCricks>
      <anitaShakierAmigos goboJessica="gil" sienna="heriot">
        <riantlyOxalatoHexaxon>tuyereDogyFellow</riantlyOxalatoHexaxon>
      </anitaShakierAmigos>
    </omitisDermoid>
    <garbill>
      <sweetenDobsonsCly>hopiTical</sweetenDobsonsCly>
      <pochoteVice tatchyExpert="etrenneBojoAcestes" cabasaHejiras="coignTallote7">
        <kykeInulin>nosyWouldn</kykeInulin>
      </pochoteVice>
      <fuhrersMalesRepacks>
        <elegy>17915</elegy>
      </fuhrersMalesRepacks>
      <vimpaSecedeOtyak nifferYarrUnmeedy="4050082" unlandCatsup="lassetCresc">
        <lopersDerned>agaroseDoekLarky</lopersDerned>
      </vimpaSecedeOtyak>
      <chosingKythed>
        <rosiestXylan>tickersRectos</rosiestXylan>
      </chosingKythed>
      <feyConcholCursal fausen="triduanBena2" jecorinVigilWilkin="neslave">
        <limens>burseedGentry</limens>
      </feyConcholCursal>
      <cullers blungerHeruli="yis" bruneTongs="diving">
        <gamic>shojoTooterRuen</gamic>
      </cullers>
    </garbill>
  </terminLastjobGlim>
  <zoarcesUnswell dipsos="fauseVedaMachzor8873">
    <holdsFiscal mtscmd="manbote" leath="tubalChallyBodger">
      <fussifyCooree>castorsGilpey</fussifyCooree>
    </holdsFiscal>
    <alpinesMallFinkel officesSemesInkhorn="856735036">
      <granada>riotedFuffy</granada>
      <gawksBleaks ese="75337">
        <macutaUnpitedAbleeze>duetted</macutaUnpitedAbleeze>
      </gawksBleaks>
    </alpinesMallFinkel>
    <wurst>
      <dernfulMisdeedIsis>gradine</dernfulMisdeedIsis>
    </wurst>
    <heptoseOozing dentilsThatnWrinkly="cronelUnlaysSalve" goburraDug="reshineLeatman6691">
      <dwineDulceFris>sardarSmashedMutton23</dwineDulceFris>
      <gerent>
        <jorram>viduageDivast</jorram>
      </gerent>
      <taenPeeoyWrongly loggiaBrahmin="278265243">
        <sparseWittolHutches>poppetMajaggaAmydon</sparseWittolHutches>
      </taenPeeoyWrongly>
      <delesHup fivePlanuryChesil="abazeMoze" sameks="yippedAvid">
        <sipersKwazokuPaneled>8</sipersKwazokuPaneled>
      </delesHup>
      <duxesArber blashHatefulCogman="hamburgBefogs">
        <retallyLilaCages>98461352</retallyLilaCages>
      </duxesArber>
    </heptoseOozing>
    <owlismCitoler>
      <milieuxAplenty>plantae</milieuxAplenty>
    </owlismCitoler>
    <bargain>
      <marfireArtisteCadjan>dwarfSeidPyuria</marfireArtisteCadjan>
      <frontSalinasInmeats>
        <terms>morosis</terms>
      </frontSalinasInmeats>
    </bargain>
    <repoussSife>
      <disavowCagayanAlf>harmoutHigra</disavowCagayanAlf>
      <xenurus>
        <tabla>cauls</tabla>
      </xenurus>
    </repoussSife>
    <feckDamniiYun>
      <thurm>sasse</thurm>
    </feckDamniiYun>
    <molpeRamaism>
      <jeerLappishGrolier>sizableAgrise</jeerLappishGrolier>
      <misbedeLoftman resail="smilingWigwams" preknit="331">
        <oeuvresBodgeryGreatly>dogmanCumene</oeuvresBodgeryGreatly>
      </misbedeLoftman>
      <defialSkelpin barsac="berk818">
        <closing>astate2733</closing>
      </defialSkelpin>
      <stroutMagismMatapan untiled="dittiedCaeca">
        <collingJauping>nitriot</collingJauping>
      </stroutMagismMatapan>
      <theyve nentaSivvens="rejangDarac">
        <basnet>6430</basnet>
      </theyve>
      <kinetinCustrelWinish drumlerPromicAnuses="vergentAlbumin" mouzah="katunAscendGangwa923">
        <lyeryCreeStomack>22557</lyeryCreeStomack>
      </kinetinCustrelWinish>
      <rewakedJoanneSecluse cravatsCarityOpine="acetoinMuleysSerails" treatEdgy="ownedCanid">
        <rescuerBultongGlue>88334</rescuerBultongGlue>
      </rewakedJoanneSecluse>
      <exceptBundledFilasse>
        <choreicGaliots>leger</choreicGaliots>
      </exceptBundledFilasse>
      <liensSizal helide="tightsRandierDocible375" quippedHootay="ringersSamiti">
        <unamply>highboyEpriseWigs</unamply>
      </liensSizal>
      <abieticSneaker misdo="abanga">
        <mulletsGangava>naebodyPaisanoWineier</mulletsGangava>
      </abieticSneaker>
    </molpeRamaism>
    <smeddumHumoral>
      <curlHayer>gluten</curlHayer>
    </smeddumHumoral>
  </zoarcesUnswell>
  <saurelSesameTrush firmanMetrete="fanions" goingsDisuse="712" diesterEffumeCloke="groupedCalve">
    <lemurDoghood>
      <treyAlaki>corkishGrins</treyAlaki>
      <antjarRoguy twinySworeHosted="poniardHormigo" sobered="78">
        <lawnedStolas>stauk</lawnedStolas>
      </antjarRoguy>
      <cnicin yoicks="gonidicUnkissStums">
        <becheckRinggit>prioryIwearthCrunch</becheckRinggit>
      </cnicin>
      <biliate bandaCaireneUnstuff="bdellidPendant" studioPapasArmseye="956227">
        <rambles>howsour</rambles>
      </biliate>
      <alfaki lofPasquin="teacher" sirgangCrinateAdcon="acuchiCaraneWhacks">
        <bionicOppone>epauleRestesTraumas</bionicOppone>
      </alfaki>
      <dhakUrite>
        <lindsey>althaeaGriefsXenia9</lindsey>
      </dhakUrite>
      <blurredCredalAguamas vital="aspoutYulesCainite">
        <backersRussineHerodii>mornay99</backersRussineHerodii>
      </blurredCredalAguamas>
      <wyleBastard whimseyUnwired="chafers6" inchainFitout="ramanan9">
        <dentsWolffiaRumpy>chamianTaffias</dentsWolffiaRumpy>
      </wyleBastard>
      <grecqueExtaticAdiabat>
        <bisexedTresisTonant>huddledRachChawle</bisexedTresisTonant>
      </grecqueExtaticAdiabat>
    </lemurDoghood>
    <mutablyEnocyte>
      <reviews>upskipCobitis</reviews>
    </mutablyEnocyte>
    <wardsConfortIsoamid>
      <mercySlaverPinaces>crustJerid</mercySlaverPinaces>
      <lividlyLacunas>
        <linnaeaAldrinCymbal>heeder46</linnaeaAldrinCymbal>
      </lividlyLacunas>
      <hutches coshedGobelin="turbots" tekkenBirddom="unitage">
        <brite>toluyl</brite>
      </hutches>
    </wardsConfortIsoamid>
    <hombres areng="villoseKnacky97" spootBecurry="subvola" greedyFeerExomion="chickNargilLipin">
      <toneticEntasesIdolous>topassDragDachas</toneticEntasesIdolous>
      <tresisPukras gryphonAlines="8996" mamboed="986356">
        <quiles>450616331</quiles>
      </tresisPukras>
    </hombres>
    <phellumSai>
      <alumelYanktonSpatzle>subcool</alumelYanktonSpatzle>
      <debased safaris="spraichBiopsicGappy" furSauraFurnage="70633987">
        <brules>alnicoMinersSubsalt</brules>
      </debased>
      <soncyLydditeChaff blacklyTapeats="callersReduit">
        <raninaeKipageKinky>refloor</raninaeKipageKinky>
      </soncyLydditeChaff>
      <kenInkosi shends="hocketPleachConvent" roberta="8494874">
        <mishnah>murphAmphiBalize</mishnah>
      </kenInkosi>
    </phellumSai>
    <sexlike tipree="crinate5206" murreCapella="9">
      <niyandaUnrebelSaftly>gandhi</niyandaUnrebelSaftly>
      <certoseCuttageOrthis kogiaSelah="sootingSpelmanLabour" chaukDiazomaDbl="extund1814">
        <clerked>coadore</clerked>
      </certoseCuttageOrthis>
      <skepfulDecoConfess>
        <kharajDuettoRifer>antaeInsteadDade70</kharajDuettoRifer>
      </skepfulDecoConfess>
      <pongo eylWitful="sperity83">
        <acetize>surmise</acetize>
      </pongo>
    </sexlike>
    <inone eroseQophsPommet="oarweedPail">
      <tagusSwissesArzun>monitorBeal</tagusSwissesArzun>
      <bawlingAphelia sparelySiruper="masonedMafiosiRagout" acruxMingledRaquet="pilaw">
        <semeiaHamadaAcopic>upspewBluism4459</semeiaHamadaAcopic>
      </bawlingAphelia>
      <hormistRoger>
        <warpath>zoning</warpath>
      </hormistRoger>
      <gushed nanpieCotinusSheikhs="mortal">
        <ione>doggishRefocusFiestas</ione>
      </gushed>
      <penniaDeansCotch discumbWifing="emydeaUplink" poiesisBalugaBassly="knightsChajaJewy">
        <roupilyCalques>33</roupilyCalques>
      </penniaDeansCotch>
    </inone>
    <mahoutAculeae>
      <cons>quashyShaheenHuddup7</cons>
    </mahoutAculeae>
  </saurelSesameTrush>
  <lithol feretraUre="gumlyWenonah140" salweyChiba="cuarto" unnoseTetty="tabusWeepier63">
    <diploes>
      <asfastMouill>sebago9</asfastMouill>
      <forcyYakona pinkingAddlins="lavangaDiosma" zing="50">
        <epigean>enriveShambaDrat</epigean>
      </forcyYakona>
      <armseyeStealerPrimeur egreNits="nailrodRhodes" tumbril="quiniaCarrel">
        <kayosMorpionClare>tertia</kayosMorpionClare>
      </armseyeStealerPrimeur>
      <dracoPurtySpirals mukluksRegloss="annuleTezkereInkfish336">
        <buckeen>terbia</buckeen>
      </dracoPurtySpirals>
      <dodged>
        <frowerDost>shrunkLigable</frowerDost>
      </dodged>
      <bepelt gliresCrowns="91493900">
        <eustyle>7943</eustyle>
      </bepelt>
      <ftncmd alehoof="rapingUredineSarins" choloidDhyana="kunzite25">
        <pirrie>porchesHabetArabism6782</pirrie>
      </ftncmd>
      <fazingRubiateMohos>
        <proctalUnloath>694</proctalUnloath>
      </fazingRubiateMohos>
    </diploes>
    <slinkDani>
      <sadhakaCerezaHooves>316933096</sadhakaCerezaHooves>
      <piest snorkHeuch="8782240">
        <quelledObeliac>trainsPujaEuconic</quelledObeliac>
      </piest>
      <deseretKarela placingHanting="596141468">
        <tuneful>danaite</tuneful>
      </deseretKarela>
      <analgen semieggFlorealSpitkid="fidleyTrigger">
        <blindsDrags>117</blindsDrags>
      </analgen>
      <gorgetGelsOutflew>
        <redoomCorozoLiken>skimsJurel</redoomCorozoLiken>
      </gorgetGelsOutflew>
    </slinkDani>
    <falco tazze="urnful">
      <neustonSak>muddiedLavasFerrel</neustonSak>
      <fleuryGelt rheumyDogglePiing="guanosBogomilImphee">
        <ache>77007</ache>
      </fleuryGelt>
      <idlemen bini="moochaLentisk8798">
        <fedDaunton>untightDurgenVigours</fedDaunton>
      </idlemen>
      <atalanMayorsNebrodi hae="aliyaPlant1745" epitaxy="juiceBaddockWiking">
        <saracenSkats>2</saracenSkats>
      </atalanMayorsNebrodi>
      <yahganAmple turbid="bishGammons38">
        <dicolon>pratal</dicolon>
      </yahganAmple>
    </falco>
    <decker aequianDonutsKylin="cuddieCastana" dragonsRct="amaistRimed">
      <sfericsAddsLorel>pyrones45</sfericsAddsLorel>
    </decker>
  </lithol>
  <drouElevenVinose evesSittersPrajna="emetia" durziSufeismArolla="comakerSubfusk" embanksPans="194462735">
    <breath>
      <humilisRewarmBucking>pomelCapitanAscitic</humilisRewarmBucking>
      <hidingsEntifyWive tooroo="81288259">
        <carlage>girnieHoodcapPascual</carlage>
      </hidingsEntifyWive>
      <folkishSabinAntonia>
        <rozzers>tyauveParura</rozzers>
      </folkishSabinAntonia>
    </breath>
    <acrid>
      <aikCeros>420839403</aikCeros>
    </acrid>
    <tention folioseBewhiteCommune="124">
      <freyaCitronImput>saltaTwigfulJettage</freyaCitronImput>
      <templumDingierPoemlet dungonCest="chandamLidded788" pulex="slicer">
        <guidageCyathi>gitim61</guidageCyathi>
      </templumDingierPoemlet>
      <tragicDrisselWits regrede="linet" saber="marcot">
        <between>fiddly</between>
      </tragicDrisselWits>
      <vavs>
        <disman>lidlessFoehns</disman>
      </vavs>
      <venetiMustangJasper>
        <showdAguishMonton>uplaPrecony</showdAguishMonton>
      </venetiMustangJasper>
      <cohanimAnna brasserLegitsSloid="scautNidesHafnia" choribiAribin="larve">
        <pokie>janapaGoyimPigful832</pokie>
      </cohanimAnna>
      <mateleyGae coltishThatdBumbled="materiaFrayneGhetti" yogees="pyrrolCryptoSublid44">
        <papyrus>monose</papyrus>
      </mateleyGae>
      <meskedExcise>
        <amesite>quakes7</amesite>
      </meskedExcise>
    </tention>
    <porkeryKenafAbas>
      <parlays>dustourDouchedMestino</parlays>
      <ravagerVrowsKitabi angrierWaltzedWoads="seesaw" paunch="gentileOmissus">
        <nambeLodged>kama</nambeLodged>
      </ravagerVrowsKitabi>
      <verver zorisCrewelsTagging="rhubarbPatinae6961" kokamVestureCaphar="abedeSwipper">
        <oolongsUnyokesBonzes>trouperSlote</oolongsUnyokesBonzes>
      </verver>
      <nyrocaUnpared lie="609468" pommerSnuggleTaha="hemmers">
        <mortary>spraysBribing</mortary>
      </nyrocaUnpared>
      <rewhirlNovoAvolate>
        <thrustsBelayedTuart>resignsUnshoedFaunule</thrustsBelayedTuart>
      </rewhirlNovoAvolate>
      <lebens och="819">
        <amnesia>111624</amnesia>
      </lebens>
      <cadrans grece="enamberLanital">
        <alginic>linolin576</alginic>
      </cadrans>
      <rasourCoercer liquidsCrocheHulks="303314">
        <clewingIodeCogging>bethelsTeache</clewingIodeCogging>
      </rasourCoercer>
      <anous yell="chekist973" scrumThymy="pujaTowneeDalea">
        <america>fraudsBeclangScales</america>
      </anous>
      <keypadsTrawledGluma mastabaTalabonIndigen="57" bassus="hereinExpertSugis">
        <rouleauIsz>saxhornLollyCottage</rouleauIsz>
      </keypadsTrawledGluma>
    </porkeryKenafAbas>
    <joolaCocoyamInlayed>
      <feedbag>pokieDeblockWhished2</feedbag>
    </joolaCocoyamInlayed>
    <tanquen>
      <lateens>cogwareNaaCookdom</lateens>
      <anagogyShlep unendedQuash="balnealMyrciaPoetic">
        <greaveSpere>ceti</greaveSpere>
      </anagogyShlep>
      <epitaxyEilaNocking koreroReaward="hine" nocive="9024">
        <lumpierTweedleHalser>seoul57</lumpierTweedleHalser>
      </epitaxyEilaNocking>
      <swervesRoundle arkieToitingArcheus="sonsierRidablyEhretia" bruchidSatiric="murlinEruct">
        <lammock>unhoedYaoTyken</lammock>
      </swervesRoundle>
      <shwaBonedog emeroid="apioseCreepyJessica" tattherDarked="dripRendingCathay6">
        <yabbers>kiefsUnrufe</yabbers>
      </shwaBonedog>
      <clef bathtubNymphon="soallyOdzooks" hearIlokoPompa="24052">
        <deepish>zemstvoOgamic</deepish>
      </clef>
      <bazoo zeloticKalifsRpt="fowent">
        <inured>898337214</inured>
      </bazoo>
    </tanquen>
    <frailtyTrailHydnum>
      <nooseMounty>823526703</nooseMounty>
      <dropSloneAchiest rathed="55">
        <himpHoes>whiteys</himpHoes>
      </dropSloneAchiest>
      <grunted parksOracleSpuria="940173962" their="904296">
        <benson>profits</benson>
      </grunted>
      <uncopeCarene>
        <eryngoDonneUnburst>59</eryngoDonneUnburst>
      </uncopeCarene>
      <bewpers>
        <reidOniony>monists</reidOniony>
      </bewpers>
      <bluffed>
        <yatvyag>peptideTaiaha</yatvyag>
      </bluffed>
    </frailtyTrailHydnum>
    <carromDisagio featestDropmanPhasic="xeroma">
      <blabbedAlpist>1671</blabbedAlpist>
      <tradersThegn>
        <arilledLoynSprucer>hookCrammerWistly</arilledLoynSprucer>
      </tradersThegn>
      <blankerBullish urinesBosonicRemaim="penisesSmall" apologTorroneEyoty="peyotlsAwarnTaal">
        <gitanos>pireneMand</gitanos>
      </blankerBullish>
      <idylPlacing>
        <endymalBacking>scouchPadus</endymalBacking>
      </idylPlacing>
      <soojeeLallyNowt airwiseAtophan="revisorGallon" maleficMuslim="popdockCsects">
        <spanedLinget>citatorImpanePhonons</spanedLinget>
      </soojeeLallyNowt>
      <pipersGauntry>
        <composWrochtFavus>mooringGleamy</composWrochtFavus>
      </pipersGauntry>
      <tillerGregalCoempt>
        <aridian>solfgeDefleshCrimea</aridian>
      </tillerGregalCoempt>
      <frtBeentGighe>
        <cumenylSiege>zoopsia</cumenylSiege>
      </frtBeentGighe>
    </carromDisagio>
    <abutterBois>
      <mankind>87106016</mankind>
      <oarlockLowlily fondantLuteEluvies="kukang">
        <marble>17624478</marble>
      </oarlockLowlily>
      <ritsuGummierDilutes unswell="1774">
        <bertrumFykeSliced>fiacresJubili</bertrumFykeSliced>
      </ritsuGummierDilutes>
      <phalanxSendalDecades hareld="stiltyPettah" tlingitBends="ofterSiryan">
        <keylockBefitPrimal>portyLunyBhumij</keylockBefitPrimal>
      </phalanxSendalDecades>
      <buvetteVellums rennase="3509478" scarpeWedelLarks="enhauntPinner">
        <sylvicAnemiaHaywire>chargerNitella</sylvicAnemiaHaywire>
      </buvetteVellums>
      <slutchyBonorum>
        <almaine>bare</almaine>
      </slutchyBonorum>
    </abutterBois>
    <decreeKnobbly extentBirles="malinesOssa">
      <leafitEweriesTaku>howardRekeysSuingly</leafitEweriesTaku>
      <withed ursine="wemless">
        <partialBibbers>catfaceBuriesAlfred</partialBibbers>
      </withed>
      <gorkunZaitha>
        <avis>7285</avis>
      </gorkunZaitha>
      <paicheSnithe mortiseCheremKhodja="townistCumenyl">
        <podderHereof>pipageSunnily</podderHereof>
      </paicheSnithe>
      <textile nielled="songishCigFelling" grumblyDhowIsnad="91563099">
        <sudeRetoastLeucins>carapusBlister7071</sudeRetoastLeucins>
      </textile>
      <cachotRushes>
        <sunwise>29809211</sunwise>
      </cachotRushes>
      <quabird>
        <rarityThymierAspring>1073783</rarityThymierAspring>
      </quabird>
      <wileZeinsRebater baggalaNasial="punnersRedoxOtacust">
        <ghrushJanty>reomit</ghrushJanty>
      </wileZeinsRebater>
    </decreeKnobbly>
    <prewash>
      <hirudinUnmaze>avarsUnfazed</hirudinUnmaze>
      <alphyl>
        <galootsPigboatGardeen>optimal</galootsPigboatGardeen>
      </alphyl>
      <loafer>
        <trappedBrow>terrenoTizeurCacking</trappedBrow>
      </loafer>
      <refrozeErotizeFlagman dilater="buckramHapaxesEquites">
        <diethyl>bendeeUrease</diethyl>
      </refrozeErotizeFlagman>
      <ditoneCasabaBosquet bbs="lucibleTexansMab">
        <yis>repayedPennonRespray1687</yis>
      </ditoneCasabaBosquet>
      <redared>
        <burgessStylishCatfish>haytimeKamansiGreatly</burgessStylishCatfish>
      </redared>
      <taenTulisan governs="bowwowsDragees">
        <rallineManobo>1730</rallineManobo>
      </taenTulisan>
      <abraxasGarlics>
        <instopExults>redefyLabariaAbe</instopExults>
      </abraxasGarlics>
      <posauneUngrace litas="parrah888">
        <olibeneChebule>galliotSetwall</olibeneChebule>
      </posauneUngrace>
      <pulpalTrustorIssue nomina="8254">
        <bouchal>charierTwinnedParava</bouchal>
      </pulpalTrustorIssue>
    </prewash>
    <cubic>
      <begraySyrphusMedley>257168</begraySyrphusMedley>
    </cubic>
    <ulminHydrant shanty="fuelled" kiutleSenaah="sourcesPaper" tapoaFluerEcderon="89036374">
      <boarishEstudyTiplet>adonizeMaranhaKidnap</boarishEstudyTiplet>
      <clampRnd trophyPlangorTropics="5084068" unlikeKalmiasBeater="492">
        <buttals>ostlersCathariZoism39</buttals>
      </clampRnd>
      <overgo frigger="caraboaSowar" ketosisRagshag="petreaWoollen">
        <croucheRetiaFemales>latrianDilates1673</croucheRetiaFemales>
      </overgo>
      <gruntleSlogan>
        <gippedUmmpsAdeling>toeholdDirty518</gippedUmmpsAdeling>
      </gruntleSlogan>
      <rubiestCatsupHuic chris="versos">
        <meebosFatefulChudder>168</meebosFatefulChudder>
      </rubiestCatsupHuic>
      <blooded floush="eld" beloved="mismoshAufaitMongery">
        <repileMakhzenTabacin>25</repileMakhzenTabacin>
      </blooded>
    </ulminHydrant>
    <metwand oxalatoKeblahsMadames="25" cafetalFixgig="2">
      <oilyishStoried>19927</oilyishStoried>
    </metwand>
  </drouElevenVinose>
</baroloBlousesDazedly>