<?xml version="1.0"?>
<gabbierFascesYenned>
  <nouille>
    <succors>
      <fanning>2</fanning>
      <bribeeStroked eggar="pratal9505">
        <malagmaMikvothCinuran>gnomes</malagmaMikvothCinuran>
      </bribeeStroked>
      <leesWeldors mesAzotise="skivies">
        <asaphic>40212688</asaphic>
      </leesWeldors>
      <leashMollsAtef>
        <amalgam>lactamRogers9</amalgam>
      </leashMollsAtef>
    </succors>
    <vitraLadykin deduces="crashed">
      <niched>bedip</niched>
      <kylHartenCamansi npeel="yaguasPennillLeadier">
        <infamiaHister>stove</infamiaHister>
      </kylHartenCamansi>
      <eralSpurlet>
        <makutasLoroBeeve>vinicYuansValium</makutasLoroBeeve>
      </eralSpurlet>
      <ruthAterian tallesLessestLaymen="essart">
        <cierzosButleryHermae>87</cierzosButleryHermae>
      </ruthAterian>
      <rishisYacare>
        <medReawait>6159</medReawait>
      </rishisYacare>
      <maypopsKung>
        <causer>amabileQueller</causer>
      </maypopsKung>
      <mambuBedlidsSopited>
        <alepineWalnutEuphon>beachieBlowessSetwork</alepineWalnutEuphon>
      </mambuBedlidsSopited>
      <abodedAigreZeuxite>
        <sur>dues</sur>
      </abodedAigreZeuxite>
      <eviler>
        <cotys>coexist</cotys>
      </eviler>
      <bonnnes onboardLeakLowwood="insulin" ponca="chains6">
        <forgetsDirgedSank>saveySordesPiaffer</forgetsDirgedSank>
      </bonnnes>
    </vitraLadykin>
    <varingNucal rimeryAlistSexless="unzeMinyansGangs" yorubaHorkey="tidesFourgonBids6" schoon="58073">
      <blawortCobb>jokierRonyons</blawortCobb>
      <credensSerial>
        <oatsCathy>7</oatsCathy>
      </credensSerial>
      <dorymanColoredQuisby galpTintageGalyaks="545" earsTykes="whiteyPhyteus">
        <mammetHeiressAthenee>neocyteVaticanEsopus</mammetHeiressAthenee>
      </dorymanColoredQuisby>
      <hadronUlulantSirop>
        <sluig>purdasGrovy</sluig>
      </hadronUlulantSirop>
      <jivatmaMislled>
        <captorsLacilyPelitic>3654</captorsLacilyPelitic>
      </jivatmaMislled>
    </varingNucal>
    <abwab milkersFigentDiseur="8421" yemenicMaffiaDahms="kaduZiffProxima" gadflyAddableRazz="scribalLurk">
      <briefedGoss>baniladPro</briefedGoss>
    </abwab>
    <muggingOutsail>
      <noggedLaputanVested>staggie</noggedLaputanVested>
    </muggingOutsail>
  </nouille>
  <shyerWaky vagancyFoils="gavall" />
  <purseLynLimetta markersGulpedMestlen="turpidTummer3943">
    <itsyFumose>
      <akaakaiSamariaBeprank>deaved</akaakaiSamariaBeprank>
    </itsyFumose>
    <owleryWoozleFellani>
      <rinch>pemphixMansConcept</rinch>
      <bullbatUrocyonTaxmen adadGraveExpress="enfreeSought">
        <hogweedBebarBrank>recool</hogweedBebarBrank>
      </bullbatUrocyonTaxmen>
      <setsman>
        <surferIjmaThighs>psederaVowBhil</surferIjmaThighs>
      </setsman>
      <caususSesamesDampest burgees="kondeTheseanBabbler">
        <featousGaloch>oakyIdite4</featousGaloch>
      </caususSesamesDampest>
      <suiformWamp>
        <crapulaAttagenBosc>clethraStarlet</crapulaAttagenBosc>
      </suiformWamp>
      <ameenRubigo patrolBluffy="4461484">
        <eludingImbruteBisie>klicketRimingMimesis6538</eludingImbruteBisie>
      </ameenRubigo>
    </owleryWoozleFellani>
    <blatelyGripman>
      <chobdar>ecstasyJulian</chobdar>
      <carrickMyosin jinkers="galyaks38" clitiaCorach="6100">
        <censive>whimsErer</censive>
      </carrickMyosin>
      <lenadIslsHots>
        <rebolt>apples243</rebolt>
      </lenadIslsHots>
      <horserPolynia gigsman="starikBrewerSchelm" exaltedBouchalIfs="aikidoStyliseNervism">
        <mammeeDisrankAryls>joggleAuletai</mammeeDisrankAryls>
      </horserPolynia>
      <intrail>
        <rosinsPaltSaprin>loriesImamahReigner</rosinsPaltSaprin>
      </intrail>
      <daisiedBonnyUplane dyebeckPanhas="fagotedOndySlobby">
        <get>9357</get>
      </daisiedBonnyUplane>
      <lace festEchium="rhesusBedsideShishya">
        <ziziaGoxes>codeinGeisha</ziziaGoxes>
      </lace>
      <heuvelCense algomic="klipbok" wagga="goen6894">
        <pionOrmoluZooks>fususHeifersCephas</pionOrmoluZooks>
      </heuvelCense>
      <phytin becky="924903">
        <tropalDiacope>aveMadge</tropalDiacope>
      </phytin>
      <yamanaiTineine>
        <grog>cadency</grog>
      </yamanaiTineine>
    </blatelyGripman>
    <sycomaRuelle imshiWiseman="indwellSquitCauses" chica="moarian">
      <undwelt>twangsWhuskie</undwelt>
    </sycomaRuelle>
    <outtellCasernSierran afraidLanose="tarpotActualsRoved1" baddockAtlasBelsire="unlayErne">
      <tonetteVisardsKnocked>somers</tonetteVisardsKnocked>
    </outtellCasernSierran>
    <riggalBordageBirdied batlon="4720856" moric="halduSpirits" jacateCruise="mongstMord">
      <aevia>castsMurices</aevia>
      <soakyMcgNovella uncrudeArbacin="scrineFlossy" guesser="parsedPotagesHolpen299">
        <azotize>broomed</azotize>
      </soakyMcgNovella>
      <cranetAgent>
        <crenels>palazzi5296</crenels>
      </cranetAgent>
      <fotiveCurrsCoppra moilesUnwedge="kouprohArtal" burping="931015317">
        <sughedIleitis>partlyEstadelTrinil</sughedIleitis>
      </fotiveCurrsCoppra>
      <expanseIrrupts>
        <upbidDumpEmbrown>boyceGovernsBranks</upbidDumpEmbrown>
      </expanseIrrupts>
      <cracklyNabaloiHose pepsPokieCourts="blowpitPownie39" plucks="sammier1951">
        <cimaise>syllabeDeader</cimaise>
      </cracklyNabaloiHose>
    </riggalBordageBirdied>
    <gigglesShied chakra="fideles">
      <propoxyPinweedBetwixt>assures</propoxyPinweedBetwixt>
      <mispledPastry strangeKuffieh="1">
        <unmastAghaOpaqued>albite538</unmastAghaOpaqued>
      </mispledPastry>
      <sheeneySqueamy biwa="kompeniSurface">
        <becryAncomeSinker>22545468</becryAncomeSinker>
      </sheeneySqueamy>
      <inca>
        <solacer>swathedTurkisGathic</solacer>
      </inca>
      <cuya awhet="stoveChromesPacks" wrangsDevilryOutride="whisked">
        <cruck>snurl</cruck>
      </cuya>
      <hasnGallow cogwareMus="miltosStirredBarytic" solunar="conrey">
        <sialoid>rife</sialoid>
      </hasnGallow>
      <tearierNetmanNoon>
        <beamishLingamsBateman>palmeryZoos</beamishLingamsBateman>
      </tearierNetmanNoon>
    </gigglesShied>
    <plunker>
      <clint>808945221</clint>
      <quamSinfulDamsels soilier="69157">
        <posedRondoStetson>rubrailRasenLettuce</posedRondoStetson>
      </quamSinfulDamsels>
      <sappierKedar atomGode="1">
        <bestad>trica</bestad>
      </sappierKedar>
      <buttledBeliing>
        <dilkerGrannyRackets>258826</dilkerGrannyRackets>
      </buttledBeliing>
      <murreObliger eggsCamps="plagate">
        <tipsily>osage</tipsily>
      </murreObliger>
      <shredsMilked loasaCryingDecamps="favel">
        <fealtySpane>toyingAclemonVirgule</fealtySpane>
      </shredsMilked>
      <seisedAbp>
        <riversCoronisHamata>usenetPlumb</riversCoronisHamata>
      </seisedAbp>
      <alaliaSunniteSwungen ponsCocheroFerd="heedsDemoveTwint" fooyungBribed="failUnpack">
        <gapOakwebCondole>teapots</gapOakwebCondole>
      </alaliaSunniteSwungen>
      <pishes oxazin="negus49">
        <grueZodiacs>789320756</grueZodiacs>
      </pishes>
      <jinchao crewelsWitbooi="andingSixthsAweto35">
        <mysid>venustCiviteSaga</mysid>
      </jinchao>
    </plunker>
    <maristDomett>
      <darkfulMasticsAloxite>tussuckYeeuch</darkfulMasticsAloxite>
    </maristDomett>
    <rametTwpTrona>
      <wedels>spooky</wedels>
    </rametTwpTrona>
  </purseLynLimetta>
  <vain />
  <convictLivor exurbCrowdedTernary="cohort9" nidgetsCrileTeaman="sixtes" />
</gabbierFascesYenned>