<?xml version="1.0"?>
<esoxBoggle>
  <drugged uzbeg="bordun4" metsGroufVertus="chowsed" imidMisshod="cornellSteeve" summutHemmed="forum1482">
    <furrowyLactone>
      <parterShapedEctally>insouls</parterShapedEctally>
      <ousels>
        <mangier>navahosCalmato</mangier>
      </ousels>
      <tanaistAdnexed nonlifeEktenePeshkar="polackPegman">
        <naaman>snappsPrepareLettic</naaman>
      </tanaistAdnexed>
    </furrowyLactone>
  </drugged>
  <ceilerUseableHeliums endark="warmupsMissendRapallo">
    <wadmolHeadsawMummied>
      <loudlyWashaki>unqueme</loudlyWashaki>
    </wadmolHeadsawMummied>
  </ceilerUseableHeliums>
  <clayeyInanely />
  <durax fakirs="talcsEscribe" />
  <suidian />
  <thackedWithsawMizzle bepewed="priedPlightsBreedy" dooziesPawmark="6024358" pteric="lippensWaviraKnap" zinciteVarasPuthery="corpnQuinasGonad" />
</esoxBoggle>