<?xml version="1.0"?>
<fussleMuroid>
  <ponyingSekhwanYacare navaids="puppingIllude" plowboyEdiface="bourne" seawanJailingGlenoid="lapsiLattenHartite">
    <unagileEnfoulJughead>
      <cavalry>feasted</cavalry>
      <toxicolTrainee>
        <pileusStarletGlutoid>67308377</pileusStarletGlutoid>
      </toxicolTrainee>
      <mistleMonism>
        <homyArpentsVistas>hakimGeolPerches</homyArpentsVistas>
      </mistleMonism>
      <totemsEthanesSwots savagedRoncosDha="cebathaRehung" gunaCreamerSpicing="interjBoiled">
        <aeonialAvenousDab>polemanPointedMarble</aeonialAvenousDab>
      </totemsEthanesSwots>
      <urs petemen="barcheAloe3">
        <suspendMohawks>bunn</suspendMohawks>
      </urs>
      <updaterMonesia gapeBestirs="ennuis861" agagInstallOdso="bunkoFisnoga">
        <racistsUzara>eelierOuttakePewters</racistsUzara>
      </updaterMonesia>
    </unagileEnfoulJughead>
    <mittenAlmonrySpak uralium="charesSchemyJarveys" cotPapasNanitic="earldomBeback">
      <onanistEosBiasses>minimisPathicMedakas</onanistEosBiasses>
      <mantuasMowsUpslip hippishGrisEmbrute="botonnyDisladeCarreta" mahoneInserveChieve="mitrer">
        <enfreeSenusi>4042</enfreeSenusi>
      </mantuasMowsUpslip>
      <thocht taculli="ofttimeDeltaicSpigot">
        <sparyMele>planing</sparyMele>
      </thocht>
      <airers toadishPresealTriakid="yaoortBedrape3">
        <wooing>986843484</wooing>
      </airers>
    </mittenAlmonrySpak>
    <tidbitsJosher>
      <gouache>425428775</gouache>
    </tidbitsJosher>
    <azoles>
      <ureKyliteWaxlike>lauryCarfaxLeglike</ureKyliteWaxlike>
    </azoles>
    <dislockYogins exalteThissenCussos="822" catches="dottled" yese="knoll">
      <earthen>vespers7</earthen>
      <thanLepiota cowmanLote="dippedReapingMirfak">
        <sizier>girdlesGelantsPaltock</sizier>
      </thanLepiota>
    </dislockYogins>
    <obligeeSleepry tumidlyMashmanWomanly="pupunha" jiggetCaptatePuma="gluersCooner3972">
      <hisselZambal>cabullaZeks</hisselZambal>
    </obligeeSleepry>
    <tappedDumpedMobbing toruses="incenseGalli" masoolaBobol="1868304" prinKnutty="20">
      <zibethsGalikThrilly>honer6</zibethsGalikThrilly>
      <swelthChinook crappoFowk="soudanDollSandier" danaine="trailerHichtManbot">
        <boggedMoneyedIurant>27</boggedMoneyedIurant>
      </swelthChinook>
      <besugo sauntAhimsaBolti="parseePropjetForeign3" simurgRippingPolies="bahamasReiced">
        <aplasiaUndeep>percentJumbly</aplasiaUndeep>
      </besugo>
      <peck effortGrapta="92">
        <samanPoling>sackers</samanPoling>
      </peck>
      <tithers hyaloidEditing="363485">
        <onaggriAlbata>samshoo</onaggriAlbata>
      </tithers>
      <parser fogouPeckledJust="remodelActon">
        <cossackScray>ovineZarnich</cossackScray>
      </parser>
      <guilerOnyxisKeet>
        <cheviesDustyFreemen>infoldsWife</cheviesDustyFreemen>
      </guilerOnyxisKeet>
      <squeteeVatfulsLimpsey nawleOutbegsAerocar="copeiaDioxidsPattens" deckelParraEustyle="pandoorDuctal314">
        <cigCautivo>filthy</cigCautivo>
      </squeteeVatfulsLimpsey>
      <dihelyRick ranomer="aflush">
        <thring>scopingZamiasEmulsor</thring>
      </dihelyRick>
    </tappedDumpedMobbing>
    <enfree>
      <itsyBlowupsRefiles>empiryScalper7703</itsyBlowupsRefiles>
      <tripperLeifMecums aerosatPharosFumados="60179" teetanDjellab="balnea">
        <scioltoOoecialBilos>almadiaPcmKiwai</scioltoOoecialBilos>
      </tripperLeifMecums>
    </enfree>
    <tutrixForcers yeasted="3" tonesGaupingAdvisal="bioherm" issuant="rescindMannerDeafer6021">
      <piccage>565063</piccage>
      <todayllResawn quoAblautsTrulls="straint" miltedUncheck="85">
        <dhaiRebuoySkiers>simagreZymaseGader</dhaiRebuoySkiers>
      </todayllResawn>
      <biggishPinhook>
        <tussehCorkePanamas>vallate</tussehCorkePanamas>
      </biggishPinhook>
      <divot carduusMuster="junglesUproseHassle">
        <waiveryRimateObscure>crankly</waiveryRimateObscure>
      </divot>
      <dossetyRuingRool>
        <dipppy>bowsed</dipppy>
      </dossetyRuingRool>
    </tutrixForcers>
    <akhyanaGilpyGenin>
      <marls>birdieCoyn</marls>
      <klunkTartenPhidian>
        <lasterBoikoAunter>toodleSlakesLeglen</lasterBoikoAunter>
      </klunkTartenPhidian>
      <pavisse tao="rabbinsApportHencote">
        <gardantShockedSheenly>motelsAntal9385</gardantShockedSheenly>
      </pavisse>
      <limmersLoq taxusKarroo="behoofNonbusy" slanter="1201771">
        <piro>23147</piro>
      </limmersLoq>
      <preamp drupal="unnovelJoltJaups9">
        <mako>699</mako>
      </preamp>
      <preen zigs="blotterAikidosBausond" fesseResealsOhone="clokeFrizzy">
        <aged>upcrawl440</aged>
      </preen>
      <molochsLimper>
        <semicupEasiestCeilidh>guldenBoth</semicupEasiestCeilidh>
      </molochsLimper>
      <seasQuidder>
        <fibrineGurle>haplomeShowmanGetling</fibrineGurle>
      </seasQuidder>
    </akhyanaGilpyGenin>
  </ponyingSekhwanYacare>
  <contdSaughen amative="snedDioxids" fraisedSalugiEnnerve="jaseyPartans">
    <egolVenison>
      <trypsin>217617</trypsin>
    </egolVenison>
    <oblastsWrokeNasalis>
      <squallyUnquickTwines>larkish142</squallyUnquickTwines>
    </oblastsWrokeNasalis>
    <gagsYay>
      <asia>755198</asia>
    </gagsYay>
    <refeedsSconce avenantShojoLaagers="levelVacuumaVersify">
      <exalateBoulesMoarian>waddler</exalateBoulesMoarian>
      <taipingBullerMisseat>
        <cirlHasard>earthlyLiard727</cirlHasard>
      </taipingBullerMisseat>
    </refeedsSconce>
    <zitzit voetianSwages="maffiaSlubby" bignessProlongDabbled="pampaHeave">
      <renovelNonbaseBensail>ladronDeeds795</renovelNonbaseBensail>
      <spignetBoubouSixer nizamut="skieySparrow" updressSputa="frippet">
        <tarand>519770</tarand>
      </spignetBoubouSixer>
      <fonding liccaPeloricPlonked="codeiaMuggers">
        <fixionMistfulJugal>4</fixionMistfulJugal>
      </fonding>
      <wearRoomful howk="146">
        <yankingPrimate>whelped</yankingPrimate>
      </wearRoomful>
      <imposeWispish kidang="muscidsPurfly" weakensLanaisDaffs="2">
        <behight>lyceaSagiest</behight>
      </imposeWispish>
      <unsappy rhedaKeirs="unsulkyMooressBitake">
        <skice>mauPoussin</skice>
      </unsappy>
      <ekesPlack>
        <ceriphs>pursers</ceriphs>
      </ekesPlack>
      <dogmasAbrasedManuals>
        <hookish>evanid</hookish>
      </dogmasAbrasedManuals>
      <dollopsTrammelEmpusa>
        <swabbleGrisled>1019</swabbleGrisled>
      </dollopsTrammelEmpusa>
    </zitzit>
    <augeanDoricalCritize sepoyRaiidaeOmalgia="muscule22">
      <adamsChimera>clearerMogulsAlange2943</adamsChimera>
      <telical dipsosWhangs="922031999">
        <sivaTutVick>4903</sivaTutVick>
      </telical>
      <camerasSoterCatnip tolasIdolumNewari="gavotte" fistify="driblet">
        <drovyKaury>insculpWaveoffLabral</drovyKaury>
      </camerasSoterCatnip>
      <suite distalImpietyGross="winnockStormy" carajaUnpipedDodunk="galenRouser">
        <curiate>throbFunnel76</curiate>
      </suite>
      <adorantSautyPleb cadding="641">
        <mistersSapan>unpeaceUtend</mistersSapan>
      </adorantSautyPleb>
    </augeanDoricalCritize>
    <seawornResinedSural guricYodleOilcoat="22" blainsTercelsUnpawed="preheat">
      <dacite>74533471</dacite>
      <coheresLintol friscoWiltingCrocine="orchid" washyBorhAmidism="outputsDrooped">
        <sponsal>aevum93</sponsal>
      </coheresLintol>
    </seawornResinedSural>
    <purpura>
      <jibTsoneca>glazeTriodia</jibTsoneca>
    </purpura>
    <mishnahZareba>
      <dentaryMaunnaBoated>kinooOlibanAmentia</dentaryMaunnaBoated>
    </mishnahZareba>
  </contdSaughen>
  <creenCorbanBelard metalerTanach="bylinerKallima" windlinMediantAlberto="zinniasMazdaUnshade" frenalNervedAmbreic="enfort" pocketsArdorSardine="kurbashXivPartan5">
    <habab cetanesLupanar="choatyUpvomit" unmete="ghegishLademanOgreism" hovererEnmove="mercat">
      <carraraSkipperLeeward>darooBeluga31</carraraSkipperLeeward>
      <carrotMethylDusty tissual="muledCapax">
        <fykeFatless>73768</fykeFatless>
      </carrotMethylDusty>
      <purled>
        <poddies>screverDivusPps</poddies>
      </purled>
      <urent panne="571093">
        <scrapsLeafitPariah>heroess</scrapsLeafitPariah>
      </urent>
      <blotterEldredWaybird snogBoyce="kraalPoney" tetchShivesSegou="40">
        <nullahs>uremia</nullahs>
      </blotterEldredWaybird>
      <tubiferTunuPitarah minchahEjurate="312737">
        <tastesParies>roofersSouldie</tastesParies>
      </tubiferTunuPitarah>
      <rifle grundel="615203">
        <dooms>smacked</dooms>
      </rifle>
      <stotterAlmohadZephyrs worsumMadras="accord">
        <hwtRifle>nosebag</hwtRifle>
      </stotterAlmohadZephyrs>
      <uproarPicricBisti fogdogs="kitschAlicantJambe8609">
        <sicked>lieut</sicked>
      </uproarPicricBisti>
      <truth>
        <osculum>equerryStadia</osculum>
      </truth>
    </habab>
    <gabiHymnalsPortor>
      <augetRunnionTampon>survey</augetRunnionTampon>
    </gabiHymnalsPortor>
    <keymoveNaschDullity>
      <hano>rielsEmoterSkag</hano>
      <tean gingal="unsharp">
        <aeoline>polleeJapheth978</aeoline>
      </tean>
      <mysidaeEnseem ratitaeCarity="182355101">
        <doradosHuppahs>axillaeMythizeTrama</doradosHuppahs>
      </mysidaeEnseem>
      <heydeys revuist="milsieCups">
        <trews>rupeesMuddyGlt</trews>
      </heydeys>
      <pastels>
        <pulpedYankeePsize>comals</pulpedYankeePsize>
      </pastels>
      <prefaceMohairsSprung alamosPimbinaKentle="sheltaSevier" razzerPayeny="uretalVepsishVolvas">
        <paisanSoign>porotic580</paisanSoign>
      </prefaceMohairsSprung>
      <nimblerChakar>
        <synuraBeglozeUlla>pottierDessa</synuraBeglozeUlla>
      </nimblerChakar>
    </keymoveNaschDullity>
    <indene crena="59915">
      <patrinNepheleAllyl>kannada</patrinNepheleAllyl>
    </indene>
    <snoek edemataApodia="tartest" fatwaVespineClefted="281">
      <netiMunitedMelena>contemp</netiMunitedMelena>
      <catenaeCavdia>
        <bluntCradlerAum>gimletPlagulaLeeful</bluntCradlerAum>
      </catenaeCavdia>
      <movingTipsy misfateMarksNepidae="fascio" lac="waughyTarataDeigns">
        <somnify>costard</somnify>
      </movingTipsy>
      <tineina>
        <adoptStayedStge>fgnSubact</adoptStayedStge>
      </tineina>
      <aurigoEofOrmers withes="museumLoaming" koilScuddle="adrowsePoucyWagwag">
        <comfitMisaddRecomb>lutewayDanaite</comfitMisaddRecomb>
      </aurigoEofOrmers>
      <ragingMandyas kamiks="sprue7557">
        <nonsuitCivismsCindy>bulby</nonsuitCivismsCindy>
      </ragingMandyas>
      <atripEmydTeazer>
        <segMoroPycnia>rociest</segMoroPycnia>
      </atripEmydTeazer>
    </snoek>
    <clerisy yous="virus" lyceumsYealing="bedinDhurnasCongrue">
      <cithrenBakerlyCobweb>funorin</cithrenBakerlyCobweb>
      <hangoutEmpusa>
        <shutes>stapFiscs3</shutes>
      </hangoutEmpusa>
      <fageliaBedeafShuhali frameaeThorinaSoily="33378059">
        <wafts>abroach47</wafts>
      </fageliaBedeafShuhali>
      <imbesel inglobe="fezzyKyabuka" ramage="ketosesFurnitTarting">
        <berger>laciestOgeed3</berger>
      </imbesel>
    </clerisy>
    <tiamToned>
      <parcels>pranavaChummyDarg</parcels>
      <bousesNumbest>
        <curvyElricSkyport>109</curvyElricSkyport>
      </bousesNumbest>
      <surahsJessieAshlar dashyOhingMailer="ouzelsBalked5182" stiltCutestTorgot="7">
        <placoid>agalma</placoid>
      </surahsJessieAshlar>
      <laborsReding>
        <eusteleLocableOutrick>altarsEnroot</eusteleLocableOutrick>
      </laborsReding>
    </tiamToned>
    <petos>
      <rituals>zeuxiteEroteme</rituals>
      <rhemistPhonies rinseSubageNunbird="dreegh" cuprideTermsLucanus="workbag">
        <liza>cepheusSurreyHeinz</liza>
      </rhemistPhonies>
      <unrove budukhaBinit="890600">
        <spilledSulkier>markLaughs</spilledSulkier>
      </unrove>
      <jamnut pithosCaviler="fugCadreAnemic">
        <fairestDandie>buckersKelder</fairestDandie>
      </jamnut>
      <delphFindjanTrenail lifelet="50877427" sledBarleySpade="sigma">
        <gums>vetoerSexlikeUptower50</gums>
      </delphFindjanTrenail>
    </petos>
  </creenCorbanBelard>
  <hawkie monadicCareerOstsis="staith" palach="18128316">
    <aracanaEtnas>
      <itemy>sollar</itemy>
      <pinaxPaellaGaurie>
        <atokeNumacEarbash>jowpyTippersKebobs</atokeNumacEarbash>
      </pinaxPaellaGaurie>
      <tchrLipomaBesplit ulnaeRerentHemine="616">
        <endable>encored</endable>
      </tchrLipomaBesplit>
      <cesuraHulloApiin>
        <brummerStowceChazzen>eloinerSanggilRegrind</brummerStowceChazzen>
      </cesuraHulloApiin>
      <newsierIndraft>
        <mobsOoblast>brawn</mobsOoblast>
      </newsierIndraft>
      <lichTarrassBulchin amalgamHexosesHamite="unredFurlong1">
        <giver>4521012</giver>
      </lichTarrassBulchin>
      <superl zakatVindictDeluge="787">
        <fibers>infixed</fibers>
      </superl>
      <result>
        <eupioneKyanite>24134703</eupioneKyanite>
      </result>
    </aracanaEtnas>
    <nomismsQuinoaExody gewgawAiluro="nannyBahBetoil">
      <myeline>onagri</myeline>
      <longer nemoralStintsImer="bandana">
        <pumpetEnamineLyase>astayPyrulaObstet</pumpetEnamineLyase>
      </longer>
      <bantamSodden waxworkAstre="guisingArauaStrone" monericMeaturePlants="641062">
        <vealing>asrama</vealing>
      </bantamSodden>
      <luckyTrusten>
        <retains>caroch</retains>
      </luckyTrusten>
      <towserUpstirsTheorbo caesuraDobla="3948189">
        <upnessClote>zaremaFauster</upnessClote>
      </towserUpstirsTheorbo>
      <hoseaSageer>
        <quitu>pulserUncoop</quitu>
      </hoseaSageer>
      <resow pilgerIsodontRoue="slaying">
        <teentsyAddu>gorst</teentsyAddu>
      </resow>
    </nomismsQuinoaExody>
    <kluxerEvadne>
      <leukonParures>perneaAnfeeld</leukonParures>
      <bandhuShallyBoatage>
        <bugganeRotting>88161</bugganeRotting>
      </bandhuShallyBoatage>
      <rebuilt>
        <faroukBudletSypher>braise</faroukBudletSypher>
      </rebuilt>
      <outbackTophsWarm apoluneAroAnam="mottlesCubla" hunnish="473314">
        <sac>gemlichLablab</sac>
      </outbackTophsWarm>
      <smitterLongee holmicFancy="certoseParlaysSkein">
        <denims>74120</denims>
      </smitterLongee>
      <glandesSpudTit unpaled="fuguingLengthyRunes">
        <worrier>sandboy</worrier>
      </glandesSpudTit>
      <coastal>
        <rebatheBassiAdnouns>caciArsheen</rebatheBassiAdnouns>
      </coastal>
      <qualifyTripack tylerZapusTeargas="parietUngear">
        <tackety>13415585</tackety>
      </qualifyTripack>
      <foxtailElamiteLakey>
        <caudadWhatre>ladingOpened</caudadWhatre>
      </foxtailElamiteLakey>
      <enteral canalesBakshisLimb="torcherKaver" karateMouthedSins="bons">
        <curule>candlesLowmanStealed383</curule>
      </enteral>
    </kluxerEvadne>
    <lunariaGussiedNubian weddeedDissoul="souserConuzee">
      <mikaelCosherLovely>1915</mikaelCosherLovely>
    </lunariaGussiedNubian>
    <bowlers hexereiBarmsDrabler="fluorinToskishExposed6103" crocksBreaker="bioptic">
      <lupidGerEleut>refenceKishkesVolti</lupidGerEleut>
    </bowlers>
    <monoazo entryEnsureSpaniol="dabsterQuininsTacnode" plasminPunctus="wuss723">
      <degras>delverGlutens</degras>
    </monoazo>
    <thankee tilty="psychosRewordsBaconic" sirloinSaddest="lipaAcraze" spooked="tiqueurBannockOutsat5">
      <tritish>neerPicudo</tritish>
      <warriSkatoleLeucite>
        <quintin>eclats</quintin>
      </warriSkatoleLeucite>
      <murexidCogsAmbush>
        <randier>xylopia</randier>
      </murexidCogsAmbush>
      <youreChivied fibbedStooth="tweeshLater">
        <anthela>swisherDolina</anthela>
      </youreChivied>
      <kennerIncuseAmusing birota="elinorAfield">
        <quakeryOarial>69600262</quakeryOarial>
      </kennerIncuseAmusing>
      <rechawMatheRagis>
        <midpitDefail>envelop</midpitDefail>
      </rechawMatheRagis>
      <shumal sabeFactoBoarts="576">
        <tenably>vidkidPawpaws</tenably>
      </shumal>
    </thankee>
    <bobbedStones>
      <flaggyTincalHarns>patent</flaggyTincalHarns>
    </bobbedStones>
  </hawkie>
</fussleMuroid>