<?xml version="1.0"?>
<ductusIceroot>
  <clamerWallowSillery deuces="wherritStatizeEpiotic" porch="aliningMend" corsos="anestriSicilyLoofas" bonaireTinkledRancors="reparkPierrot1945">
    <fracted>
      <acidoidHedgerProto>catalogAdad</acidoidHedgerProto>
      <pukekoCraggyPowter>
        <ivywood>edge</ivywood>
      </pukekoCraggyPowter>
      <crowdsCarolsRemble>
        <orphansAlditol>aphthaeSeducer</orphansAlditol>
      </crowdsCarolsRemble>
      <libgetLatroTowmont>
        <braemanDisport>fumilyFatterGansey</braemanDisport>
      </libgetLatroTowmont>
      <skateRappeOglala>
        <oratesEringosCodilla>carobBartree</oratesEringosCodilla>
      </skateRappeOglala>
      <german bohoBridget="spayard" apneaForbodeTael="76">
        <actins>asci</actins>
      </german>
      <snye muzoonaPileaPomolo="cheneyLoxSelfs">
        <addlingArbalos>virose</addlingArbalos>
      </snye>
      <develed wanionsZonesKilos="64665" bordels="cawnie">
        <woodenSweden>bremely</woodenSweden>
      </develed>
    </fracted>
  </clamerWallowSillery>
  <sapajouAmoraim noixMickyGluish="spicaBaitersMidgard" neatestHackVeinery="relatumGammon9" lamplitSyrus="yatBevelerBourd" />
  <velarsRemelts />
  <dagmarAztecLintols aglee="vucoms4" />
  <coxwainMarlockRoads pointal="39079038" burkedSubking="7" coiffedMurvaEmes="stopers">
    <balkingReadsPanion>
      <prinks>whirroo</prinks>
    </balkingReadsPanion>
    <norland>
      <rontgenRamaStunts>minuendHoldup2304</rontgenRamaStunts>
    </norland>
    <conchy>
      <leveedBritishWraths>thravesPolymer</leveedBritishWraths>
      <wrang wiremenWhutterLastex="betoilGadeGaruda" aclydesIulus="worldy">
        <viiNoint>gecked</viiNoint>
      </wrang>
      <mahiLibbers dorsersAkey="remass" flotWohlacDeictic="tilted">
        <cassiasEmf>26</cassiasEmf>
      </mahiLibbers>
      <naggierGamiest awfullyTarWarners="virgaDougPanowie" maniocsFavorsShippy="proteusPeltsBuckoes">
        <dawing>molifyForhooyArtamus</dawing>
      </naggierGamiest>
      <jugateSiksika uperize="ferdwit" sucury="atelic">
        <corerYouzeNibbles>jingletEndysis</corerYouzeNibbles>
      </jugateSiksika>
      <talaria>
        <frockCronet>etheriaShoaler78</frockCronet>
      </talaria>
      <gerefa peleusSorbose="51731939">
        <sierranMopla>effortJarbot8</sierranMopla>
      </gerefa>
    </conchy>
    <reddles>
      <banakWalingAdvance>viduousNominy</banakWalingAdvance>
      <fixity combe="sarsarsKotukuJugerum">
        <egenceAmessSure>keepersBirthy</egenceAmessSure>
      </fixity>
    </reddles>
    <bronchoAshy berniceBotelsScrapy="selagoSurnapRomance165">
      <greaved>sandlot</greaved>
      <pronicRodmen geranyl="halidesKhanjeeIodates" repentOasesAsialia="chamoixUptimesJavali">
        <ragwormEvap>pembinaVers</ragwormEvap>
      </pronicRodmen>
      <tatie>
        <barettaPontiacFlus>7333406</barettaPontiacFlus>
      </tatie>
      <curiage shindysCraked="sajousWulk">
        <pothole>eldrichNeeded</pothole>
      </curiage>
      <pyrusSteedsRugae xeroxes="torroneOdeonsSkulked" embraveLufferLunies="facundTummels">
        <innsDandierPoucey>imprimeBimetal</innsDandierPoucey>
      </pyrusSteedsRugae>
      <everniaPotboyGuti>
        <mislenSheathDiminue>spiegelSungJaunted</mislenSheathDiminue>
      </everniaPotboyGuti>
      <pecans>
        <massiveUncaps>frappedMoroncy</massiveUncaps>
      </pecans>
      <botryFastly knees="knutty" cakettePotlineKonia="sneerIodoxyRamtils1">
        <kalpaSparage>classisParamo5</kalpaSparage>
      </botryFastly>
      <largeChute holemanMicah="pageantZimmi59">
        <loadedSeraph>triple</loadedSeraph>
      </largeChute>
    </bronchoAshy>
    <clyssusBlink sequela="tuxedoAnoine82" perkish="fenland" bandman="fatlyUnchurn">
      <bemoansSeudahOvalish>badiagaVagally</bemoansSeudahOvalish>
    </clyssusBlink>
  </coxwainMarlockRoads>
  <rahulChuttieWaller esplees="nippingRingmanBrisk61" adoptsFustie="cambogeGowd" soddyStremmaTubbed="becameBuffyReneged467" soapingXiphoidLantaca="cuissesBandeng" />
  <bocasinDerry />
  <phugoid nellJamboyReifier="842001666" />
</ductusIceroot>