<?xml version="1.0"?>
<strail>
  <nawSeafarePanaman schoonFagotto="halkahsApulian">
    <agonizeSloughs barnmenGaditan="papaTsiBicolor">
      <valutasHeedingGazette>ovinae</valutasHeedingGazette>
      <enfaceHeftily dooringPapulae="451396465">
        <perlidSierIngate>retempt</perlidSierIngate>
      </enfaceHeftily>
      <plungerBanjukeChanche afieldRibbons="renoirBalaicOverran1" vamure="azofierRaunWooly8">
        <fiji>uveitis1</fiji>
      </plungerBanjukeChanche>
      <taeniteChymousTeadish scatheAgraphaNasch="785525837">
        <peplessHelco>nihal127</peplessHelco>
      </taeniteChymousTeadish>
      <sultoneKanehExarch>
        <sellateFeinterSnoke>satsumaConfers426</sellateFeinterSnoke>
      </sultoneKanehExarch>
      <casterAlmoner>
        <zygosesUnlawGlenoid>compd</zygosesUnlawGlenoid>
      </casterAlmoner>
    </agonizeSloughs>
    <dioptryMays filiusPlumoseChitty="thyselIllness">
      <sturtinRove>boudoir</sturtinRove>
      <lusian toatoa="avosetDhoonCowbyre">
        <piffBurkei>psorous9040</piffBurkei>
      </lusian>
      <yarnsJondlaBetroth fjorgynCasimir="gibeEdgierServus" hershipDugoutsSenarii="buzukisDashnak">
        <gour>cogency</gour>
      </yarnsJondlaBetroth>
      <lovers>
        <wisureVivifyYeech>bloteFezzanRemus</wisureVivifyYeech>
      </lovers>
      <burkha>
        <nippon>4685122</nippon>
      </burkha>
      <suer>
        <chancheMaconne>pyla</chancheMaconne>
      </suer>
      <rhizotaSwamies prosit="turdsOrchis" bombay="coaged3">
        <godroon>sysout</godroon>
      </rhizotaSwamies>
      <grill clownedPrehaps="ambushNovenasOpaquer">
        <bestrutJheel>beautyFoemen</bestrutJheel>
      </grill>
      <gwantusBamahEspavel>
        <whilockPhobicEngoue>stineGambles</whilockPhobicEngoue>
      </gwantusBamahEspavel>
    </dioptryMays>
    <bashfulCiboriaEnnuyee>
      <raggedyPlebianMantid>7369414</raggedyPlebianMantid>
      <bylawsMawseedSox ammonic="33" oathedGaliumDenuded="mahNetting35">
        <hiperKnew>dezaleyNorlandTosh</hiperKnew>
      </bylawsMawseedSox>
      <wanny fubsierDunitesLuxated="4" lowingAzuleneAzoths="stewpanTrudyGisla">
        <rathedRamaite>yahoosBrick</rathedRamaite>
      </wanny>
      <sabbeka quotityAnilid="33078">
        <upcrowd>lissom</upcrowd>
      </sabbeka>
      <juicedEmend slirt="rustledStade">
        <flasher>94892</flasher>
      </juicedEmend>
      <azarole bittierRumlessAlthing="amay">
        <malaise>goldneyPudiano</malaise>
      </azarole>
      <brawledBecolme>
        <fifedApple>trowed</fifedApple>
      </brawledBecolme>
      <lister volesWaygoerReman="budgeTangileHosted65" jockoBiribaHinnies="boxheadConformAtheist9">
        <krakenRepipe>drury</krakenRepipe>
      </lister>
      <tachSyrma turbit="dorey">
        <elvanEmeritiBedrape>7848922</elvanEmeritiBedrape>
      </tachSyrma>
      <swabs naledsFusulaeHelipad="giustoJeddockKhat" dorrOrthAlegars="pusleysAlleleAchiest">
        <sain>jigsaw</sain>
      </swabs>
    </bashfulCiboriaEnnuyee>
    <bancaAtokous>
      <slothsEntasia>anestriBigamWindel957</slothsEntasia>
    </bancaAtokous>
    <nabaloiToggel>
      <sepalBoughy>revince</sepalBoughy>
    </nabaloiToggel>
    <luringRootiOdelet>
      <paupers>4712</paupers>
    </luringRootiOdelet>
    <loaves>
      <inadept>grailAlaiSemihot</inadept>
    </loaves>
    <jazzmanExotism furryCentrefChawle="inajaNecklet1865">
      <kiowanFretizeNoam>37278730</kiowanFretizeNoam>
    </jazzmanExotism>
    <larnax>
      <pourrisGangaBely>texansFlebile</pourrisGangaBely>
    </larnax>
    <chickenSorest plagae="6" culeusDghaisa="abaca">
      <tutorsLariatElastin>anahita</tutorsLariatElastin>
      <pistilWhapuku masdeuTeaeyAccost="cubingAdwardJaw" upped="champyCistae">
        <ranselKissarYulans>uintaUprein</ranselKissarYulans>
      </pistilWhapuku>
      <relime impedePsidium="overtax">
        <crianceRadiate>26903358</crianceRadiate>
      </relime>
      <honan>
        <redears>juslted</redears>
      </honan>
      <shortenSimoomsSloanea arctoid="kaserCommixtHundred">
        <rifestRegret>fondledUllucu</rifestRegret>
      </shortenSimoomsSloanea>
    </chickenSorest>
    <exxon>
      <doomEledone>56772</doomEledone>
    </exxon>
    <rhemaChapmanAbets carduusRococo="calesin">
      <ghosterKyoto>87247211</ghosterKyoto>
      <graisseOldyCocus>
        <femeGeologyAlix>sconcedZelAvener</femeGeologyAlix>
      </graisseOldyCocus>
      <bilgesExaltedAnima bitchesCutie="princod">
        <yirnOlogies>slootFlotterWirers</yirnOlogies>
      </bilgesExaltedAnima>
      <halaBodhiAludel>
        <bahutuNudest>pelvicSend</bahutuNudest>
      </halaBodhiAludel>
      <theinsRachis>
        <cobras>75484197</cobras>
      </theinsRachis>
      <randell unsharpExcussBroo="sighsDinsomeUrtext" talabonDurrySpurry="pickee">
        <coom>mamoAcremen963</coom>
      </randell>
      <tiniestNeons bacao="firedVespoid" purreeWambaisDiverge="misimaTrenail">
        <bauleaFage>bankmen82</bauleaFage>
      </tiniestNeons>
    </rhemaChapmanAbets>
    <escotWunnaGriefs planontChanoyuSwage="nainselPageboyConnach">
      <joseHygricUnaware>94</joseHygricUnaware>
      <airwardAmyrootVivider caseousMounTriad="rusksAbilityPteric" requiteBargh="encharmToggerXyloid">
        <ifugaoTypebarDallop>973726535</ifugaoTypebarDallop>
      </airwardAmyrootVivider>
      <desemerDronteFly reiving="muttenImpeyanJowlier" jochTeise="skidder">
        <timaeus>solidly</timaeus>
      </desemerDronteFly>
      <lianes>
        <bansheeFlashedRotch>grottos</bansheeFlashedRotch>
      </lianes>
      <guffawsHonchos>
        <keekBundookEditor>kiluckLather</keekBundookEditor>
      </guffawsHonchos>
      <sinward routierWarheadWafd="aldaminNoughts" steamsDeanessBoshas="sergesSeiners">
        <acornEudemon>9706</acornEudemon>
      </sinward>
      <beclaspJinkerAbc deking="upcallDennetPastour" gemmaeBilked="balneaInmesh">
        <opaquedAxionAerobee>polymerSignumScruff</opaquedAxionAerobee>
      </beclaspJinkerAbc>
    </escotWunnaGriefs>
    <oversadWeaves bonnetTegsCmdr="stanzoRusin">
      <ulexineNoggedLouster>dogging1668</ulexineNoggedLouster>
      <walerMurexes>
        <kyatStoves>mavieSupponeThegnly</kyatStoves>
      </walerMurexes>
      <fum vainlyCatline="peitho" flamant="862916628">
        <retd>daflaEnlacedBotches</retd>
      </fum>
      <wiremanBabe airifyHoutWisher="crim" repentsValour="dewormEmail">
        <zabismPowcatMumping>araminaSablyDrama</zabismPowcatMumping>
      </wiremanBabe>
      <remnantPisses vowely="restoreStadle" beltane="impawn80">
        <darrell>lamiterTappaCocytus</darrell>
      </remnantPisses>
      <woads mokyEttarreDaniele="sycosis" wisterLituus="scoursMahajan">
        <betoyan>perineCytasicDragged</betoyan>
      </woads>
      <coryzaPsalms titanic="23">
        <amoriteUnguentHarlots>tav</amoriteUnguentHarlots>
      </coryzaPsalms>
      <sumitroBeamilyUndraws bumble="hurdledGeckCatlin">
        <feering>portureSlings</feering>
      </sumitroBeamilyUndraws>
      <tereuFurzery dayanim="nanoidGulfy" radicel="vinodCoinCuinage">
        <kailsManakin>77</kailsManakin>
      </tereuFurzery>
      <prewash gresChrome="braider">
        <glancerUgali>piste</glancerUgali>
      </prewash>
    </oversadWeaves>
  </nawSeafarePanaman>
  <auxesisVinasseDoubt />
  <athbash everAgenCotised="rigueurCentime8335" accostsZoopsia="arage" blobby="miscopyThralls" />
  <glamor cassiasConcavoYours="patenerStraitsBenu510" tilia="gymnicZimmyNunnery" morboseCeboidsPpl="gravityLoinBehear" soilier="hammaidTurmit20" />
  <bepaid selahsSprattyBricky="30984594" capotes="3698">
    <whoopPlanaeaTeiid>
      <oilcup>bridelyForstHiram</oilcup>
      <smitersNutrify uplimb="ajimezManaDurene">
        <berimeLinked>7888270</berimeLinked>
      </smitersNutrify>
      <lowbell gewgaw="beflagsEmbosomVeranda">
        <kerri>6</kerri>
      </lowbell>
      <drissel letGray="mirabelZiram">
        <sizingsMammasUntrust>sylviteAtingleUlvas7221</sizingsMammasUntrust>
      </drissel>
      <mutsLubraSapa ghessMoricheGlider="haulse23" casiri="hotdogDtsetStorage">
        <qaidExradioClone>reagin4</qaidExradioClone>
      </mutsLubraSapa>
      <syruper upgazePoromaSyssel="lakotaIntower">
        <aristosDotes>rechaosStromalThirled</aristosDotes>
      </syruper>
      <pumpedBagheliHooves chacteUnrifeRipe="harmerKusti" schickApyraseSwashed="stogies428">
        <librHymnsZanella>49858062</librHymnsZanella>
      </pumpedBagheliHooves>
      <undailyDisamis eggarsBedcordTelang="solutio" bensheeEttaIndians="147062">
        <sibylsSynfuel>65121</sibylsSynfuel>
      </undailyDisamis>
      <jackeyTwaddly outfoxCumic="pittaMonsoniUnbegun">
        <tsimmesPinjaneGlob>cladeColyumBilayer</tsimmesPinjaneGlob>
      </jackeyTwaddly>
    </whoopPlanaeaTeiid>
    <xanthan uncharmBrickerPlumet="upbandIntents" muletCaraipe="doylt" wraitlyGrazed="738500577">
      <adducePondy>domes74</adducePondy>
      <untaxFooster>
        <adulateEllipse>mastage</adulateEllipse>
      </untaxFooster>
      <kelsonsWorst salixBagie="chytraZubr8076">
        <annexeHylistPledgee>boke14</annexeHylistPledgee>
      </kelsonsWorst>
      <hainedBribeeSeder austereWherrit="3861" wielare="cordyl4">
        <regurMentor>rhbNeats1839</regurMentor>
      </hainedBribeeSeder>
      <defetPickledUnships diastemGraphedQuashy="ahungry">
        <injuresClippie>pentadYapokUbc</injuresClippie>
      </defetPickledUnships>
      <esopus dansant="wineierCliencyQuarts41">
        <hoey>51</hoey>
      </esopus>
      <sheerlyFondonUrohyal smeeMournFishful="effigyDalasisCabers">
        <orlon>toiled744</orlon>
      </sheerlyFondonUrohyal>
      <rackleOtidium jad="garth">
        <stictis>fryerCoxitis</stictis>
      </rackleOtidium>
      <quirkedTearage>
        <fobbedVeristNegros>signersSteres</fobbedVeristNegros>
      </quirkedTearage>
    </xanthan>
    <bagoboCommuna betalk="1686980" caranxAppliesCasing="maihemPand">
      <filiteDowned>painchMycSwaggie4512</filiteDowned>
    </bagoboCommuna>
    <charpieLivenedWacapou beshameAnn="77" softa="shorts">
      <wiedRetinolBilati>solido7161</wiedRetinolBilati>
      <mesodicPachuco>
        <sophicFrangerStarky>tokamak</sophicFrangerStarky>
      </mesodicPachuco>
      <outgrewKidvidViol>
        <bovidaeVogliteHolked>cerylDautParcel</bovidaeVogliteHolked>
      </outgrewKidvidViol>
    </charpieLivenedWacapou>
    <outflewFica>
      <hurri>panocheExtend</hurri>
      <purdaStoppleTashie>
        <populus>quinticBald</populus>
      </purdaStoppleTashie>
      <ramblaKnarry cheseBeachy="tycoons">
        <crineCocklyRiffing>85854</crineCocklyRiffing>
      </ramblaKnarry>
      <bog barat="gloriedMultCuracoa" fonly="queer">
        <nopalea>curtays</nopalea>
      </bog>
      <wouchPannesAnanism clumsyLacocaCaboose="whereofSleathyPreedit">
        <sizier>twillyRefindsGluiest8394</sizier>
      </wouchPannesAnanism>
      <skedgeTakedGnarled>
        <pachisi>rankleBobsledInfarce</pachisi>
      </skedgeTakedGnarled>
      <darafRunaway shauriBoliche="chaka4880" werooleSyrphus="artistsResetsLigulae">
        <sorties>saltily</sorties>
      </darafRunaway>
    </outflewFica>
    <vicugna pomsterMaficSawny="suffari">
      <roaredVerzino>lavangaCaunus</roaredVerzino>
      <goajiroTicksRatitae donarPhooSoftens="isaiahSubito" nursy="ketchupDeducedGritty">
        <swiftenExcelsCinched>crickleSubbias1</swiftenExcelsCinched>
      </goajiroTicksRatitae>
    </vicugna>
    <albatas untown="4234" rinsesBluster="filosaLandersYearly">
      <tulare>8986</tulare>
      <scruff lingerArguedElmy="tinCoit">
        <muddishBoldestAbuna>notistTearcat</muddishBoldestAbuna>
      </scruff>
      <earplugTelarly tariqa="tassetsBoyars">
        <plowAugend>gothiteFinesProbing</plowAugend>
      </earplugTelarly>
      <oilerImmi galliotChteau="termitePraus" enplaneTickAlders="zoocarpLootsRisuses">
        <daffish>95</daffish>
      </oilerImmi>
    </albatas>
    <mesodicMiles>
      <tapwortFishnet>uncousRoughs</tapwortFishnet>
      <woolmanEmulateMinny kobanRabbishUnburnt="enroundDromondKippin" farmy="logic">
        <vawsCyperus>shewelGeminal</vawsCyperus>
      </woolmanEmulateMinny>
      <elecUnrisenAmplex bochism="helotryLimeanMorosis">
        <parmeseLindens>moreoteHoistedBeardie</parmeseLindens>
      </elecUnrisenAmplex>
    </mesodicMiles>
  </bepaid>
  <nanniesDear />
</strail>