<?xml version="1.0"?>
<cosingShrieksNutcake>
  <starers ribbingDemoidRancio="inkedButtes">
    <lucrousSuid>
      <disject>47</disject>
      <kanukaLyratedLan attourMireGutte="chesselHumphsPlanks" sayyidBabboolZipa="boucanProvedUncross51">
        <actingsSwiggleSomne>motykaDrummerGrueler95</actingsSwiggleSomne>
      </kanukaLyratedLan>
      <doolyStashes>
        <doriesEmpaper>saguingElleck</doriesEmpaper>
      </doolyStashes>
      <infilmNutate headmanBowelsGelong="numpsDuckpin" rillet="headrigLichees">
        <sneath>bitwiseFleered88</sneath>
      </infilmNutate>
      <warnersEyasesRenomee>
        <turnoff>987367</turnoff>
      </warnersEyasesRenomee>
      <besully thisnOchringSclere="tabascoSenhor">
        <rouelle>tahamiNodal</rouelle>
      </besully>
      <medulaStamina>
        <drapesBebang>weve562</drapesBebang>
      </medulaStamina>
      <lobbiesHaulmsFuye>
        <jacobLemonsSeagoer>avosBurinStouts</jacobLemonsSeagoer>
      </lobbiesHaulmsFuye>
      <homeridChwanaRandori atuaRauqueEvitate="blattidAssumedArbores" seiurusFresh="3">
        <thriveMtge>613756768</thriveMtge>
      </homeridChwanaRandori>
    </lucrousSuid>
    <devise>
      <prowlsAryl>tunnit</prowlsAryl>
      <creachyKrosa ingenyFouty="morwPlinked861">
        <gawbyGoldyQuilez>esu</gawbyGoldyQuilez>
      </creachyKrosa>
      <dunningCautelSited>
        <wollockDunBackjaw>63050</wollockDunBackjaw>
      </dunningCautelSited>
      <waltzesLuxuriaGorra>
        <halloas>1798</halloas>
      </waltzesLuxuriaGorra>
      <zowie>
        <cabotsTaenninReverer>koklass</cabotsTaenninReverer>
      </zowie>
      <wikiupAuroralCorvoid>
        <guelphUniquer>barleyManatus</guelphUniquer>
      </wikiupAuroralCorvoid>
      <maar>
        <bighaToeingRebekah>6240</bighaToeingRebekah>
      </maar>
      <privacy>
        <margauxShanty>culbute3</margauxShanty>
      </privacy>
    </devise>
    <azuresUnsadly>
      <eeriestLichees>cumuletSkintleAwave</eeriestLichees>
      <pianolaChalSiganid jinket="updomeSorrows">
        <cobrasNeonatePpi>banshee</cobrasNeonatePpi>
      </pianolaChalSiganid>
      <arthraSpatter>
        <freightBerwick>44084</freightBerwick>
      </arthraSpatter>
      <portifyHalavah noisesHoch="51603" ophidiaRetreat="alteredTinkersToothed">
        <wrapt>amnestyWimpleEvelyn</wrapt>
      </portifyHalavah>
      <proponsAmender>
        <scalpsAbortusBowden>66207</scalpsAbortusBowden>
      </proponsAmender>
      <yuftBunters gushers="6581608">
        <shogunsScabishUploom>printer6185</shogunsScabishUploom>
      </yuftBunters>
      <kauriesLeaseBatwa cathrin="cooperKokako">
        <oopuhue>prahm</oopuhue>
      </kauriesLeaseBatwa>
      <yanky gtdTenuitOuthit="womerasDuadic852">
        <pills>broodsPutureRoguy</pills>
      </yanky>
    </azuresUnsadly>
    <amtrak>
      <eelpout>unitiesSaddest</eelpout>
    </amtrak>
    <crible>
      <pampero>oiledPatting</pampero>
    </crible>
    <dumdumsDiverge>
      <densen>zoisticRivellCarven</densen>
    </dumdumsDiverge>
    <cancri funky="jeffery" bavaryRiced="9485761">
      <flywaysScotismMilner>1071939</flywaysScotismMilner>
    </cancri>
    <boblet>
      <palishPorket>dotedStrutGats</palishPorket>
    </boblet>
  </starers>
  <saintsAtomies ladiesAggieParisia="anomalaVirgate">
    <aeolism fauldUromereTallet="tongman" mobberBiasedZingana="souaggaForthgoCushing">
      <baterSirpoonGobbed>nigori</baterSirpoonGobbed>
    </aeolism>
    <wommalaGershonUveous octantKayaks="tossupFluffed" slapperEngobe="eellikeDarnedHarpago" squaxonNiue="coiling">
      <guessed>mossedStomack</guessed>
      <forged priapus="talipedSeshat8316">
        <forerunProbeerFoehns>16157879</forerunProbeerFoehns>
      </forged>
      <thesialPlatan fotchWallows="46">
        <toccataDefilesPrunes>collen</toccataDefilesPrunes>
      </thesialPlatan>
      <cloverLuperciGoer furlanKingrow="plonkSubgyre" eelbackSuffLikest="uropygiTweeter">
        <trove>waiataOppone</trove>
      </cloverLuperciGoer>
    </wommalaGershonUveous>
    <schedar>
      <penis>9609</penis>
      <clatchyPretorPhleum unclayFricti="slappyTussore437">
        <dubheBeparch>avineTheistBravely</dubheBeparch>
      </clatchyPretorPhleum>
      <hoboing zygnema="howkedOik">
        <fucusJustlyTench>netchaUpframePodesta</fucusJustlyTench>
      </hoboing>
    </schedar>
    <niguaHelverApyrous>
      <maltedAustere>verbate</maltedAustere>
      <acroticRich>
        <gringos>halibut</gringos>
      </acroticRich>
      <belays ralph="unhumidSifters" abris="pense">
        <ceriphStunk>escrolAlbedos25</ceriphStunk>
      </belays>
      <enapt tancelSibbensMartele="5" keeler="aleuticInfusesLantaka">
        <weedageJagir>foglessPegwood</weedageJagir>
      </enapt>
      <nabobryEscrodCahiers ruewortBiplaneLansat="kolobia">
        <maileLinariaDross>esexualFaailk</maileLinariaDross>
      </nabobryEscrodCahiers>
      <pintleCornsGristly stomal="moonilyChati" eyelidsLettrin="corialTeepeesLitch">
        <rosalesMulledBajardo>exrOwkHusker</rosalesMulledBajardo>
      </pintleCornsGristly>
      <humetBurdies>
        <oralizePainful>127579</oralizePainful>
      </humetBurdies>
    </niguaHelverApyrous>
    <xyris>
      <kronaGonium>snuggly</kronaGonium>
    </xyris>
    <wakandaTapiaBabies>
      <textileClozeRenn>bedecksSingersImpugn</textileClozeRenn>
    </wakandaTapiaBabies>
    <tawPlenistKheda>
      <arenaeEnsouls>shirazTurdsLorien</arenaeEnsouls>
      <marhalaSkippel hollekeDorn="raisons">
        <rovet>altezzaCargoWrangle6</rovet>
      </marhalaSkippel>
      <ukeleleEffusoKnurlin>
        <abbozzo>657</abbozzo>
      </ukeleleEffusoKnurlin>
      <preknit svarajsReaffix="805">
        <slowly>985499909</slowly>
      </preknit>
      <seals>
        <revers>pebanClout4337</revers>
      </seals>
      <wahFecial maraudsGlochid="30" unsureWilled="droudBustlerDretch">
        <excamb>feccheAbeam</excamb>
      </wahFecial>
      <seeledSeaveMongoyo pratersTaperyCalory="5">
        <unlousy>juggingAllo5622</unlousy>
      </seeledSeaveMongoyo>
      <karen alvinBoileryCaique="rubeBagh">
        <combindArcing>pensiveDithers</combindArcing>
      </karen>
    </tawPlenistKheda>
    <daimyosDysuric>
      <worden>judging</worden>
      <gayerKaverCutset rebukedCoriaus="neckSai">
        <seginusIofPreanal>regmataArosePrees</seginusIofPreanal>
      </gayerKaverCutset>
      <epsilonDeratRontgen plevin="cranch" jettedFeed="formedAcryl">
        <outsetsGiddyTnt>cuvageTinety</outsetsGiddyTnt>
      </epsilonDeratRontgen>
      <appaumePigletSlicked>
        <keckles>96093049</keckles>
      </appaumePigletSlicked>
      <spying jayeshHolleke="349">
        <dahomeyRealtorGirland>taker677</dahomeyRealtorGirland>
      </spying>
      <tpdGalloon lausMattoirDarics="ingots">
        <aryl>causateBests7</aryl>
      </tpdGalloon>
      <ladino geogenyErucicBiped="75582">
        <luteciaCharletTacan>quittorZealful2376</luteciaCharletTacan>
      </ladino>
      <stailLarcher>
        <seemlyMousoni>afearIcespar</seemlyMousoni>
      </stailLarcher>
    </daimyosDysuric>
    <atomic bittierPiliferCroaked="7800221" sennett="siblingStalderTough" afearSpitSabing="inionRodham">
      <jurorsTogues>77</jurorsTogues>
      <pier boobsIridizeFantasy="balunAgen">
        <metriseAheyDowel>335</metriseAheyDowel>
      </pier>
    </atomic>
  </saintsAtomies>
</cosingShrieksNutcake>