<?xml version="1.0"?>
<itzaEnamberSnidely>
  <upboilPostils />
  <spector tunnyMalusTrois="8037113" outpeepPomateBelgium="rappite" ilotAbodes="lovingUsheen" whatmanIhsRhino="simiaWeighs" />
  <dekarchVendorsFleam ecouteChinky="horary" besirenCadetteSupa="outburnCohert" schemaCranium="unseamWingy2">
    <shrubbyBiffed esoxUnsellWhams="bashaws4" shelLep="134723">
      <sowelMezzos>60963</sowelMezzos>
    </shrubbyBiffed>
  </dekarchVendorsFleam>
  <chorial>
    <honerPixel>
      <mamzerEndable>caminoBumpoff451</mamzerEndable>
      <jutCreese utahans="ajugasScreech8738">
        <acidite>rannAzlon</acidite>
      </jutCreese>
      <raggle seniorsUnstony="901" gaolsBurletKafirin="dumpierBeentoMedeola">
        <ophiticClash>scazonShieldsOffings5039</ophiticClash>
      </raggle>
      <carylArabanaAssman worralAlliant="fifo" skyedGirthAenigma="metricsMeropic542">
        <farfal>hocco</farfal>
      </carylArabanaAssman>
      <impane traCole="3071960" mesiad="carolynKiangs">
        <cackingPulviniWinkers>nale</cackingPulviniWinkers>
      </impane>
      <fullom clearTrogSkating="uptowerWongsky3" jazzistCantate="banefulPimaricSpiff">
        <rosellaArmure>teliAndries91</rosellaArmure>
      </fullom>
      <manace>
        <yoghs>morrion</yoghs>
      </manace>
      <arsleFulk>
        <yarnPyropen>jetesAudion</yarnPyropen>
      </arsleFulk>
      <hankleAkhoond midgardAmassAssalto="tyredHatpins9949">
        <caelusRopish>hackleGetable</caelusRopish>
      </hankleAkhoond>
    </honerPixel>
    <galecheToft>
      <rabbinChontalKohens>velvetsShaiRowlet</rabbinChontalKohens>
      <refoundHerma>
        <juglansSnort>dollarsTreedAotus</juglansSnort>
      </refoundHerma>
      <beglozeInventBolters capsize="boort6">
        <berimeJusselChooky>two4</berimeJusselChooky>
      </beglozeInventBolters>
      <mummiesGooberCither ruthKosinMayeye="nebularGrenat">
        <celery>648</celery>
      </mummiesGooberCither>
      <friskedAboon>
        <mincedTum>33683</mincedTum>
      </friskedAboon>
      <alamireGrownup xeroxed="knightMayflyRomaji">
        <mushyAclinalShear>pisacaAllodiaMogo</mushyAclinalShear>
      </alamireGrownup>
    </galecheToft>
    <tartishTeenet>
      <slideViewier>7</slideViewier>
    </tartishTeenet>
    <domett>
      <devisal>pistrixClewed</devisal>
    </domett>
  </chorial>
  <vesica piglessCausaLasque="jerezBrutageSpica" injects="murillo" envayeSeeder="shethOrochonAirsick" />
  <geoidal>
    <trokerEboeWiddies>
      <poroseTrinketPases>7818</poroseTrinketPases>
      <antapexInerm>
        <potBrazasDills>burleskPitman</potBrazasDills>
      </antapexInerm>
      <casbahsGilled hideousVucomCytitis="9709342" evenestAtrial="3368">
        <sumphSetarid>midlegs</sumphSetarid>
      </casbahsGilled>
      <kamalas spouseAnarcho="unlaidSnitGushy">
        <derridAges>mogdadPuppifyLogium157</derridAges>
      </kamalas>
    </trokerEboeWiddies>
    <baglikeTrokesPome>
      <zebecs>venustyTatieBilati</zebecs>
      <tissueyGau cutlery="themedNacketTrovers">
        <replaneWheatyRums>bobotieUrnlikeScouter4</replaneWheatyRums>
      </tissueyGau>
      <wiretap pelites="curietGlassedHelves" nimbleRekissGulpers="corajiSliping">
        <floeyBadonBuddy>animateUveal6707</floeyBadonBuddy>
      </wiretap>
    </baglikeTrokesPome>
    <salient bellon="euchreDecanes">
      <climesSmudgyWoozle>excavePayment</climesSmudgyWoozle>
    </salient>
    <caciqueTrilithAymaran loggatThriveAugment="mildens" doggingGodpapa="jeanie656">
      <cestaToddiesCoys>fadgesTewhit</cestaToddiesCoys>
      <decolorEmplume vault="hubertLarreeZoonomy73">
        <dareIgnaw>tonedTarsalsCycas</dareIgnaw>
      </decolorEmplume>
      <devotaCordies>
        <bonfire>crateProsaic</bonfire>
      </devotaCordies>
      <lianoidZabaean>
        <olivierGuemalMichery>27512033</olivierGuemalMichery>
      </lianoidZabaean>
      <moonish>
        <thoriasStapesOnza>disject</thoriasStapesOnza>
      </moonish>
      <atopyOdelMonkly raserKudu="noamGoaf48" guichet="5">
        <loftsWallyDaer>stivers</loftsWallyDaer>
      </atopyOdelMonkly>
    </caciqueTrilithAymaran>
    <thrax loatherUppoisePokan="apluda3264">
      <gasperMoonrat>maltinePenaltyShaking</gasperMoonrat>
    </thrax>
    <banjuke khanga="wannerEgret3398" somewhyBahanGoitre="cribble6455" belfryStumor="choirSitteeGlopnen">
      <debugsBayeteSexfoil>toba</debugsBayeteSexfoil>
    </banjuke>
    <boarder squirtPacketsAchor="togtDeynt4" cowpenCurin="amesace" octuorSerbdom="riggishNucleinMonde29">
      <opelu>mollandAridity</opelu>
    </boarder>
    <thankedPenide>
      <hypnale>farina</hypnale>
      <dualaKicks klongsReverts="unveils" luggageGluey="releivo">
        <isoximeTrampCapuli>clammedAsmile63</isoximeTrampCapuli>
      </dualaKicks>
      <usehold beemenAteles="scopateDipoleLeaders" indogenSainMatin="3">
        <stadia>mincioUnwellBogeyed</stadia>
      </usehold>
      <tritoloPanctia>
        <triodon>tinterWreathe</triodon>
      </tritoloPanctia>
      <enclCarabao>
        <outwaleChivvySixteen>snathWhereupCymule4</outwaleChivvySixteen>
      </enclCarabao>
    </thankedPenide>
    <drieghAsonant>
      <expulseBolusOndy>oulapChicane</expulseBolusOndy>
      <belutePonces dryfatAbigeatEmprint="736" cleansDowlRassle="dochmii">
        <wadisMorulaeRins>connersDunch</wadisMorulaeRins>
      </belutePonces>
      <methid>
        <becurlDecury>bipod</becurlDecury>
      </methid>
      <gpadJayceesSailor czarsGuimpes="merodusRereads841" sifterBellmen="oxalatoJousterHabbub">
        <algesic>1540496</algesic>
      </gpadJayceesSailor>
      <camelia cazibiLoudly="fraisedBries">
        <seduceGammers>muntjak</seduceGammers>
      </camelia>
      <inclaveSuppose>
        <ablushPegoxyl>gotchyIleac</ablushPegoxyl>
      </inclaveSuppose>
      <framer tannidVoust="fessing" comte="hydrolIsidiumMissary722">
        <grues>199</grues>
      </framer>
    </drieghAsonant>
    <adynamyUniateAerie>
      <woleai>monacanImpalm</woleai>
    </adynamyUniateAerie>
    <final>
      <aphasia>loupVoting</aphasia>
    </final>
  </geoidal>
  <solidumPainedRogero sagierHubbed="dig" facebarJivaroRefool="scratch" roseWanruly="thrapEnflame" pholasDocsDoh="jagla">
    <anoesiaLoftier>
      <peskilyMountyIlia>quibletHeroic453</peskilyMountyIlia>
      <pubisFlankenGibaro>
        <warine>teresaGranges</warine>
      </pubisFlankenGibaro>
      <aqueity vouge="turpeth3" falusBowings="krona4">
        <molaryCribbed>asianicDebarksScrever175</molaryCribbed>
      </aqueity>
      <hazelPollenDandles lomitaYeukyAlerion="9213">
        <snippetNowch>bewrapsDorsumLaertes</snippetNowch>
      </hazelPollenDandles>
      <mayey>
        <pianRavers>cutinsManusPinard</pianRavers>
      </mayey>
      <wetlyBoonies ungiveFlitPommard="fixiveSalpas" akasaZoocarp="freetBurhead">
        <grapple>alecizeObiit947</grapple>
      </wetlyBoonies>
      <vidette stiffedPoochAborter="chit">
        <vedistGenesis>panax9</vedistGenesis>
      </vidette>
      <sewers>
        <lotosDunites>scotTenpin</lotosDunites>
      </sewers>
    </anoesiaLoftier>
    <bribesRagwortUpwent>
      <hecate>cuffyFerny</hecate>
      <dupers>
        <delyBrindle>743311</delyBrindle>
      </dupers>
      <ozoneMoxo barrelsAsha="cardiaChefMakua9" laneyReeshleWetchet="tholeBoboteeCanella">
        <crockoDirefulFolksey>chickerPrunedPerrier</crockoDirefulFolksey>
      </ozoneMoxo>
    </bribesRagwortUpwent>
    <alacran>
      <freshed>sorraBaited</freshed>
    </alacran>
    <sacralsTopisEolian>
      <spital>epibolyProgeny</spital>
      <moanGoburraGlaired diwaniRamhead="shtcheeTineine" pravousQueues="ghuzWedding">
        <diewiseVinierFantail>kolkhoz</diewiseVinierFantail>
      </moanGoburraGlaired>
      <jaggarFacaded kansaBaleful="wallaJareed">
        <unwived>bruta94</unwived>
      </jaggarFacaded>
      <bpsLimpetsChevvy berakah="nursery">
        <mirzaPicasMuscle>borishSifflet</mirzaPicasMuscle>
      </bpsLimpetsChevvy>
      <lanxWaviesHaff glyptal="83599187" darningTowheesUnearth="penbard">
        <manos>croniedDecryMidden</manos>
      </lanxWaviesHaff>
      <orblessToffees yamato="gratae654">
        <nelsonCarvels>maltaViiiComble</nelsonCarvels>
      </orblessToffees>
      <retwineLisleAxmaker xoanaFerio="mazumasBorings8660">
        <coynessPartner>4891</coynessPartner>
      </retwineLisleAxmaker>
      <crumbyNaupliiIsonym>
        <upriveCentryFlotage>inveil5</upriveCentryFlotage>
      </crumbyNaupliiIsonym>
    </sacralsTopisEolian>
  </solidumPainedRogero>
  <codrusLucileMange codfish="26" billieHalvas="bussErrand" tassiesTallierGoalie="gibeYawey" escrollRhymesColley="critturIsiac">
    <leith eigh="nowtQueerly4" hodgeSouthlyZizel="matax">
      <italy>734</italy>
      <fadedFlavousFurfur scooch="versesMocksHoople7514" nobbleHolgate="48023">
        <vav>parkaDoomageTupman</vav>
      </fadedFlavousFurfur>
      <galopsSnowmanPlim>
        <cornfedStickle>pursuesPatapat</cornfedStickle>
      </galopsSnowmanPlim>
      <damping clocherShipper="inhumanNibungMinoan" badFlotter="mercePuffily147">
        <piquingInition>embassyGainsayXenicus</piquingInition>
      </damping>
      <tichelDucks voilierFranceHeynne="jailing1" gulphTupaiid="trigly5">
        <decry>woompCasparChampak8391</decry>
      </tichelDucks>
      <cawnyRipenerAlismal>
        <gunungWister>pahaMealmanPulpify9706</gunungWister>
      </cawnyRipenerAlismal>
      <sitting trashyTennuMagsman="94403">
        <gab>knavessJokeletGudok</gab>
      </sitting>
      <rhizomeCintreCorms cnidianHatpinReseen="latenMoatBetear" thapesVaunts="91">
        <clearerAncre>tanoanViably</clearerAncre>
      </rhizomeCintreCorms>
      <unfixes poufed="dingier">
        <waterieCapletsHymns>43</waterieCapletsHymns>
      </unfixes>
      <flusterManilleWarbler aftaba="lochial">
        <luffaHammily>euctiScena</luffaHammily>
      </flusterManilleWarbler>
    </leith>
    <copedDopiestBakshis cudbear="lazarErnie">
      <nozzleDemonry>pensileStrengTarrow</nozzleDemonry>
    </copedDopiestBakshis>
    <acaenaAnesoneMucksy>
      <burgles>presiftLecheCries</burgles>
      <scarerCliquy metalsPallium="25444221" usably="reelectDiurnalCoof">
        <arryishReadily>bandengBehalf</arryishReadily>
      </scarerCliquy>
      <maroMelesIbycter>
        <epizoonDebugOilcake>teioidTopas</epizoonDebugOilcake>
      </maroMelesIbycter>
      <suededLocumBuilded>
        <alosa>vairagiRelookCruder813</alosa>
      </suededLocumBuilded>
      <dildo boreiadSnobism="juttiesWoodieCrimean">
        <kobusNonces>early9270</kobusNonces>
      </dildo>
    </acaenaAnesoneMucksy>
    <emim alumineFledgeIsatide="crumpyIndividTowline" godpapa="hogton" duoviriCanganStickly="adeuismAtokous">
      <patella>ponds</patella>
      <jasperOutbidsTolas cowweedWashy="bilabeTeioidPentyl77">
        <belongBoomBuhl>cimbalEmulsorBassy</belongBoomBuhl>
      </jasperOutbidsTolas>
      <bushwahLassoer>
        <zaffarsMancono>ollasPaunchyBugeyes</zaffarsMancono>
      </bushwahLassoer>
      <evacue grahamFersLotong="cachrys8035" prussinSubsistAstir="skieurFarmageAcidite">
        <aefauldSayers>veldmanTace6183</aefauldSayers>
      </evacue>
      <atuleMuzzForril caryl="843546500">
        <ectype>9147</ectype>
      </atuleMuzzForril>
      <dashersRepartSown>
        <netsuke>theca</netsuke>
      </dashersRepartSown>
      <cozyParas>
        <lidaDoob>skullyFdubs</lidaDoob>
      </cozyParas>
      <auspicyMincierBaham>
        <shoverEeriest>nicolas</shoverEeriest>
      </auspicyMincierBaham>
      <fangy powcatWhitingOutrank="2643699" need="normaPluralsSextons">
        <teff>stymyBrab</teff>
      </fangy>
    </emim>
    <rogueCytulaBalkier>
      <frenumsAnorexy>128</frenumsAnorexy>
      <inkiestHashedFleeces analavGoney="ourselProvostMistal">
        <santa>ducting</santa>
      </inkiestHashedFleeces>
      <gaurs lactify="zootomyProverCuboids">
        <oresDiquatEjidos>imagistMerger</oresDiquatEjidos>
      </gaurs>
      <butyric cutsetSkout="5" blew="soleretDisheir">
        <myeloma>nesokiaSunsetsGrushie</myeloma>
      </butyric>
      <unblockPenseDanny heavensRobust="roddedLoadedPirayas">
        <retimesBcdWimpled>45035</retimesBcdWimpled>
      </unblockPenseDanny>
      <oleaseAgnusInjure junebudNonlyOaken="priestsLuther">
        <forks>dormyDsp</forks>
      </oleaseAgnusInjure>
      <submindBusera>
        <muticGlows>orderer</muticGlows>
      </submindBusera>
      <serapic>
        <crareCoticeWhank>54880150</crareCoticeWhank>
      </serapic>
      <phytomaNaperer avatarsEnskiedOrb="outsits" bradsot="953">
        <aprowl>diseurs</aprowl>
      </phytomaNaperer>
    </rogueCytulaBalkier>
    <dirgesHermai>
      <webworkCarinaTazze>petrary</webworkCarinaTazze>
      <sausageIndiv crowl="dialersGungSprig">
        <detestsCocopan>famulusHeckled</detestsCocopan>
      </sausageIndiv>
    </dirgesHermai>
  </codrusLucileMange>
  <glebalHatte talloteMonads="reswillArroyaIterant" miauerGondangAbysmal="84" />
</itzaEnamberSnidely>