<?xml version="1.0"?>
<ethnish>
  <mascotsRaddlesSignum>
    <magna>
      <impasto>pionScfhSlour</impasto>
    </magna>
    <ratals>
      <agraffe>misrulePeerdom719</agraffe>
      <caiAkia atamanPakeha="aweek2" amadiBegrayMedine="woneNaphtol2822">
        <arguteScuddleKoolau>minetteSaltingKwanza53</arguteScuddleKoolau>
      </caiAkia>
      <asfast>
        <siletzPleopod>dolessPuncherCreach</siletzPleopod>
      </asfast>
      <gnosisVenging>
        <reownKueAssign>uvitic</reownKueAssign>
      </gnosisVenging>
      <doss>
        <hangout>stigmesDismissSaline</hangout>
      </doss>
    </ratals>
    <globuleGreave>
      <snugify>wobPerukeWired</snugify>
      <sulfato mangourDeismsTurki="hwaKeldOrch992">
        <savery>popular</savery>
      </sulfato>
      <kniazi cruises="visoryChilled">
        <sheitelHipping>fleshed</sheitelHipping>
      </kniazi>
      <burt>
        <herbletQuintin>bontok94</herbletQuintin>
      </burt>
      <unmask incast="bubba" ragworkLawishEchites="unwaded">
        <mechaelNagsmanPliss>poppledPointyTanked</mechaelNagsmanPliss>
      </unmask>
      <ipecacsChucked>
        <souchy>blighty</souchy>
      </ipecacsChucked>
      <weededBefist coffingDesuvreCasinos="killickKelped">
        <jinglesOakweb>dhourraFosite</jinglesOakweb>
      </weededBefist>
      <synapte whileenVagromCesti="razerLassetLadinos97">
        <commixt>kalpaks1</commixt>
      </synapte>
      <fronted>
        <misgo>306866085</misgo>
      </fronted>
      <cotypeMaragedJutish remixLupe="orpheusAvanyuWhatchy">
        <noticeCokeryBenumb>zealSwayingVerey217</noticeCokeryBenumb>
      </cotypeMaragedJutish>
    </globuleGreave>
    <ribozaThouedWhirry fractDiedricWenches="satan">
      <lucidae>furthyFeagueKannada</lucidae>
      <oaringBlesbok>
        <font>montyGruffly</font>
      </oaringBlesbok>
      <middy curlAskesesTarted="pimbinaBiotic7" favismLaicizeBios="migrantLepisma">
        <histedGnats>ecboleRurallyGalibi</histedGnats>
      </middy>
    </ribozaThouedWhirry>
    <velte>
      <whorlsAceshipGroats>pacolet</whorlsAceshipGroats>
    </velte>
    <ringentGermier>
      <naisAssumpt>4035751</naisAssumpt>
      <naik>
        <vacuome>8961286</vacuome>
      </naik>
    </ringentGermier>
    <fobbing>
      <baptize>933</baptize>
    </fobbing>
    <stound>
      <sarpler>36036</sarpler>
      <fulleryBelaud elogePrimomoAludra="scapelHuffed" auntish="emporteSafen">
        <dapplesGunshop>274564934</dapplesGunshop>
      </fulleryBelaud>
      <physiolAlmahsRemorid uphoardRummest="metiersRegna">
        <pewdomMononch>fittestScriptWhaly</pewdomMononch>
      </physiolAlmahsRemorid>
      <kitanNahuanChih legatiPiousRinged="kernerFurless">
        <retells>histon</retells>
      </kitanNahuanChih>
      <flirter distendLattice="polderLungyiNoosing">
        <refel>queensPugdogRocs</refel>
      </flirter>
    </stound>
    <puces dynamis="mabelaVolumen" argonsCinchaReleap="yenVimpa4">
      <grufflyShapJellies>adion</grufflyShapJellies>
    </puces>
    <prismsImbu>
      <cymba>yonicMumblerErf</cymba>
      <kissageEpitaxy aspout="horstes" realignChouseNacre="740930982">
        <surcleOffsets>breaks</surcleOffsets>
      </kissageEpitaxy>
      <bedunch cortianUnfadedMisenus="dieback" alwPoults="resistsCentoLadybug36">
        <resaleAnightsOffend>stairySlop4994</resaleAnightsOffend>
      </bedunch>
      <criolla>
        <alethic>leafcup</alethic>
      </criolla>
      <akasaBathic alumineSweated="31152549" lill="cristaeSkeippFadedly">
        <kylixFatimidStiria>jawbone</kylixFatimidStiria>
      </akasaBathic>
      <mobiliaTippersStating>
        <tappers>untrainForgetsRokelay1</tappers>
      </mobiliaTippersStating>
      <chirrup amyrisCorrade="hafters505">
        <elf>zachAbseeScaffie</elf>
      </chirrup>
      <pensionAlcogel creams="ebonigeClupeidKotwali" keepersStalko="shimeiEngle">
        <emodinsCadmus>sassiesShikimi</emodinsCadmus>
      </pensionAlcogel>
    </prismsImbu>
  </mascotsRaddlesSignum>
  <cogway surfBeauneSottie="rumbaedDrago" />
</ethnish>