<?xml version="1.0"?>
<taprootOxazinNonskid>
  <wiringsTillite rubbed="mygale" />
  <wadgeDyker />
  <sartCharaBespeed lupin="slimesCradledGlynn" whammleNappiesSloanea="fluorsTuracin">
    <latax>
      <mailersGrundyCrombec>cyderUnfaked967</mailersGrundyCrombec>
    </latax>
    <drone>
      <kafizWaited>chimersLanificMoneys</kafizWaited>
    </drone>
    <spoorer>
      <suns>agonistGravelPerfumy</suns>
    </spoorer>
    <ghoulieHimpPotass gloodTzetzesCoquito="275356429">
      <samsam>75465004</samsam>
      <mastyHeliacLose culpas="71" kin="779">
        <beladleEmbusquPistil>flakyFinery</beladleEmbusquPistil>
      </mastyHeliacLose>
      <hakesPartley>
        <surahRavenerAlarum>532</surahRavenerAlarum>
      </hakesPartley>
      <hornishWhistlyShears>
        <semisesPrig>dbmsMeuteHoofy</semisesPrig>
      </hornishWhistlyShears>
      <deicticBovidae>
        <kokopu>piing</kokopu>
      </deicticBovidae>
      <arber grainedJinketSavarin="ebbman">
        <capesNotus>sattieEmbrace</capesNotus>
      </arber>
      <echtWickenPronota bordar="cipangoVealierLambale" matyMesionBarnier="glaived">
        <frowstyUndecylDirexit>opacousDeburseSubsalt</frowstyUndecylDirexit>
      </echtWickenPronota>
      <peekGoeduckRammel kenarehRuffing="bhiliSneadAmarity">
        <armlockTimingsAribin>crownsReknitManaism2009</armlockTimingsAribin>
      </peekGoeduckRammel>
      <inchest>
        <conchy>tootsFiles</conchy>
      </inchest>
      <fractur refocusPrendreWealths="isthmiEcheaOutking4" trait="viasLdg">
        <yonnieMetronBesing>ablesseBouts</yonnieMetronBesing>
      </fractur>
    </ghoulieHimpPotass>
    <rimes>
      <saggardLintern>recodedAigretsManuary</saggardLintern>
      <baroque fluorinNielsenMidwife="joyleafFarciesDepone" surigaGliders="chevenSubduce">
        <lecture>telesisAxisesOvergun2</lecture>
      </baroque>
      <onlaidCoppinFogless spragsReallow="grobian" masoolaBothwayToged="hirsled">
        <souldie>obverseEctypesAssis</souldie>
      </onlaidCoppinFogless>
      <tragic>
        <blemish>youth</blemish>
      </tragic>
      <visualsScarted pointed="column738">
        <delator>hondasRetteryWorker1642</delator>
      </visualsScarted>
      <abaAyyubidRumpade fueledSedarim="suitlyTiffish">
        <viiiExhumedFellen>exemptToatTruest</viiiExhumedFellen>
      </abaAyyubidRumpade>
      <craccus>
        <herileSenaite>barnabyDoocot</herileSenaite>
      </craccus>
      <wordyDanteShylock>
        <binukauStrook>steeleHooseRoe</binukauStrook>
      </wordyDanteShylock>
      <damansRibbandMount kerasinCysted="iresine">
        <pelham>7440</pelham>
      </damansRibbandMount>
    </rimes>
    <lucidlyVolcae vangloEpicure="tykesPares3552" phulwaGaminShutoff="behaveObrien">
      <scruffsMercerInhauls>sudra</scruffsMercerInhauls>
    </lucidlyVolcae>
    <wimple tissuesLidaNizy="impactAlgosisLuggie" capiasHussars="pancakePlacksNichevo" inaxon="maar">
      <reurge>inspire</reurge>
      <haremTrimeraHauberk oxysaltParsecRoral="rizzleFarrageSkeppe">
        <pleiadTresFooling>8769</pleiadTresFooling>
      </haremTrimeraHauberk>
      <wangoniSalving bundt="gunongYetis">
        <daybedKayoed>itll</daybedKayoed>
      </wangoniSalving>
      <pucciniYomud>
        <lancetsPigment>madrasi</lancetsPigment>
      </pucciniYomud>
      <sluigImamSanga yeasQuirtedAshtray="91" adamicSellie="ottarPleonZechins">
        <plevinSniggedSacken>frownWouldnt</plevinSniggedSacken>
      </sluigImamSanga>
      <lab becapsBiology="82405" medizerPorc="decrial">
        <sursizePilgrim>seasNeptune</sursizePilgrim>
      </lab>
      <bedoltPanneryKilter preventAsperEmpeo="opium">
        <clunchStimesMashru>blips</clunchStimesMashru>
      </bedoltPanneryKilter>
      <skuse>
        <tegean>6330</tegean>
      </skuse>
      <sutrasMyself granetGhast="pouceWeepedCubits8">
        <ramaism>2836305</ramaism>
      </sutrasMyself>
    </wimple>
    <toadeatDjelfa tannaicDewaxShrap="8732341">
      <upgullyJails>witchyRereign1</upgullyJails>
    </toadeatDjelfa>
  </sartCharaBespeed>
  <attaint tabog="anjou" mayapisOleoyl="ainsell" tocsinDecreer="gristKythedBimbil">
    <jarret>
      <luminePravousIndear>6077</luminePravousIndear>
    </jarret>
    <apposedBirkie>
      <ephedraBerlina>grey</ephedraBerlina>
    </apposedBirkie>
    <reburstGents gemmyKhedivaTeiidae="6168061" mudlandCuspids="pulgadaGarland" uncles="9074">
      <neocene>myomasRond</neocene>
    </reburstGents>
    <tudelHugeous>
      <freerLebhaft>mahalyAerobia</freerLebhaft>
      <rosetanMonacha sanest="zambac81" case="uke">
        <corverConandPonera>1</corverConandPonera>
      </rosetanMonacha>
      <soughtMeet>
        <tamzineOtotoiStogies>munchesEgeria</tamzineOtotoiStogies>
      </soughtMeet>
      <warsler cogniseStandel="eyotIniaAnthoid" slaveryHightopPermit="yawnfulRimming6880">
        <unsadHarnpan>leakedReoiled1</unsadHarnpan>
      </warsler>
    </tudelHugeous>
  </attaint>
  <payload jogsCalumbaDints="reno581" />
  <fogydom />
  <alginicAkeyBurkha />
</taprootOxazinNonskid>