<?xml version="1.0"?>
<boneteUpliftHangul>
  <lobiNicaean konProgram="noctulePalet465" flokiteKnavish="algiersEncloak">
    <denizenFulgur>
      <roamTouringKinglet>balutRouchesHexagyn</roamTouringKinglet>
    </denizenFulgur>
    <ropemen armoury="sixmoPyriteIthacan303" rodsWrecked="unwanLocoed510">
      <simnelsHureCoyo>partieGonads452</simnelsHureCoyo>
    </ropemen>
    <mustedRobininLaughee acerArgil="cabanasJunky" cubes="anteBombeDuny454">
      <yunca>aldayVetoersNgoko</yunca>
      <drabler filasseSluffSpanned="indols" fiadorPali="206081">
        <melderMorgueKamsin>524</melderMorgueKamsin>
      </drabler>
      <coranceSaponi anovaBuying="flossed">
        <mutts>dyings</mutts>
      </coranceSaponi>
    </mustedRobininLaughee>
    <grueler>
      <spiersAstelic>jiffle</spiersAstelic>
    </grueler>
    <goofedLabredtCheveys>
      <triplet>bucking</triplet>
      <scaloni phidian="unarchColimaRadish">
        <lipuria>juanSeamusMaying</lipuria>
      </scaloni>
      <womerasPhononsBracers balteiFris="273" leadethSattar="8480181">
        <torfelPulsantVacates>queens6116</torfelPulsantVacates>
      </womerasPhononsBracers>
      <polsterKermesArsacid tarot="763984721">
        <sowteRepeat>soberedAsap</sowteRepeat>
      </polsterKermesArsacid>
      <kalamsDove missungAitionEstonia="9925584" lowellApereaBacket="fiseMalva">
        <qtsZygonRipsaw>nobbled</qtsZygonRipsaw>
      </kalamsDove>
      <coccal candielGamboge="gloomth" calusaBegins="94460">
        <jinniesBarabraBara>higra</jinniesBarabraBara>
      </coccal>
      <unfumed unswungSnathes="meetersRosy">
        <joulePenuryNorfolk>fussierMetayer</joulePenuryNorfolk>
      </unfumed>
      <xanthylViresCowson yogurtGumweedWham="iotized3226">
        <scanned>128542637</scanned>
      </xanthylViresCowson>
      <tannaseAmdt>
        <sestoleBoreus>mockful</sestoleBoreus>
      </tannaseAmdt>
    </goofedLabredtCheveys>
    <pyritesReplantFow buncal="worm704">
      <gurishCubelet>yontPomphusCanthus</gurishCubelet>
      <oleateYairLeve>
        <ecrusFreres>collyWincerOlefine52</ecrusFreres>
      </oleateYairLeve>
    </pyritesReplantFow>
    <skilled>
      <semilorBonity>behenicRecco</semilorBonity>
      <impresa>
        <nondeaf>lucumia</nondeaf>
      </impresa>
      <crepe oreweed="turning559" apheticThitkaMerlon="skids">
        <fahamGoesAhuatle>pontileFervour127</fahamGoesAhuatle>
      </crepe>
      <finner>
        <hawkey>hegiras</hawkey>
      </finner>
      <wissingMoots goodlyRaddledDimmer="neumsDumaCurrent">
        <swowSkipman>25697</swowSkipman>
      </wissingMoots>
      <squadTabidlyMeted>
        <ortsAiriest>aioli</ortsAiriest>
      </squadTabidlyMeted>
      <unc beamierOleos="mahu70" terningDidacts="94253490">
        <apama>fora</apama>
      </unc>
    </skilled>
    <sixth>
      <pumas>catvineSaltee6183</pumas>
    </sixth>
    <opianicBureaux sealessFists="uzaraSwannerGilles3" unfeuedCocoonPricker="catnipsAefaldyTamas" impalesLerpUnurged="lunnFickler1132">
      <jigsawnWaesuck>cashesFuffy</jigsawnWaesuck>
    </opianicBureaux>
    <biskopBacon>
      <blennyDiamb>alveusSleechyBorrows</blennyDiamb>
      <unmated burrowScalperAshame="535" crawlsEuodic="bosset">
        <rubiestHavoc>judyEngulfLidder763</rubiestHavoc>
      </unmated>
      <reelers fulcralImpyPulpier="7475207" cabalaDayless="quiltedNakedlyAltify4103">
        <danaideHesione>561144507</danaideHesione>
      </reelers>
      <oobitCrawl gerbils="gujratiDeduces">
        <gardeenWhyfor>foysen</gardeenWhyfor>
      </oobitCrawl>
      <ninetyLunel morays="rafts14">
        <brujaMolmenZemstva>haughGlotticObeism</brujaMolmenZemstva>
      </ninetyLunel>
      <jarkZant repale="47" befrizPutz="91886697">
        <nudistTraiky>elixirsTofu722</nudistTraiky>
      </jarkZant>
      <cynara vell="sylvian">
        <corsesChattedChoriso>dotish</corsesChattedChoriso>
      </cynara>
      <attYellows steghRimlessDisked="rabies3" scenterGabler="saulsBlini">
        <fencersMajosKinone>chyle</fencersMajosKinone>
      </attYellows>
      <ragbagMinims>
        <scowler>salm4859</scowler>
      </ragbagMinims>
    </biskopBacon>
    <gratherRhymeEnology peugeotBribesClads="waflib">
      <brouzePbxCahuy>5766347</brouzePbxCahuy>
    </gratherRhymeEnology>
    <cutinBarbeauUpdried perukesUncloak="pukekaChurlMarled">
      <resinSaxon>599033073</resinSaxon>
    </cutinBarbeauUpdried>
    <honzo looker="remandsEpisode9" hophead="undazed" wealthsBirt="7">
      <woodletSolverImaging>307</woodletSolverImaging>
      <smarmy>
        <labarumBrewageViable>maisonUplay</labarumBrewageViable>
      </smarmy>
      <chinned cistGemmae="shoran" dewilyIhiSaurian="1">
        <pulyCratonEupione>puzzlesRanceUnfaint</pulyCratonEupione>
      </chinned>
      <king>
        <restepBlazersArgive>rehire</restepBlazersArgive>
      </king>
      <alypum recoatMiddaysSwankey="clodletPitcher">
        <doits>onanist</doits>
      </alypum>
    </honzo>
    <poinard>
      <sittersDhootis>puddy</sittersDhootis>
      <costerMallowsArmeria bruskerManfredOrgia="69" elisorAglossa="galet">
        <arecainGeraninMunited>agreMiseColomb</arecainGeraninMunited>
      </costerMallowsArmeria>
      <gewgawy>
        <poggiesElusory>pailooKickingStuphe8</poggiesElusory>
      </gewgawy>
      <agauPuraque cuestasRerivet="batten" aguilt="winepot">
        <acluAimsAscetic>damner</acluAimsAscetic>
      </agauPuraque>
      <farfaraBunnell wringCattiesGrouty="spumousZinnia" massed="lyceal">
        <stalingMarshs>668361</stalingMarshs>
      </farfaraBunnell>
      <triflet>
        <corsacArilChous>beneath</corsacArilChous>
      </triflet>
      <fulgideGeminal shudnaSiderin="powwowsDrablyHaoris">
        <zythemCeriasPrelaw>13137</zythemCeriasPrelaw>
      </fulgideGeminal>
      <garua dellsHyraxesDerk="yardmen" clallam="angrilyBhokra135">
        <shoopValvate>lomentAsaphus668</shoopValvate>
      </garua>
    </poinard>
  </lobiNicaean>
  <towdSyphers wolver="frows" />
  <hoodingUnmetedBlunker sauna="4">
    <eiryLoessal>
      <giddier>bolsterRonier5916</giddier>
    </eiryLoessal>
    <nonas>
      <furan>humidlyOeillet</furan>
    </nonas>
    <buncherGruntle>
      <alphornExradio>riantDitionEarflap</alphornExradio>
      <wowtIntillPhallic stud="rooinekUnitalProve6" chinaCrewedVarsity="paranjaPatd">
        <omening>39077</omening>
      </wowtIntillPhallic>
      <trigos showup="3651">
        <terpane>dyeableDelict</terpane>
      </trigos>
      <huskySidionFasces>
        <amoursFibrins>bibiriGutnicKnower</amoursFibrins>
      </huskySidionFasces>
      <infansLogierCavus glakyAvowant="damineAnime">
        <sequaniPeeryPsia>sacsLovee</sequaniPeeryPsia>
      </infansLogierCavus>
      <gothicAnilinoClallam dungeonOvated="asramaSoogeedCosset8">
        <verdeaSandalsStunter>toeshoeLutistSkeat346</verdeaSandalsStunter>
      </gothicAnilinoClallam>
      <overbig costaeGarratRanees="targumAmongSpider" papelonAftergoWieldy="52">
        <siemensScrambWoubit>rapeyePinot</siemensScrambWoubit>
      </overbig>
      <azymous goitralFacientRanny="71" intone="rotters">
        <amyelicFhrerMargot>judaistSwanked</amyelicFhrerMargot>
      </azymous>
      <herds larvasRecsCoddler="waggons" guindeYaupersRequeen="noshersHerbidCanchas686">
        <endues>huzzaYarranRio</endues>
      </herds>
      <givethJangada>
        <lankestCasasia>figlikeDeaderJerked</lankestCasasia>
      </givethJangada>
    </buncherGruntle>
    <giver>
      <cujam>8</cujam>
      <dowdierReify umiakPiannet="zitisBattaShitten">
        <methoneKneltPicinae>adure</methoneKneltPicinae>
      </dowdierReify>
      <tilsit towered="alieneeJettyWattape" ideatePlural="tendryBulbZaires">
        <ladnerWetting>margaux2</ladnerWetting>
      </tilsit>
      <antickFlaserPataria>
        <asper>9</asper>
      </antickFlaserPataria>
      <gurtOrdains>
        <azido>antacidRampierTenne</azido>
      </gurtOrdains>
      <rushenLexicalRegga podleyGangdomQuins="sharps" oxboyClinoid="unamissArcana9520">
        <grivetsWashpotBarbudo>carcelHummers</grivetsWashpotBarbudo>
      </rushenLexicalRegga>
      <ravelerLanoseEstevin jarringPalfrey="desistHoodlum" tanrec="kosSigils">
        <lostRammiMiranda>7</lostRammiMiranda>
      </ravelerLanoseEstevin>
      <fossa claspCaurale="809">
        <flavidBouk>buruchaYantrasDesyl</flavidBouk>
      </fossa>
      <forrardFohnJocose>
        <moniasBellis>siletzHydrideHarried832</moniasBellis>
      </forrardFohnJocose>
      <drayedThulium>
        <englifyTronc>52754017</englifyTronc>
      </drayedThulium>
    </giver>
    <tarmiLeadman>
      <cheare>939099</cheare>
      <pithful coeline="913266963" clawkerSitkanApp="470338">
        <hogtiedVileynsMercers>bet</hogtiedVileynsMercers>
      </pithful>
      <azotedKababFlatmen missionAnuralHellers="scythesCarbarnBohorok" abricot="panamanScrabe8148">
        <upswellBestCausa>997850798</upswellBestCausa>
      </azotedKababFlatmen>
      <diomate barged="redowasBreviAnba30">
        <bejesus>processCosing</bejesus>
      </diomate>
      <frappedPlissesCourlan chanterUpraise="inveigh">
        <flongTurfenAtomity>gloryAnatifaEyelast58</flongTurfenAtomity>
      </frappedPlissesCourlan>
      <mitoses rameshRutchBoce="cholam">
        <outvoteAppressCorsage>oboliPegbox</outvoteAppressCorsage>
      </mitoses>
    </tarmiLeadman>
    <tonics>
      <buckeyeRuntish>cywyddUnsiege</buckeyeRuntish>
      <oedipal begrainRundlet="incisorDiarize" freebeeSvante="yawed">
        <duxLotic>tropateBummler</duxLotic>
      </oedipal>
      <douche runsyCarlina="3783955">
        <vengerWoke>scrump</vengerWoke>
      </douche>
      <whitterRidiest>
        <nostrilTaggerTchi>notFiscus</nostrilTaggerTchi>
      </whitterRidiest>
      <haugh>
        <rulableOvis>8037637</rulableOvis>
      </haugh>
    </tonics>
  </hoodingUnmetedBlunker>
</boneteUpliftHangul>