<?xml version="1.0"?>
<amyrisDucalBrasher>
  <misbearTeeny>
    <epoptesIneri salolsFabricPlunged="6" cimeter="jerboasSurhaiViseman">
      <fadeoutJibbyBeauts>742949675</fadeoutJibbyBeauts>
      <judical rengaTallBremia="chorioBaizedCurioso">
        <unmakeSoulful>875076</unmakeSoulful>
      </judical>
      <jainBientt wineBhandarTaivert="adoorsCrusieJake7">
        <lienalGravelEucre>girseTrumps</lienalGravelEucre>
      </jainBientt>
      <jebusi persue="novator" ataiyalEnticedMelam="rawest">
        <wantingAtrenneHereof>disarm</wantingAtrenneHereof>
      </jebusi>
      <unturfCastledDoigt cadesCruelsRevuist="coffeeSnurt">
        <bhavanJarless>36</bhavanJarless>
      </unturfCastledDoigt>
    </epoptesIneri>
    <volSiestCrabbit arzawa="28056708" limpFositeWinklet="774711909">
      <dourest>8496</dourest>
      <gaulter cindie="wemlessFeistyFlank">
        <xicak>gimletStiteChayota</xicak>
      </gaulter>
      <laurePhrymaTackify ycladMacague="lanific">
        <tarpan>splayOrcinsBelast</tarpan>
      </laurePhrymaTackify>
      <dhobee>
        <largenSothicPheon>694684311</largenSothicPheon>
      </dhobee>
      <clochesCasaque>
        <gambone>supUndate</gambone>
      </clochesCasaque>
    </volSiestCrabbit>
    <peptidEntoticBemas>
      <bootherDimble>386</bootherDimble>
      <adducer inportAsocialZoquean="unsun">
        <succinHailseLallan>periostBeurre</succinHailseLallan>
      </adducer>
      <cambaloBodikin>
        <gaulter>frischMatalanCerumen</gaulter>
      </cambaloBodikin>
      <enfavorTechily>
        <corahNooningIridous>davenRoxanne714</corahNooningIridous>
      </enfavorTechily>
      <rheebokGlobed cranceEtiquet="panamas">
        <sauriaAcritol>genianTerrenoZowie94</sauriaAcritol>
      </rheebokGlobed>
      <amuses appulseSpotPhr="6">
        <kernishFin>chetrumTrioleChigga3406</kernishFin>
      </amuses>
      <syntaxHagshipInfarct deadensStooter="cesura">
        <baptizeVacatur>effeteLoonery</baptizeVacatur>
      </syntaxHagshipInfarct>
    </peptidEntoticBemas>
    <nosingXylomas>
      <redrewFlytime>hubcapSquader</redrewFlytime>
    </nosingXylomas>
    <mobcapWarnissMaggot>
      <troy>teslaEnduroCarryke</troy>
    </mobcapWarnissMaggot>
    <rubiousOgonium>
      <upmast>quoiterTracksStomps</upmast>
    </rubiousOgonium>
    <terselyTypebarCardon>
      <pupariaPptn>penuryOldishCobang3</pupariaPptn>
    </terselyTypebarCardon>
    <accendKitamatAvowers privacyUnsackNpeel="bootied" croquis="siegurd" spryly="hyingSupers">
      <opifice>sneeze</opifice>
    </accendKitamatAvowers>
    <jessamyDelead>
      <thamin>lassieJambsCoecum</thamin>
      <thudEluder bigmittJarhead="scuppet3924">
        <alvahSheeveTrades>astrandMatral</alvahSheeveTrades>
      </thudEluder>
      <tiswinUnchildTzuris>
        <inseeCrickey>cai</inseeCrickey>
      </tiswinUnchildTzuris>
      <darghinAlcoate>
        <devises>burundiPudCzardom</devises>
      </darghinAlcoate>
      <zoonaNybble bachesJeteShairds="raglansPuzzled" tambourStarfulSixteen="815984">
        <diff>leucic2</diff>
      </zoonaNybble>
      <sepoyFishfulConner bothie="cararaCotype749" tirades="gumlahShotgunAtrium">
        <agroanPbx>8835671</agroanPbx>
      </sepoyFishfulConner>
      <thymsDoucetEdifier unidlyScyt="dawishHiccups5489">
        <loadenMahiDonnerd>umpqua</loadenMahiDonnerd>
      </thymsDoucetEdifier>
    </jessamyDelead>
    <engBezelsWemless>
      <preverbSendee>sells</preverbSendee>
      <evanid>
        <fishlet>ohingBeliefs</fishlet>
      </evanid>
      <podsReassayDemur>
        <alebionCrotinBabbage>taxman849</alebionCrotinBabbage>
      </podsReassayDemur>
      <hircin>
        <wambledSupping>affaire</wambledSupping>
      </hircin>
      <kainite>
        <carrion>khalkha</carrion>
      </kainite>
      <erugate misdoesEmulsin="siperCougnarGybing6653" brocho="purdah">
        <selffulFetedQualify>kauries</selffulFetedQualify>
      </erugate>
      <chat cavishStoepInhibit="operateCaszielObeism" smoteCharet="kianganTopingPratal22">
        <lucania>webersFlecked</lucania>
      </chat>
      <vinculaLarnyxEurus cactoidBarundi="shackedVivekVamose" boucheeMarined="yakshaKnoutedHyte">
        <rokCystedTerzet>9176</rokCystedTerzet>
      </vinculaLarnyxEurus>
      <alenconValericAnal>
        <hammyHermae>estop</hammyHermae>
      </alenconValericAnal>
    </engBezelsWemless>
    <oilcaseLumpen>
      <cyanExuvium>bungey2415</cyanExuvium>
    </oilcaseLumpen>
    <lunasHelix comedosMend="abaskPeeweeHadst" frizedSirihKelvin="oncia">
      <foliateLaagers>betone77</foliateLaagers>
    </lunasHelix>
    <subfiefFate>
      <inphaseWinona>dotoMadefy59</inphaseWinona>
      <inchestThiamid fitweedLoom="malletCudsCurbs" warefulHaling="melpell">
        <trusionBiased>9978303</trusionBiased>
      </inchestThiamid>
      <mintedIouTellach tubbalSeared="puckerSnavvleCommas" petrineExalt="barb">
        <ranch>effuso1</ranch>
      </mintedIouTellach>
      <grottyRussify creosol="4532" waikTaelBicetyl="81">
        <zar>vestedShortlySlurban737</zar>
      </grottyRussify>
      <jatki drent="376">
        <jillingFrereCamblet>thasianAllice</jillingFrereCamblet>
      </jatki>
      <ginnerLitotesArrived>
        <bimasBlurted>doucet</bimasBlurted>
      </ginnerLitotesArrived>
      <twined beamageBegani="quibletDrawingDorr3" avenantOutish="botToolbox">
        <justineConfisk>athenaZoea</justineConfisk>
      </twined>
    </subfiefFate>
  </misbearTeeny>
  <martTorsk misbearBroguerPestles="woold" />
  <callopRewon naziismBloopsSongman="depotLeipoaShrups936" attrapAsteerTailpin="shreeOxidatePellas" protideTopesGhoul="outredeBraca" />
  <pinchedNegrito>
    <breezesBumwood>
      <carbons>bepewedRundaleLedidae682</carbons>
      <griphus>
        <zapoteDomains>539750</zapoteDomains>
      </griphus>
      <tript>
        <alerse>dawkinBonaireButic55</alerse>
      </tript>
      <ozanDirts unionJibberIncave="6007">
        <midweekEmerged>rhonchiMusha</midweekEmerged>
      </ozanDirts>
    </breezesBumwood>
    <arrCarvy iniomeJoseph="9199" sprierSection="waifTimbres1">
      <flansUncialBimong>golillaAns374</flansUncialBimong>
      <scritchBeeweed cooptedUtensil="zande" hurriBrinedUndigne="anba">
        <misharaExor>friend</misharaExor>
      </scritchBeeweed>
      <rededDaut>
        <shireDurraWitchen>bhajan</shireDurraWitchen>
      </rededDaut>
      <rubrailLupous countBiotinHoplite="scathyRegauge" slurbHenbit="4153">
        <limbingUncloudFirring>boogumRivetsFuddled</limbingUncloudFirring>
      </rubrailLupous>
      <wazir>
        <pulvic>thighsFoilingWestlaw593</pulvic>
      </wazir>
      <bookdomKnittedArtiad>
        <lutewaySobbersSooners>leadersFeague</lutewaySobbersSooners>
      </bookdomKnittedArtiad>
      <uralian>
        <seggard>cembaloSerrana</seggard>
      </uralian>
      <prudentReladeCrabbed deben="pizzle">
        <mohelHypnumTheist>filaScrogDandle6118</mohelHypnumTheist>
      </prudentReladeCrabbed>
      <mungRifeAdverse medizerRudePatata="barberInarmsOphitic" hogget="ameban">
        <donkey>705</donkey>
      </mungRifeAdverse>
      <sonkMoated>
        <nonzeroMegarad>312930772</nonzeroMegarad>
      </sonkMoated>
    </arrCarvy>
    <chukkasUnblade waviata="16618838">
      <foziest>mobster</foziest>
      <peloricSkunked>
        <ogaireDithiolHoydens>fuage</ogaireDithiolHoydens>
      </peloricSkunked>
      <biancoGastrea firkinsSadis="cubismPlassOttawa">
        <saccliBecost>gatsbyChalanaGirlism</saccliBecost>
      </biancoGastrea>
      <ambachAmidol>
        <sprush>phrasySphinx648</sprush>
      </ambachAmidol>
      <whindle rondels="pardoVinyon">
        <gaylyChamsinDungas>kgf</gaylyChamsinDungas>
      </whindle>
      <ageteTheresaSapling mushesBanchiRamie="senses">
        <bumpyGoldeye>duretColins</bumpyGoldeye>
      </ageteTheresaSapling>
      <bayedWong bindletCallose="11">
        <precutLossier>cyclersLatenSpun876</precutLossier>
      </bayedWong>
      <cagmagKoipatoWonts>
        <rais>jaquima</rais>
      </cagmagKoipatoWonts>
    </chukkasUnblade>
    <curdierTamals overlieYareTromp="concoctFervor" bolomenWited="2707" yeoDevicePumped="unweb">
      <makopaTwatsSpeel>tempreAlsikes</makopaTwatsSpeel>
      <horded>
        <rabandPicaro>ananter</rabandPicaro>
      </horded>
      <podalGuipureWeli spatioMoods="kiblahs" sericonGabletAssert="tolanSatyrsDoven">
        <sternBarato>bollDogbodyGhedda</sternBarato>
      </podalGuipureWeli>
      <foxlyKydChevee>
        <queen>forgetsEpithetBawdily</queen>
      </foxlyKydChevee>
      <set dumaistErugo="fayumicLiviersCollum">
        <dwalePanicum>grithsNavajosTaplash</dwalePanicum>
      </set>
    </curdierTamals>
    <yapokHaze>
      <ephasEthalPivotal>swatchFleeMobs</ephasEthalPivotal>
    </yapokHaze>
  </pinchedNegrito>
  <wicht />
  <blueySonsie tunnedSuricatSettler="englynMoocahDiamin" celloseNonbusyMalease="767046" cortian="herbyTicYaup" banbaClouAtry="stimyAtmid">
    <bubberQuagsChukchi houss="reshotSwatter">
      <shairdMatzotCecitis>198201645</shairdMatzotCecitis>
      <sop ottererHaspsDunder="drovyMaister">
        <caratsNancy>92334</caratsNancy>
      </sop>
      <winklotUpfold>
        <perseusMograbiCrowded>canzoStithly</perseusMograbiCrowded>
      </winklotUpfold>
      <squark lipemiaSaronic="97075114">
        <rwy>freezyValeta</rwy>
      </squark>
      <peropusHippaCommark dakoityHagmall="ripsBotongBemixed">
        <kabalasDisgout>asteerHicacoWarpath</kabalasDisgout>
      </peropusHippaCommark>
    </bubberQuagsChukchi>
    <pegh>
      <rhizinaBobsTalayot>6</rhizinaBobsTalayot>
    </pegh>
  </blueySonsie>
</amyrisDucalBrasher>