<?xml version="1.0"?>
<anywaysSubgumReleap>
  <slakeGolgi dams="721" safestShojis="indefSlaeEirene">
    <cerebra>
      <nepmanGaffs>42</nepmanGaffs>
    </cerebra>
    <piggyRollBonang>
      <feuingStroilSleyer>wiverStoachTuchuns902</feuingStroilSleyer>
    </piggyRollBonang>
    <coppas>
      <siltingDemon>atangle</siltingDemon>
    </coppas>
    <watapeAzotizeEnzyms>
      <vainlyNemeses>4786491</vainlyNemeses>
      <bipeds bumpityAnderun="12">
        <ayenstSmoltsAnilla>ancoralExcrete</ayenstSmoltsAnilla>
      </bipeds>
      <prudelyBecketVitrify zeidaeButylic="4919091">
        <beagle>calcheQuab</beagle>
      </prudelyBecketVitrify>
      <latianHostler nettierCheapenCedared="seraphDisrulyBikini">
        <danliGesning>tecla</danliGesning>
      </latianHostler>
      <tripe coapt="unsentGeode" deicer="scugLenitic">
        <badgerGerbUppowoc>agade</badgerGerbUppowoc>
      </tripe>
      <paxBarons flatcar="cann" azimineEgoistGrallae="hospReborn20">
        <frothMorphsAyont>675</frothMorphsAyont>
      </paxBarons>
      <fingu>
        <kucheanUnluckAnaryan>pirrmaw</kucheanUnluckAnaryan>
      </fingu>
      <sakisLungeesZouave haoleGunman="deblockEnters">
        <alipedSorema>steererFords</alipedSorema>
      </sakisLungeesZouave>
      <defiledBharaIsleta ganoinMyoxinePleny="tailfanAddda" hoidenFumaria="orcas">
        <fairiesPackerSwards>33807307</fairiesPackerSwards>
      </defiledBharaIsleta>
    </watapeAzotizeEnzyms>
    <chkfile>
      <oryssidMutchesBushmen>swords</oryssidMutchesBushmen>
    </chkfile>
    <sumacNignyeWader>
      <admire>tubbers</admire>
      <exogens>
        <redbayJustico>10126</redbayJustico>
      </exogens>
    </sumacNignyeWader>
    <assalto>
      <maroonsLaid>haupiaBlatta</maroonsLaid>
      <eyrenSwaysMazily snarler="limpestSilicamTheelol" calceusVannedMidden="mantricNiecesClonic">
        <shochetCheekerGrue>spogelMagnaFalbala5</shochetCheekerGrue>
      </eyrenSwaysMazily>
    </assalto>
    <arriet>
      <gaposisAche>68198537</gaposisAche>
      <kalifCyathea lucidQuinins="perry" amateurKele="ponceauWapitiGuglia">
        <last>clevisJiltersChawed4</last>
      </kalifCyathea>
    </arriet>
    <menicWetter>
      <sheatVeto>turturMuzzlesKohemp</sheatVeto>
    </menicWetter>
    <sculksTaraph>
      <conger>agoutiXeroxesFlutes</conger>
      <hicIsawaAbbatie sheathy="13" velds="belock">
        <chimbs>harstSmitFouls</chimbs>
      </hicIsawaAbbatie>
      <dodgyFerrViner gashest="stain" mutines="756737">
        <thow>yapman</thow>
      </dodgyFerrViner>
      <undoBall>
        <reclaimDeerletLoggier>eses</reclaimDeerletLoggier>
      </undoBall>
      <choppyRequire redraws="fluemen">
        <bytesKlowetLocules>96676</bytesKlowetLocules>
      </choppyRequire>
      <numbleJigoteUplong zings="cheneauAtropinThysel">
        <stithy>erodedAbdomenOxysalt</stithy>
      </numbleJigoteUplong>
    </sculksTaraph>
    <samoan>
      <muttsAliene>dubashRappersOgival</muttsAliene>
    </samoan>
    <neats tigonsSilicasEthynyl="darciChafed">
      <gippyScunDezinc>398308441</gippyScunDezinc>
      <edith blunks="epigyne">
        <tehueco>biwaBurkeiDefines5</tehueco>
      </edith>
      <toxitySmearer>
        <fobbingGoutte>7811723</fobbingGoutte>
      </toxitySmearer>
      <tenantsSandmanTurbos>
        <boigid>305716590</boigid>
      </tenantsSandmanTurbos>
      <imbuiaCevenol butted="paren" tackifyWitessBarters="ocasRefinds">
        <equiniaStummedLineups>easers1</equiniaStummedLineups>
      </imbuiaCevenol>
      <optivePotteenArmure libbetRichtSwiples="wrigley7603">
        <airanMisstayYetter>licitlyTepanec</airanMisstayYetter>
      </optivePotteenArmure>
    </neats>
    <feasesRemisedLimn>
      <alliesUrdeeDebride>cuprum5</alliesUrdeeDebride>
    </feasesRemisedLimn>
    <jerriesMedians stinted="kittlyWhaukRanter" valanceIddat="sonancyBultowUnland">
      <etherCampoo>comfily</etherCampoo>
    </jerriesMedians>
  </slakeGolgi>
  <parulisAdnexa />
  <upbrayNubianStramp unoiled="reesAzonsMugget" fidibus="samkhyaDidos85" inteind="prosarZaffree" fusspotPussleyBarkan="subdual" />
  <notaryWhettedMarica mafooLobby="peersRansackModerne8053" wamefulAdcOttetto="saponiMos" sanify="93686" />
  <stradlRemixedClangor gipsyfy="foreseeHiveScryer" />
  <porgo mingier="berth" heavenWarrens="thetchDryersAchoke" turse="runkleSemitesDetent" wimDiasciaLamprey="unmutedFeedbagWewenoc" />
</anywaysSubgumReleap>