<?xml version="1.0"?>
<subport>
  <lidia customsRudgeBabylon="taker" mucor="46506" soybeanTeheeEquerry="chronolYetlin" whinger="arthraGruine" />
  <mouthyNobodydRoutine muntjakSeathe="8524400" wingmenReheap="tubTweelWayaka">
    <madisonEllwandSummary>
      <boaBesotDunkirk>kuaMayeye</boaBesotDunkirk>
      <takt progDeciduaShakeup="mandaic">
        <handsaw>tummySwansPuss996</handsaw>
      </takt>
      <unchidTanbarkConcha>
        <daybookRedia>insulaRobin239</daybookRedia>
      </unchidTanbarkConcha>
      <fatimidOrders>
        <keenestRaff>57159531</keenestRaff>
      </fatimidOrders>
    </madisonEllwandSummary>
    <gushingEstreat pontus="aliyos" corylet="jessamyCommixtUkulele">
      <gemEnwisen>porionOceloidOildom</gemEnwisen>
      <auspex nutgallPointRuddier="jib" kihoMataiPersic="5162">
        <customs>kori7</customs>
      </auspex>
      <outtellTristanMurkier acroamaOtaries="ory" seron="midmainCirrate5527">
        <tartroRann>osirifyUnfeatyNelly</tartroRann>
      </outtellTristanMurkier>
    </gushingEstreat>
    <idoism>
      <cabooseInvokesYoruban>5218</cabooseInvokesYoruban>
      <tsurugiGemlich ghanianJolliesPegged="lofters">
        <silvern>alce</silvern>
      </tsurugiGemlich>
      <sidrachBlkCockier swiss="incave" bergletAmmonalUsurer="397">
        <carty>crowdieJimplyStash</carty>
      </sidrachBlkCockier>
      <aviator banged="9346496" delictsOxcheekBarbu="moilePleiad">
        <tubeful>honkies1</tubeful>
      </aviator>
    </idoism>
    <ungoldPolicesChibouk fourgonGrizzelLupinus="73597183" biorganAhmadi="bessMaythes" odelLunkerValance="8025226">
      <embuiaAggadic>chauveSusian</embuiaAggadic>
    </ungoldPolicesChibouk>
    <smicklyOttavas>
      <gaspar>deavesForpass</gaspar>
      <decharmPptn>
        <teecall>outkiss</teecall>
      </decharmPptn>
      <toytownQubba>
        <cascolMelasma>sawneyChosenMallow</cascolMelasma>
      </toytownQubba>
      <invokes toriJamlikePannus="mazhabi">
        <shechemSpicierGallop>deduces</shechemSpicierGallop>
      </invokes>
      <argonneHiedDairi flams="fress5376">
        <trance>mizzlyOrganza</trance>
      </argonneHiedDairi>
      <tarreColoury externLuian="epsilonAdeonaSamh37">
        <takinAncZed>newtsSorosesBabasu</takinAncZed>
      </tarreColoury>
      <betoya chetahs="7">
        <felloePrefers>cumuliSunbathKitman</felloePrefers>
      </betoya>
      <megohms gamerWoodie="accurPyocele" mightFooterBousy="agonsSketchyOrpheum">
        <saliteGraupelApios>lookupTalliesNusfiah</saliteGraupelApios>
      </megohms>
      <limer suicideEntire="signmanSilvernChough">
        <abacaTarcel>laskingAgrotisPreopen7</abacaTarcel>
      </limer>
      <boxhaul aluta="breakerAcies" wiser="hobbyGurjunLoxic">
        <after>folkyAlferesGrasped</after>
      </boxhaul>
    </smicklyOttavas>
  </mouthyNobodydRoutine>
  <correalPulSuddle pirrmaw="159" />
  <hagsTackled aldeaDevoto="proetus">
    <bonnierFoaled>
      <typicum>646557</typicum>
    </bonnierFoaled>
    <chinner>
      <lohar>imberbeSummonsMhz</lohar>
    </chinner>
    <dempneDragoAppay>
      <steemRous>tatinekResingDromed</steemRous>
    </dempneDragoAppay>
    <kgf corymbsRhetorsTuba="unshookBears">
      <embryol>quirtsZarBabbler</embryol>
      <assiege tublikeObtundSmiles="87267" bakers="1054198">
        <undenPunctusSonancy>wieldCollect</undenPunctusSonancy>
      </assiege>
      <gainage>
        <smurrIonisedBringal>18125907</smurrIonisedBringal>
      </gainage>
      <kyuDecuman shroudyLacunesAside="36732798" unskinManeTariffs="84900337">
        <goulanZonulaeArcadia>harderReindex</goulanZonulaeArcadia>
      </kyuDecuman>
      <payorsRickingDorn inshipHarnpan="unmarry2997">
        <lycaena>45395266</lycaena>
      </payorsRickingDorn>
      <markerGelofre catodonWaddentLadder="1931837">
        <hogglerSauteur>congiusBoothsMbaya</hogglerSauteur>
      </markerGelofre>
      <zilch trayfulTailersForpine="avenueUnalarmOverjob">
        <indians>388649</indians>
      </zilch>
      <notatorFlangeAntaean>
        <ridleyDelisPiolets>92</ridleyDelisPiolets>
      </notatorFlangeAntaean>
      <seggardGliss>
        <snufferDiplopyHucks>hurrayTibertRitsu</snufferDiplopyHucks>
      </seggardGliss>
      <greece>
        <shaktis>monose</shaktis>
      </greece>
    </kgf>
    <gebbie>
      <secure>trilliSealing</secure>
      <terpeneCaballReligio becomma="shreeveOlympicCholler9321" bewreakSoniou="andronTestingAlmida">
        <syrmian>cantionAskewVermont5097</syrmian>
      </terpeneCaballReligio>
    </gebbie>
    <soma fuseauGeaseThicker="beglide789" urinesKirk="annottoWigansArless">
      <daphne>pheny</daphne>
    </soma>
    <stirpsBiverb scolops="cocopanGomukhi524" nurling="pleuraeKopjesThurt">
      <baradCinched>viator</baradCinched>
      <etymicRehid veta="cotwistKukeriTeviss" elmyOutfluxDictum="cavated">
        <wirewayGlucideSuckles>4816</wirewayGlucideSuckles>
      </etymicRehid>
    </stirpsBiverb>
    <heepBeento>
      <soboleDecolorMagmata>taxusExtolGambang</soboleDecolorMagmata>
    </heepBeento>
    <recodeOxgangPoufed hosterVucomPeto="91980" bletherWakenHidated="sussexGweeon" fohn="78542">
      <liters>hylismLeanderUntroth</liters>
    </recodeOxgangPoufed>
    <abomasTheciumDroopy inkroot="355179806" shantiTaskingChives="7150">
      <henhawkCyborgCherry>anotiaMisgoCrannog</henhawkCyborgCherry>
      <mobbySlough uncurdExurbsUnact="keyedNemoSamba" sinless="97148393">
        <nebRattier>pittineBlowier</nebRattier>
      </mobbySlough>
      <trevisNyalaSourly toyotasBobbieVeps="ripe">
        <tilburyWifing>sylvate97</tilburyWifing>
      </trevisNyalaSourly>
      <arglesFurfooz yaquinaRealist="benab" organal="probeerDapicho">
        <aldimePlonkBathyl>rantersAlohas281</aldimePlonkBathyl>
      </arglesFurfooz>
      <appealTeanalKonseal>
        <unstopsGuzeActinic>illanoPyxes933</unstopsGuzeActinic>
      </appealTeanalKonseal>
      <alrunaFurdleCardiac noddled="botellaMingy">
        <bawneen>fatnessBeal</bawneen>
      </alrunaFurdleCardiac>
      <wortle reamPythiusGervais="aflatusAnabia" alachahCoddlerUnnegro="daymenReturn">
        <bravestStrateTiti>ember</bravestStrateTiti>
      </wortle>
      <woodier>
        <clinicsScoon>plebianEnfelonPetos11</clinicsScoon>
      </woodier>
      <picarelBomiStounds apologWillsMxd="1512">
        <wavesonCrammerTriad>humuses</wavesonCrammerTriad>
      </picarelBomiStounds>
      <eyebeamDeprome distentAmus="drammEmbelifFootman">
        <areicDedenda>sensaEsrog</areicDedenda>
      </eyebeamDeprome>
    </abomasTheciumDroopy>
    <shadedLombardAbbaye>
      <ceiledUppiledMoieter>oileryChoree</ceiledUppiledMoieter>
      <bebloomRavensLexica>
        <philicLentileBedazed>subjackAppreve</philicLentileBedazed>
      </bebloomRavensLexica>
      <dewbeam preachGimp="acknowApetaly268" getaeStegAbsorb="unemptMalfed">
        <spoofs>isocolaSuet</spoofs>
      </dewbeam>
      <azoresSoutarVaguios drachmEctopic="thighedBroochUplay" peeperAgonMoonlit="coupesYuckierCatery6">
        <gagaku>approveReppsScamps</gagaku>
      </azoresSoutarVaguios>
      <ziram heminaHalchPaucity="877608">
        <manjelKoftaInkers>rfb2974</manjelKoftaInkers>
      </ziram>
      <battledDewer litas="8718577" scoffedClimbsHandle="33123019">
        <goschenAstable>lamaist82</goschenAstable>
      </battledDewer>
    </shadedLombardAbbaye>
  </hagsTackled>
  <attestAganiceGegger bragasHernialKindjal="columna30" tindalNewsies="rewaken">
    <thanesCrashes annulerHadromPehlevi="tropineYabble" amoles="chimer">
      <hoagieCryonicEryon>leavenJct</hoagieCryonicEryon>
      <flakier pussleyGuric="picalGaolageInput">
        <oweniaChochoPeddled>billety</oweniaChochoPeddled>
      </flakier>
      <fixatifRammackDauw boraneMalagma="quittorHexadicApozem" jiffsManos="lea">
        <tairge>unwieldJustingCirrate</tairge>
      </fixatifRammackDauw>
      <garonAdviseeSmalts whisp="1671425" dibs="cidarisAmuletsStudied4">
        <ostosisGabbart>romans9985</ostosisGabbart>
      </garonAdviseeSmalts>
      <duxesPinkoesPaleae>
        <fas>dentalDroguePonier</fas>
      </duxesPinkoesPaleae>
      <turcizeBouch>
        <sofer>97</sofer>
      </turcizeBouch>
      <creolesGrueled>
        <ananPanmixy>anounou8216</ananPanmixy>
      </creolesGrueled>
      <barred jundieMegaergRobinin="guidingIsodoseSavate" alkenesPaepaePleroma="rosttraBrawlie">
        <bendelBailee>capocDanliUnbag5686</bendelBailee>
      </barred>
      <ajenjoBysenFiddly esc="paniniRasenna" dookPoriteRombos="flyleafAirdate">
        <taxibusKiotomy>palude</taxibusKiotomy>
      </ajenjoBysenFiddly>
      <restesSouari>
        <andamanUracil>reivesThairmsCruset</andamanUracil>
      </restesSouari>
    </thanesCrashes>
    <birledSlung virasonJob="stashed">
      <hungar>auxin</hungar>
    </birledSlung>
    <ableezeTannid>
      <howdies>taischOkaysFeedbag</howdies>
    </ableezeTannid>
    <axungeDuhatLindsay>
      <tatGolfer>cabioStyraxColytic</tatGolfer>
    </axungeDuhatLindsay>
  </attestAganiceGegger>
  <reviverSafi chimbleUnhastyHdlc="hardyClour" fluxerDizoicForeby="totery992" martel="retrade499" heukGunroom="durzi4571">
    <curlier social="cavernsScharf">
      <paletsUtend>scalaryTablingNeedy11</paletsUtend>
      <macomaPlatersBackway hyenoidKnopPoulter="mooryKamassi" arsonoCotorosRim="coudeeUnsmug">
        <eon>varsha36</eon>
      </macomaPlatersBackway>
      <pirner telomicWoodhenEnwoman="6">
        <jingletHemmerWartime>tetanus</jingletHemmerWartime>
      </pirner>
    </curlier>
    <tweedle immiesRhythmScorser="eupneicScoffsAdevism" cucurbEspave="flossNovaleCharm">
      <tetched>furoleSenecanKiku</tetched>
      <ichthusEclairs pedesNotchyBellhop="familicGlobule">
        <tipletWymote>cyme</tipletWymote>
      </ichthusEclairs>
      <stokvisBushboyAmritas vendisTillmanScler="21941831">
        <skeighMinded>boloZurich</skeighMinded>
      </stokvisBushboyAmritas>
    </tweedle>
    <smee>
      <probantCinclusGalatae>blether</probantCinclusGalatae>
      <triconFalcate>
        <canosRegallyComfrey>jumbaBullied</canosRegallyComfrey>
      </triconFalcate>
      <weazand sinkingRubelet="padouksMatthew8139" amtracColat="rowedBugan">
        <chimars>hayselZymotic</chimars>
      </weazand>
    </smee>
    <humitLicitly irvinGnathicCore="cymarinForepawLamina" startly="pimpBansela">
      <righted>calistaAcool</righted>
    </humitLicitly>
    <panzerAnoxiasCruive>
      <ascones>2</ascones>
      <amoraicBouge>
        <cutoutsWhamp>perduBuckoAucuba</cutoutsWhamp>
      </amoraicBouge>
      <cytheraLeary cappingCowfish="swanpan">
        <falconPunierFiorin>bevel</falconPunierFiorin>
      </cytheraLeary>
      <nanismScalars beforeShooler="convectUnfairCracky" putti="heliastRootersLament">
        <spoky>29</spoky>
      </nanismScalars>
      <horoutaPravity sappilyOvulateMockado="hetaeraAzonium">
        <rumored>xylidinShaded</rumored>
      </horoutaPravity>
      <descryWholismSative rebuffPineta="poison" skippy="918287906">
        <snoops>cephalaAmiralTaygeta</snoops>
      </descryWholismSative>
      <kempy>
        <dringleTampans>dibsUnstern</dringleTampans>
      </kempy>
      <yacal buttalDogiesLapin="124118">
        <meethAkaniaQuill>tantricLeewanDorsum</meethAkaniaQuill>
      </yacal>
      <dudgenCambersKavika aerobusAdorTheatry="74">
        <freddieMidTarapin>8989962</freddieMidTarapin>
      </dudgenCambersKavika>
      <stodgerAscesis ambush="pungarPultost508">
        <cogitoFuzz>scamsTufa</cogitoFuzz>
      </stodgerAscesis>
    </panzerAnoxiasCruive>
    <biddersTaoyin sayersCaromelBoxful="concn4" tendido="cartier">
      <purist>mannansCheekPopedom77</purist>
      <nibsomeTangerLuge carnicAirport="missisJowlish37" wunner="pawditeCycling">
        <culch>brittsToccataRevest</culch>
      </nibsomeTangerLuge>
      <howffsEtudeLethals>
        <sabicu>othin</sabicu>
      </howffsEtudeLethals>
      <triduo parto="riginal">
        <thorpBoosy>wofullyRegmataDamnosa</thorpBoosy>
      </triduo>
    </biddersTaoyin>
    <futtockInfightFouette lsc="europa" recumbShiplapLaurite="comingsDureeGhats" aune="opinion1">
      <tringle>craves</tringle>
    </futtockInfightFouette>
    <ardri>
      <gambistAuberge>andriteWalliesProagon</gambistAuberge>
    </ardri>
  </reviverSafi>
  <waiklyBustler douserShayedStirrer="sway">
    <cerreroMensed tosh="chusiteApocope" beedged="ficinsDufoil" amenuseTuyerWooed="parolesChunam187">
      <dacite>exerce</dacite>
    </cerreroMensed>
    <mirakFossate>
      <zoomingVorlageInflect>hapukuTrovesKariti</zoomingVorlageInflect>
    </mirakFossate>
    <nidal>
      <oselleNumbles>diamide</oselleNumbles>
      <doctrixSuivez sarrowSparserAmenage="558325555" urbaner="zillahPilpai133">
        <gled>airnsDempne375</gled>
      </doctrixSuivez>
      <mochel>
        <avshar>yaudOuterly</avshar>
      </mochel>
      <cleekedOsmicsSod emaneVakia="adossedShiner" pupiled="10">
        <figuraeBittierFelix>45</figuraeBittierFelix>
      </cleekedOsmicsSod>
      <spouterBeseekCaingin curiage="saturnDjaveSmasher524">
        <quernsDeodarChantey>dehornRoovingEvelyn</quernsDeodarChantey>
      </spouterBeseekCaingin>
      <ulyssesSoral cantutCaved="16419">
        <sklentEnsnare>sophiaBkpr</sklentEnsnare>
      </ulyssesSoral>
      <scaltPikersMattoir yajeninStend="738706">
        <steely>damarsEmirateBayok2</steely>
      </scaltPikersMattoir>
      <ergasiaAviatesCrinal>
        <waddler>95</waddler>
      </ergasiaAviatesCrinal>
      <bugs>
        <hernialMothsBailey>conveyRumpusSirian</hernialMothsBailey>
      </bugs>
    </nidal>
    <rubian yahoosAnorthBaiting="reboardSaury44" austinSunnud="edileAdulateSealine">
      <ovate>bocciOverbetToadlet34</ovate>
    </rubian>
    <opianeHerried>
      <hordarySpirted>kierCafoyCahoots</hordarySpirted>
      <throeSmyth>
        <bobbin>19503</bobbin>
      </throeSmyth>
      <annuls panmixyCsw="unheal" tunmoot="896010125">
        <sputaDazeRearly>cactusResoak6</sputaDazeRearly>
      </annuls>
      <loutApodia>
        <eagledValvingSilkman>loggatSurnameVivre82</eagledValvingSilkman>
      </loutApodia>
      <bowwowActionUrate foliums="83">
        <multureMergh>76544213</multureMergh>
      </bowwowActionUrate>
      <punkahStetAwe suedSki="tolsey">
        <tropine>outfox</tropine>
      </punkahStetAwe>
      <baryta>
        <bearder>seriosoAtropinDiablo</bearder>
      </baryta>
    </opianeHerried>
    <neglectSpur>
      <threoseUngod>kuarCapableGrippal</threoseUngod>
    </neglectSpur>
    <limnersPli>
      <tearlet>apathiaSudani</tearlet>
      <pitter conrailAlkanes="paniniFolial" heapyDotlessReman="unkamedHamble">
        <oblQuassiaRedid>apayAbaveDecore</oblQuassiaRedid>
      </pitter>
      <yapp rouman="swipple" gomukhiShemuTartufe="jin">
        <unioVert>waddler</unioVert>
      </yapp>
      <bimbosGadaeaListera maar="115496410" avery="tyighProbant">
        <hidden>mandril</hidden>
      </bimbosGadaeaListera>
      <largoEmanentLinie>
        <refilesDuyker>67</refilesDuyker>
      </largoEmanentLinie>
      <sheikhsVowessHanks marlinsMimosis="mellows3">
        <nizamut>diluviaGohilaBallote</nizamut>
      </sheikhsVowessHanks>
      <enroot bubal="5591862" lupeoseRomaineThence="slish8752">
        <albrunaKil>gablet</albrunaKil>
      </enroot>
    </limnersPli>
    <pyruvilSated>
      <summandCarsten>hillel</summandCarsten>
    </pyruvilSated>
    <pilotryBrinies>
      <finialCitator>unebbedNumero</finialCitator>
    </pilotryBrinies>
  </waiklyBustler>
  <chonVeligerWaft reaware="sapsapGirnie">
    <turcism tapeti="rebaitElodChart" wrafInezCyprid="thiokolSupposeSacbuts37">
      <illeck>outwindEtymon</illeck>
    </turcism>
    <itself>
      <planetBugledZebu>deploys</planetBugledZebu>
      <camusesPermsAlgarde>
        <rakeoffLothlyReemits>fleur</rakeoffLothlyReemits>
      </camusesPermsAlgarde>
      <thujaLenvoy>
        <shinnerGallfly>imparl</shinnerGallfly>
      </thujaLenvoy>
      <scogganTournay dudleyFaddish="prinkleCarcass">
        <sensorsSunletBotete>klatchAttire320</sensorsSunletBotete>
      </scogganTournay>
      <maniaAleftCashed grooves="stalkerWickets" granitaFustet="foilsChullpa">
        <finewedScrawCavu>buseraMont4</finewedScrawCavu>
      </maniaAleftCashed>
      <pietismCarton querele="2831">
        <orpheus>fagott3100</orpheus>
      </pietismCarton>
      <avera both="prim" whapPreterRemorid="51260">
        <fumeSucci>tummyTernDormins320</fumeSucci>
      </avera>
    </itself>
    <puri dodecylForwean="jaunced" divorce="407">
      <cloyCaderas>buildedChiru</cloyCaderas>
    </puri>
    <mellerDar>
      <asciiBauch>2805704</asciiBauch>
    </mellerDar>
    <gibingPsalms>
      <fangled>barm337</fangled>
    </gibingPsalms>
    <grouted>
      <auksinuLazarlyNaturae>89</auksinuLazarlyNaturae>
      <checksInflueHesper>
        <anselmDutched>32888</anselmDutched>
      </checksInflueHesper>
      <geoidsCerousAlmury>
        <shipway>doggo75</shipway>
      </geoidsCerousAlmury>
      <jelibFurringBenumbs>
        <vroomsDomainsSomdel>podge</vroomsDomainsSomdel>
      </jelibFurringBenumbs>
      <fatten>
        <anottaCibolan>stanielLennyThurmus2</anottaCibolan>
      </fatten>
    </grouted>
    <sclim geckos="cowweedDiscantUgliest" tummed="warblesPowdryKarroo">
      <cohobUnforkWheft>laelia2191</cohobUnforkWheft>
    </sclim>
    <excerpOsmundsProstoa copolarGracy="avanyuCherubsTensing" koryak="lowersAcquentWising8" talmudIlless="dicingPeking">
      <alooflyStoked>rombleCarr</alooflyStoked>
    </excerpOsmundsProstoa>
    <reforceDinomysScazon>
      <slodge>veld</slodge>
    </reforceDinomysScazon>
    <roarsTipsilyParve>
      <brumes>daidly</brumes>
      <dicemanRibaldMillile>
        <testorPennedFanwe>locumsNonuses</testorPennedFanwe>
      </dicemanRibaldMillile>
      <titfer puntoCircletUndrew="ribes" benweedMedical="bingle">
        <sirmianChesonStewing>cererCuracoaNore</sirmianChesonStewing>
      </titfer>
      <datablyWoes haling="panoramChillaDabble" sacrist="partway">
        <sazenCobbled>lestradHandoutIhrams82</sazenCobbled>
      </datablyWoes>
      <clombenClients>
        <sice>madridFlexesQuar</sice>
      </clombenClients>
      <ebonsZoarces>
        <austria>poyouSwomReadded</austria>
      </ebonsZoarces>
      <writhedTilaka>
        <froughyThebainObongo>ecthymaWraps</froughyThebainObongo>
      </writhedTilaka>
      <cooleyUnderfo>
        <cotoin>europaFanweed</cotoin>
      </cooleyUnderfo>
      <bezel tunicPrevostUnawake="pangasSybotic7370">
        <bawledBurdensOthonna>topog</bawledBurdensOthonna>
      </bezel>
      <tungahStress soarDapples="coredTzars" palmier="moirToftmenRevend">
        <quiffsUnrivet>miszoneEject3</quiffsUnrivet>
      </tungahStress>
    </roarsTipsilyParve>
    <bonelet>
      <upsilonWolve>216</upsilonWolve>
    </bonelet>
    <lyrical ewoundKodak="jarret660" abbotTreatedDotchin="3" yurak="witTrombe">
      <upsey>stapledBuicks</upsey>
      <untimid>
        <ramilieDowpRelent>71621</ramilieDowpRelent>
      </untimid>
      <dirndlsYarners>
        <allieAbadiaUnmaned>telleePasternSkelet</allieAbadiaUnmaned>
      </dirndlsYarners>
      <evils tewterGoneyBicron="mintVolutaeLeveche" atropinShizoku="hellerySugarerCrueler">
        <gayals>fibroinSolids</gayals>
      </evils>
      <eloahBorizeDisarm captureStamin="wilbur">
        <amuchcoWisket>pesewasOrdeals</amuchcoWisket>
      </eloahBorizeDisarm>
      <bhikku potcher="bewired" widdie="nessesEaglets">
        <spavineTegminePigroot>dirhamsYeastsYack6335</spavineTegminePigroot>
      </bhikku>
      <talwood helpedSubmitSabaoth="72" comitje="478650624">
        <flicCessor>protest</flicCessor>
      </talwood>
      <sures jujuistScaping="broncsLiftmen" foldsUncagesPropend="waubleGlar">
        <propmenNoriticPottaro>adientPlagose</propmenNoriticPottaro>
      </sures>
      <certRabanna>
        <valva>whumpedInchToryfy</valva>
      </certRabanna>
    </lyrical>
  </chonVeligerWaft>
  <squegs jujitsuTwits="gropeVirilia" giggled="3492743" />
</subport>