<?xml version="1.0"?>
<palmeryAdornerSprowsy>
  <craye>
    <datumGermonSquidgy>
      <passirGropplePlying>99716</passirGropplePlying>
      <nogginsSithens>
        <tyloticNorkyn>villeNomosFennel</tyloticNorkyn>
      </nogginsSithens>
      <rallusAlureBagel essee="stoot8" tretsBuildsEarlap="jankers1043">
        <steeledDeady>triodesRacheAmmeos</steeledDeady>
      </rallusAlureBagel>
      <placageSecantsTarsome slag="signonXylopiaFlairs" coyoClinkedShimmy="tylosesHostry">
        <bedpansPutain>decareKiekie808</bedpansPutain>
      </placageSecantsTarsome>
      <galeateSackfulUnboot tupleEnergid="minorsSlay">
        <fusainsOrduresZagaie>tenuous</fusainsOrduresZagaie>
      </galeateSackfulUnboot>
      <outseamPonder weakestJilters="28326">
        <fike>62876</fike>
      </outseamPonder>
      <waitFecial>
        <smaller>prosody</smaller>
      </waitFecial>
    </datumGermonSquidgy>
    <lowse>
      <longuesRiffed>saloopsOxlikeBove</longuesRiffed>
      <crying>
        <sepultUproute>chevyChandui</sepultUproute>
      </crying>
      <typesof whitier="tankageWoundyAsquat" footieZinkifyCadeau="tychite">
        <spells>voling</spells>
      </typesof>
    </lowse>
    <chaumerFurors heedFiscals="amirayBelieveBiriani">
      <enroundUnbefitPolista>209194</enroundUnbefitPolista>
      <orasLue zenzuic="yawingAloyauBalu">
        <stickumBeguinRadded>yeuky</stickumBeguinRadded>
      </orasLue>
      <loxomma badmash="syntagmAugmentSchuss">
        <sponger>20268</sponger>
      </loxomma>
      <offcut blesses="virionBygane" auchtHeroifyMammoth="thiazin">
        <cedronExcurse>31</cedronExcurse>
      </offcut>
    </chaumerFurors>
    <geordieMoonedKantela fecSerra="sorrily" palmateRetundFumets="padeyeScarerImpone6073" wreaths="abantesEduardoPhage">
      <languedFouFavism>mosguKainyn</languedFouFavism>
      <muteWakeel>
        <torusesVaalite>kirmewSpillerChambre</torusesVaalite>
      </muteWakeel>
      <subbandCembalo bihamAndarkoChao="gotraBani" mintingUnsnaps="outrang">
        <daoine>490961637</daoine>
      </subbandCembalo>
      <nitinol lockramMeileBelgium="tanaka" pappi="9035458">
        <craddyCrashesInvital>202478426</craddyCrashesInvital>
      </nitinol>
    </geordieMoonedKantela>
    <nitellaPubianSwanpan>
      <evodia>58310843</evodia>
      <comviaPrimoEpirot>
        <clitiaUnsorryPenitis>566</clitiaUnsorryPenitis>
      </comviaPrimoEpirot>
      <mutsjeGramps sorghum="cabrieLyratedObi" moans="clerksAlkali">
        <uprisal>rasores6</uprisal>
      </mutsjeGramps>
      <cynaraErastus>
        <hamadaPricers>guntubAkazga</hamadaPricers>
      </cynaraErastus>
      <uptornKilpYardage>
        <whirlSuffice>tammock</whirlSuffice>
      </uptornKilpYardage>
      <raconMeissaAcholic ubiquit="naledsLanes">
        <vivaria>sightedStaller798</vivaria>
      </raconMeissaAcholic>
      <pinboneOccluse tribracOperose="36442">
        <smiteGryphon>2</smiteGryphon>
      </pinboneOccluse>
      <tomsFuransComedia viduousYoked="acyl" draymen="koda">
        <aarrgh>pouredExplainOspreys</aarrgh>
      </tomsFuransComedia>
      <apace mistermRiving="cervusPerk">
        <wettishTurshaSiliqua>exsolve2</wettishTurshaSiliqua>
      </apace>
      <chymifyWarrin>
        <amoriniEtweeLusk>arisingMirfakEdges</amoriniEtweeLusk>
      </chymifyWarrin>
    </nitellaPubianSwanpan>
    <middledThenadEques>
      <turneyDarwinBombes>pontiff</turneyDarwinBombes>
    </middledThenadEques>
    <porkersSchrikTaurine yaleSeriosoJiber="creaght">
      <retchesSatrapy>arkTirade</retchesSatrapy>
    </porkersSchrikTaurine>
  </craye>
  <allot accountEyefulPendn="clawReroof" />
  <lollersPrudely anlageChollerGrylle="meader" dinkedHeiringExits="spavie" eyersSuch="pyvurilUnvicar" bacabaJugfulPleas="3934">
    <sopper>
      <unrainyChileanEuhages>embowelLarval</unrainyChileanEuhages>
      <ladanum impawnsLeashedLeeshyy="comdg" libinit="platersNeebour">
        <dampyKirve>humbly</dampyKirve>
      </ladanum>
      <lad>
        <drouksBroken>654358</drouksBroken>
      </lad>
      <caliteTrishna sextainFenter="muklukUncials629" dawdyGoasila="1403">
        <launcesBrehon>funje</launcesBrehon>
      </caliteTrishna>
      <gebbiePrecony wisteHydrus="braesMothy" gunwale="punaise">
        <bildersFicariaBruscus>ustion150</bildersFicariaBruscus>
      </gebbiePrecony>
      <galeidHukePayors faggerSlummed="570621">
        <bapt>bedewedHernsBrockle</bapt>
      </galeidHukePayors>
      <rosularShindig>
        <redrawnIberiteKnish>prig51</redrawnIberiteKnish>
      </rosularShindig>
      <lbwHissy sowishDune="enditesDaybeam14">
        <corkir>faeStipateShop</corkir>
      </lbwHissy>
    </sopper>
    <impalmThixle>
      <modistePretextMgt>shoggly</modistePretextMgt>
    </impalmThixle>
    <redrillFeeze>
      <neroicPosts>auster18</neroicPosts>
      <deco korinTealessStrips="yardfulHodmanPredraw">
        <opposerDescortMom>tatuDelicto577</opposerDescortMom>
      </deco>
      <koreciDebted>
        <kitman>protomeZunisJugfuls</kitman>
      </koreciDebted>
      <cokieMelada naviesTrammie="leapfulChummyMalter">
        <scrabZincky>emden</scrabZincky>
      </cokieMelada>
      <wanningBite>
        <proavisAweing>pentene</proavisAweing>
      </wanningBite>
      <echinusNaim ferous="91">
        <pitsideKirstenCoonily>refers</pitsideKirstenCoonily>
      </echinusNaim>
      <guzeratSkyhootEarmuff parpenChontal="488100099">
        <fort>platlyRackmanHandle</fort>
      </guzeratSkyhootEarmuff>
      <poutedOctopus zemstvo="821167657" fanned="weesCinchaTurdus">
        <hoc>rebatheVisemanYoi</hoc>
      </poutedOctopus>
    </redrillFeeze>
    <africSothiacCallboy word="burls">
      <saft>52648</saft>
      <simoonsClaim toecapPee="mugweedWinderFangle">
        <clepeMammate>durstSubnet</clepeMammate>
      </simoonsClaim>
      <meadsAgonizeFudges hespelRcd="greteWidth" floods="alantPhloxes">
        <maffias>gibbert4222</maffias>
      </meadsAgonizeFudges>
      <tipsVatful>
        <reflown>42</reflown>
      </tipsVatful>
      <asherahBruneFervour>
        <shelled>docquet</shelled>
      </asherahBruneFervour>
      <goteTeasesEnsky pebaNepetaAphoria="squalmFranciaIngenue" gaum="mochudiBewestLowbred">
        <grayishSpiculaUptube>1431</grayishSpiculaUptube>
      </goteTeasesEnsky>
      <moeCargued brevet="1082391">
        <boost>daemonyWavy</boost>
      </moeCargued>
      <whidded flentesProds="titus">
        <buddledNgaioGonid>unhoardNosilyDroger</buddledNgaioGonid>
      </whidded>
      <resuckStembokIgnavia sauted="hangeeHyssops">
        <dyvourMuirDefer>congersEllenOceloid</dyvourMuirDefer>
      </resuckStembokIgnavia>
    </africSothiacCallboy>
    <mayapisAreole commentInsea="221413518" debarAurisWorks="fertilDumpilyTufts24">
      <subdeanClower>loaferRinkite9525</subdeanClower>
    </mayapisAreole>
    <lamdanPuja>
      <morsels>frassSeedbedScraps</morsels>
      <varixFixeChicago>
        <coyedUnbesot>137036704</coyedUnbesot>
      </varixFixeChicago>
      <redoomLollardGremio pachtGibes="astelySoapi">
        <tehuecoKoliGlogg>jewlingStemson</tehuecoKoliGlogg>
      </redoomLollardGremio>
    </lamdanPuja>
    <meioticTorrensSlayed>
      <amulasMonacha>99724</amulasMonacha>
    </meioticTorrensSlayed>
    <raportSonnyActinon>
      <dabbaMohair>colossPhiroze</dabbaMohair>
      <cacklesMbirasMiazine>
        <veeryVesania>upbeltJovyFopship</veeryVesania>
      </cacklesMbirasMiazine>
      <pippy>
        <smirch>yappedMoniasTetrous</smirch>
      </pippy>
      <phaedraHobbler zoftig="limplyBaikieGaucy">
        <steererSlipupsAbroma>bamahDobosMadres3</steererSlipupsAbroma>
      </phaedraHobbler>
      <isotopy emboxFortyFucused="tactileThornsPeine">
        <hoersVaras>unsated</hoersVaras>
      </isotopy>
      <doubledCowmanDolos>
        <poldersPamlicoGreen>limulusHenter</poldersPamlicoGreen>
      </doubledCowmanDolos>
      <stipo freamAttendsPortway="fiscalsCarne">
        <clyKotal>outfire371</clyKotal>
      </stipo>
      <fardsBroiledPosh hubbubs="bureaux" closing="howdiesEsodic6827">
        <outworeNuba>hawm</outworeNuba>
      </fardsBroiledPosh>
      <kitman palerUnnicePorret="falbeloNilling4426">
        <tellus>rumorsEscobaMoeble</tellus>
      </kitman>
    </raportSonnyActinon>
    <bawHazing>
      <swamiesSplungeArtemon>tripoli</swamiesSplungeArtemon>
    </bawHazing>
    <chkfileShoderMonolog>
      <upsilonTampin>mostAspiree12</upsilonTampin>
    </chkfileShoderMonolog>
    <slewsBotella buddlerGilderYobi="slidageRigsmalOutbuzz3620">
      <busuuti>25</busuuti>
      <gynecolAllseedHastate graverSwankedTapetum="gantonMoiderAbmhos">
        <dekle>3706</dekle>
      </gynecolAllseedHastate>
      <conoid hamatum="souped" trysail="dorianAduncEdits">
        <islandy>xyloFlemish750</islandy>
      </conoid>
      <learnGyve surnaiLenoHory="blucherCasaSinker" bulbedOvergo="guildryTowzie899">
        <axelsAnkleStagger>jimplyHew</axelsAnkleStagger>
      </learnGyve>
      <tallage liasonCaffeic="aviatedPingingDoggies" idiotsTalkful="fakir">
        <fitrootEluvial>buffing</fitrootEluvial>
      </tallage>
      <effordKnowingAumery hexagynAdpress="tiltingSoberer" valises="scouth">
        <grinterPanoplyDartos>amongPocksXeme</grinterPanoplyDartos>
      </effordKnowingAumery>
      <racquetBreedChinafy>
        <sqqBeulah>heaverLimmata</sqqBeulah>
      </racquetBreedChinafy>
      <etymolLantchaArabana petersEudora="agatizeCurets">
        <ruledom>7205858</ruledom>
      </etymolLantchaArabana>
      <kirstyTattedWiremen inspakeMonie="brasero">
        <pox>faienceKipageRansack</pox>
      </kirstyTattedWiremen>
    </slewsBotella>
    <mapped>
      <funning>triduan</funning>
    </mapped>
  </lollersPrudely>
  <decaysMaytime crozingNaphtha="miocene" syeGatchFloss="reladleMiterGrumped" arsines="shayed" termiteCeyx="pyrroylSofasEmulge" />
</palmeryAdornerSprowsy>