<?xml version="1.0"?>
<tabooUnwoman>
  <talonicGlidderTurmet maghiRuptionZoonule="crooner30" soaper="aitPintid">
    <lashkar sowleNighly="lavedMerope">
      <tinnetZapusDocent>atociaEnding</tinnetZapusDocent>
    </lashkar>
    <kucheanMedliedBlurt>
      <danaite>126684</danaite>
    </kucheanMedliedBlurt>
    <capsidEtacist>
      <lorn>unsworeFlyby</lorn>
    </capsidEtacist>
    <indogenTyrosylMooing>
      <puntout>colloqBegrain</puntout>
    </indogenTyrosylMooing>
    <kowhaiHomishFilemot dunnageSubaqua="weededRimasCuragh">
      <richLoomsGoney>throuch</richLoomsGoney>
    </kowhaiHomishFilemot>
    <hrznQuais>
      <schouwOutgoneBepaint>caeomaFilea4964</schouwOutgoneBepaint>
    </hrznQuais>
    <thofSmoos>
      <burrsBlowierMaugre>dirtierSheasHazzan</burrsBlowierMaugre>
    </thofSmoos>
    <gasketEductsGannets>
      <daksFlasker>9153099</daksFlasker>
    </gasketEductsGannets>
    <auteurSubherd>
      <rootletNejd>29673</rootletNejd>
      <quarleKoryakGivin>
        <barouni>annulli296</barouni>
      </quarleKoryakGivin>
      <diary sadder="55177548" cassiasCooees="glarierMensalPottery2093">
        <ballsy>sechiumCease</ballsy>
      </diary>
    </auteurSubherd>
    <frizzerKnollsNaether hulsiteSialia="zacatecBeguinLaments27">
      <rajasicKeitloaNosine>lomitaYaldBunton</rajasicKeitloaNosine>
    </frizzerKnollsNaether>
    <arainAlveola lactol="sithenUnpaled">
      <alantinSegno>ketmieChamp</alantinSegno>
      <raphis censusUpbuildFriezed="91" bechern="bijouxEaseful">
        <phecda>zoftig</phecda>
      </raphis>
      <cocoyamBuddedHackney vowsonSwipe="26019429">
        <seedpodBielidIndigen>cirqueReapply</seedpodBielidIndigen>
      </cocoyamBuddedHackney>
      <pipages>
        <bixinPegadorTalari>mushierOratesPythias9839</bixinPegadorTalari>
      </pipages>
    </arainAlveola>
    <sociolSlip stat="screakSollar">
      <scathesFoldenDemure>58178</scathesFoldenDemure>
      <lychnisAcneFootsy>
        <chama>661703</chama>
      </lychnisAcneFootsy>
      <swingyQqv cassAmasta="callooGarroo">
        <payaguaGaiaZygaena>sheylePingueDenture</payaguaGaiaZygaena>
      </swingyQqv>
      <pieterIctuate>
        <narcose>33715</narcose>
      </pieterIctuate>
    </sociolSlip>
    <jolty>
      <browedAngorasInterj>attireTitfishWee</browedAngorasInterj>
      <pawaw>
        <steeplyRaggles>51378</steeplyRaggles>
      </pawaw>
      <bagoongFubsKatydid>
        <oxterResayStema>sidderDaubed</oxterResayStema>
      </bagoongFubsKatydid>
      <ploukSubseaFossule copartEmbrowd="puttieFerretyByssus">
        <mikadosForkier>brahm6164</mikadosForkier>
      </ploukSubseaFossule>
      <hairnetChiliad pinging="537373" plisseFungal="babyAdinidaOiling">
        <anklets>bardicMacula45</anklets>
      </hairnetChiliad>
      <swashesExomion>
        <bestoveJeremyPerates>mantric</bestoveJeremyPerates>
      </swashesExomion>
      <janosCoverupSlotman bimongSloshedLately="crepe">
        <willawaUranitePailow>reviseBulimy</willawaUranitePailow>
      </janosCoverupSlotman>
      <statueCoonyJinker morrow="kinker" educeDoddleEngle="mathes">
        <mousilyNoniusAbolish>nancesExordiaCourtin</mousilyNoniusAbolish>
      </statueCoonyJinker>
    </jolty>
    <obstantCourie>
      <enjamb>306</enjamb>
    </obstantCourie>
  </talonicGlidderTurmet>
  <median grinnedBaidya="sleechyCurrane" aviator="tatieTexaco" regivesVereyGastric="blows">
    <unseatVenueSoland>
      <slightRetiled>hoddleMinim</slightRetiled>
    </unseatVenueSoland>
    <shriAlfargaAlice>
      <handelPayolasDirity>hamuleHuskilyAttest</handelPayolasDirity>
      <givenTruthsUneared upbredDoss="stabsCrankle1204" mnioid="acquentHaste">
        <oreFurcaCryosel>yagi</oreFurcaCryosel>
      </givenTruthsUneared>
      <sativaTarnalDesorbs begiftCeiler="beaufet">
        <taipanArchwagLouver>govern</taipanArchwagLouver>
      </sativaTarnalDesorbs>
    </shriAlfargaAlice>
  </median>
</tabooUnwoman>