<?xml version="1.0"?>
<upprick>
  <unshort misuraBantusBlatant="prebid" quezal="morkinSinoper" spier="betidesMickle" taband="exesionGaliRunways" />
  <adatiPointel dost="88" aloesol="fezesAegle" />
  <drafty thermic="roching41">
    <basallyKluxer>
      <cascaraOstealSolutus>305789</cascaraOstealSolutus>
      <undrawDoweredGilia gristPinatasNeebor="renone" dullish="lingalaLeerierSortes">
        <unhued>merged</unhued>
      </undrawDoweredGilia>
      <pupUsitate chinoisSeedlet="242109" vaguest="enscale">
        <exrxFarragoCliches>langelKankrej</exrxFarragoCliches>
      </pupUsitate>
      <kanPrecentVoted hawkbitAttars="olefine">
        <haffatEmusify>lineny</haffatEmusify>
      </kanPrecentVoted>
      <mamaguy tji="2402694">
        <wynris>hards</wynris>
      </mamaguy>
      <dancingYunker misrateTanyardAdopted="luridArietteBroll">
        <gaduinChicoryJason>3378595</gaduinChicoryJason>
      </dancingYunker>
      <weazeny tishiyaMacduff="tuzaHuhGarcons" loatherWekaAbroad="gyassa536">
        <maistUnclip>mudderHerringVenom</maistUnclip>
      </weazeny>
      <peewees>
        <kegelerSnootedDuenna>abongo</kegelerSnootedDuenna>
      </peewees>
      <reals better="unableOpaleye" healers="tumliInheres">
        <gratingPomposoSikhs>feroceFutwa</gratingPomposoSikhs>
      </reals>
    </basallyKluxer>
    <sigfile optimalKingletWeirs="goslingAwheel" penitis="invidiaModern">
      <gargleRaniLycine>21601452</gargleRaniLycine>
    </sigfile>
    <fusureCaucus>
      <gastfulAdept>migaleDulcetsAmusgo</gastfulAdept>
    </fusureCaucus>
    <averralPoneraPosits>
      <redsBetireMafic>begoneHababTiters</redsBetireMafic>
      <podler pacesEmydian="deftPerkierInward" koryakLocanda="camionFeatherSkaithy">
        <forlore>grovesCoronalAmomal</forlore>
      </podler>
      <draymanCyaniteBaria reflownChampyFungin="wadmaalPastor" meatheCrasser="35707">
        <scandalHurst>futures</scandalHurst>
      </draymanCyaniteBaria>
      <helling>
        <brei>latiPurdahAbamps</brei>
      </helling>
      <haloingJerkin plannerSorgheLochs="hawk" acoreaNinja="tinkersLinkyRamhood">
        <arctosJetton>8547</arctosJetton>
      </haloingJerkin>
      <curdle cranerCaesium="usninicResoakRabific" grayingUnhale="snavvleDwaleAreng">
        <mbirasPriggerClept>usaron</mbirasPriggerClept>
      </curdle>
      <messetDarinMaurice thapsia="snipyMediaGlue" demoRandalClasps="queueCoffees">
        <civical>faintedFykes1</civical>
      </messetDarinMaurice>
      <retoldScurdyUveal anticktSahidic="abkarPopie">
        <ranere>ramal</ranere>
      </retoldScurdyUveal>
      <sortita>
        <massig>928329</massig>
      </sortita>
    </averralPoneraPosits>
    <muskish arabySackfulJaygees="warthDeary" galanasBarrenGiarre="clavis">
      <achimeBiremeIfecks>6576708</achimeBiremeIfecks>
    </muskish>
    <fusiblyAirliftPlumbog>
      <corralHircus>inhameHydrideShop4781</corralHircus>
    </fusiblyAirliftPlumbog>
    <myrrhedPampersBared>
      <gentle>4</gentle>
    </myrrhedPampersBared>
    <cortesRegrowReawake>
      <swabbed>trichiPosture2862</swabbed>
      <bibbonsPacifyCrux>
        <sonableSuomic>90170</sonableSuomic>
      </bibbonsPacifyCrux>
      <magnetaFarhand>
        <manchusWitenLearier>chromylWangOccur</manchusWitenLearier>
      </magnetaFarhand>
      <matchy>
        <bubasMurmur>insolesMaltingLevee</bubasMurmur>
      </matchy>
      <datums idiom="wushAparPunner314">
        <lipinsCranky>ovigermThaneYomer45</lipinsCranky>
      </datums>
      <myselUncrimeTousy>
        <swather>zigzagsExarateConvoys</swather>
      </myselUncrimeTousy>
      <nutrifyMiscookGeraty>
        <davidUnhornyHouting>suiline342</davidUnhornyHouting>
      </nutrifyMiscookGeraty>
      <kotalPropoxy fletherBucklumFurlong="9054725" cholick="5177">
        <apnoeaEquatorNovcic>truthVerre</apnoeaEquatorNovcic>
      </kotalPropoxy>
    </cortesRegrowReawake>
    <laicity>
      <unlimpMoe>3457600</unlimpMoe>
    </laicity>
    <turndunHectyliPiroque pudsyKoch="pizazzLag582" sawbwa="develinPyxSpermy" avastTitledHavana="darner">
      <lensman>27740</lensman>
    </turndunHectyliPiroque>
  </drafty>
  <profsSmallsAirplot />
  <dungsBurd kippy="ripsawHorsingParodos" />
  <reward>
    <debindTresPhossy>
      <irisingAboZingano>street</irisingAboZingano>
    </debindTresPhossy>
    <weakestButtedBedaff>
      <botanyCabuja>markeryYday</botanyCabuja>
    </weakestButtedBedaff>
    <ocas ferlingRedowaAirpark="sementDroved" cox="paeanWehner">
      <century>repentCamoochLipid</century>
      <romishGhoul umbralCanonicLob="shierBibiIpecacs" reclassYohimbe="unnet">
        <ideatedPomary>dunks</ideatedPomary>
      </romishGhoul>
      <spancelPorkinUtu>
        <unquertPremenKedger>hainai1365</unquertPremenKedger>
      </spancelPorkinUtu>
      <aurideMessan>
        <flexing>vergiWhineyCoigned38</flexing>
      </aurideMessan>
      <castled>
        <librasMatinal>shooled</librasMatinal>
      </castled>
      <sweltryPinkey flector="spetch8">
        <grumpedLeanlyVolpane>vermuth</grumpedLeanlyVolpane>
      </sweltryPinkey>
      <apexingSolemn cojuror="bassaraBarboyReform">
        <trompsSnotty>kohemp</trompsSnotty>
      </apexingSolemn>
      <ryotExtrudeMorphia imaums="denseMahoneGazes" antisCharesBarcone="derby">
        <kashrut>chigoeCavish85</kashrut>
      </ryotExtrudeMorphia>
      <coifedToilsPelioma>
        <ling>bodegas</ling>
      </coifedToilsPelioma>
    </ocas>
    <baseCesural testisPelopea="fannon9380">
      <lampateMincers>adornedAquilia5360</lampateMincers>
      <parelleCalmy>
        <dingingPwtTwiggy>751721703</dingingPwtTwiggy>
      </parelleCalmy>
      <examsSyrtis obeyingPereia="wapatoo">
        <piecesHenceLucayan>fuscFondest</piecesHenceLucayan>
      </examsSyrtis>
      <vizir sambars="puggerGrouzeGalany" goujon="coghleFlueyHogwort">
        <plyOwnsTinier>desugarSepose3</plyOwnsTinier>
      </vizir>
      <bumicky>
        <sogaPottiesKeout>solenGasp</sogaPottiesKeout>
      </bumicky>
      <sessCella>
        <platerSnicks>2</platerSnicks>
      </sessCella>
    </baseCesural>
    <burglar>
      <fakery>gazers</fakery>
      <grasMammulaAddis>
        <acardia>bleepsSpeiredEcklein</acardia>
      </grasMammulaAddis>
      <bond mikvah="200950175" greasedBaculaDaynet="866">
        <skinksOracula>qualmsArna</skinksOracula>
      </bond>
    </burglar>
    <cyclianRiviere siluresGonneIntines="chebog" primulaGeront="adroit">
      <velamenGoonsGuzzler>panosNerol</velamenGoonsGuzzler>
      <phobyGlom>
        <bindis>whom</bindis>
      </phobyGlom>
      <aliceDurangoDasyus aukletSuedineYelper="matreed" tygTogatedErke="fegs">
        <unnaptSlopLallan>breadBefoolRickle</unnaptSlopLallan>
      </aliceDurangoDasyus>
      <sharing galumph="953536">
        <diemGulfyLubbers>ooscopyJudaismDesorbs</diemGulfyLubbers>
      </sharing>
      <eulytinCoked muskoxPusleys="wiggenPoudrin" tiglons="soughLeetmen">
        <lobiDishley>languorJagless879</lobiDishley>
      </eulytinCoked>
      <rattles besouthCoredAlpeen="besidesEthynyl3894">
        <blypesWhimperNosher>jestfulHaplomeOxer</blypesWhimperNosher>
      </rattles>
    </cyclianRiviere>
    <blumesAphyllyScraped tidying="tebet89">
      <browny>outledHexones</browny>
    </blumesAphyllyScraped>
    <totyReimply hitched="pushoutTapirusUnshell">
      <sunupLetdownSolvers>hogherd</sunupLetdownSolvers>
    </totyReimply>
  </reward>
  <daisySpuming>
    <immoral tirurai="tobaccoBhadonNopal">
      <burkha>treat3494</burkha>
      <paulins mushla="emanium" bolide="okoume">
        <outlled>skippy</outlled>
      </paulins>
      <limbersShrives>
        <rerollsKnavessZeugite>tingisWakken</rerollsKnavessZeugite>
      </limbersShrives>
      <uploop progSnyeLogria="ruchbah">
        <titmall>farcy</titmall>
      </uploop>
      <lazaryRoach dimmedDaubierVernant="scase" fengiteAnes="unblest">
        <etapeAgacesLopping>5202</etapeAgacesLopping>
      </lazaryRoach>
    </immoral>
    <olfactyFowlRebuke>
      <babishDromonsButch>heughs</babishDromonsButch>
    </olfactyFowlRebuke>
    <ditcherMadhucaSorda balanidFerigee="49397248" asta="soroban3538">
      <zorgiteProxyLessest>351798</zorgiteProxyLessest>
      <soberDsri>
        <wiving>pukaPutchukRrhiza</wiving>
      </soberDsri>
      <cerrero duoleConflab="melada221">
        <safesSatdEpimers>8</safesSatdEpimers>
      </cerrero>
      <flaying gadder="gagged" seiren="phono">
        <tilikum>bhima</tilikum>
      </flaying>
      <sabbing>
        <fiant>idioms42</fiant>
      </sabbing>
      <banjukeTorahNordic lobolo="wyethiaUraminoBaizes">
        <remijiaBends>8647774</remijiaBends>
      </banjukeTorahNordic>
      <unslungSosoAcoup odaliskNegritaPelves="inequalPutoffs39">
        <tosspot>9</tosspot>
      </unslungSosoAcoup>
      <flyteBiset sorbishCurval="bilder">
        <snooseDoucin>castersQuonset8</snooseDoucin>
      </flyteBiset>
      <lungeesHachtDaric corso="profsLaughedTangles">
        <hoglike>markazHoitOxids</hoglike>
      </lungeesHachtDaric>
    </ditcherMadhucaSorda>
    <skunBermesJihads catcherMazameSturin="apology">
      <tzetzesDelugedAmitate>luneInhell</tzetzesDelugedAmitate>
    </skunBermesJihads>
    <pokilyScorpiiAkcheh teleranSavant="624393">
      <elationRamjetsChorism>patesiManuao</elationRamjetsChorism>
      <upspeakPhugoid>
        <biblessDawsonAidance>snath</biblessDawsonAidance>
      </upspeakPhugoid>
      <ampullaCharpaiVarious>
        <bloomer>brecciaCoolieKabars</bloomer>
      </ampullaCharpaiVarious>
      <dreadlyArgoZonitid tonkFipennyUnp="homogen9470">
        <clogsLadylySuchos>bensell</clogsLadylySuchos>
      </dreadlyArgoZonitid>
      <osseaTiglicVilli gayliesCanvassRomano="noraOar" titbit="sapbushUndosedMissary">
        <purflyKerbed>meselyBegs</purflyKerbed>
      </osseaTiglicVilli>
      <waygang suburbs="starch" grees="35559570">
        <piecedGemotsForeman>bromosSkodaicUnclify</piecedGemotsForeman>
      </waygang>
      <dribQuizzes porterAssam="1967">
        <waylay>alpianMoutAsramas8</waylay>
      </dribQuizzes>
    </pokilyScorpiiAkcheh>
    <pyxides tearfulFeedbox="tang4">
      <xyster>3814530</xyster>
      <yeaningGarboilSuaver cabindaArgo="bultGotraBerbers" blintzeBooker="milieusFoneTagalo">
        <neroicHoseOrsede>prosilyGestapoAgnean22</neroicHoseOrsede>
      </yeaningGarboilSuaver>
      <laotian cloghadPewee="cubeletAlachah771" prebind="locoism">
        <freetTalent>koshaRemould2623</freetTalent>
      </laotian>
      <boatly jaapKetotic="memoirBanjosValinch">
        <cue>unthrobPoopSerenoa40</cue>
      </boatly>
      <gillerRobeWherret upeatLeggierDispend="clunkerGarse">
        <mucicDawdlerWails>morenaSilvanCathar</mucicDawdlerWails>
      </gillerRobeWherret>
      <areoles impleteRajeshPalus="bedayTufan418">
        <stickelCoppinNutsy>oliviaSozineNemas</stickelCoppinNutsy>
      </areoles>
    </pyxides>
    <uniquerCavateSyn>
      <myarianCheviedAments>tenches7898</myarianCheviedAments>
      <basialBlottedDeeps nondo="elling">
        <sysselOriyaJefes>bagnutTune2</sysselOriyaJefes>
      </basialBlottedDeeps>
      <fednIturiteDevoir etheneMommet="921800457">
        <mildens>kristinSkinfulHazans</mildens>
      </fednIturiteDevoir>
      <induismDownily dogbodyOxbird="rode489">
        <tegulaFrightyPicene>spates</tegulaFrightyPicene>
      </induismDownily>
      <inkos>
        <rebrickGoryEpisome>purgesRubaceWordy</rebrickGoryEpisome>
      </inkos>
      <hommeRevamps agnusesColiStaphs="arabinInlineTrooly6" awaterWrestRepart="1617965">
        <professApx>palma</professApx>
      </hommeRevamps>
      <hoagyStormy>
        <bourock>reflyBashyleBeams</bourock>
      </hoagyStormy>
    </uniquerCavateSyn>
    <floozy>
      <flasket>666389587</flasket>
      <busbiesTastenSuk warrer="553673145">
        <oughtSkuse>bonnne</oughtSkuse>
      </busbiesTastenSuk>
      <cibariaTace slonOutnessLithol="mistendMahri">
        <danceryManse>coyanGunkySlee4021</danceryManse>
      </cibariaTace>
      <haltedMicerunConcord wertherSneesh="nattockSuperbEngluts25">
        <evicteePungieNoter>unhandsVivantsMayhem</evicteePungieNoter>
      </haltedMicerunConcord>
    </floozy>
  </daisySpuming>
  <bonyMaximSubman didder="isidiumOildom">
    <expandIranianOrnis arharCrampedBudmash="outportThou" hederSfree="achafe">
      <fetorsElenchi>511652609</fetorsElenchi>
    </expandIranianOrnis>
    <imagery>
      <filippiQueenSugg>slaker</filippiQueenSugg>
    </imagery>
    <waegFucoidsEngrid mergedTanistsGrame="waters274" coaster="firster2">
      <stript>otidiumToxical</stript>
      <stroutDefogWalking>
        <skegs>jaburan</skegs>
      </stroutDefogWalking>
      <jete wamefulAtuamiStaller="9" rozenerWather="ginneryFibroma">
        <jugginsBarbery>38371</jugginsBarbery>
      </jete>
      <buzzing sucresZigan="vitastiRazeedBhindi">
        <glovesHovelerBiller>submaid</glovesHovelerBiller>
      </buzzing>
      <zorillaTrypticMacheer pushupViewersDimmers="488863">
        <koprinoHymning>desands</koprinoHymning>
      </zorillaTrypticMacheer>
      <fellahAditalPuggier metaMetres="dandifyGandumDamiana307" croodleFuffitPanoche="koklas330">
        <glummy>crawlsCubbishPersism</glummy>
      </fellahAditalPuggier>
      <saffiorWipeout sprucy="eundemJuke3" mozing="smytrie">
        <dosainMnium>blufflyPrepupaBroomer</dosainMnium>
      </saffiorWipeout>
      <ombreGunz>
        <skyportPengun>18750686</skyportPengun>
      </ombreGunz>
      <metate nagamiFarfetCompter="gyred" choyAcreman="slunge">
        <pitted>yaffleVetches</pitted>
      </metate>
      <lemmusAbiezerOrbific>
        <wreckyCudsEggars>pocusBanyai</wreckyCudsEggars>
      </lemmusAbiezerOrbific>
    </waegFucoidsEngrid>
    <outwavePrastha>
      <alchemyInjointDismast>329187</alchemyInjointDismast>
    </outwavePrastha>
    <liquateClubSlunken garlionAubainSpites="boyAroon" crewer="rephael" nephricUnslowDecene="scurfOnychin">
      <mothsVogul>upchuckBaidar</mothsVogul>
    </liquateClubSlunken>
    <bechase brasilsBozineSheal="sarodsTewVox" maskeryGaura="loligo">
      <mangweOdaxUruses>738999142</mangweOdaxUruses>
      <sovrans parsed="carpalePanders" geogen="fipplesHarshen">
        <calibreAmasses>guaryCordaxBringed</calibreAmasses>
      </sovrans>
      <prooferGadwell bergsChelas="fruitedNaif" mirierAsoakReject="baboolsHumeanTictoc">
        <flutistMnevisTuchun>syntomyArabica</flutistMnevisTuchun>
      </prooferGadwell>
      <sujiPeliasNandi redoubt="murmiUprisesEvaders">
        <omitDuskish>venousOustee7</omitDuskish>
      </sujiPeliasNandi>
      <zaffer neats="bowingsUrinalThaws" showy="sinian">
        <kernite>pursuedIddhiSquashy</kernite>
      </zaffer>
    </bechase>
    <zelantPushersCaseic shockedNadPomatum="fenite" petalonOutsetsArecas="bebled" tailageBeswink="algates49">
      <niesDilly>smocks</niesDilly>
    </zelantPushersCaseic>
    <couteauSpinsAlphyl>
      <bailageSedging>matralOregon</bailageSedging>
    </couteauSpinsAlphyl>
    <thuyaBulkishTrizoic>
      <digitus>creepieMilt552</digitus>
      <mountyBepenHummock curchyPajamaBalun="pisonia">
        <upgoParks>60</upgoParks>
      </mountyBepenHummock>
      <tozeeBeyliksMoron insue="frett" pusherNowhit="88277">
        <oakesiaMetriaDamans>corylEggnogs</oakesiaMetriaDamans>
      </tozeeBeyliksMoron>
      <epistle>
        <maidinBugre>tutties938</maidinBugre>
      </epistle>
      <izchak>
        <stoas>wany</stoas>
      </izchak>
    </thuyaBulkishTrizoic>
    <speron>
      <shelfFastensMelee>rookerGode</shelfFastensMelee>
      <puslikeRebackSulfine>
        <scornyWilli>unurbanPilusRoamage</scornyWilli>
      </puslikeRebackSulfine>
      <compdCerebri enatesGabbartTzitzis="smeuse" wanner="cannatQintars3">
        <learnerEmbeds>borated</learnerEmbeds>
      </compdCerebri>
      <exceptsWingersUpdo gisler="sinusalBonking">
        <anonym>fluskOdeaIsatate</anonym>
      </exceptsWingersUpdo>
    </speron>
    <loachesRealign>
      <patrist>metricDennetMidget</patrist>
    </loachesRealign>
    <wettish outfeatUnitedHorray="hoggerySarlacKopis" prigdom="estudy603">
      <manivaUnanime>doughyDecolor162</manivaUnanime>
    </wettish>
  </bonyMaximSubman>
  <venisonAuthor indorseElsa="scrieveSeaweed937" shackMedism="93855" sansaraCrackPangens="athymyPlagued">
    <catastaTheol>
      <umpires>tebuRobands</umpires>
      <cytitisRaddedFemmes abkarJarsfulOrnes="crts">
        <abluted>3529852</abluted>
      </cytitisRaddedFemmes>
    </catastaTheol>
  </venisonAuthor>
</upprick>