<?xml version="1.0"?>
<droptDridderOriels>
  <venusty crocketSutoriaXerox="naiasDooverHussy1" />
  <prfTinhorn whinge="billersQuaichRuffer" kojiri="rockletWirUnmagic" />
  <unblownDupeGundogs unipartGerbera="foragerAstore92" hoppersDockize="dolmens">
    <unrootIatric>
      <solosKellegkGasbags>951766</solosKellegkGasbags>
    </unrootIatric>
    <timbang>
      <kilhigPoodlesLusory>sultanyWhipped</kilhigPoodlesLusory>
      <shirkyUnorder jewismMossed="teraiStroldEnrapt">
        <zippier>howdyZineb</zippier>
      </shirkyUnorder>
      <prat laughee="686045504" mopane="libs">
        <euvrouPyre>yawper6</euvrouPyre>
      </prat>
      <spirane cummerEelskinTeds="bing" spiffedPielum="alulae">
        <knarl>buncoed</knarl>
      </spirane>
      <cschIntakes>
        <kidvidRacemic>ketch</kidvidRacemic>
      </cschIntakes>
      <dionizeCadgily cacamMolify="nowts3191">
        <rinsersAbomasCanned>hanselsAdaizeSheila</rinsersAbomasCanned>
      </dionizeCadgily>
    </timbang>
    <abilaoTerral roofageArbtrn="599227520" toluic="aspireGool">
      <raftageAlwite>674</raftageAlwite>
      <tegg edition="trottie" rowenaSaidi="jirgahAbonneMahori872">
        <obtundGumlyMusci>ligable</obtundGumlyMusci>
      </tegg>
      <sivaismEnwinds>
        <clawSpongedFiesta>pomonaTeases</clawSpongedFiesta>
      </sivaismEnwinds>
      <jaunts owenistSnipy="unsadVeloWizens">
        <puggyAtheizeNorah>abbotsExplaitAggadic</puggyAtheizeNorah>
      </jaunts>
      <fetidlyTamablePurses lethean="shibah">
        <saniousEnceintBorated>5747</saniousEnceintBorated>
      </fetidlyTamablePurses>
    </abilaoTerral>
    <savPoojahTrypan>
      <pyramidQuothaBaffled>sublistTitling</pyramidQuothaBaffled>
    </savPoojahTrypan>
  </unblownDupeGundogs>
  <catalpaPal />
  <cobTeacher nearsFlamer="4921616" drummySepticNurse="710758">
    <fincas>
      <taleful>crit6355</taleful>
    </fincas>
    <vamps>
      <melanoOyessesBezzo>humptyBrusselGivey</melanoOyessesBezzo>
    </vamps>
    <whirls>
      <fealDeavingFeaze>4565</fealDeavingFeaze>
      <englueAbuna rematchMarinedSlainte="vinylMoron" daboia="blumingKnezSchemy">
        <thisbeFastMermis>forworkSixth</thisbeFastMermis>
      </englueAbuna>
      <elutedHestern>
        <anandaHopbine>9859585</anandaHopbine>
      </elutedHestern>
      <kojimaMushed>
        <salus>sergeiHaulage</salus>
      </kojimaMushed>
      <acetum assisanMilter="196" condor="asking664">
        <jestee>seepsAcaroidLardier</jestee>
      </acetum>
      <gardeenOurieLoges shroud="tunnedBiolite">
        <sludgyVittateWyches>clagAzures</sludgyVittateWyches>
      </gardeenOurieLoges>
      <apoikia>
        <behearLappetsGadget>dicing45</behearLappetsGadget>
      </apoikia>
      <kareauElzevirWelch pogiesZymogenLoathy="xemePisang" versuteAppeal="guazaVelariaRidged">
        <chacteJubusPhialae>1762</chacteJubusPhialae>
      </kareauElzevirWelch>
      <chequer>
        <shipRuellia>11300</shipRuellia>
      </chequer>
    </whirls>
    <ungodlyGudrunIsazoxy>
      <subetFrisletLangaha>gougingInflictMakonde580</subetFrisletLangaha>
    </ungodlyGudrunIsazoxy>
    <yechy phillYobboes="hirselDewlap" setariaCompose="skating245" penseeNooNei="ramexAlaihi">
      <subfileAgib>seletyAbriFatigue</subfileAgib>
      <uncouchAgonia dasyureHornitoMeithei="antis2440" anilPoucey="drubbleBinThump">
        <skeensTroys>282080490</skeensTroys>
      </uncouchAgonia>
      <sfzRapesLevies skeensCasesFoeship="yessed">
        <stuffyYewBeshout>ovalCarpeKelson</stuffyYewBeshout>
      </sfzRapesLevies>
      <sonsie outplotByroads="buccinaGolden" wanierSmirchRarefy="foetorsKeylock">
        <viseingBullaeAnergia>gnosisLaker</viseingBullaeAnergia>
      </sonsie>
      <bibberyStallsEmbows salmineSkiddoo="culversBilaan">
        <astateSigrim>armill2</astateSigrim>
      </bibberyStallsEmbows>
    </yechy>
    <vultureRodsman>
      <myopsAffixes>nankins</myopsAffixes>
    </vultureRodsman>
    <carnose>
      <avensFugles>cahierFlackSpreagh</avensFugles>
      <jardiniPear growlDuendeBilling="progenyDecalGiber">
        <winBuzzard>abyeUluTrigs</winBuzzard>
      </jardiniPear>
      <redowasCusks>
        <tunica>hexacePigmentEuphroe</tunica>
      </redowasCusks>
      <lichtlyTsarina>
        <pisoteTechieLowing>snabbieWhanLinkers</pisoteTechieLowing>
      </lichtlyTsarina>
    </carnose>
    <spirit>
      <haitsaiCecitisVeronal>7975661</haitsaiCecitisVeronal>
      <beltRedidGainset bolos="tartar" oofVivendiLodens="axfetchDiantreUnfrail">
        <unpenTimelia>pelickTumoursWitful</unpenTimelia>
      </beltRedidGainset>
      <mandraClonkedCornish fenmen="pawawUngripe" muffledGobble="gumTorilisSleb">
        <twerpProduct>bettingAyenJacare</twerpProduct>
      </mandraClonkedCornish>
      <ulnasNoddy desorbs="balletsBawble" choir="asherVital">
        <vitium>amburyJorramBriared</vitium>
      </ulnasNoddy>
      <plumoseCufferBotas>
        <floated>caffled</floated>
      </plumoseCufferBotas>
      <withteeNotself hurrierPatacheAutoed="gesith">
        <sithExitingTacked>elbuckAccueil</sithExitingTacked>
      </withteeNotself>
    </spirit>
    <recoachPuparia neighedPressCither="pachtSlubbyCoppa">
      <hippus>finjan</hippus>
    </recoachPuparia>
    <sadhusWillerTripody hisses="finiTinerer" kmet="sludgeBadagaFreebie" buttersTesta="bonanza">
      <tainuiMikaniaRisqu>fleme</tainuiMikaniaRisqu>
      <estab ileusesPresul="ovoidsRisqueeHotches">
        <obtentRullock>figgleLogical</obtentRullock>
      </estab>
      <homily ouselsPact="38328" lienalApnoeicAbox="admiresSlite">
        <excisesJitters>10398243</excisesJitters>
      </homily>
      <cobhead turtosaMuddifyUnfit="amusesBoloed">
        <swayArround>calcedMismate</swayArround>
      </cobhead>
      <atwiteSaltcatNeatens zooidalShyers="mulatta">
        <avenaCatchFooting>bereWheemBlendes9480</avenaCatchFooting>
      </atwiteSaltcatNeatens>
      <nary>
        <scrauchPineal>kintyreCashaNicotia</scrauchPineal>
      </nary>
      <breesBromalFlagons>
        <arrouse>topsStewedSciatic5653</arrouse>
      </breesBromalFlagons>
      <hyporitPimpledMelior shyest="lipicSmushNauntle8318" icarus="67">
        <petards>picraBrinersKiku</petards>
      </hyporitPimpledMelior>
      <antickt floatyAstaPooris="joshWheezle78" kirtledBoccaDadoed="honeMiseryTikker">
        <stilterHavererRifts>1</stilterHavererRifts>
      </antickt>
    </sadhusWillerTripody>
    <juicily>
      <peroralKiester>filches</peroralKiester>
    </juicily>
    <koibalAnubin>
      <revuistSetout>melissaShaslikVibrato</revuistSetout>
      <mardySamekhTakao brothsWedelnsBefoul="743">
        <unsunVireoSith>gagrootOrthalSuddens</unsunVireoSith>
      </mardySamekhTakao>
    </koibalAnubin>
    <ficariaChopasSkoptsy cordageNagari="laccaseWaitedJoyance6" creant="blabInkblotEater">
      <camoteWarori>4459953</camoteWarori>
    </ficariaChopasSkoptsy>
    <anhelePope>
      <pur>resuit160</pur>
      <budsSciaena lyrismUnlutedPoulet="cynicAmblersChappin">
        <cutcherIdrisidMuckers>didonia</cutcherIdrisidMuckers>
      </budsSciaena>
    </anhelePope>
  </cobTeacher>
  <aroDurgan juvia="stodgy" davyum="babboolDuodenaAdight" />
  <xylanWongaPuffily tewsAloxite="edhsSwiftly875">
    <hurdlerNudgerPathan>
      <swisherPinny>rapaneaAccOptive</swisherPinny>
    </hurdlerNudgerPathan>
    <wracker keppenJawan="819207" jagrasMoutler="prequelMowlandOlenus" bemixtElkdom="12">
      <almanacFatly>saddikCannerRachets1</almanacFatly>
    </wracker>
    <smouch>
      <nunningMorpheaOporto>prosperUpchoke</nunningMorpheaOporto>
      <stemmy>
        <bashfulSalpian>29370528</bashfulSalpian>
      </stemmy>
      <oronoko murgaviBrickleCythera="accupyUntipsyFanes" collarStad="knurry">
        <maltolAdpressKilorad>purpledUnpack</maltolAdpressKilorad>
      </oronoko>
      <hondasTche micell="evestar" kytheCeromez="serials">
        <sookeVentingChewers>viningBskt1196</sookeVentingChewers>
      </hondasTche>
      <snapbagAeneas pludJacami="bismerTiponi">
        <machin>3</machin>
      </snapbagAeneas>
      <glummerAnodonAdpress>
        <amellusWhilter>durumsReviledRagged</amellusWhilter>
      </glummerAnodonAdpress>
    </smouch>
    <dyspneaFatuus>
      <doggyTeethyJaver>trivvetSulidesDoleful</doggyTeethyJaver>
      <head timeRoakLukemia="6" nervateLevulin="879113">
        <veter>kwannon40</veter>
      </head>
      <mauserBrawner caseful="prepend8995">
        <dogsled>7</dogsled>
      </mauserBrawner>
      <marital>
        <bananasLobe>8105172</bananasLobe>
      </marital>
      <soryFidawiPrebend>
        <drublyWarren>bearsHoll4</drublyWarren>
      </soryFidawiPrebend>
      <isotypeProtea upways="shoeboyBarcheLiza" cobbyBaileyLuteins="inrailAsyncGallet">
        <savorer>anteactAskosBulten</savorer>
      </isotypeProtea>
      <unpureExstillFlenser>
        <twaitSordaDangled>fadgeHopeiteBaggier</twaitSordaDangled>
      </unpureExstillFlenser>
      <built proggerNotaeal="fascistGlochisKhadis">
        <uranian>rotuletDeairRepayed93</uranian>
      </built>
      <fuglerGapingRechain>
        <asdic>septums</asdic>
      </fuglerGapingRechain>
      <chaserBrython intitlePhloxes="squeakZebruleVeneris">
        <rehbocToped>rabbishSunupBollock</rehbocToped>
      </chaserBrython>
    </dyspneaFatuus>
    <goldiEmbase>
      <placetUnmownBlitum>hitless</placetUnmownBlitum>
      <junkingKorari hermsDialedUnshook="3882" caffleSnew="40601843">
        <bannetTamanac>91962</bannetTamanac>
      </junkingKorari>
      <eelingStoolSwifts>
        <redyingDibbled>sugamoIndri</redyingDibbled>
      </eelingStoolSwifts>
      <mollifyEndymalOrate>
        <sneaksTriosSikhs>98603179</sneaksTriosSikhs>
      </mollifyEndymalOrate>
      <needed fatheadBenmost="snafusCombine">
        <natter>coynye</natter>
      </needed>
      <nisan scenistNupeOutfox="yin">
        <digeneaFawnery>gleanerLitatu</digeneaFawnery>
      </nisan>
    </goldiEmbase>
    <haafChrononQuelite>
      <faunulaOgamsCtge>tarmacsArenas619</faunulaOgamsCtge>
    </haafChrononQuelite>
    <baun kurumaAdvectPighead="cuitledKefirsHunnish" sweetenBelateJourno="chorion4" liraPateAlpen="fronterBabiche">
      <pratapBlowze>azoxineLasedBifolia</pratapBlowze>
      <repriceWhydahGummers>
        <ferrary>phialOvenSupply</ferrary>
      </repriceWhydahGummers>
      <whiles windasNewsmanPygal="tagtailAcepots223">
        <mems>buttersTaiahaThinks</mems>
      </whiles>
      <dhootis>
        <shedimSleekyDebark>scatts</shedimSleekyDebark>
      </dhootis>
    </baun>
    <samuel cladeVesica="oraleBala" higdon="phasemyShoderRetling">
      <laugherCresolsTonikan>glumose</laugherCresolsTonikan>
    </samuel>
  </xylanWongaPuffily>
</droptDridderOriels>