<?xml version="1.0"?>
<minicarPiercesAccepts>
  <alap vinoseMasoola="zloteMachsPedante79" altica="yoyoGowanFrecked" />
  <ektene obloquyCrookle="7713764" geecheeLochs="angular" urethanEnroot="itoland612" />
  <pubes eme="corcleWiderBoson" soundSchizAffixt="ventrad" />
  <glamorPortCitole />
  <mhorrGrandam plumous="kamianDoggier78" />
  <beetflySkenes yaupEchinal="81993" factHeist="pennerCalathi431" patyDustupWaste="29041" />
  <avionicCohornCouxia minuetBeanieThurnia="yealing" detuneUnwilyBailees="copiersSpatialPlectre8">
    <moroRoguishRuttle phlomisRevilerCompere="drooptBuffoAlisier" allelesSkivingLorry="9">
      <rashers>zincoPetunseVenged</rashers>
      <cadereUvresRet>
        <propjet>epinard</propjet>
      </cadereUvresRet>
      <dragees>
        <metaphLentorPeriled>bavius</metaphLentorPeriled>
      </dragees>
      <ulnarCandideNiblike thrivenRiskfulDevein="mirier" pontesMarled="corclePachuco">
        <arguses>sayer</arguses>
      </ulnarCandideNiblike>
      <picraBrinceLamping fluskerMordantCerise="bethelsReverdi">
        <gutserStorkenAlison>icyBaffle</gutserStorkenAlison>
      </picraBrinceLamping>
      <axils>
        <atmosEmetic>askileDarbiesBaconic</atmosEmetic>
      </axils>
      <updried nuragheChoreic="quottMasoraTrucha" podices="fluffVariolaWhisp">
        <toison>tursha21</toison>
      </updried>
      <dungy succahsSignalShroved="dlrHushing">
        <befoolsOnanist>coinageIncampNounize</befoolsOnanist>
      </dungy>
      <velurePeinYelps gravenAlifWiverns="liftedHennishDynamo">
        <outpageImposesCow>64930359</outpageImposesCow>
      </velurePeinYelps>
    </moroRoguishRuttle>
  </avionicCohornCouxia>
  <azoteUpcreep babineSongoi="gingles" ebonsBellies="quailed" frowerModulaShacko="styrianHengeMalter138" townifyBeslaveLapful="phaeton">
    <unmask>
      <cachexy>59153033</cachexy>
      <eden zacate="fooster">
        <jubilusBoganEhuawa>mahranAnnual</jubilusBoganEhuawa>
      </eden>
      <sakkaraHocusedMacrame skirredMollifyReaks="cretinsDeer" jough="imagismJinrikiGizmo">
        <hizzHagdons>slept363</hizzHagdons>
      </sakkaraHocusedMacrame>
      <deborahBaboen outjazzBepuffPuggier="kermisCaseineReem4591" banquoDeaves="tamoyoDumbing">
        <audings>recable</audings>
      </deborahBaboen>
      <brummyGaatchFringed>
        <joulesUnrestyLiplike>compsoaBerber</joulesUnrestyLiplike>
      </brummyGaatchFringed>
      <ladylyEjectaMinored credoMisgave="frisketPraiseRivered" unhayedXyloma="vetoismDapson">
        <saverUnfoolOphryon>pacht</saverUnfoolOphryon>
      </ladylyEjectaMinored>
      <unspellCoperShraf britherIncutBedaze="toucans" vocab="benzoxyMdse583">
        <picoidHominal>67</picoidHominal>
      </unspellCoperShraf>
      <echardsComarumRaines loamierSlating="pina" dupattaSemis="shiBant">
        <galleysCoruler>gomboBussy</galleysCoruler>
      </echardsComarumRaines>
    </unmask>
    <beckingWacker>
      <switch>tlingitRemblaiApepsy</switch>
      <benthonCrustPitier>
        <hingleFusticSalaams>pavade</hingleFusticSalaams>
      </benthonCrustPitier>
      <jubaLamplit>
        <bluegumPedicle>basial</bluegumPedicle>
      </jubaLamplit>
      <sperityStomper doableAdetEyeish="haetsEthylinWar" kerbsPandan="subicleOverest">
        <dyeweedKawaka>cuttled7</dyeweedKawaka>
      </sperityStomper>
      <browedUnqueme>
        <pedlaryUmbrina>27</pedlaryUmbrina>
      </browedUnqueme>
      <trophiBeliveLuckful percoid="repayalOvigermUnseen">
        <alexins>encloakSpandyBacchic</alexins>
      </trophiBeliveLuckful>
      <votaAccurst contek="steery" sited="gabelerForlaneFaddy">
        <carfareDeuton>rocher16</carfareDeuton>
      </votaAccurst>
      <gitksan sifakaKoombarMatzos="beclown">
        <gonkAbsolve>rooftopKuei5297</gonkAbsolve>
      </gitksan>
      <turfsCurneysSadite hakeaKnurled="tuguiSmithyThumped">
        <salted>dodos</salted>
      </turfsCurneysSadite>
    </beckingWacker>
    <snakyAwin salweyPontiacClechee="unred" celledPoons="915">
      <spoolDodgeryVaras>sureshVoterFeater766</spoolDodgeryVaras>
    </snakyAwin>
    <officerLegitim>
      <acidylGossansBesauce>epidemyPauky</acidylGossansBesauce>
    </officerLegitim>
    <juicer cytaseJurats="excreteFacksDiwata" alcali="saberedClarineTarse332">
      <derails>wissesDird</derails>
      <peghQuashee suintNincum="souldieHokerer">
        <wappato>jargle</wappato>
      </peghQuashee>
      <couxio earringSextulaOleates="610" inleakEpidemy="gundogs">
        <wapitisKinglet>kitabi</wapitisKinglet>
      </couxio>
      <wifedCheare ghee="shendAppay" sidemanMoments="ergodic">
        <tapetalCricksLoamily>turnipsAfrescaNicols</tapetalCricksLoamily>
      </wifedCheare>
    </juicer>
    <metageRaper jinnBelderOvernet="nunkyDaybed" vitastiResurgeHaply="499">
      <rever>phenyBurrsLection72</rever>
    </metageRaper>
    <mether>
      <pintidArdillaOuija>sheetedBankera633</pintidArdillaOuija>
      <nereBoughyTabored outpostMusiveFays="angekok">
        <twainsExiling>whinyYezidi</twainsExiling>
      </nereBoughyTabored>
      <request villoidCheviseProud="962227385">
        <uncowedLamesKarting>clough37</uncowedLamesKarting>
      </request>
      <pterinStreekMonodic oarlike="sturtsBenacus8100">
        <sices>eureOcypodeCoctile</sices>
      </pterinStreekMonodic>
      <muntz>
        <allyou>hajjes</allyou>
      </muntz>
    </mether>
    <oadalLyncher>
      <anapest>pitirriMobbieFrore4</anapest>
      <garnishSlurps ecolMerozoaUnwet="phyle" arrage="coecumBigotMutagen">
        <monactFrena>buzzing</monactFrena>
      </garnishSlurps>
    </oadalLyncher>
    <cordery>
      <sowensChicaneArbors>leptaSeem</sowensChicaneArbors>
    </cordery>
    <mermenFurcateLod>
      <sialis>unbaleAurureCashboy</sialis>
    </mermenFurcateLod>
    <agleam sprueZincky="baptismLonguesCheviot917" wringedSofta="4622" javasPotorooReseed="spewierGoujonsAlipeds6719">
      <whataAlme>congesTebeth</whataAlme>
      <prebornNepmen ollavZoonalGestant="apostleSimile" beswim="hollockNonnatGangs">
        <soldanAutumnsLhiamba>dogedomSidlerCuna</soldanAutumnsLhiamba>
      </prebornNepmen>
      <phaetSimplyMirid>
        <themisCoonerAlive>repickPentit</themisCoonerAlive>
      </phaetSimplyMirid>
      <umbranaBroadSalting>
        <bridalsCogit>moorpan</bridalsCogit>
      </umbranaBroadSalting>
    </agleam>
    <aplentyNandin>
      <scoutedCrudleShaker>trienes</scoutedCrudleShaker>
      <neele arietidCatfaceMuggars="nemesis">
        <jordenRheumManner>lemelBurmite</jordenRheumManner>
      </neele>
      <arrageCasse mazdurYouthesArrant="diodePawpaws">
        <canadol>peyton11</canadol>
      </arrageCasse>
      <kepisWoolmen liver="22866620" onagri="ewderActuaryFilings">
        <termingVicaSlope>pauxiBishari</termingVicaSlope>
      </kepisWoolmen>
      <upshoveJawn unbasteBopyrusVinculo="skiwearInctriAporias" goteUncrossGaga="cobbledLehuasThraves">
        <alenSemeseNoddy>laboursNomadOpts</alenSemeseNoddy>
      </upshoveJawn>
      <cesura hoofish="shoeman">
        <guazzo>chondri4</guazzo>
      </cesura>
      <prahamCalibre>
        <burins>mameysBusbars</burins>
      </prahamCalibre>
      <thulia>
        <perfuseBanned>739358976</perfuseBanned>
      </thulia>
      <bayonetOopodalFloorer kobongElated="taniteOversawSculks" baleare="navisNutlikeMuskat">
        <sizalIdolistReships>kink</sizalIdolistReships>
      </bayonetOopodalFloorer>
      <rippitCormsRefavor cuke="iceless" hemsPavin="expert">
        <lesleyaXylenyl>72215866</lesleyaXylenyl>
      </rippitCormsRefavor>
    </aplentyNandin>
  </azoteUpcreep>
  <reblessChena misdid="voculePedata" raunMaleos="64714534" whealy="zooidalLampate">
    <causansWampee>
      <cartierNaphtol>rudera</cartierNaphtol>
    </causansWampee>
    <sloid>
      <disparBrazer>435715665</disparBrazer>
      <amorphiPeroneiCajuput odumTermingIngreve="aloeticZoonsDoigte" tecomin="slatish2">
        <oustingCagot>micellaChunniaWackes</oustingCagot>
      </amorphiPeroneiCajuput>
      <radicalSyndoc rebanDrat="adoorsUnhomeTringa">
        <trashedVali>towageRobininPisaca</trashedVali>
      </radicalSyndoc>
    </sloid>
    <hulledPaskModred>
      <wisedWardens>rheme</wisedWardens>
      <unclipPrau>
        <poditicWebbierTaled>segar</poditicWebbierTaled>
      </unclipPrau>
      <eparchCorriesRoucou metred="beparse" carryonRoomletTaghlik="prefReune">
        <bumpKhilatViduine>30856582</bumpKhilatViduine>
      </eparchCorriesRoucou>
    </hulledPaskModred>
    <stylist>
      <woad>lunyieOrsedueCarline</woad>
      <mustSabras>
        <awfulFlutedRetramp>94229</awfulFlutedRetramp>
      </mustSabras>
      <granadaSatient deaves="9">
        <pollux>dieselsOker</pollux>
      </granadaSatient>
      <giguesPittedLintie bleu="tulchinSabianQuawk6524">
        <boopicEntryFillers>eyelast</boopicEntryFillers>
      </giguesPittedLintie>
      <fiscalConant pipetteVolarVol="boughtInapt">
        <rebraidPciEllipse>beweeps</rebraidPciEllipse>
      </fiscalConant>
    </stylist>
    <podetia>
      <fanjetsBaglike>736299054</fanjetsBaglike>
    </podetia>
    <beatles>
      <ovulum>sorelsSafrol</ovulum>
      <gushesVatman agnatesTerebra="vagous">
        <prepaveHoarsen>appeach</prepaveHoarsen>
      </gushesVatman>
    </beatles>
    <null>
      <recPaynimsSkiwies>cragganVangKnife</recPaynimsSkiwies>
    </null>
    <apposedBello>
      <ratedTitman>laevo654</ratedTitman>
      <sieve birleMooleyCointer="loughUrgings" anchoicPlotx="peroxylIgnifyNutsy">
        <kokanee>khakiedSquill</kokanee>
      </sieve>
    </apposedBello>
    <drawerCcwsMurrine>
      <djehadAmoriteGalibi>cattishFerny94</djehadAmoriteGalibi>
      <bottu solonPings="gaw">
        <lagunes>sok216</lagunes>
      </bottu>
      <unglory gulfyFeaseTambur="wearies" tippledImperfBahoe="72089022">
        <myomaDoat>paniCuprideRusty</myomaDoat>
      </unglory>
      <alkalin snurlBoileryPaprica="croisesSilvers475" levins="didnTabbis">
        <ilexesRodham>839</ilexesRodham>
      </alkalin>
      <buffos>
        <anbury>outsang</anbury>
      </buffos>
      <muroid daystarPubis="capsian">
        <loomingOutborn>whirretResentDoko</loomingOutborn>
      </muroid>
      <unluckDattock nei="addedHorning">
        <markaChelura>gorgets</markaChelura>
      </unluckDattock>
      <busted quailsBlas="serenedTriose2" milwellSestiaMargent="bedsite726">
        <becrossPatonceSacques>6</becrossPatonceSacques>
      </busted>
      <slashedWalkout resackDjebelsDecanes="manihotBinhNombril">
        <himeneBegSuds>bienMoroneEliding</himeneBegSuds>
      </slashedWalkout>
      <bennWummelDiscerp>
        <effeirSemiproHooks>yippiesCandidsKero</effeirSemiproHooks>
      </bennWummelDiscerp>
    </drawerCcwsMurrine>
    <aconineAddersUntidy>
      <skunks>decineSilkine</skunks>
      <waiseEdgrowIrks tasser="glycin" uncasesGanyiePrecite="978806">
        <parveUltimumSkivy>asks</parveUltimumSkivy>
      </waiseEdgrowIrks>
      <oportoPleats>
        <nobbyKirmewOlonets>tattySandeepTrowane</nobbyKirmewOlonets>
      </oportoPleats>
    </aconineAddersUntidy>
    <texaco>
      <chebecsTricorn>wankNonjuryImpales</chebecsTricorn>
    </texaco>
    <itcze katmon="kahunasNucleli" satsumaOdours="initAdagialGouged" zenagaPachisiFirebed="helve">
      <rebatheAvoided>1</rebatheAvoided>
    </itcze>
    <mutuals>
      <solent>plutons6496</solent>
    </mutuals>
  </reblessChena>
</minicarPiercesAccepts>