<?xml version="1.0"?>
<zabaeanVairy>
  <linariaUndrawn warring="wielareTapuya" />
  <asqueal ace="dropAbrin">
    <troddenAcarusManchet>
      <trahCagiestToised>banda</trahCagiestToised>
    </troddenAcarusManchet>
    <dietalLiquerChurned>
      <foxilyRhymeryFaunae>8</foxilyRhymeryFaunae>
      <brevetPucesHocuses>
        <resuckGlobes>43</resuckGlobes>
      </brevetPucesHocuses>
      <carree>
        <menyOidwlfeCostula>aphetaRuffer6163</menyOidwlfeCostula>
      </carree>
      <kakatoeHohokamEggers>
        <triesJumbaAmido>sarplerSummonsTook1</triesJumbaAmido>
      </kakatoeHohokamEggers>
      <bespurt saynay="ophrysZinebsGraphic6">
        <ceibaMismosh>labellaPoetics29</ceibaMismosh>
      </bespurt>
      <powtersBnfChitose bodiedPlushedTrail="corporeBittie">
        <kerfsConand>opifex</kerfsConand>
      </powtersBnfChitose>
      <maris poter="fufflePrintsMicelle">
        <mobbistEntelamInpour>suers838</mobbistEntelamInpour>
      </maris>
      <shoggleSowleCoronad>
        <galopGlochidOutpop>certifyMizzens</galopGlochidOutpop>
      </shoggleSowleCoronad>
      <ourselsNein exemplaHapaxShik="hexamerHeavingFinials" wairs="hottle">
        <phallis>hagadicMussackMotivo</phallis>
      </ourselsNein>
    </dietalLiquerChurned>
    <ventradIridesTogas>
      <alegarsKetoneCobbly>mizeCaelusDrubber</alegarsKetoneCobbly>
      <tetrylsChiliadBey ogle="copolarMimosaFurud" toeEvans="wangansTektosi">
        <tractus>trudgeBifoliaDraw</tractus>
      </tetrylsChiliadBey>
      <acronyc dianoia="terserSporterMussuk" waviata="273">
        <chauferUnnet>shouldRecuse</chauferUnnet>
      </acronyc>
      <contoidLaveCoirs rightenEndured="cluppeOrariaVixens">
        <horseyMercerPinkeys>847909</horseyMercerPinkeys>
      </contoidLaveCoirs>
      <denials unsonEwest="45876" herile="67688424">
        <seekEjector>flabReperksTriflet6</seekEjector>
      </denials>
      <garageBlighty ersarNymil="cyanol" dopierHamated="5">
        <visnomyGuided>fewnesAsilusSedge</visnomyGuided>
      </garageBlighty>
      <cycloHaulierMammets>
        <tunicinDeisinDagobas>dishornDanged</tunicinDeisinDagobas>
      </cycloHaulierMammets>
      <pauky>
        <ballersAcidicCubital>smartyXylan</ballersAcidicCubital>
      </pauky>
    </ventradIridesTogas>
    <eryops stomachSunkenDimmock="pasi65" beebee="snood">
      <cheve>chininCoulure</cheve>
      <isis rundiSurreys="premuneEmptins" wynd="abilao">
        <castano>9880</castano>
      </isis>
      <maggleDisloveSilks azuredAins="24" aliasedMilacre="preedJonnickAdder">
        <arcose>1758</arcose>
      </maggleDisloveSilks>
      <fetialsHodden tainJibedPlayock="geckoid" besnow="raccoonPortingAllures">
        <baetyl>ought</baetyl>
      </fetialsHodden>
    </eryops>
    <seamsQuantiSny hainanEinkorn="decayerGlimes91">
      <foxchopPalaExalts>sager</foxchopPalaExalts>
      <unciae tabeticSputa="nitchMimpeiAlbinal" proetus="atveenDegu">
        <pagedSpinel>250</pagedSpinel>
      </unciae>
      <patapat nearerEffrayPoetic="dartoidPaulus" diphaseTuza="895726">
        <balsamySubrace>wryneckFascioCurtal615</balsamySubrace>
      </patapat>
    </seamsQuantiSny>
    <salaryFuggedSled>
      <dondine>twarlyAviatedDormins</dondine>
    </salaryFuggedSled>
    <hoarsOversupPoles>
      <sabakhaYeldrin>limoseOhmLousy</sabakhaYeldrin>
      <apertumHemipod upstood="yod">
        <tempyo>cintre</tempyo>
      </apertumHemipod>
      <sabaUroJupons fubGigaton="luiseno" zoomsWeighty="doelingUnneath">
        <cosines>moliesVowelCaunter</cosines>
      </sabaUroJupons>
      <tytoBooked>
        <citadelCertes>myosoteBemasColumbo</citadelCertes>
      </tytoBooked>
      <booboos enluteMungaEnlist="adarme7849" justsSkateUnown="upstemIndicia">
        <tarsiaFlashes>penniMeloeDebrief7649</tarsiaFlashes>
      </booboos>
      <stepneyBiblistBant>
        <vamfont>sparred</vamfont>
      </stepneyBiblistBant>
      <leery polsAvoider="meowing5355" furilScalfTussive="roralManicon">
        <casuistAcystia>6605176</casuistAcystia>
      </leery>
      <petiole furzery="unwoveObeyBegeck" crazed="goer">
        <laudesDipygus>hereroLearnedSoleus</laudesDipygus>
      </petiole>
      <dupableApposerOddest kammeuCossetsToling="384086">
        <kuttaOstosesYodler>rusponeRekey</kuttaOstosesYodler>
      </dupableApposerOddest>
    </hoarsOversupPoles>
    <sotAlcidEndless cyclerEpizoalRho="unshadeDewittUmlauts" xerafinRechose="begloom" exogensSaxonly="chanduiVerbene">
      <micky>labroidBrutal</micky>
      <luxatesVersers misfitUnbokelFilaze="reponeLollopyPosset">
        <angstsGratiaInquiry>772926</angstsGratiaInquiry>
      </luxatesVersers>
      <tumbak glyoxalTriglid="pronounDudgeonAmotion" calfFikh="69899">
        <coxy>teapoyInsumeQuells</coxy>
      </tumbak>
      <stoodenRelyTyronic mordentExtinctEmeer="kiriIcicleCavu3844">
        <cuboid>dominesPardy</cuboid>
      </stoodenRelyTyronic>
      <skimpyJuriesKabbala>
        <pahOogloea>upbrastOvergod</pahOogloea>
      </skimpyJuriesKabbala>
    </sotAlcidEndless>
    <tregohmSoldanTods>
      <qtyStowageGeoidal>citrin</qtyStowageGeoidal>
      <ittria wolfmanCogieBenthic="depthenEkahaAnethum" rougesHidatsa="unslipCliqued">
        <pibalHelix>linha</pibalHelix>
      </ittria>
      <scrougeGaffing>
        <loganiaPiggle>azons</loganiaPiggle>
      </scrougeGaffing>
      <balcone bolly="picryl">
        <redcaps>gimmor7065</redcaps>
      </balcone>
      <dualistReclameBacach dubbeh="4619184">
        <gogosTirlSastra>renegedSawah42</gogosTirlSastra>
      </dualistReclameBacach>
      <devaul bobbiePouncetDowment="jaupingJibbs">
        <deflateLidias>sheafsWaddlesIronly</deflateLidias>
      </devaul>
      <diarchQuannet>
        <cessantStats>6910818</cessantStats>
      </diarchQuannet>
    </tregohmSoldanTods>
    <bulies>
      <maguariAxweed>oranger</maguariAxweed>
      <borghCrumbs>
        <onerary>masoned</onerary>
      </borghCrumbs>
    </bulies>
    <yacks>
      <smilerThisbeHimawan>setheadShallow</smilerThisbeHimawan>
      <amenageAzotousTien titmal="cisternKursaal">
        <nagelReshape>anhimaLawton9360</nagelReshape>
      </amenageAzotousTien>
      <satisfy>
        <jogtrotMaudle>80720</jogtrotMaudle>
      </satisfy>
    </yacks>
  </asqueal>
</zabaeanVairy>