<?xml version="1.0"?>
<sepiolaDoverHollows>
  <undaredHangby wabblySlotted="albiticSteamedCalade740" immesh="gammingShoggly" mosaismJiminy="auntlyIxtlesChinnam" />
  <frazedGouterBromic yuapinPatacheYente="323628585" trizoicPrakrit="kannadaUnepic" lownly="hamboneCrup">
    <callousSpeckly>
      <formicArdure>ordureIturite</formicArdure>
      <miscropClavusOrejon>
        <tobymenScolops>nappers</tobymenScolops>
      </miscropClavusOrejon>
      <windersSufBuenos mockRamseySlums="16254714">
        <paggle>6361064</paggle>
      </windersSufBuenos>
      <guglets urodeleDonzelTropal="roast" tydie="lopAvital">
        <legesSjambok>specksUfo8664</legesSjambok>
      </guglets>
    </callousSpeckly>
    <hollinMobbishCancer>
      <aneticLire>44039347</aneticLire>
      <win elixedKromeTowpath="isogamy">
        <wabsTerbium>666580532</wabsTerbium>
      </win>
      <owlerCymePseud>
        <piqueurBulimicParody>78843867</piqueurBulimicParody>
      </owlerCymePseud>
      <dumping>
        <pogey>elatery</pogey>
      </dumping>
      <anodesLete queazyDetails="hajjLectualCurragh">
        <adoptee>targeOuabain128</adoptee>
      </anodesLete>
    </hollinMobbishCancer>
    <tingidScattyPindari>
      <recipeTingisFirepan>lioncelLimpestCharac</recipeTingisFirepan>
      <mopederThurniaSugan salfernDewanny="12199">
        <fact>lagtingAllays</fact>
      </mopederThurniaSugan>
      <seckAlpacasRehead>
        <sirrahDewwormKayasth>saltieBrio953</sirrahDewwormKayasth>
      </seckAlpacasRehead>
      <niacinLoveman ahaaina="29170">
        <outhutProlanKansans>inanerWenzel</outhutProlanKansans>
      </niacinLoveman>
    </tingidScattyPindari>
    <largetFripperEnticed gispinNotoire="krengSutoActions" ostrca="chymous" bolelia="loud">
      <weddersWhumped>footway</weddersWhumped>
      <ampelis orbedTeeth="endysisThetine">
        <podalic>ticket</podalic>
      </ampelis>
      <undulyShane>
        <ilotSmickerNomoi>offend</ilotSmickerNomoi>
      </undulyShane>
      <lithestKhass zedoaryCrawm="raghuNatesCliv" genetteKenosis="succumbCruMileage562">
        <cherna>tippier</cherna>
      </lithestKhass>
      <oximateBosch sibucao="avoiderMancala7789" unbitPuneca="359">
        <bombardCrowd>brichenAdducesBedbugs</bombardCrowd>
      </oximateBosch>
      <skanda>
        <dusken>ephoric</dusken>
      </skanda>
      <molpePushers doariumNatron="woolensOrgies9">
        <holtsFliskBulldog>toggery</holtsFliskBulldog>
      </molpePushers>
    </largetFripperEnticed>
    <pipit>
      <outflyCajunsTamping>tsuba9</outflyCajunsTamping>
      <sizzledPerkyPentol sericonLogiaCockney="forestsSoupedCtenii">
        <avion>dioeciaGein921</avion>
      </sizzledPerkyPentol>
      <stractJapersAlcaaba>
        <fallsAbkhasCurdly>4281427</fallsAbkhasCurdly>
      </stractJapersAlcaaba>
      <brecciaOferIntoner neepVidoniaFriborg="cass776">
        <foamsManuka>veilerUnowed</foamsManuka>
      </brecciaOferIntoner>
      <mowBilgier pyramidUnroughPulsion="89483330">
        <cepous>mev</cepous>
      </mowBilgier>
    </pipit>
    <saumTimelyRuined>
      <hemsKlavernSepti>zoaria</hemsKlavernSepti>
    </saumTimelyRuined>
    <resigh mammy="505">
      <gigmanTurcicSoftly>athrillHelingOxalato4376</gigmanTurcicSoftly>
      <boxballFeddansCrose>
        <whitingAmalicGrammes>jowpySuspire</whitingAmalicGrammes>
      </boxballFeddansCrose>
      <bravaTotal dingies="bokeRostraPulegol">
        <corema>decise</corema>
      </bravaTotal>
      <monsoonMimosasNearby>
        <ligroinKyathoiChol>boreenSwirlsEmplead</ligroinKyathoiChol>
      </monsoonMimosasNearby>
      <operaryMiddes newingOttar="achen497" twillyWroxAutist="goitreAltusBeeches6">
        <wallieAlida>94</wallieAlida>
      </operaryMiddes>
      <congouShaking>
        <owlishBaston>653456</owlishBaston>
      </congouShaking>
      <rowy>
        <hasidPrunedRawly>bambosPredefyFallow447</hasidPrunedRawly>
      </rowy>
      <acronic>
        <gadeTipmanTewter>330999975</gadeTipmanTewter>
      </acronic>
      <jellibExpireePanak dahs="4648">
        <epinineOieFawe>jailsHornish44</epinineOieFawe>
      </jellibExpireePanak>
      <settle>
        <copulaEmeses>burhTapasPiccolo5</copulaEmeses>
      </settle>
    </resigh>
    <luteaMusci knifedVoustPage="druffen" swage="ankhs">
      <fourche>asaphicReplum</fourche>
      <serbian bakepan="struckCamlet" hourlyMuffed="withal">
        <henwarePythius>3</henwarePythius>
      </serbian>
      <toise dryfat="ditesBlowenLiftoff">
        <kamsins>ylemIntill</kamsins>
      </toise>
    </luteaMusci>
    <dosiniaUntireMishap>
      <revereReaskCabble>paleola</revereReaskCabble>
      <unterseClemmed>
        <dibbedKanred>fibster</dibbedKanred>
      </unterseClemmed>
      <scullPadasha watapsLipoidGrader="boardRadly">
        <cuttedTennisy>goateedHaeingEmbowl</cuttedTennisy>
      </scullPadasha>
      <reiClava>
        <studder>pigsneyAmulaIde</studder>
      </reiClava>
      <freakedBastion segos="51562">
        <looieUnmiter>5790</looieUnmiter>
      </freakedBastion>
      <tinkersEncoreJoneses posiedNairaOvary="shootWhitmanChapin94">
        <dingleRouensGenips>reclose</dingleRouensGenips>
      </tinkersEncoreJoneses>
      <fulmenLay>
        <kailsSadhana>uptrunkJahveh</kailsSadhana>
      </fulmenLay>
    </dosiniaUntireMishap>
  </frazedGouterBromic>
  <fitness begorry="lurkedHulu">
    <zoundsWhippyAal battenNaggin="tzaddik">
      <loupenImmoralOrterde>hodaddy</loupenImmoralOrterde>
      <anademAbaciMonth tritaphBleatyUngild="455">
        <sadesPress>maimersPiprine</sadesPress>
      </anademAbaciMonth>
      <touart darnixKathalJuster="cistaFute3">
        <benneAywhereOrgandy>update</benneAywhereOrgandy>
      </touart>
      <deirdreGreases chron="oaseanSouagga" sawanShikiiUnideal="choilFascineMilks">
        <fascialStonersClomb>annule</fascialStonersClomb>
      </deirdreGreases>
      <unjointExit pined="363210" vendorsStenchCrimble="blurTitbits1">
        <strichDiggerDearn>evictedSecluse</strichDiggerDearn>
      </unjointExit>
      <ageableWhelkyChegoes swotsArdureChamlet="cucaAndesicCymbalo">
        <abistonBoroughOubliet>cramponLimey</abistonBoroughOubliet>
      </ageableWhelkyChegoes>
      <misosLeopardPrises writhBoxtree="envyingLiquoryWekeen">
        <poggePaucityLucumia>slues</poggePaucityLucumia>
      </misosLeopardPrises>
      <batlan>
        <upburnOsteria>eatableScaffy</upburnOsteria>
      </batlan>
      <actoryAmulae hickey="liqueurPavingPoet">
        <thelionDadsInklike>sobbingForkPascha</thelionDadsInklike>
      </actoryAmulae>
    </zoundsWhippyAal>
    <ascrive tweeny="peculia">
      <pimasDextrinCatted>84673</pimasDextrinCatted>
    </ascrive>
  </fitness>
  <dewretWorkedGriming selfingAllying="bogier" xerusesMolimen="pitfallIllbredGiaours" daseWeta="luntedDartre49" />
  <rajahsValanceKeerie />
  <woomerSlankUrao />
  <artlessKitabi mallardAmit="slimingUmps" peponid="forwearGaderJak" unholy="zineb">
    <romeine boshbokSlighty="grundyDusk">
      <vattingHaiks>recking2</vattingHaiks>
    </romeine>
    <chilesShorterBorons talloteAcystiaDevaunt="trankumArariba">
      <sewableTokamak>ververSociety</sewableTokamak>
    </chilesShorterBorons>
  </artlessKitabi>
  <brisk armbone="pinfall" spruceBaroqueRedtab="merlins">
    <twickSpecif rumbles="adornos">
      <gangism>606509423</gangism>
      <solatia>
        <orbiteSakiBurped>lavas8</orbiteSakiBurped>
      </solatia>
      <unroofs smilaxSuranalAmess="orangeyIllnessAlenge7619" semite="curling">
        <nornCeltistRepound>canuckBardishWadding</nornCeltistRepound>
      </unroofs>
      <raftmanMops>
        <certhia>8562112</certhia>
      </raftmanMops>
      <carneolTaggyRiva aiblinsCrude="fozierDefleaSonde" plainSarcode="stodges">
        <beulahWhilieBegani>riches</beulahWhilieBegani>
      </carneolTaggyRiva>
      <facebarSpiraleEructed hyloid="talas9">
        <whump>antasUnfluidArcheus450</whump>
      </facebarSpiraleEructed>
      <orthisBreed tepas="uncitedNereids" ries="5">
        <sigfileVeneryDrome>orsedueTendent</sigfileVeneryDrome>
      </orthisBreed>
      <fringed>
        <cadeeFashing>damager</cadeeFashing>
      </fringed>
    </twickSpecif>
    <hingingChampe>
      <bangalaCravingCabrit>exiler</bangalaCravingCabrit>
      <porionDofunny vowless="942817680">
        <trusionArbours>argyles</trusionArbours>
      </porionDofunny>
      <potman>
        <nappiesEmpaler>gigged</nappiesEmpaler>
      </potman>
      <babysatPiglets>
        <duddiesGlaukeMedias>643011</duddiesGlaukeMedias>
      </babysatPiglets>
      <outfedEvening pachtCasse="lupininLivier">
        <sissyCookeyBlosmy>686500</sissyCookeyBlosmy>
      </outfedEvening>
      <unalistRoachedSadhus>
        <moidoreUredemaCryogen>dawdles482</moidoreUredemaCryogen>
      </unalistRoachedSadhus>
      <dudeen jaupSaliantTireder="804146">
        <fusing>uncomfy9507</fusing>
      </dudeen>
      <hypuralGeatasMontia bedeHend="swooped">
        <townyLeglenMerling>bucklerLisbonBiteche5173</townyLeglenMerling>
      </hypuralGeatasMontia>
      <bowlaPileoliAuburn obeyersLeaks="91345591" weeshee="127">
        <outcookTriply>andrewWacagoAlvite</outcookTriply>
      </bowlaPileoliAuburn>
      <unlaw incrossBalugaTolsey="ticketsCoo">
        <arctianShinner>monolog79</arctianShinner>
      </unlaw>
    </hingingChampe>
    <wheedleWaversOblata>
      <daftlyCarlineCahuy>isoporNetwise5</daftlyCarlineCahuy>
    </wheedleWaversOblata>
    <burgles>
      <skimpMigglesCrisp>rhizoid</skimpMigglesCrisp>
      <tuttoCoxy>
        <siennasGrittedThallin>kobiDisegno5717</siennasGrittedThallin>
      </tuttoCoxy>
    </burgles>
    <acidic>
      <wheyish>urns4</wheyish>
    </acidic>
    <moliereManbirdFecula wawls="untraceCanc634" semelAconicOxazin="drycoal" hunterJustersHookas="agaroseMucopusUtterly">
      <bearpawMashing>puelche</bearpawMashing>
    </moliereManbirdFecula>
    <urgefulEmicateAzoth>
      <dyasSammelMajagua>176</dyasSammelMajagua>
    </urgefulEmicateAzoth>
    <succeedBihalveArmory>
      <degami>uncoft</degami>
      <islandCebur prefer="unmild" tupmanElevensMesion="link">
        <hooverExcheatBivvy>abelesKillock</hooverExcheatBivvy>
      </islandCebur>
      <schouwUsenet cablish="lioncelBanqueKryptol">
        <squillsManiple>1761331</squillsManiple>
      </schouwUsenet>
      <multiOkroWrite bumfs="kialee" winierVanilla="chopa">
        <pelting>thomite</pelting>
      </multiOkroWrite>
      <pudderMinuter>
        <reastDeedily>stram</reastDeedily>
      </pudderMinuter>
      <achPintanoFunic>
        <fervorsUnlacedLordy>corbinaExulate80</fervorsUnlacedLordy>
      </achPintanoFunic>
      <bralessBasongoMorose>
        <wigger>ryania</wigger>
      </bralessBasongoMorose>
      <akeeUsurers avulseClyer="taar" dupleAzonsTapas="castanaEnchain">
        <creakerNowhatRumpad>amenMisciteDepend</creakerNowhatRumpad>
      </akeeUsurers>
      <decardKnatch poopingBlickey="yorkishDuce" wychAumbry="29000503">
        <derogPlenismTropoyl>keened</derogPlenismTropoyl>
      </decardKnatch>
      <pashasHeaumes>
        <wulliwaJapesDidromy>forceneHakims</wulliwaJapesDidromy>
      </pashasHeaumes>
    </succeedBihalveArmory>
    <errite>
      <palmaInesiteBecalms>tammyCultch419</palmaInesiteBecalms>
      <animas>
        <dobbyRioBonos>bleachs</dobbyRioBonos>
      </animas>
      <clerumStuddie>
        <brotel>unlentCindieBackage881</brotel>
      </clerumStuddie>
      <dindonTimarauPhrasy whufflePiquing="scandiaBrakingVerdet74">
        <toryismAutomatSham>pottiesEltime</toryismAutomatSham>
      </dindonTimarauPhrasy>
      <teniae>
        <costarsCircusy>beatUnmoist52</costarsCircusy>
      </teniae>
      <rombleFoxie bowgeGoogol="7930" hybosis="aleeCasinetVanille">
        <spissyCowpoxRusse>1158</spissyCowpoxRusse>
      </rombleFoxie>
      <reata arretBootie="4" kantarLancersDuskier="hellsEmbdenMetad">
        <pimolaScabbed>scfhCologsScaw</pimolaScabbed>
      </reata>
      <cowries merlin="16024">
        <woesCarotidPitsaw>truvatAreach111</woesCarotidPitsaw>
      </cowries>
    </errite>
    <fetasBuzukisAlexius forker="82997">
      <bekahStalledNevell>errsWrabbe</bekahStalledNevell>
    </fetasBuzukisAlexius>
    <revilerBorghi wenlockMang="59587576" objureOfftake="reflexWhereas" ticcaDardani="613523">
      <albinesImbathe>dau</albinesImbathe>
      <aubadeGradesSwiving>
        <woomerBlkPolar>gorge</woomerBlkPolar>
      </aubadeGradesSwiving>
      <yankton>
        <eoliths>hamFagotKnave4916</eoliths>
      </yankton>
      <vatting bursati="66066" kingGalagoWab="upborneGentes">
        <talarAhomPose>pileumVetustOrdinee</talarAhomPose>
      </vatting>
      <shrived squeaky="negritaJoeyPurohit">
        <clatsopEmfTsadis>prequelGrandKhella</clatsopEmfTsadis>
      </shrived>
      <unseelyMaskmv rarety="unmount">
        <irade>muktuk3</irade>
      </unseelyMaskmv>
      <rimmers catalpaStayers="47">
        <feston>manchusLegatedTum</feston>
      </rimmers>
    </revilerBorghi>
  </brisk>
</sepiolaDoverHollows>