<?xml version="1.0"?>
<dickeys>
  <enqueue ageingAcutelyCanonry="roughieRelongCabildo" />
  <heliumsDunalBriner multaniUncurl="kayoedIndylSelle8" moltenCobnutAtrible="chaitya" drools="fitfulStomion" orthis="curchefSamps" />
  <spitter />
  <gooierMesser partGaolsDomines="139" />
  <oaric purfleGirling="aquaEvertedPeptone" />
  <maywortPinguidMoloch ortyganCruelsRewish="vssPialaXylopia" plomb="baubeeUnpietyGabe" sererLavagesTolter="44048904" />
  <tavernaEthnish hirerRedtailDanism="geodic" smeltedAnguish="akontae" clack="798972" whittle="hacek" />
  <canoeAnnary neocyteDepeLapse="18813" lampersHencoteUpperch="sclaffsLintel" blendor="golp" safenerInfirmsMayweed="bungeeCooty" />
  <ensient gorryFaradicViolet="skyeHayersPaup" ratlinsUnslowUpbid="nastily" youdith="aversTientaWarnel" />
</dickeys>