<?xml version="1.0"?>
<tilpahHokanAwry>
  <crambleOutsets bipod="obtainsArdors" mesitaeSpoonerGawsy="tinnockParti" tennisyJakarta="8" />
  <catawba aciurgyTempletAssizer="50301" repkie="helderDesi" teindPositumTribes="somewhyMaghiDoomed">
    <vetchy>
      <ripplesCedrol>treadedRamananFiats</ripplesCedrol>
    </vetchy>
    <sinning>
      <scfh>creepieWaxbillKhilat</scfh>
      <earflap>
        <chouse>62629</chouse>
      </earflap>
      <abuccoThebain tokayLoa="cubansMeetenEmptied">
        <boyosMnesic>daglock</boyosMnesic>
      </abuccoThebain>
      <rotatesSequoiaFuci assignFucksShushed="melesMhzAnlaces4">
        <cump>wasegua</cump>
      </rotatesSequoiaFuci>
      <brissWeazeny>
        <wallabaPlunger>94154644</wallabaPlunger>
      </brissWeazeny>
      <rounderDecyneSpackle phrynidNontan="sudsingWield" featerNickarFlustra="boppers244">
        <peatmen>poodleFunkers</peatmen>
      </rounderDecyneSpackle>
      <burring fiddledLaddessTendant="51189978">
        <palmar>bruceUstionAlisos5716</palmar>
      </burring>
      <mexicaHarmingSantirs>
        <garavaTaglikeFoggers>unboatDerriTopside</garavaTaglikeFoggers>
      </mexicaHarmingSantirs>
    </sinning>
    <foliesPentite>
      <proaRecycle>4</proaRecycle>
      <ambrainDeunam>
        <cruelerDooly>701999433</cruelerDooly>
      </ambrainDeunam>
      <untiledGemul>
        <lyncherCrownal>hungry</lyncherCrownal>
      </untiledGemul>
      <hardens rabbet="mesoleGeasonCanine" goupin="poorgaMousingCarvel">
        <dogearsVicaire>chalder</dogearsVicaire>
      </hardens>
      <kelliesNishadaTermine tzarTamale="troughBopping">
        <boleti>cholaCentiarPricing</boleti>
      </kelliesNishadaTermine>
      <bieldy reentry="285585175">
        <funorinPibal>cahita97</funorinPibal>
      </bieldy>
      <chlamydPoplinCaduac tmemata="maximonStayedDealing">
        <aldiminWaker>hectarSymptom</aldiminWaker>
      </chlamydPoplinCaduac>
    </foliesPentite>
    <miswend camoisPanders="whelpsMises35">
      <mummery>5484</mummery>
      <begripeWerefoxRabious lyttaAnthosDovened="jaspAthelPioted" frappeDutchedBakshi="bonairExcern">
        <fakingMyosin>freetFummelFatihah</fakingMyosin>
      </begripeWerefoxRabious>
      <orgiacsCloaks sarkCongiusFinnoc="argoanPenners">
        <cacajaoGaslitNauset>humped</cacajaoGaslitNauset>
      </orgiacsCloaks>
      <pests ketone="188" ebonizeAwaysSnout="5">
        <cashelCangan>15</cashelCangan>
      </pests>
      <boucan aeolis="tylosisTindalo">
        <wahwahAeronef>spurt</wahwahAeronef>
      </boucan>
      <joblessLardedGurgoyl>
        <tilsitNakula>emptied</tilsitNakula>
      </joblessLardedGurgoyl>
      <maut stylistXylaria="5" polskaRanch="cozeysCaplinsBulged">
        <darksMyceliaHeight>scaifeFotchPipil</darksMyceliaHeight>
      </maut>
    </miswend>
    <porzana appulseRoscoes="remoreCortineKamis">
      <kompeniTyrants>callanDromonBridely</kompeniTyrants>
      <reveledLobsPhyllin kaonsGuatoan="bahoe" kulaBrazerBurdie="tapersIntime">
        <randomTunney>omphali</randomTunney>
      </reveledLobsPhyllin>
      <naology befancyComity="kisangAcce">
        <haloSixfoldGlaceed>milium</haloSixfoldGlaceed>
      </naology>
      <chintzyTheolog>
        <aroundJogglySmore>rechain</aroundJogglySmore>
      </chintzyTheolog>
      <schtoffInlineDisease>
        <yukked>53257447</yukked>
      </schtoffInlineDisease>
    </porzana>
    <parbakeTectaWedge>
      <trocarWolter>eddyingScalpel</trocarWolter>
      <duelersTewart perakimGabaritWonted="squeaky">
        <gyric>claspedRockety</gyric>
      </duelersTewart>
      <quatreStrayed egardsSamaras="825468">
        <aclysEphodMead>5611</aclysEphodMead>
      </quatreStrayed>
      <bockTrionyxThereva disorbKadiEgoity="coelomaBirthedTictic9" flamenCallasAletris="swoosh26">
        <reneges>malonylMessageVowers</reneges>
      </bockTrionyxThereva>
      <bradleyAdiated>
        <drouDagmar>honest</drouDagmar>
      </bradleyAdiated>
      <giltyBrae>
        <winepotLucarne>inarm529</winepotLucarne>
      </giltyBrae>
      <pure kaiaksBushpig="carcerHarmon" pionic="arcGanyie">
        <elihuLibidoValkyrs>apiosScrapCopal</elihuLibidoValkyrs>
      </pure>
      <amus caurus="terenceCaltha" sinapicUpdeckVaginas="outlain">
        <hawaiiSinging>cathars33</hawaiiSinging>
      </amus>
    </parbakeTectaWedge>
    <raging>
      <taxmanMohicanNanes>ileal</taxmanMohicanNanes>
    </raging>
    <udiReveil>
      <kinker>3786359</kinker>
    </udiReveil>
    <borsWervel>
      <birgand>barhal212</birgand>
    </borsWervel>
    <fillockOutpageKoff ginsIllumerBarkeep="isabel11" mothier="543095" bammingGaon="closenScullogDomify">
      <sobberCoheredPariahs>warkJobsiteTepee1</sobberCoheredPariahs>
    </fillockOutpageKoff>
    <sandixAriosoOvercup dribber="oto95" moult="bibelotPaynimWelsom9" cimicidTrainerNuisome="abuLamber899">
      <feuageBanzai>guggletPreboil</feuageBanzai>
      <emydBeguin stifeVenders="7" pitauLeden="warnelBalkar">
        <decideRougyOtium>rowty</decideRougyOtium>
      </emydBeguin>
      <asopCozenedBurbler cowfish="squawsBottles1461">
        <gaugingMidlineGabs>26005967</gaugingMidlineGabs>
      </asopCozenedBurbler>
      <twee>
        <legacy>shamim</legacy>
      </twee>
      <chera>
        <spikier>avouterEtrenneDicty</spikier>
      </chera>
      <scootsPogroms>
        <sparkedSheriffPts>bushily</sparkedSheriffPts>
      </scootsPogroms>
      <pledgedMoellonRindle armsizeMachogo="blattiBelsireRanal" fidgingKishkeSisi="mooring">
        <dotOverawnUsurp>duressTantrum904</dotOverawnUsurp>
      </pledgedMoellonRindle>
    </sandixAriosoOvercup>
    <explantIllyBlowze>
      <asepsisGawsie>ellfish</asepsisGawsie>
    </explantIllyBlowze>
    <repinedChintYoul poppled="talmasMulleyVibrio" tilterAfront="gneu" hazeledAlamort="alleveBerakah">
      <pintlesCyclMeech>oxcartBarbita</pintlesCyclMeech>
      <lobelinFunsSantimi>
        <nuddKintyreRumina>stotPeiping46</nuddKintyreRumina>
      </lobelinFunsSantimi>
      <invest covite="zimb" inwickInstr="silicasHomericGong">
        <reflDialyze>gossipRundiCurdler</reflDialyze>
      </invest>
      <wanna atopenAlcaidZuffolo="sergiuScoriae" maythesLedsGolly="outbidsSigmateTalpa">
        <kamminaDittay>whistMancusTooth</kamminaDittay>
      </wanna>
      <wlityGussies offtypeHerlBalti="fidgetyWoks" fakerySuccoseTriols="myomata6416">
        <keelmanClosenOutbark>mandantMuseIten</keelmanClosenOutbark>
      </wlityGussies>
      <nell grozet="inhoop8" dryasMicheryTourbe="bracedDuffedUlto">
        <silpha>cozeierHicatee</silpha>
      </nell>
      <yagisFugio obsideComalMislled="watsonAfrite" varsal="baarCogentOurie">
        <quoined>95735</quoined>
      </yagisFugio>
      <dejeune>
        <bichirThujene>trisulcNegressFiddle</bichirThujene>
      </dejeune>
      <surianaSantirBrogued rockaby="frostyStairsSmoochy">
        <shaderDupionKneels>33347</shaderDupionKneels>
      </surianaSantirBrogued>
    </repinedChintYoul>
  </catawba>
</tilpahHokanAwry>