<?xml version="1.0"?>
<bleaklySawman>
  <biffing waymark="metreteHingersCeramal" shumalBlandlyAbsume="104" tineanDewcap="palmin">
    <setout>
      <pulu>76501038</pulu>
      <cadjanFoggara>
        <upsringWrigDani>savourSilverJebel4</upsringWrigDani>
      </cadjanFoggara>
      <loeilAmidonCestos huscarl="licuala" jordanTombicNines="tablaScatCozzes">
        <menage>shadkanQuatresIndart</menage>
      </loeilAmidonCestos>
      <sraddhaAzoxyPlinth baidakRag="gars5" pontonBanagos="surhai">
        <hurter>affairsShunnedVauxite427</hurter>
      </sraddhaAzoxyPlinth>
      <jefferyCostae dididae="badass" ish="5">
        <piddlerPagurid>hellhagParcookOxberry</piddlerPagurid>
      </jefferyCostae>
      <babooLeafit snirtle="fellsSybil" outswumCanalsPinfish="expandsKansasMimosa">
        <iztle>viageBon</iztle>
      </babooLeafit>
    </setout>
    <tetractNylastQuag gangedVetoesMoorish="soigne" mord="alpen1" creeshBittBeking="rigsmal">
      <bantinKhakham>boridScawIresine</bantinKhakham>
      <swordedWhelm>
        <escheleSporran>alaloi</escheleSporran>
      </swordedWhelm>
      <variedKremsReachy deanedInvitee="impedorCheckArrie" subitemMaters="6452284">
        <urgersPetrie>cariyo</urgersPetrie>
      </variedKremsReachy>
      <dartarsFirkinsGaskets>
        <fonduHinGraf>stanzaSramanaRatline</fonduHinGraf>
      </dartarsFirkinsGaskets>
      <nimbCathead fettled="bundoc1498" acepotsToo="italianTychism">
        <sideDonut>tache</sideDonut>
      </nimbCathead>
    </tetractNylastQuag>
    <saltie>
      <mogged>bridelyAzymeStudys</mogged>
    </saltie>
    <spaitAlhagi>
      <farrageSuttenSeljuk>exposAndarko</farrageSuttenSeljuk>
    </spaitAlhagi>
    <dozens>
      <fissionToronjaBustled>bervie</fissionToronjaBustled>
    </dozens>
  </biffing>
  <fringed>
    <ableBricklyBibles>
      <touldGlovey>575696</touldGlovey>
    </ableBricklyBibles>
    <rattlyEarnestPatens>
      <peggy>530595531</peggy>
      <heaves hypoidQuercic="51048068" triduan="kelk">
        <oflete>sooterTaxites566</oflete>
      </heaves>
      <touchBulbilsFunctus simnels="boomer">
        <douanes>drangFeveredAperch26</douanes>
      </touchBulbilsFunctus>
      <redrapeEneidRanchos>
        <whingGalaticPleura>hempenBouse</whingGalaticPleura>
      </redrapeEneidRanchos>
      <jounce>
        <liposisGruffy>fanwork</liposisGruffy>
      </jounce>
      <achenesLagenaSepiae alightsBeep="61720372">
        <tretCteniiYarb>pterinsSunbelt6698</tretCteniiYarb>
      </achenesLagenaSepiae>
    </rattlyEarnestPatens>
  </fringed>
</bleaklySawman>