<?xml version="1.0"?>
<cringes>
  <hygroma asilusBrad="proving" bumbo="sobs" sulkClamper="egoisms" divotsRetaker="66847">
    <axledFlap>
      <gruyere>pyloriArgan571</gruyere>
    </axledFlap>
    <pyknicsPaula>
      <chamAheyGluey>velikaSausage</chamAheyGluey>
    </pyknicsPaula>
    <rfbPokilyLibbet>
      <pattenGuttee>79335183</pattenGuttee>
    </rfbPokilyLibbet>
    <brabantFaults hyaenaFaciendUnshrew="300105587" trying="dal" onoLindy="feu">
      <krina>chillis</krina>
      <wryly>
        <wager>lessiveMishave367</wager>
      </wryly>
      <lenardGastralLunka laibachBreachMerfold="823358260">
        <teelFlares>linseys</teelFlares>
      </lenardGastralLunka>
      <besseraCosaqueMiszone>
        <insight>alkEmporyRogues</insight>
      </besseraCosaqueMiszone>
      <rookishSteppedGlood chadars="bembex" mawwormEpenla="biggLedger">
        <belgae>abner</belgae>
      </rookishSteppedGlood>
    </brabantFaults>
    <bases>
      <octroyCoquito>lagartoZincoidPsalmy</octroyCoquito>
      <dryestDisbandFloe xyphoidAbaised="wirSenexPrepupa" historyHailerStudys="sownQuotumAlbumin">
        <tinilySwipperFatuate>88808418</tinilySwipperFatuate>
      </dryestDisbandFloe>
      <novelryNuttery>
        <genua>prong</genua>
      </novelryNuttery>
    </bases>
    <hookeyAphasicGryphon>
      <shivoosChalahsPhytic>98838</shivoosChalahsPhytic>
      <ascelliTyro corpusObongoEton="bering388" laudistUnborn="guara">
        <vain>874</vain>
      </ascelliTyro>
      <talkFordingAutocue>
        <alanginAlgesia>apertum</alanginAlgesia>
      </talkFordingAutocue>
      <iodousCommot selahs="flyawayCabling">
        <lynnGames>15</lynnGames>
      </iodousCommot>
    </hookeyAphasicGryphon>
    <holt boutel="hugsomeGrifterVerbid" shiplapAcarids="4">
      <pollardAlgoresHoley>outbawlFirebug</pollardAlgoresHoley>
    </holt>
    <kaiwiCutterSiestas>
      <kindlyUpsetWafter>tumion</kindlyUpsetWafter>
    </kaiwiCutterSiestas>
    <orpinesAvenueRetool>
      <hydraRelick>jimbang</hydraRelick>
    </orpinesAvenueRetool>
    <comdrPhonosHydrops>
      <skills>salpasXystos6752</skills>
      <litatuCakiestStawn conn="nudzh1463" traneau="shrouds">
        <foalStriperNanpie>towable70</foalStriperNanpie>
      </litatuCakiestStawn>
      <fluenceTaxeme ynambuRibes="7" quireGonadalBeflout="myxopod6">
        <buroNabal>275431613</buroNabal>
      </fluenceTaxeme>
      <crozier eupadImpetreMar="escrollDosadhResweat">
        <sidearm>nepoticIntombs</sidearm>
      </crozier>
      <masjidSoodleRoofs>
        <naysay>surcrue</naysay>
      </masjidSoodleRoofs>
    </comdrPhonosHydrops>
    <tron scherzoMughoShandry="che" naifHarelda="tarsiasOstrca" coifUnhomeManada="sophtaShulTerry">
      <baxter>325</baxter>
    </tron>
    <quintal gawceyYacca="wingmanPumpedSelfism" mabutiAnionic="sassabySansarsBizones9" myotomyRead="abodah3317">
      <fleered>logres</fleered>
      <exlaRinaldo upbreak="apersUnbuskAirfoil" actuoseArcesHoti="pomate7">
        <ticcaArent>coachy</ticcaArent>
      </exlaRinaldo>
      <biotaxy>
        <forkerOvationOoh>kyuTegumen</forkerOvationOoh>
      </biotaxy>
      <nektonBaric mildews="seric" rarelyMaharFummle="nidgeMomRaceway84">
        <cirsoidJarinaPummel>zendOlenid</cirsoidJarinaPummel>
      </nektonBaric>
      <benzein>
        <penultsSectileWakf>jungianLanguetSabino454</penultsSectileWakf>
      </benzein>
    </quintal>
  </hygroma>
  <zonkedMoxasParlour pious="tutaniaGehey" />
  <multaniMabolo />
  <beetsAbortinWoolers spurrey="untidal">
    <elapheUpstem cabiai="tribeBitsyHain97" hambroCoelata="5">
      <guzerat>reposesEloperBurgh</guzerat>
      <loxicRaisersStrake enroughFungify="gaubyCardersRedes">
        <pollagePirnedGuran>parangi</pollagePirnedGuran>
      </loxicRaisersStrake>
      <unlit cursaroRappage="corrida">
        <skatersSpathalFanny>bulAplasiaBranial</skatersSpathalFanny>
      </unlit>
      <lungerKyloe doodlerAmidoxyGester="burlDrubsPureayn" affichGenepUnaway="varnas99">
        <beckingPatines>aeonistKitarBlimey</beckingPatines>
      </lungerKyloe>
      <mbirasMowlandMixes vivoNutletAltilik="nippingCockletAssot" witjar="72672680">
        <ferriThereinGoorals>trantWheals4</ferriThereinGoorals>
      </mbirasMowlandMixes>
      <pileataWhaledSpooks tripped="92830" tarnalUntoned="703">
        <tenrecsFeilColly>flack</tenrecsFeilColly>
      </pileataWhaledSpooks>
      <gazook>
        <onymyDullest>ledgersHouri</onymyDullest>
      </gazook>
    </elapheUpstem>
    <flukilyHorray>
      <hontous>douses</hontous>
    </flukilyHorray>
    <byzant>
      <channel>5265</channel>
    </byzant>
    <pesaAikaneBoyhood frondeWheneer="quinticGothishPaguma" karling="airshedTanagraAssiege" mightlyMuddleJollied="kelvinsStageyThatchy">
      <steeledJackyeDrill>droop</steeledJackyeDrill>
      <qungShank apodousGyve="dagosTreaterElapse" drutherDanda="slurbanChollaSilenic">
        <smockerAhorseRee>45</smockerAhorseRee>
      </qungShank>
      <bobache swick="83" curled="yabbersAtrous">
        <plaqueGollarHygeia>2</plaqueGollarHygeia>
      </bobache>
      <harpulaSwartyValuers>
        <antwerpSundownToppled>43</antwerpSundownToppled>
      </harpulaSwartyValuers>
      <reheal>
        <grilses>hummerFounte</grilses>
      </reheal>
      <niggerChaccon pleatCribble="coteauDorymen" machs="waging">
        <intagliCurnies>aubaine</intagliCurnies>
      </niggerChaccon>
      <dungyPaterBritons sinsionStroll="706517789" nuncioAttarBiodyne="654604482">
        <misyoke>boxfulsSickenLocale</misyoke>
      </dungyPaterBritons>
    </pesaAikaneBoyhood>
    <achiraMammodi ratcher="booseCalx">
      <brot>yemeni</brot>
    </achiraMammodi>
  </beetsAbortinWoolers>
  <huntedDasewe cletchInvileSonrai="10379851" cuon="1" corvoid="611" commits="rambeh4">
    <acrylicAcheneMutuel>
      <squegs>jebusiWurmian5</squegs>
      <pristav>
        <histoid>87099116</histoid>
      </pristav>
      <melasmaVirguleVibrato coyure="jaggery" awfullyTile="abadia">
        <soddensPoundsFosse>abroniaMallard6</soddensPoundsFosse>
      </melasmaVirguleVibrato>
      <phineasBrownsFroeman>
        <reknotDiversSmartly>yaretaAstond</reknotDiversSmartly>
      </phineasBrownsFroeman>
      <sox flinty="hiresBedkeyCities">
        <twal>geneOversee</twal>
      </sox>
      <sensize pangiumCoran="boordlyPresesKamalas3072">
        <rhymedEnlargeCoueism>3</rhymedEnlargeCoueism>
      </sensize>
      <iodized zitherCampongFungin="chackle" chauri="honkeysNazard2">
        <stookedFurfurHominid>luffasSubpial</stookedFurfurHominid>
      </iodized>
      <widdlesDefusedVenomer>
        <leckSieve>8520596</leckSieve>
      </widdlesDefusedVenomer>
      <unbrent chapedAugite="spinder" nuncleUnhideRune="4">
        <polders>squiretCollat</polders>
      </unbrent>
      <filmish frankJoiner="683" mensesDecyneBagging="tempersCockneyTything">
        <nagualGrogram>seatron8</nagualGrogram>
      </filmish>
    </acrylicAcheneMutuel>
    <volubleWilson>
      <sirioneUngetJouster>poetdomPraters</sirioneUngetJouster>
      <motels broghWeftage="leetmanIxia">
        <pareu>seisNotour</pareu>
      </motels>
      <pupidaePrescan>
        <setnessFrisiiWaded>viralStets</setnessFrisiiWaded>
      </pupidaePrescan>
      <ctsShowdom>
        <veneersSobbyOaring>keddahsTwireBale</veneersSobbyOaring>
      </ctsShowdom>
      <bloditeRattles granzaYodlersFoggy="21" cattalo="68">
        <reused>narcismHanced</reused>
      </bloditeRattles>
      <czardasPitiers isnDarnsOrc="pongidDobbyPrendre">
        <toru>hidableUntight</toru>
      </czardasPitiers>
      <glomsSpongedTrovers castoffCrestErminee="11" chrysin="punjabiPoalikeVolumed8">
        <heldDinghee>bunyahAidless</heldDinghee>
      </glomsSpongedTrovers>
      <monasUnurban viss="optive" outworeStruis="sonicaRane">
        <aletapAnibaRutate>behenColetDevaul</aletapAnibaRutate>
      </monasUnurban>
      <bawtieMaravi>
        <aegipan>battsBabbool</aegipan>
      </bawtieMaravi>
    </volubleWilson>
    <bulkRecencyMameyes>
      <limpetAntigodAxillae>aurochDimissEchard</limpetAntigodAxillae>
    </bulkRecencyMameyes>
    <argal>
      <pungaSabakhaCradles>hamoseTunneryMoneyed</pungaSabakhaCradles>
      <escapeeSita avaMestizaAmeland="cascadeKapaFeer" tetryl="gracedSarsarsAnilao">
        <boteteKnivedBeverse>throbLucidlyTramal</boteteKnivedBeverse>
      </escapeeSita>
    </argal>
    <tagus>
      <sunnsCartonEddaic>tanling</sunnsCartonEddaic>
    </tagus>
    <gemmingBarra>
      <poddigeTmh>dandledUrazoleWhoring62</poddigeTmh>
      <omasaChert>
        <avows>kannada</avows>
      </omasaChert>
    </gemmingBarra>
    <tamesEarwig>
      <hypnodyAcarusCobola>karakul</hypnodyAcarusCobola>
      <nookTanbark>
        <chantRivery>devonReynard3</chantRivery>
      </nookTanbark>
      <miaotze papier="madge" fraisesPradSawway="bolloxCount">
        <delaterArbelaMovant>612929416</delaterArbelaMovant>
      </miaotze>
      <foxeryCentenaHav trokesSaldid="4">
        <bootmanPeaky>ants</bootmanPeaky>
      </foxeryCentenaHav>
      <pitlessJube>
        <neelePawpawKnife>euripiManso</neelePawpawKnife>
      </pitlessJube>
      <nubian ogamVolupteMazer="3">
        <leakersPeelite>hillingTurvesDeflect</leakersPeelite>
      </nubian>
      <blanked epularyJerks="flaresRecoups">
        <viandAnguisLollard>coempt</viandAnguisLollard>
      </blanked>
      <aalsCresyls>
        <alfajeRanterOrtive>toppers</alfajeRanterOrtive>
      </aalsCresyls>
    </tamesEarwig>
  </huntedDasewe>
</cringes>