<?xml version="1.0"?>
<coaguleFrument>
  <callumLubric shallonCigaleRewin="moggedLanaiGybed">
    <idlefulFonder chitter="gabertBedrapeJamb">
      <oustedBeme>51</oustedBeme>
      <woozier siletz="harebur" vomitedHonedPeropod="6689">
        <flem>holloas</flem>
      </woozier>
      <toisonGalileeFermage>
        <reslotCats>loony8</reslotCats>
      </toisonGalileeFermage>
      <quodded baccies="kobus" thurniaBladingHilltop="camusesYunganSep">
        <fibrin>extaticInlace</fibrin>
      </quodded>
    </idlefulFonder>
    <ariosos wadingFumaria="apophisCulti496">
      <chorai>8828</chorai>
      <clearerTaivertPeaces sociate="35682978">
        <rehide>envoisDiasRemerge</rehide>
      </clearerTaivertPeaces>
      <leetleBurbankBezzi>
        <goaTerriSolve>speilsPicacho</goaTerriSolve>
      </leetleBurbankBezzi>
    </ariosos>
    <leucyl>
      <homedJazzbow>suedes11</homedJazzbow>
      <steelieHorste chuffedAmusiaWaka="andineThigh" vali="fids">
        <palmsSarkfulJato>lassikyExcambVolente</palmsSarkfulJato>
      </steelieHorste>
      <tickneyAeonsKnolly pleaUntired="ezba">
        <poyous>onboardSponton</poyous>
      </tickneyAeonsKnolly>
      <scarphGlucineEared afridiRatton="makuIronish">
        <save>missoutBusking</save>
      </scarphGlucineEared>
      <emanantBoozilyXylose>
        <edison>quilateBurntSativae</edison>
      </emanantBoozilyXylose>
      <acrisiaPupates decoysTofter="aetianCubbyVouli" winklesHugely="stocker">
        <aked>191</aked>
      </acrisiaPupates>
      <twines>
        <tabanidDalliesPupil>7</tabanidDalliesPupil>
      </twines>
    </leucyl>
    <dozenthKadagaAroras ashman="pythianUnbindsGilse">
      <corvina>441960</corvina>
      <bossdom armrackCraberGaslock="ecize" carobWissingMissis="intinct38">
        <cypherStoory>84830</cypherStoory>
      </bossdom>
      <cyanidsSamoanPrerich>
        <livian>genii</livian>
      </cyanidsSamoanPrerich>
      <razed saltieWeldersKopec="62719264" leveret="gelidly">
        <arcateStorage>joweryJocular310</arcateStorage>
      </razed>
      <alvanEidentJade rappiniCrookleSooth="unfullySpooked">
        <foldoutAbjurerJazzed>943233</foldoutAbjurerJazzed>
      </alvanEidentJade>
      <chooser drumlyJoyce="4955">
        <endurosTidilyDecnet>atoniesBilalo</endurosTidilyDecnet>
      </chooser>
    </dozenthKadagaAroras>
    <dioticMilersUpwafts>
      <skeansMontero>oftLasso</skeansMontero>
      <rubatos kinguTepeesBraless="2" cesuraAbruptTumps="stichos">
        <sanghHoubara>aurificToddTaketh</sanghHoubara>
      </rubatos>
      <kanglaYentas>
        <grecoueBismuthChandi>ficus</grecoueBismuthChandi>
      </kanglaYentas>
      <methide zinganoOsmina="potager">
        <dusken>7867</dusken>
      </methide>
      <imberbeTheresPetrary>
        <unrich>anger</unrich>
      </imberbeTheresPetrary>
      <bokoEchinidFauves>
        <dkmFuroreMattery>30109</dkmFuroreMattery>
      </bokoEchinidFauves>
      <pharmGentium morkin="boxtop">
        <rebobAyensCobbles>juliane</rebobAyensCobbles>
      </pharmGentium>
      <unmixtHencoopInducts shiksa="oglersGaleEras" unluckSiam="3">
        <bardsRoungeDetur>pakchoiDalarSafety2889</bardsRoungeDetur>
      </unmixtHencoopInducts>
      <croaksCamacanScroo bluelyBisagreAcor="lehuaTowelry">
        <loqUlaFrumety>rewrite</loqUlaFrumety>
      </croaksCamacanScroo>
      <flotGentledHulsite clasperGlassedBorough="264451386" calKeister="9">
        <enc>swedruRaddledAshling</enc>
      </flotGentledHulsite>
    </dioticMilersUpwafts>
    <kurganWheezes pingedChyackLatomy="93">
      <azureanDilliesPlanky>bulgeBardes</azureanDilliesPlanky>
    </kurganWheezes>
    <racing creches="adeemsDutched" aviticSkrupul="bodiedCasule">
      <lowestWhrStibic>griqua396</lowestWhrStibic>
      <corageKorunyWharf>
        <gaufreKunai>glutoseDolcianBreaghe</gaufreKunai>
      </corageKorunyWharf>
      <careme paySambo="enticerHakim" tanksLiddingPicot="coven">
        <adamant>pigmyFavours</adamant>
      </careme>
      <kirtle nein="piaMammoseLombard">
        <tript>warrior</tript>
      </kirtle>
      <videoTriclad trytPubbleAlcove="galgalSixsomeSpoke">
        <compoed>glaumCressonLosang</compoed>
      </videoTriclad>
      <chude>
        <plushlySambaSubfusk>unwitPayloadOutdoes</plushlySambaSubfusk>
      </chude>
      <pinnersGujeratCaligo inpushLoungedBavette="lacingsSimony" hajjMissaysUnhusk="mimosisSoldado10">
        <flingyWmkStables>32698826</flingyWmkStables>
      </pinnersGujeratCaligo>
      <dietiesRadarCowboys>
        <rection>priggerImagerBubbles</rection>
      </dietiesRadarCowboys>
    </racing>
    <flowery>
      <urnalLoqExit>kudu</urnalLoqExit>
    </flowery>
    <dobe>
      <carceagLesed>valines</carceagLesed>
    </dobe>
    <amunamTicunan weederySarkit="cypreWebwork" jovaBoartAphasic="lanated2">
      <cytost>kinkled</cytost>
      <galipot kamansiMakuta="161749" slummyRafferyJewing="palaeicWeeder">
        <zonulesItching>kerugmaYessed</zonulesItching>
      </galipot>
      <larveMajorsBareka>
        <whipraySmook>fatalOutrunAnankes957</whipraySmook>
      </larveMajorsBareka>
      <haloids roastsSleekit="corkerShirpitCasey">
        <selfsBhaktisLowmen>ragedMucateDeans</selfsBhaktisLowmen>
      </haloids>
      <liinToresPrudes tunnage="cosmistMaclibKuruma82" bentAmididHamfat="1966">
        <ecphoryLunoid>nutcake762</ecphoryLunoid>
      </liinToresPrudes>
      <outroveRazz garthXystumMidwise="relbunUnyokeCueing84">
        <upbarCashou>pipericMachinaKniazi</upbarCashou>
      </outroveRazz>
    </amunamTicunan>
    <taluks>
      <synced>adjustHassingPrecept</synced>
      <immunes>
        <duomosSwearQiana>94009</duomosSwearQiana>
      </immunes>
      <eosinic>
        <stalled>shor5</stalled>
      </eosinic>
      <enclearDozzle etoffeNeutron="amercesMealZiganka">
        <schemedEelpotPlasmon>unitaryPomard184</schemedEelpotPlasmon>
      </enclearDozzle>
      <adducts easters="crushesLuddenRipier">
        <threesLavehr>fifth</threesLavehr>
      </adducts>
      <apiolUnhiredGrouch dunnerPrefab="sowlBryanBarrace">
        <fustetLecternReredos>yerbalSereh</fustetLecternReredos>
      </apiolUnhiredGrouch>
    </taluks>
    <tonsil perliteHeroineFlaite="caisson" chapmenPlasma="alpinia">
      <patiaDrogueUnware>rocky</patiaDrogueUnware>
    </tonsil>
  </callumLubric>
  <wingleFlaky />
  <rowlandAecialHammily tartsEmpires="hale476" yaquina="lifewayProses" hederaAppease="cheekCheeseIsn" />
  <forbadAtamans unbar="7932" sierraVersin="hawmYokes">
    <unfoundCapel stellaPunaise="cierzos" trutineOraon="orbity">
      <seniorsBuccal>aperTarapinMijl2883</seniorsBuccal>
      <crisplyShotesRepents oretic="farishDashierDakhma24" agleePungy="sweatedMuredSeldor3">
        <recapSvarajsSlimed>juratsSledgedEmbelif</recapSvarajsSlimed>
      </crisplyShotesRepents>
      <braidsBurellyMarsha rigueurCerebraPietic="ortsSoftish" eyesLammockDannock="tarble628">
        <menadicFetter>briner</menadicFetter>
      </braidsBurellyMarsha>
      <wedderOpp larmierScalped="eelfareFaked">
        <chumpyBawdier>yahveh</chumpyBawdier>
      </wedderOpp>
      <unwillShriven syssel="picinaeSimblin" nonjuryShekels="smatchSavannaTunnor8399">
        <mosquesLafitePuton>exotismHoddenLinsey</mosquesLafitePuton>
      </unwillShriven>
      <vocalicDupatta gegger="uninkedSootishPycnia" sunghaNonas="kanawhaImpalerTucson">
        <eadishTonlet>danner</eadishTonlet>
      </vocalicDupatta>
      <tsarismShittedFilmet omit="greeney">
        <purimSaucy>969154670</purimSaucy>
      </tsarismShittedFilmet>
      <ayinParangs gremlin="loasa" anconadPorty="captainFatties">
        <mislie>tippeeVisors</mislie>
      </ayinParangs>
      <elevon sleeklyGaudiesCarking="pentosePoscaPhots" pupates="veray825">
        <panningPungarKummel>fussyFootmen</panningPungarKummel>
      </elevon>
    </unfoundCapel>
    <durzeeSpiffed>
      <exingBecramp>ollamhDeys</exingBecramp>
    </durzeeSpiffed>
    <defendsLurkerFainted>
      <tereuFuffImmune>67</tereuFuffImmune>
    </defendsLurkerFainted>
  </forbadAtamans>
  <lessnLotan>
    <vedaliaLittlin>
      <unstickEdmund>sexismsMononch</unstickEdmund>
    </vedaliaLittlin>
    <zygaenaCoeliaTeeing bootiedInf="reamsStaig">
      <gourdesDancery>fixionSpurdogWorset</gourdesDancery>
    </zygaenaCoeliaTeeing>
    <putsAmygdalBackcap sixtyBlowbysEminent="agueDagesh" muroid="tasco57" mashier="986964">
      <metheneGurletMisken>etrogimPhenomsSappers</metheneGurletMisken>
      <romaean narcism="rockyKnorr">
        <coactKomiBesant>8247475</coactKomiBesant>
      </romaean>
      <sheeredAlephsPea>
        <gobian>ensignsBedlikeSawdust</gobian>
      </sheeredAlephsPea>
      <momistOnlineBespate anisol="leviter">
        <proleBawling>52648709</proleBawling>
      </momistOnlineBespate>
      <wearyRoughtTartly>
        <cellosShanLilac>591</cellosShanLilac>
      </wearyRoughtTartly>
      <taledSoigne eelskinPerukes="pendensMolyAplites1" savour="9835">
        <alls>redwudCowishSkyless</alls>
      </taledSoigne>
      <listyWrokenIntrod swain="thummin">
        <sloanSingledNutgall>skiff</sloanSingledNutgall>
      </listyWrokenIntrod>
      <boratedPhonons>
        <umpires>948</umpires>
      </boratedPhonons>
    </putsAmygdalBackcap>
    <riksha lucanPoodlesSonovox="raretyDasein">
      <aplentyGibbetsSailers>heistsSably</aplentyGibbetsSailers>
    </riksha>
    <cosseConductEats>
      <sardianBewraysParton>95604</sardianBewraysParton>
    </cosseConductEats>
    <restrapLargy>
      <gammickPlumete>76</gammickPlumete>
    </restrapLargy>
    <jungledLoathyThwart herbistNutseedFries="safawid">
      <sise>steelyGrewtTernery</sise>
    </jungledLoathyThwart>
    <birchenFaeces>
      <camacanBaileeMorsel>tetradsNein2869</camacanBaileeMorsel>
      <imbasedCesare>
        <devilReadyRepose>59703574</devilReadyRepose>
      </imbasedCesare>
      <kaleege delayedYardingCurval="2">
        <centenaIndoneHulks>probCokedRotular</centenaIndoneHulks>
      </kaleege>
      <tensors punjabiPalmiraPartans="13369464">
        <yogini>coaled</yogini>
      </tensors>
      <fareSurnounMazards louvresFrosh="232555715">
        <blitHolgateNausity>16789</blitHolgateNausity>
      </fareSurnounMazards>
      <lawk>
        <itemsBeacher>tireman</itemsBeacher>
      </lawk>
      <loupes yahanPadsaw="setulaeJehadFrenghi">
        <loutedPartiExurban>turcize142</loutedPartiExurban>
      </loupes>
      <bleakerArsono malleus="166">
        <cotingMainor>lambyHoboeAscon</cotingMainor>
      </bleakerArsono>
      <perch>
        <chitsPerreiaMgd>7710978</chitsPerreiaMgd>
      </perch>
    </birchenFaeces>
    <traitorNashim>
      <assistsDraffy>ptyxis</assistsDraffy>
    </traitorNashim>
  </lessnLotan>
  <bebotch />
  <bersilCalcUnright>
    <cowhandTromple>
      <undrawBrio>auroreCoolant</undrawBrio>
    </cowhandTromple>
    <fohatGjetost droil="dilutedObtuser" burleys="paucifyTewelSmall" shamus="pryseViewsConfine">
      <befit>piglessCepter</befit>
      <omneityWhishes eboniesWanhornHealthy="310086">
        <temiakHarePrender>minniesInsolid</temiakHarePrender>
      </omneityWhishes>
      <moity dultTeatheSwipes="burleyIsopag" isinaiRitzesPitmirk="stenogInjuriaProlix">
        <ditsDrapersFluking>twins29</ditsDrapersFluking>
      </moity>
      <surdTurfite>
        <ammelin>frownedUpwells3</ammelin>
      </surdTurfite>
      <boaedon chokra="737378450">
        <sporranCrisped>faqSwarmyVasty</sporranCrisped>
      </boaedon>
      <rattierExitePlanta tweezesImputeOchavo="scruntCelomsAbler" beggaryRegild="shittimHorrent">
        <pownie>zuluDebout</pownie>
      </rattierExitePlanta>
      <fetorLichi>
        <impietyChooses>prinkyGrizel</impietyChooses>
      </fetorLichi>
      <mambosAlberto>
        <burlThurseYarrow>210</burlThurseYarrow>
      </mambosAlberto>
      <lamish woadyTuilleLeslie="639706723">
        <cloughsCoffinBusting>512079</cloughsCoffinBusting>
      </lamish>
      <ivyweedRougyPochade salvor="burblyPutPlanful" okoumeGyronsBarie="90893">
        <waasiHuck>maysAccrues</waasiHuck>
      </ivyweedRougyPochade>
    </fohatGjetost>
    <shinnerLupidTeopan corbeilTunnyAstre="arcsinRisky393">
      <ovenmanMean>95</ovenmanMean>
    </shinnerLupidTeopan>
  </bersilCalcUnright>
  <cileryComenic medish="hutzpa">
    <canelaHattingBrab ulicon="bilaan" iwwort="90835">
      <idaeanBowtie>4</idaeanBowtie>
      <easies opalish="goemotFratery">
        <bourranPinalesRhombi>inquest</bourranPinalesRhombi>
      </easies>
      <yoicksMizmaze>
        <duploneSkelterAplites>bakli</duploneSkelterAplites>
      </yoicksMizmaze>
      <disobey>
        <windz>reseam</windz>
      </disobey>
    </canelaHattingBrab>
    <waited>
      <hueSheepUnquod>agroundSwaggi</hueSheepUnquod>
      <lonkRevel arrgtMahaleb="oilcupLimperOpened">
        <mytholUncope>wenlockCutwork1</mytholUncope>
      </lonkRevel>
      <entrapNatalsBlurt bowpin="oboist" dissectKnopsAhaunch="warori">
        <zagaieSeptum>saintPoxy2</zagaieSeptum>
      </entrapNatalsBlurt>
      <latookaGarbing wisely="upraiseDotages">
        <tarried>scafferRugal</tarried>
      </latookaGarbing>
      <sassierJem bittyBasker="632">
        <algineTabinet>casefy</algineTabinet>
      </sassierJem>
      <colinusArdu snoozeSloping="caftansExcess">
        <elmiestAdjourn>smearerSteepen</elmiestAdjourn>
      </colinusArdu>
    </waited>
    <atliMisenusMunia komarchHeptaneNovum="awide1">
      <cheepsCoccic>muddeOhoyBosques</cheepsCoccic>
    </atliMisenusMunia>
    <razingSaumurCimelia>
      <fumifyLevi>rebutAgarPtolemy</fumifyLevi>
      <fessBolloxJimjams>
        <romal>grabenTriamidGlt8240</romal>
      </fessBolloxJimjams>
      <wishShark phages="sculls">
        <armeriaShelaJaggy>framAlerseCited</armeriaShelaJaggy>
      </wishShark>
      <moujiksThrivenZymic arewEnrootPhylar="stomionSuidRescuer183" goschenEnseam="7633629">
        <claus>aurae</claus>
      </moujiksThrivenZymic>
    </razingSaumurCimelia>
    <galleon trineBoxiestSkidi="62" alleve="outwitsYaff" lakeletSavate="lislesRonin7242">
      <tellerWalker>prinkSuggil</tellerWalker>
      <bpsCaspianMouton>
        <bkpr>bibblerMammonPoleyne735</bkpr>
      </bpsCaspianMouton>
      <rogueHontish bingiesGeez="loursContune6" prlateAvulseOuster="9">
        <alkoranArabian>forkedRachialInamia</alkoranArabian>
      </rogueHontish>
      <dinicalPreplot>
        <duncifyBalantaCarse>varisseTurnkeyMoire</duncifyBalantaCarse>
      </dinicalPreplot>
      <begrimCarvalDeedier>
        <taut>740438</taut>
      </begrimCarvalDeedier>
      <unze>
        <eosAlleTucana>ungiddyPlie</eosAlleTucana>
      </unze>
      <vergerScrawl cubitRecoke="apses" qasidasCynicalOralogy="35416051">
        <nemo>yurta</nemo>
      </vergerScrawl>
      <chinnamScoggin cuminol="aerugosQuiddit276">
        <athbash>bummelHeredia</athbash>
      </chinnamScoggin>
      <styrax plowter="slowrie" isolexGoban="palau">
        <soapery>kepiPaseos6777</soapery>
      </styrax>
    </galleon>
    <aromalScrewLyrate judogiCrosnesTidings="ceboidDuffelGugu" rusty="5">
      <cotoin>92686593</cotoin>
      <abaciAttack goas="unleaf">
        <rangerPounded>eves</rangerPounded>
      </abaciAttack>
      <synod>
        <escotedFray>enoughRhombs</escotedFray>
      </synod>
      <yuksSimplexNovels aphoriaLinguetMordv="scatsDanakilSegued">
        <alphas>rowers7</alphas>
      </yuksSimplexNovels>
      <boomerPainterLiggat sonWristy="563438926">
        <journeyMemoirs>dungariStifle</journeyMemoirs>
      </boomerPainterLiggat>
      <mojoAtoraiOutpity muscoseKlutzy="ungoredStory" rathiteHiodon="tuyerSwanksSpondee">
        <dawpateTriperyNovae>clicks</dawpateTriperyNovae>
      </mojoAtoraiOutpity>
      <sheetsDace leafyLoomedGastly="creBoomlet">
        <jetsamNobbierTae>hageenSloopsGuzzles</jetsamNobbierTae>
      </sheetsDace>
    </aromalScrewLyrate>
    <overman forswatTitbitsGraphis="enolic52" spawned="holerGarbill">
      <siegurdHumet>decibel3</siegurdHumet>
    </overman>
  </cileryComenic>
  <licania amoraim="cringedAlbatas" gambesSpermin="vainer" mastingPrehendVoodoos="707" avery="bypass" />
</coaguleFrument>