<?xml version="1.0"?>
<aridedBrutelyCoyly>
  <sozinesTrumeauPycnial coraledInks="adornos" />
  <shuck potboys="thiasos" beakerPolypus="zoonic" soddierKyriesEnduro="kylieBesmell954" ademptButtonyAdoxies="daylily">
    <utchyLintieHarast>
      <marehan>materiaJauncedCreamed</marehan>
    </utchyLintieHarast>
    <hexarch mag="gernitzFifoWyling" cracket="orlonAbel" lienToccate="mazumas">
      <anous>371644</anous>
      <minkopiMoneraInferno>
        <cardel>oghamsHooterCosed</cardel>
      </minkopiMoneraInferno>
    </hexarch>
    <trabeaeHemalChonta>
      <bushwaAsherKamseen>tupman8</bushwaAsherKamseen>
      <thieflyTanbur>
        <sowingAcor>floutsMeinie1544</sowingAcor>
      </thieflyTanbur>
      <duoviriSilenus>
        <prettyStep>9861551</prettyStep>
      </duoviriSilenus>
      <haemalWoodies carshopYodhsDoest="aulaSedgedPokier" haptereExodyCranic="throatyCskCorky">
        <engirdsPodites>aids22</engirdsPodites>
      </haemalWoodies>
      <redrape>
        <dietist>pontal</dietist>
      </redrape>
      <groppleScutageBracket templarTracySuramin="skiltyBowerlyGymnure3651" digyniaChoraleTune="49118">
        <saunterShieldKvarner>talliCrabScup</saunterShieldKvarner>
      </groppleScutageBracket>
      <amautJarveyAlulae>
        <buddlerBedbug>hartallSprats</buddlerBedbug>
      </amautJarveyAlulae>
      <gladeFeveredMedrick bahutsAvail="pencil" liv="tol">
        <reheapHustle>937768798</reheapHustle>
      </gladeFeveredMedrick>
      <torsive>
        <vedetteRenewedXystos>rimfireGentlerSatient</vedetteRenewedXystos>
      </torsive>
    </trabeaeHemalChonta>
    <sarcel hordingTrismus="lipoid6853">
      <basions>dtente</basions>
    </sarcel>
  </shuck>
  <alackUndwelt localesJamwoodUnwayed="89302" telembiPyrena="birnNunsRaul">
    <vorazAdy>
      <publicsAusterMosts>5917</publicsAusterMosts>
    </vorazAdy>
    <scypphiScaroid>
      <runout>infareKelkDemivol</runout>
    </scypphiScaroid>
    <touse>
      <thuggee>4953</thuggee>
      <bentangSilos peropod="32">
        <tonka>varietyExonymPelean</tonka>
      </bentangSilos>
      <serveTroggin>
        <cheCraals>pudsey</cheCraals>
      </serveTroggin>
      <crang>
        <kookeryHordeum>bablohTonous</kookeryHordeum>
      </crang>
      <saiga>
        <dynastStipelDevour>camasesJerkerPegbox</dynastStipelDevour>
      </saiga>
      <yogees endossWetback="coelhoFulfilsUpbank">
        <barbule>hastishZanily</barbule>
      </yogees>
      <parvule baffledSpenseXyla="marramsVermian">
        <scagliaBonzerCadying>wilsomeReknowBenne</scagliaBonzerCadying>
      </parvule>
      <haaf xylo="naganas">
        <grafted>unstuckWines</grafted>
      </haaf>
      <anally avensesCrust="5">
        <myosesCymricRavers>1608763</myosesCymricRavers>
      </anally>
      <agarMikronsSwanner tishriTeluguDoddy="costrelVoltaicKea84" gilder="sklateLucina">
        <inkwell>edilesRubbee</inkwell>
      </agarMikronsSwanner>
    </touse>
    <hoars>
      <vernageHassled>comitje</vernageHassled>
      <slicingHerdersDaddums algarad="eschara">
        <jink>cacaraBuat</jink>
      </slicingHerdersDaddums>
      <sooting>
        <sylphs>512860654</sylphs>
      </sooting>
      <cycads amusingMorabitImput="unglued">
        <gorloisQintars>souariSauteur</gorloisQintars>
      </cycads>
      <hexer gurgeonOilcupsAnthus="throaty" ferlied="rayletCank">
        <zananas>coalbagWhelms15</zananas>
      </hexer>
      <pierrotPedreroFaddism deusRhosAreng="stemsonAuca695" monoStreel="antisexFlacianLofty">
        <simarreCuriage>voyages1</simarreCuriage>
      </pierrotPedreroFaddism>
      <layoffBronzenMolting>
        <rakeoff>emirPresent</rakeoff>
      </layoffBronzenMolting>
      <pranavaEbriose>
        <curvy>weariedPandy</curvy>
      </pranavaEbriose>
      <siloedHelium>
        <tyum>fidia</tyum>
      </siloedHelium>
    </hoars>
    <dolmenGynRufter gatesTrammel="sainRimming" hubrisStalaceTensely="tailteNigori">
      <raspersVamfontSastean>unseatIconianSpores</raspersVamfontSastean>
    </dolmenGynRufter>
  </alackUndwelt>
  <diaxoneThroatyRatch piouryDaydawnHoover="doorbaMyrrhed" />
  <orthrosBokom regletReblast="tatther" spinetTruismsHeehaws="piquetSmockCalkers" learnSadhesSmokeho="hollockDostSteward" anabata="22" />
  <longear coria="virginsLlanoInface" voesMonnion="68266757" dipnoanCroset="65" wishedBeen="blankyKrillsHegari">
    <maddensSlaving>
      <thunge>havocAsana</thunge>
      <stickupElversSafety rosyViolaHynd="wrongerSkirls">
        <tranter>essedeBeveil</tranter>
      </stickupElversSafety>
      <sashayMucinBlah sussexDereign="moilerAmiableVicunas">
        <resweat>1</resweat>
      </sashayMucinBlah>
      <addeemArrival>
        <triurisSleeky>poliosAdepter</triurisSleeky>
      </addeemArrival>
      <ajivaWhiffleBitis rounded="sabbeka">
        <arilledRuaSpiled>tombolaSwaggirGte</arilledRuaSpiled>
      </ajivaWhiffleBitis>
      <kari>
        <oscinisMilterFugged>8</oscinisMilterFugged>
      </kari>
      <zuludomGaunUnsmoky>
        <genomeSeedingPalest>orrisesContainPois816</genomeSeedingPalest>
      </zuludomGaunUnsmoky>
      <condolePrankerBacksey suciSorchinRaanan="kotower">
        <bewhigHides>72352191</bewhigHides>
      </condolePrankerBacksey>
      <plateOarageRunnels>
        <kuhniaWayangIhrams>412686</kuhniaWayangIhrams>
      </plateOarageRunnels>
    </maddensSlaving>
    <croupalPua>
      <costaeaCaggyLaputa>602331</costaeaCaggyLaputa>
    </croupalPua>
    <messman>
      <leafierChevies>nisnasOstiate</leafierChevies>
    </messman>
    <smogBurgeTelly>
      <antsyMowchNames>2630949</antsyMowchNames>
      <bulteyCirrate wetsAgonal="gogoNarksSerapea">
        <handoff>yetling</handoff>
      </bulteyCirrate>
    </smogBurgeTelly>
    <sarplerMousoniSaving>
      <drysneEyepit>novillo</drysneEyepit>
    </sarplerMousoniSaving>
    <chalkerNeustic uncle="stech28" darken="pastinaSuppleJerque">
      <bimorphTrinal>unpagedUptownDhikrs</bimorphTrinal>
      <tacanUnwaxKachcha>
        <inportBellumHarmel>recoal</inportBellumHarmel>
      </tacanUnwaxKachcha>
    </chalkerNeustic>
  </longear>
  <texts />
  <piaroanUparm dawcockWomb="ulmin" />
</aridedBrutelyCoyly>