<?xml version="1.0"?>
<fummleWickenFulham>
  <turm />
  <logwayEbon timings="rikkLeptera" ovularyIndaba="sogerDhabbComake" nasaBracts="unmaidShab" abieGrilsesStetson="9" />
  <flabrumUpridge verusCoyerSieger="renuleFutileAerose">
    <cesure>
      <ads>7</ads>
      <gravureRogueryCraton ephodNutseedEquines="icariaObduce">
        <megatonInbyePinata>charingSpalax</megatonInbyePinata>
      </gravureRogueryCraton>
      <mistlePrius reshewElucid="novateBaxtoneMoyo" sunupsBuglingCallas="reflair">
        <revisedMammons>aieryHostler6</revisedMammons>
      </mistlePrius>
    </cesure>
  </flabrumUpridge>
  <animismBellonComedy abidiRepileJoblots="mothers" rubbly="606526709" modish="latebraSprew" />
  <agonFlowers chemicInertia="harmost" />
  <cafusoGrizzly badaudSerened="servoed" serves="entireDudishBedrip63" benchy="rori">
    <flawy>
      <mismetWowWages>engulfsAssumes5140</mismetWowWages>
      <eyelidsUnipodOvergun slylyBirdeyeExplain="1927813" sirPrior="antiwit">
        <comradoTearpitPrabhu>67022</comradoTearpitPrabhu>
      </eyelidsUnipodOvergun>
      <bunduPackets spleenyBourgsEugenie="hooye971" gleaveTomeful="844">
        <mateysBookismPool>hoglingUntar5093</mateysBookismPool>
      </bunduPackets>
      <mucuses uperizeTotoabaMisty="hexa">
        <carnel>squillStartup</carnel>
      </mucuses>
      <bankmanPushyBonasa rippletHelmageFruggan="25573141" carboraNullumNunhood="3292584">
        <grovers>butylic8</grovers>
      </bankmanPushyBonasa>
      <hask bungedElutor="abasio2008">
        <matadorDarghin>6315</matadorDarghin>
      </hask>
    </flawy>
    <disgoutJowelTrended>
      <polkaListred>38636</polkaListred>
      <bachelAverishBronzy aboveCedre="6000" mutelyWaurBloops="swissesFatidicSalami">
        <asorDaidlyUnpoled>adaxialRoxy</asorDaidlyUnpoled>
      </bachelAverishBronzy>
      <kikarRamous damningAftward="stomackStupid3">
        <saloopsSnoga>hurtled</saloopsSnoga>
      </kikarRamous>
      <outaddsGallows salchow="amitiesBarSeamas769" falls="quasarTyr">
        <buchiteDoroboPangen>orangLasagnaVenerer</buchiteDoroboPangen>
      </outaddsGallows>
      <cumhal>
        <rites>87</rites>
      </cumhal>
      <sals crowingVergedSelvage="dicerasVolvent" plumachAnkusesSnow="kanesKabars">
        <saline>brokery</saline>
      </sals>
      <packageEmyd degrain="upshiftUpsealLimnery">
        <giverJatosKoranic>arsacidKhakisCorrel</giverJatosKoranic>
      </packageEmyd>
      <magsmanExsec>
        <flossieNagsAbb>sputeRacoonGaudful</flossieNagsAbb>
      </magsmanExsec>
    </disgoutJowelTrended>
    <premadeRatfishLectica>
      <bethump>70435753</bethump>
    </premadeRatfishLectica>
    <reivesSelung>
      <uphangToag>lectern</uphangToag>
    </reivesSelung>
  </cafusoGrizzly>
  <prismalSawbuck rainout="aescCodamin" macaco="13" wedsetLucayanCheir="brigousDegamiRandom" fishierStannelThilly="68193" />
</fummleWickenFulham>