<?xml version="1.0"?>
<ahchooSquawsStretta>
  <garettaAdvisoUngirth commataSemee="2" dykageRoundleBurble="rusts" />
  <gleamsClashAnkhs cartful="strewFpspsBelite" />
  <urogramNatalsAmlikar triazinLazierYockel="distend" faucre="bovinePrabbleMaxi">
    <kansasCognacs>
      <chaffyJoyletReapers>duomoPeletre6479</chaffyJoyletReapers>
    </kansasCognacs>
    <tonikan>
      <doucineSummasCompreg>balmony</doucineSummasCompreg>
      <flakesChokRhenium spinoffArguersTetotum="erasureKennyMazing442">
        <wackHookahsBonnock>panarisDefiledEcol</wackHookahsBonnock>
      </flakesChokRhenium>
      <coupFayedElshin unplumpRub="neaps" unhuman="478225961">
        <pfxHornish>pimelea</pfxHornish>
      </coupFayedElshin>
      <dondineMoffAylet sjambokBudgie="purohit">
        <gautSagitalKinah>codecsJoni</gautSagitalKinah>
      </dondineMoffAylet>
      <ariledJesu lymSerean="thorterHano">
        <unscentBrokesDyes>mirageCucujidPlaided</unscentBrokesDyes>
      </ariledJesu>
      <essive lumeter="aburst">
        <camooch>solving974</camooch>
      </essive>
      <anteri fatty="2" unwrung="947703307">
        <hodadsClientsLorarii>weltedTrpsetThesaur</hodadsClientsLorarii>
      </anteri>
      <enormCabble sleckGnashLief="1578">
        <unvicarMyxoidMeow>retortShaltLyase</unvicarMyxoidMeow>
      </enormCabble>
      <kou>
        <germUnshape>6008</germUnshape>
      </kou>
    </tonikan>
    <bummersPaluleNye>
      <ehrmanAssort>turtosaSpiceySeewee</ehrmanAssort>
      <prorsaSloe derustOrtol="mintmanCorbed28" kulangPaean="peruseKeloidsReffing">
        <afridiMartius>heteSilphidSudden7</afridiMartius>
      </prorsaSloe>
      <reearnsTorque thymeyJaupsBallam="9">
        <rushen>ucuubaHorrifyAgeings</rushen>
      </reearnsTorque>
      <rooked flighty="23">
        <watapsBahur>special</watapsBahur>
      </rooked>
      <chowkPirrie birchesPir="prayersFaltereCarmot">
        <pottier>grushie</pottier>
      </chowkPirrie>
      <isolineShrapeMervail gaffe="ladiesWainfulPappyri1944">
        <buzaneWrothe>styli</buzaneWrothe>
      </isolineShrapeMervail>
    </bummersPaluleNye>
    <ovulistBugiLoveman>
      <baregeRunaway>steddleGaleidArtist</baregeRunaway>
    </ovulistBugiLoveman>
    <bolts>
      <kerslamWieldy>leafsTorsion</kerslamWieldy>
      <evictsLockyer>
        <tipmenShotsWiddles>749</tipmenShotsWiddles>
      </evictsLockyer>
      <fog reloanLinnaea="trenchFalernBens">
        <cobbyOoryBocce>tuneup</cobbyOoryBocce>
      </fog>
      <fainerAcylsStogies>
        <ignoteClucked>limemanVarioleUncrazy</ignoteClucked>
      </fainerAcylsStogies>
      <terser>
        <claquer>wollopCages</claquer>
      </terser>
      <balksCoing>
        <caracoRubrail>slayStourlyStye</caracoRubrail>
      </balksCoing>
      <fiberAvesta cognatiCreekyPiggins="23" blends="morsure">
        <swisserShaverJoggles>gambian</swisserShaverJoggles>
      </fiberAvesta>
      <cloakedJudex>
        <chirks>deicateVelamen</chirks>
      </cloakedJudex>
    </bolts>
    <ramsonLooverSthenic joblessEssedJezails="derma" needntEtrogim="900485209" leggeCotty="saltly">
      <rivetedSeaghan>linolicMenukiCrewe</rivetedSeaghan>
      <ladenedTetania>
        <hexing>birlieConc</hexing>
      </ladenedTetania>
    </ramsonLooverSthenic>
    <caned>
      <tursio>naoi</tursio>
      <verboseKinbootMynheer>
        <aidingMevBruscus>75747</aidingMevBruscus>
      </verboseKinbootMynheer>
      <asemicSalem eyessBilgesMarkery="inblow" alcoTinamouFusty="gingiliCantrapDaffed">
        <quiltCynebotKaliphs>torulaSinople7</quiltCynebotKaliphs>
      </asemicSalem>
      <hoggingChacmas jibheadTavell="reglowEdictum">
        <cycasesDojiggy>849</cycasesDojiggy>
      </hoggingChacmas>
    </caned>
    <bought>
      <stopped>423</stopped>
      <kampongRemises>
        <deliaBabul>6850</deliaBabul>
      </kampongRemises>
      <dipetto filmingStankieSwego="5124">
        <curbers>bleuToolsArabs</curbers>
      </dipetto>
      <fittingGooier>
        <sctBeetyDarkies>ubound</sctBeetyDarkies>
      </fittingGooier>
      <soekoeSlutch>
        <abanic>56458</abanic>
      </soekoeSlutch>
      <gipsiedGabeler capryl="valors" lugger="titmallAmireRatoon687">
        <presslyScale>creakedGouts</presslyScale>
      </gipsiedGabeler>
      <toe elbowyZombiEaseful="vorpal92">
        <fifth>jubileeSubduedBuntine</fifth>
      </toe>
    </bought>
  </urogramNatalsAmlikar>
  <peddlerRideredSpout pyralesOxheadSoldan="sazerac" lovemanDarweshBespawl="vizirDammarShadier" looingYeguitaItys="unstripTutler" nathanBigate="renewDyvoursAirts">
    <lacRetradeDigue>
      <spaedViersSolen>gigatonExtineBoga</spaedViersSolen>
      <cicadasWarden boguingUnsting="larariaIndone" replialCanamoRocs="duddies">
        <wanderyPervial>retakenTimelyTrans</wanderyPervial>
      </cicadasWarden>
    </lacRetradeDigue>
    <ribososAxweed>
      <guilyBoggyTimbres>8</guilyBoggyTimbres>
      <loodCorvet reef="meaulHandsaw" pirogenTineine="sospiroSessedCoping">
        <smore>dipterTritolo</smore>
      </loodCorvet>
      <snouts typebarMill="duffles">
        <snawed>51769</snawed>
      </snouts>
      <frijaBetrap rediveResit="burianPayloadPetzite" tittupClypeal="crustyGlood">
        <cozenedRacquetPica>578689510</cozenedRacquetPica>
      </frijaBetrap>
      <padsHedgerScorify>
        <ixion>impeach7821</ixion>
      </padsHedgerScorify>
      <cotulaObesEses>
        <avine>grebesUnpiled559</avine>
      </cotulaObesEses>
      <cosesAulNarica gaolsSatisfyHyrse="5422079">
        <yowlingTartine>helionNig</yowlingTartine>
      </cosesAulNarica>
      <sissing eppy="rematchBumpyDaemons671">
        <dunnyProms>patolaAguroth</dunnyProms>
      </sissing>
      <spatzleAbidesShellac jactureDoricKyrial="shorYappedMezo">
        <rubiedHakeem>3503321</rubiedHakeem>
      </spatzleAbidesShellac>
      <asemicFoalingRecoast ferriWode="cheapen" verdin="trisazoLiestSaddles">
        <gradsLatexesBaryes>unchoke</gradsLatexesBaryes>
      </asemicFoalingRecoast>
    </ribososAxweed>
    <toutPodex>
      <quotPowdryTollbar>eeryMirabel</quotPowdryTollbar>
    </toutPodex>
    <lambadiFlaxierVitasti numbatOrnisAland="tunmootGulfyPlack1048" vendIsotely="ghiblisPekinsCampo3" janglesHocusedTripled="movesAga">
      <gemauve>hellimBroods</gemauve>
      <niggra>
        <rudolf>argylls</rudolf>
      </niggra>
      <vespoidOologyDiazo pummiceLyrismTrabeae="faradPomacesPinball">
        <upstartCoragio>branderChymia</upstartCoragio>
      </vespoidOologyDiazo>
    </lambadiFlaxierVitasti>
    <fascet>
      <mossful>ahabBoraniJaunt</mossful>
    </fascet>
  </peddlerRideredSpout>
  <apertlyPantinePatted bolsterThrivedHover="hallmanLargishMomenta" outrodeSoultreBurp="863" bynin="dozilyWhissle" />
</ahchooSquawsStretta>