<?xml version="1.0"?>
<slier>
  <beduinParfaitSubclan shammar="roak">
    <torgotHagarCalusar>
      <spitful>ehuawa</spitful>
    </torgotHagarCalusar>
    <boarishBrosesPannag>
      <zemeToreros>72356</zemeToreros>
    </boarishBrosesPannag>
    <zaurakAgua>
      <bassine>157</bassine>
    </zaurakAgua>
    <gosSarip bagman="4616257" chichaGringoVrouws="vulvas" geggeeTakaBassara="99957985">
      <footieEffateRabboni>piotineTrample9886</footieEffateRabboni>
      <guarder neonsAyous="obitualBuffed">
        <evenlyLambie>ponzite</evenlyLambie>
      </guarder>
      <abatisNowtherGlisten>
        <affaiteRowley>nidorPeeryHorrah</affaiteRowley>
      </abatisNowtherGlisten>
    </gosSarip>
    <warn moanAccueil="8195" smudgeBrazierSaharan="674904151" luntsStardom="grandad">
      <boikoFloey>yawningAcronicCervoid8</boikoFloey>
    </warn>
    <blousy penocheCraccaFress="cowedlyLettingHumerus" apionol="powdersSikra">
      <avauntReavery>mograbi2679</avauntReavery>
      <ummpsAcarinaHowea galgalTroparyRusks="astay" casaltyLasersHosanna="limityBroncosLicks">
        <aplanatStummed>1237351</aplanatStummed>
      </ummpsAcarinaHowea>
      <tippler kosinTwicetKookri="ratlikeWabster2" eikonsOwenism="grimily">
        <felted>ossaTaunLined</felted>
      </tippler>
      <glyster haskyMuskyMayten="812522" upanaya="951">
        <plus>cedulasLalledNeater1</plus>
      </glyster>
      <nepoteTishri formityWindleOmen="patenteScruffy" dowpJussal="11019">
        <anomalyCleach>valises929</anomalyCleach>
      </nepoteTishri>
    </blousy>
    <wuspInheldeIhlat screwedTahgookBaskish="moresTeresaDegree723" hadalTagsore="bandonAuronalOutadds">
      <sasseMarabou>metamerGaffsTingi</sasseMarabou>
    </wuspInheldeIhlat>
  </beduinParfaitSubclan>
  <lucille twiers="163654" vastierLungyiBemeans="2920967" windows="confect4718" />
</slier>