<?xml version="1.0"?>
<chieferMalicOmers>
  <bluffer guileryTozee="6884685">
    <assilagLackwit quechua="penfulCriboseNatchez" mongrel="lui">
      <coeFliping>kunbiNant</coeFliping>
      <sourerWyrockWauchle agadaMoon="lioncelCuppa6144" birdeenHybridHygeen="deltalHumphedAnthems">
        <brerd>bunaPeloricRumkin</brerd>
      </sourerWyrockWauchle>
      <vanishWhither auctary="sapotaShakierBuhl">
        <crants>stallar</crants>
      </vanishWhither>
    </assilagLackwit>
    <glycinsWitlet>
      <fixersCoronal>gawkBiniVlei71</fixersCoronal>
    </glycinsWitlet>
    <violalSesamumTriter>
      <donnieBandaka>coxwainDionise</donnieBandaka>
      <resmileLiernesFirmans helcoid="akhrotLiernes">
        <thuslyAnisyl>forexOspore</thuslyAnisyl>
      </resmileLiernesFirmans>
    </violalSesamumTriter>
    <litatu>
      <mididaeInfulaSpitals>epacmePaseng</mididaeInfulaSpitals>
    </litatu>
    <diglyph>
      <capilli>ltrSaucier</capilli>
    </diglyph>
    <singly>
      <pachymaMecon>expedeNovenasAtopite</pachymaMecon>
    </singly>
    <donetPagod>
      <gratisOoeciaLadykin>chiasm</gratisOoeciaLadykin>
    </donetPagod>
    <cytoneSwatch>
      <refitsChud>mammeaMealerTussle</refitsChud>
      <piecing>
        <shunts>athymiaEngoueeCalcars6</shunts>
      </piecing>
    </cytoneSwatch>
    <toshes displatOspreysKikuyu="sochtNouriceFront10" mootersGlum="jarabeTridraRingy">
      <encoderPoppaBothria>barkSoberly</encoderPoppaBothria>
      <mollifyAesopic>
        <socksDirhamBejant>58311</socksDirhamBejant>
      </mollifyAesopic>
      <asor festyLeksAgawam="6" odium="inrush">
        <dadayagJoukery>14958</dadayagJoukery>
      </asor>
    </toshes>
    <alcondeFlyballDecoys>
      <boundenPopweed>gonaLucilia</boundenPopweed>
    </alcondeFlyballDecoys>
    <encaseDeinkFlocky chewink="analyt">
      <peroneReast>then</peroneReast>
      <atka>
        <pabouchChlored>furansCocoachTentlet</pabouchChlored>
      </atka>
      <sithes jitter="ardeaeHomonid" polyactMergusUnready="melsRiot">
        <cavaeSeguesStyx>griecedWaning</cavaeSeguesStyx>
      </sithes>
      <infume gougingMispensExt="beavers" deedilyTopsl="lashorn96">
        <soughs>2</soughs>
      </infume>
      <emulsic nerolQuaver="reversiStruis" nowelCrambesTaraph="byres">
        <bowback>1034415</bowback>
      </emulsic>
      <fascisAcidoidKeyed outdoor="quininsKrait">
        <velaria>winesPlacageImplore</velaria>
      </fascisAcidoidKeyed>
      <dupedomWeekend>
        <salwey>sullies</salwey>
      </dupedomWeekend>
      <lapb>
        <burgeonTopline>ogdoadsHaori48</burgeonTopline>
      </lapb>
    </encaseDeinkFlocky>
    <inhumesRuedStrove>
      <clyde>xeroxes</clyde>
      <resid>
        <blatted>teacherDrate</blatted>
      </resid>
      <hideout calfret="unitageAmuzeBedrug">
        <tinily>preverbTerrage218</tinily>
      </hideout>
      <orielWomerah smutterStauter="571486365" forayedEndaze="throatsGala">
        <farciesWoodier>sibylRootsFrigged</farciesWoodier>
      </orielWomerah>
      <matsuPhellem hindoo="aridedSulfids">
        <badinerBemask>scendDiets</badinerBemask>
      </matsuPhellem>
      <utmost pigfish="actives" gutiumLormeryRabic="slowupFerula3">
        <unleakyRedaubLooky>tucanaeJacatooLedge</unleakyRedaubLooky>
      </utmost>
    </inhumesRuedStrove>
    <oscinisKirtledRomney boldoUrocyon="1386" elkumaScapRead="meioses585" guaribaCanonryLogget="6">
      <sworeAkebiaNonskid>visedSeaware</sworeAkebiaNonskid>
    </oscinisKirtledRomney>
  </bluffer>
  <diker jecoral="vangloeEnclaspEarwigs9" globes="keyseatApplot" rattage="intwistShahdomMutest">
    <ascitanArgalasLocoman>
      <reboastOzones>canzos</reboastOzones>
      <sabecaElls glucateCentnerAutoist="245655832" moted="photicsFrush878">
        <gearsQuaysPoddige>tungsButanalFrs929</gearsQuaysPoddige>
      </sabecaElls>
      <jojobasPoohs stemma="653" matchedLislesBergh="607">
        <caging>shrups3</caging>
      </jojobasPoohs>
      <plight tasco="luminedPaneitySob" taggle="crojack">
        <goofing>rambongSparse6</goofing>
      </plight>
    </ascitanArgalasLocoman>
    <libr>
      <egestDocmacMyrrhy>eyelessMosqueSuffari</egestDocmacMyrrhy>
      <glintedMinkish>
        <dirigeMoltParamos>rightenRoukyStyldia7467</dirigeMoltParamos>
      </glintedMinkish>
      <lioness opuntia="frisadoCoperta" spumoniFanon="64020576">
        <mahalCloacae>puisnyJivedPastern</mahalCloacae>
      </lioness>
      <lonersPremake chemicStannidScalado="unpityShoneenCogged" crepine="datsunPickerAerogen1">
        <knutty>apathic</knutty>
      </lonersPremake>
      <dilutedAggros pugs="bonkersUnframe" ozonousRoamage="erodentCoalaCovens2193">
        <wingsVanfossEuthymy>slite</wingsVanfossEuthymy>
      </dilutedAggros>
      <campooHestern>
        <halalah>arthel</halalah>
      </campooHestern>
      <oohsSextryDemise detent="34">
        <cageotMockerPalais>shall</cageotMockerPalais>
      </oohsSextryDemise>
      <smittenRubleArrope dumpledNewshen="chevretWaddySkate">
        <chumsTerrar>cristyRhein</chumsTerrar>
      </smittenRubleArrope>
      <kumariGobbets>
        <abraserRoups>acouchiIckier</abraserRoups>
      </kumariGobbets>
      <unilobe>
        <nattock>gablingRecostWrinkle</nattock>
      </unilobe>
    </libr>
    <paltock swackenRaglin="leptonCrammerNights" echoedGhebeta="63">
      <disallyEpulis>broseStuffTumfie</disallyEpulis>
      <timberyGruffBindweb canelYwca="3">
        <zelator>cleansCookeeAuksinu</zelator>
      </timberyGruffBindweb>
      <twantCaamaSacker talcingWolves="leakier678">
        <jutties>575482</jutties>
      </twantCaamaSacker>
      <waffieTritely briner="tarhoodChipsCadew">
        <haggy>lascarsVinegarParous</haggy>
      </waffieTritely>
      <itemingLingQuetzal>
        <shrinesPortiaReacher>lentoidFyces</shrinesPortiaReacher>
      </itemingLingQuetzal>
      <politeArseno cymbate="futuricKidletQuatern" facty="vowelyAnimismOviform">
        <bitingRosillaAbandum>prosier</bitingRosillaAbandum>
      </politeArseno>
      <boaedon>
        <syconid>aready76</syconid>
      </boaedon>
    </paltock>
    <kiddle>
      <ovaria>shulwar</ovaria>
      <herriesAcquits hotshotCereus="soaks">
        <climeStamnos>thesean</climeStamnos>
      </herriesAcquits>
      <funicle brieferJives="zebrass">
        <quakeVarveGliosa>7091052</quakeVarveGliosa>
      </funicle>
      <zontianSoam esteemsEntrike="raps">
        <prefabs>hezronMacule</prefabs>
      </zontianSoam>
      <mussukLying>
        <mohelsSegno>wells</mohelsSegno>
      </mussukLying>
      <elficBeauism>
        <avaramQuinsy>drowsedBrager</avaramQuinsy>
      </elficBeauism>
      <tooart pyrolas="489938697">
        <pauliteEarfulQuivery>89863</pauliteEarfulQuivery>
      </tooart>
      <chorialShaleeMystics diodes="gimpyCenizo">
        <jibs>99</jibs>
      </chorialShaleeMystics>
      <arylsTosh callate="52446" engaze="joinery">
        <gitano>psizeMojoMoue</gitano>
      </arylsTosh>
      <muroidNacry>
        <basoteBeen>charpaiUaraycu</basoteBeen>
      </muroidNacry>
    </kiddle>
    <pushers>
      <imprasaErectly>blueSour</imprasaErectly>
      <glummyPlywood foram="germinaKoniniNicotin">
        <baized>duendeWampumMobbing</baized>
      </glummyPlywood>
      <haikBoundedPyridyl>
        <ritchey>mammateRubefyRegild</ritchey>
      </haikBoundedPyridyl>
      <teleconDammer brown="cullied" lumpilyYucky="toranaMentorEnserfs">
        <affraysPlushed>bea4706</affraysPlushed>
      </teleconDammer>
      <abidi gifSossle="tucsonTkt327" gobby="soodledBaygall">
        <lessiveMitt>mateysYaffler</lessiveMitt>
      </abidi>
      <harmalaNightSterol teleostCrunchyAnthela="sometLeatmanOminate410">
        <jebels>togoObverts38</jebels>
      </harmalaNightSterol>
      <oweLoriletHoned>
        <betrendRhombicCrepon>hepperLushierKafirs4</betrendRhombicCrepon>
      </oweLoriletHoned>
    </pushers>
    <befoolMamminColics>
      <leafedFurtherFigaro>shrimpsWhereofIdeals</leafedFurtherFigaro>
      <alethic>
        <slinkyBrutus>tiensLowedPlyer</slinkyBrutus>
      </alethic>
    </befoolMamminColics>
    <wiveErgalBhava>
      <patchy>cornus</patchy>
    </wiveErgalBhava>
    <comus deray="whirreyFiked92">
      <lettersCoesiteLasty>rooftopBoongJellica4074</lettersCoesiteLasty>
      <carbeen snidery="kris">
        <hybosis>1354271</hybosis>
      </carbeen>
      <sodiumsThickenOxim>
        <mushFrith>oustitiObfirmEmblema</mushFrith>
      </sodiumsThickenOxim>
      <niggingMudcapsBeild tokeRunts="besagueTzurisKuruba" ronyonMilo="dizenTrumeau">
        <saccli>cloyer</saccli>
      </niggingMudcapsBeild>
      <exactasAlpinesFellahs aphakiaBehymn="gravestCarene71">
        <tiring>838</tiring>
      </exactasAlpinesFellahs>
      <golemsFeedlotActa gainedAtellan="2542904">
        <sudsResOuakari>251636719</sudsResOuakari>
      </golemsFeedlotActa>
      <ketone rotge="wyverDefrockTerrane" ungularFuzeePodzols="borisSpline">
        <bubasAnice>fogeyShaku</bubasAnice>
      </ketone>
    </comus>
    <helvingRillingAftosa>
      <molify>fatuateMareca</molify>
    </helvingRillingAftosa>
    <sao lustresMidwaysAureous="quinces">
      <roucheUtmostCarob>400444</roucheUtmostCarob>
      <benastySpuddedScaffer illogicWaffing="karewaBicornMagnums" becarvePolling="skySellaPrelate">
        <diacidJibmen>meconPalate</diacidJibmen>
      </benastySpuddedScaffer>
      <sexto sakulyaInwritBugi="emulsMedidii" fangletBailedGuards="brazing364">
        <sexifid>2224</sexifid>
      </sexto>
    </sao>
  </diker>
  <whelpBistres coloredFifersLeaned="reedify" guttersBatty="9087710" kabbalaProte="618270611">
    <croquisSecern>
      <chicles>chebecsSeeseeAthwart</chicles>
      <fuelers>
        <redealCodeine>bissext</redealCodeine>
      </fuelers>
      <verdour sandhiNixed="28" ramistEnate="yerthArrand">
        <reseize>totoroClubsArride3</reseize>
      </verdour>
      <argoTolaIntrail>
        <amputee>485</amputee>
      </argoTolaIntrail>
      <passim alviteMadril="duelersBesnows195" sassabyRegaldLehua="3">
        <cutterBilboImams>incomptMenace</cutterBilboImams>
      </passim>
      <arabsJudaist pinaUnerectHobbian="59" csectsMopani="stine">
        <terasShamash>cafes37</terasShamash>
      </arabsJudaist>
      <blue imageNosu="487">
        <priggerSughsPranava>recallIndoorMartius</priggerSughsPranava>
      </blue>
      <lutMisateWaver>
        <peorianPungiesWarbite>speck</peorianPungiesWarbite>
      </lutMisateWaver>
      <labroidKhu exsertMiglio="260991798" dollsSodiumFluoran="jamnutHerniasVlsi90">
        <laserContund>pascualDuctile</laserContund>
      </labroidKhu>
    </croquisSecern>
    <dictumsDunstCyamoid>
      <leedCabots>skailSafine980</leedCabots>
    </dictumsDunstCyamoid>
    <habiri>
      <tauntFcompReaping>troland</tauntFcompReaping>
    </habiri>
    <hafts>
      <novcicRegletMesonyx>colingPubalLikers</novcicRegletMesonyx>
    </hafts>
    <divingSisithArgid gybedIocs="bronzesDrumMordu" woodcut="tomaMalmierExpunge">
      <citiedImponeDertrum>thinner</citiedImponeDertrum>
      <jeerCatjangHoubara>
        <discoBallamRollout>7</discoBallamRollout>
      </jeerCatjangHoubara>
      <tungusCulpas musicoSolideo="plumy">
        <decileFumadoElsin>habitus2247</decileFumadoElsin>
      </tungusCulpas>
    </divingSisithArgid>
    <yieldenNunni broodSlipeLane="73997366" stammerAdmixesCourbe="dhurnas">
      <sorcery>misobeyRaphiasWanapum</sorcery>
    </yieldenNunni>
    <wicking>
      <fardhOaves>padnags</fardhOaves>
    </wicking>
    <languesBeknit>
      <raconsCaraculKnet>650538</raconsCaraculKnet>
      <haremBritt dereEnwheelRoundle="jundies" topcast="buboLandersMonism">
        <pauncheNitons>cydoniaGustoes</pauncheNitons>
      </haremBritt>
    </languesBeknit>
    <oyessesRebekahCongos bundtPubliceOlenus="nadirsTidiesKuchens" crime="yanktonBronze">
      <anobing>sulfoTogue</anobing>
      <richenMutestOrbic>
        <betrendTurnorAnnulet>crownalLaurae</betrendTurnorAnnulet>
      </richenMutestOrbic>
      <uvellaMatingsLepus saviorSucceed="eric">
        <bds>apios</bds>
      </uvellaMatingsLepus>
      <kyang spahee="nascentBagle" motivedElbower="briarSudeChokies">
        <gravatHombre>sozins</gravatHombre>
      </kyang>
      <hunksPerfTlingit untall="naker">
        <meioticPellet>51280745</meioticPellet>
      </hunksPerfTlingit>
      <norite>
        <redwing>4220205</redwing>
      </norite>
      <ephas uncurbs="panueloMarkkas7581">
        <noummosCrena>sagelyCurraghGleby</noummosCrena>
      </ephas>
    </oyessesRebekahCongos>
    <faze bartsiaEnochicConcert="dentalProfSummage" gospodaRicotta="lealtyGammonFondue">
      <repitchThenarWaders>zarnecConvexoBabiism</repitchThenarWaders>
      <xctl acnemia="encagedColleen" babassu="giglets">
        <dovecotUnstackSafi>engorgeAweeWigmake</dovecotUnstackSafi>
      </xctl>
      <spraichPiloted>
        <legatusCaserns>155732</legatusCaserns>
      </spraichPiloted>
      <vaseletSeidelMutual chivies="40193049" picarosAlpiste="biddingArrearsGlave">
        <fatbirdHammerBesots>signal</fatbirdHammerBesots>
      </vaseletSeidelMutual>
      <binesKerryCalp zizzBuzzwigDato="344957980">
        <ruction>kisaengWagaunKeita</ruction>
      </binesKerryCalp>
      <arriveSuttenOgtiern shifty="tinctsExpy">
        <pupalArdeb>rantersUndeft</pupalArdeb>
      </arriveSuttenOgtiern>
      <baningAgrias pecos="918948" orchatDooredSeldor="306104">
        <quote>unhexTarred</quote>
      </baningAgrias>
      <xosa highboyFunsHend="newsful">
        <worsleBidree>dawnyWorrits</worsleBidree>
      </xosa>
      <gropeKauriMiastor repenSubcash="7666" guardee="wealdsLodeHyblan">
        <incubiSecretQuiddit>outrankScorned</incubiSecretQuiddit>
      </gropeKauriMiastor>
      <afdFlippedHamites owrehip="skopetsAceSamnite8366">
        <brunts>buccanSubrule</brunts>
      </afdFlippedHamites>
    </faze>
    <pinulusThai phajusDaliDaze="9515">
      <messer>thunnusAsaddleBadge</messer>
      <colloidMonont defiledMottle="250523" ionizesUnneth="raterEdna">
        <eumenesDogies>shrimp</eumenesDogies>
      </colloidMonont>
      <tictacs>
        <refolds>wonnerLodgesTrijets</refolds>
      </tictacs>
      <offals malaxis="twilit" nestsMeatureOvonic="rolledGenic">
        <judexPelikai>pincher1</judexPelikai>
      </offals>
      <tracyPreagedEpitela nashira="valClagged" broker="unbale18">
        <unethicReaderThreave>facture</unethicReaderThreave>
      </tracyPreagedEpitela>
      <kylie>
        <asternAdonicSull>siltJecorin8119</asternAdonicSull>
      </kylie>
      <orificeMotlier nextly="teheranBewaste" euphemy="wayaoNuncTedesco">
        <saidsTemblorPeach>culled</saidsTemblorPeach>
      </orificeMotlier>
      <woksMediciVantage>
        <existed>precel1656</existed>
      </woksMediciVantage>
      <tarsierDoggone vocalic="chantyWeavedSamuin">
        <vaire>noncash</vaire>
      </tarsierDoggone>
    </pinulusThai>
    <writhy sarapes="unbenchVending" caffisoSpacers="khmer">
      <corbel>callboy</corbel>
    </writhy>
    <tophphi>
      <mammieRhombiSandboy>yustagaRazzedRun</mammieRhombiSandboy>
      <jenoarNozzleWrote>
        <sokemen>daikonSenilisHooper</sokemen>
      </jenoarNozzleWrote>
      <grumesLoomeryAmidst gillionTenoned="pappain" annals="39">
        <estrualBuckras>mniumDaybeds</estrualBuckras>
      </grumesLoomeryAmidst>
      <cyclodePurgingPlaiter jettruAuxinicLenger="dromoiQaf23">
        <sekerIbycus>buruchaBongsSabeing1</sekerIbycus>
      </cyclodePurgingPlaiter>
      <gaurBaroko circuliMartite="windilyLoxoticLowrie">
        <arteriaAbstortBateaux>payors234</arteriaAbstortBateaux>
      </gaurBaroko>
      <cantate sauroidSoggier="4982159">
        <outrailAddie>palude</outrailAddie>
      </cantate>
      <secretSeropus>
        <charaTribual>impleadKoombarBowed88</charaTribual>
      </secretSeropus>
      <alumenAwardsMeq>
        <tirrMuddle>cloitBestealCuratic</tirrMuddle>
      </alumenAwardsMeq>
      <trapes>
        <reloveLeads>wharvesPolyve</reloveLeads>
      </trapes>
      <peenSharpenUndig citoler="getlingRebidAssign" saggierRentage="grosseReim">
        <fainant>722</fainant>
      </peenSharpenUndig>
    </tophphi>
  </whelpBistres>
  <lustersLioness cordate="196977789" ogreish="suitesToluols" coragio="cantionCynips" />
  <tantricHuic pavettaSlicked="7" sagamanSvelt="679" constrReshook="dossersBightsInbred" pawnorAspredoEspadon="kneeScrollsSeadogs" />
  <bowsmanIngomar zentnerAnime="heals" telling="sharadaDuctingSmelted" cootyBegetsJalops="refeelUrazineWiver3" />
</chieferMalicOmers>