<?xml version="1.0"?>
<solaryBaeria>
  <czarBiggedLiernes impowerLaureal="8361" hentsShittedAncle="votishExostraGulonic" daydawnBoudoirSechium="frames" fimbles="baculumFaunae" />
  <bulger kishenFlutistEdenite="drysneChided" rarishPurrelTrunnel="headman">
    <osellaLongish debind="troperBaniwaEatery">
      <scrougeCozzes>joseRorippaRemises</scrougeCozzes>
    </osellaLongish>
    <ramp>
      <bessiRemoter>amide</bessiRemoter>
      <ecumeneDooUmgang erose="4">
        <ankoliStover>midgutsTorcherGains</ankoliStover>
      </ecumeneDooUmgang>
      <sarafan>
        <zizithUmbosFidge>27024031</zizithUmbosFidge>
      </sarafan>
      <propel skywaveLoops="didymisSimarreHcb" dariOuthireCreesh="coerced">
        <datsw>kissage</datsw>
      </propel>
      <stddmpRheumy>
        <shimal>boyceTigella</shimal>
      </stddmpRheumy>
      <euro ambriteCembaliAnonym="lickerScclera">
        <veniamAcylal>nakerBepileScrotal</veniamAcylal>
      </euro>
      <oats poorLumbagoCumacea="brickelFanbackGnarl1025" uptightFerrelsColony="sideway8458">
        <loosestInhumed>43365487</loosestInhumed>
      </oats>
      <shanti wosome="67312" jumpsBeatutiInker="anciensMoondogDuring">
        <impheesGrunterShorter>planeExhalesJussel</impheesGrunterShorter>
      </shanti>
    </ramp>
    <merestMwalimuBorscht>
      <unstyWalesRecage>wheeInarmBirder60</unstyWalesRecage>
      <sox unsome="woozilyButomusBurthen8685">
        <pokiestChrist>pubs</pokiestChrist>
      </sox>
      <opining oogleaWarming="hagridCrump" gahnite="boyerUnbuskToluids5076">
        <outlerPianosaHallan>cobs</outlerPianosaHallan>
      </opining>
      <upcutCymaise eustace="suption5264" concrewPooches="9362557">
        <lamperSambalShophar>katukaScient</lamperSambalShophar>
      </upcutCymaise>
      <fringed whitishBoudRonier="maenadsAnepia" hummeriFastishHassing="33719165">
        <tailetGerboBinary>gravely</tailetGerboBinary>
      </fringed>
    </merestMwalimuBorscht>
    <nestler siletzRefont="5" sick="voivodeSlew" visageDghaisaBewreak="cheslep4024">
      <hyponymCoggerGerunds>fetasUxorisManling18</hyponymCoggerGerunds>
      <biophor pelonMbd="12519748" denseSomaliaLooie="bursate4463">
        <tomefulCages>38329004</tomefulCages>
      </biophor>
      <quokkaLadybugAuxotox unvoice="thitsiBalanSnittle" clonicToecaps="20929">
        <upwentOxytoneVectis>841</upwentOxytoneVectis>
      </quokkaLadybugAuxotox>
      <adnounDottard>
        <viableAnnelidTurrel>vidkidsFrowsy</viableAnnelidTurrel>
      </adnounDottard>
      <boyunaMorinel koniagaMorts="altaidValiseReboots">
        <wallowPemican>sizzlesZantiot</wallowPemican>
      </boyunaMorinel>
      <tinerer>
        <theekHutung>589</theekHutung>
      </tinerer>
    </nestler>
    <jackmenCradge>
      <nasatGois>canerStied</nasatGois>
    </jackmenCradge>
    <dazedEtna>
      <wyverKyrine>213851</wyverKyrine>
      <cinesPromicSoap antonDumpTussah="calqued" koppieMiseatsOscnode="melinae">
        <repayed>357877</repayed>
      </cinesPromicSoap>
      <bambara>
        <knavesNookierCrojack>alamosSoleyn4436</knavesNookierCrojack>
      </bambara>
      <athink dsrRucking="sawfish" cowbaneCalchas="nagana">
        <atleeYippie>hoarHookerSamolus40</atleeYippie>
      </athink>
      <casiriVisionViseed haikalMeaningUnkin="rewarnDartle" haywireKukri="eonianStamnosPitying">
        <cinter>sdlcCloacae5</cinter>
      </casiriVisionViseed>
      <refuses>
        <patinaEmenderGospel>trashipOncin</patinaEmenderGospel>
      </refuses>
      <conformLeniticPrancer fluxureAbyingHamulus="murgeon" animistHeizingLablab="sodicBorizeMugwet">
        <yakimaTinlet>trothsIridizeRostral</yakimaTinlet>
      </conformLeniticPrancer>
    </dazedEtna>
  </bulger>
  <primsieCubane spulyie="faroffGuam" marrys="701968602" netfulPearceSnurp="reopensShrovy" diseuseNickpotLisette="cromme" />
  <metatesOutdrawIsls dammit="affyingTrav514" manganaTumionByss="finkel">
    <alantolKnifed tankmanIhleite="karthli" smokyGristerJeepers="corkierBaklawa" debugSubfief="alodies">
      <dizen>4861877</dizen>
      <typeesSkiffLavolta>
        <acepotsRenvoiBiopsy>80947904</acepotsRenvoiBiopsy>
      </typeesSkiffLavolta>
      <jimmyLowlifeEsp nants="laborerUnsnareTasian" wilburDulcets="indowedPapingoWealth">
        <mashlamAbiosisSmectic>tumbleThrenos</mashlamAbiosisSmectic>
      </jimmyLowlifeEsp>
      <resoledEtagre axleMetanymAphoria="yetts72">
        <merlonBlibe>finger1444</merlonBlibe>
      </resoledEtagre>
      <ketwayBepatWastage>
        <misuses>516397742</misuses>
      </ketwayBepatWastage>
      <olchiTalcoid troft="lionizeStotingLunched" sciotYell="dingeysIonism">
        <situPothers>boxwood</situPothers>
      </olchiTalcoid>
    </alantolKnifed>
    <waapa>
      <insular>cediCodders</insular>
    </waapa>
    <quintusEmpalesCrinkle>
      <cannedLibra>postedBelayer</cannedLibra>
      <tortileDaffledTurpis laevoTundraUnbolts="sulfaSecessSadr9098" civeSimiansOotheca="synfuel">
        <ogivedPuddeeTumor>beezers</ogivedPuddeeTumor>
      </tortileDaffledTurpis>
      <nagami valence="carotolUraliteHalide">
        <alfirk>gashfulReffingAmyrol</alfirk>
      </nagami>
      <ceeDyasSiberia susurrParboilThrash="secederUnknaveSorbite56" mikeVealed="239">
        <urtextCarsonUpbuoy>hend</urtextCarsonUpbuoy>
      </ceeDyasSiberia>
      <wombatDecene>
        <higueroAtoneBleater>tubbie</higueroAtoneBleater>
      </wombatDecene>
    </quintusEmpalesCrinkle>
    <unguesAlleysPalmful>
      <forpit>tendourGuserid1</forpit>
      <reposedRoamage>
        <cubera>dirigo</cubera>
      </reposedRoamage>
      <eslabonTemadau meachSunketsSoph="azymite">
        <testifyDorask>tisLiteNebule</testifyDorask>
      </eslabonTemadau>
      <turgyPlinkedTeasy>
        <dairies>agregesBeamily73</dairies>
      </turgyPlinkedTeasy>
      <rhoeo>
        <grannom>19387746</grannom>
      </rhoeo>
      <adesteGuilePooches>
        <dumpier>ligninsBabism</dumpier>
      </adesteGuilePooches>
      <orillonModist sculled="pimping">
        <gearman>72</gearman>
      </orillonModist>
      <resnapEngraceToque urfArcht="croodLujulaEntomic" gabledLithely="tanadarCloyHalesia2">
        <leafboyFenite>82060811</leafboyFenite>
      </resnapEngraceToque>
      <moola gravityJollilyDudine="reemish">
        <clouty>choppinChertFiard</clouty>
      </moola>
    </unguesAlleysPalmful>
    <clallam>
      <garote>sarcinaHipwort6191</garote>
      <loryAblates dahsEffects="78233943" martensPectaseLesbia="pilmyCcesser143">
        <choicerCyperus>42055796</choicerCyperus>
      </loryAblates>
      <frillFleamyUnhinge resowsFlirterEmber="barfy">
        <scatomaCentrev>surfers4</scatomaCentrev>
      </frillFleamyUnhinge>
      <lowe kickierSissoneDyphone="berendoBeclose">
        <pommey>sidderPushier</pommey>
      </lowe>
      <harvard gaatchDeducer="ambarisGeds501">
        <shirred>trowels</shirred>
      </harvard>
    </clallam>
    <biffShrews>
      <ovenly>frisketAlaninQuail192</ovenly>
      <sellerOrlageEarpick sepiumSlumpyMadefy="sleechGoopy">
        <rangyChortHeeled>439235</rangyChortHeeled>
      </sellerOrlageEarpick>
      <woozily>
        <hocketCartsAnnoyer>hinSecrecyMaleo</hocketCartsAnnoyer>
      </woozily>
      <blatsLiberal helperWaffingAds="kainynWisentEoan8">
        <woundsGpdJeerer>187176</woundsGpdJeerer>
      </blatsLiberal>
      <kolaYews shiftGabies="3">
        <mansButtled>pariet</mansButtled>
      </kolaYews>
      <upslopePlumach unsteckPhossyWhisked="bechalk" flatter="advectDib">
        <korLohan>4560538</korLohan>
      </upslopePlumach>
      <rebopShipponCinerea timbaleWirer="meatheGonofsDebut" desmicSaughenChilies="1">
        <flintyBracheAngwich>313</flintyBracheAngwich>
      </rebopShipponCinerea>
      <disally>
        <volvateGhosted>ropierEntente3</volvateGhosted>
      </disally>
      <prosapyHokingMuftis vegasPoaceae="4519">
        <vagCawlChunari>delfDubbingSecant</vagCawlChunari>
      </prosapyHokingMuftis>
      <elflandRastledDioxy windway="escapee">
        <outsinsBroeboeAdducts>simlinsMeleesMistbow</outsinsBroeboeAdducts>
      </elflandRastledDioxy>
    </biffShrews>
  </metatesOutdrawIsls>
  <aniba />
</solaryBaeria>