<?xml version="1.0"?>
<rewakesQeriPatrix>
  <satyrWoodingMeowed kirbyBoodled="latria" stevelKursaalFenman="251" visualsMagismSosh="zilchGargetBardier" />
  <amorite schavHijinksVughs="tanzibKoan">
    <faderGeolRoped>
      <atebaResoled>bunkoedCarbro</atebaResoled>
      <intreat deboist="camaraTalma" drudgedBiconicKayoes="prelaNatal">
        <twifoilBulbelsVoetian>savagedNiloticRepasts</twifoilBulbelsVoetian>
      </intreat>
      <oldland shriftOutrickUndrab="cunjah134">
        <funky>guckedKvasses</funky>
      </oldland>
      <sinatraBlurtsCesiums moonieCompingParetta="jetsam" micell="54075688">
        <humistAlumMawky>longuesEmbryos6120</humistAlumMawky>
      </sinatraBlurtsCesiums>
      <nonairSpalax pailow="excludeRealtyEnrheum">
        <derms>rigorStooksGusted</derms>
      </nonairSpalax>
      <alkalis>
        <sakiyehSmaller>hodsAonach</sakiyehSmaller>
      </alkalis>
    </faderGeolRoped>
    <propaleIsomer ethnalOwtXylonic="ragweedSkilpotWindway" alulaeUnbodyReheel="cessesManchus">
      <nilghaiMusts>mesally</nilghaiMusts>
      <bitchesDisomusTagus bookers="advRashlyVine">
        <sotikEnsure>6968466</sotikEnsure>
      </bitchesDisomusTagus>
      <fayed recsCorries="pimaricBowla" hafterGerkinSumi="6">
        <scholarShippyWhidded>turco</scholarShippyWhidded>
      </fayed>
      <kairosSnifterPlazas washwayBondoc="957" ellwand="simiansUnto">
        <aldolAcylate>spairgeIllumeZoom</aldolAcylate>
      </kairosSnifterPlazas>
      <flabelReheap spicilyBagdi="7165" yantra="piesMurrineFenny9">
        <kebbiesLogletHolking>beweep</kebbiesLogletHolking>
      </flabelReheap>
      <gnetumsDaisied pleioneAdienceTubar="saxonySords27">
        <quoad>guesterFetusesErat</quoad>
      </gnetumsDaisied>
    </propaleIsomer>
    <hematalGas kidlingMetres="revving" causata="lissGuestenChandoo" subrailSassy="friezerWhatchy">
      <slipout>idlebySnubby</slipout>
      <suggAbeyNpeel>
        <earleSigla>bauckieMyall1000</earleSigla>
      </suggAbeyNpeel>
      <hexingAlethicAmid>
        <jiltsOtolith>flivverCrawly</jiltsOtolith>
      </hexingAlethicAmid>
      <laichs enrobesVorago="frozen">
        <earfuls>terseColdestCloture</earfuls>
      </laichs>
      <rosetyShaulCentaur mammiesCorody="galeas" gemlichFalutin="45">
        <icicled>botone</icicled>
      </rosetyShaulCentaur>
      <thaiCaleanSabadin idiotIthiel="63026">
        <chestUpbuyKeuper>adobeRuffeSpy</chestUpbuyKeuper>
      </thaiCaleanSabadin>
      <forcut begohmBeleap="scurry" pictish="uphhoveOverlapDimmed">
        <forthyAngaraSrac>chouDits</forthyAngaraSrac>
      </forcut>
      <gooderHulloesPlaids acepots="dvaitaAirnWrested" reffo="bizelCleridsElaps">
        <beadrowBinh>hodderZeroizeBerobed</beadrowBinh>
      </gooderHulloesPlaids>
    </hematalGas>
    <funkersParlorsJalor>
      <fooder>rumbaedPoppasWares</fooder>
    </funkersParlorsJalor>
    <cambayeErotica>
      <grata>38</grata>
    </cambayeErotica>
    <weepierUnsteel resweat="raukleAnchovy7" jewyCentage="chopperSlicked">
      <sennite>adhereMiekAver</sennite>
      <swilkie taxites="refundDepas" saransEtymol="caulkedSpaFordeal">
        <eluviumCadua>unpacedChittakBlufter</eluviumCadua>
      </swilkie>
      <raker weiKueh="430557211">
        <gazeeTonjon>chamberFennishTrulls</gazeeTonjon>
      </raker>
      <wastyCalcLethean lungyi="nitril" cyclize="seller158">
        <retrimsHidling>brutelyPalling</retrimsHidling>
      </wastyCalcLethean>
      <mochrasLepalBlear yakCulpose="pataoSynchroAccts">
        <cursa>farding</cursa>
      </mochrasLepalBlear>
      <ranglerLeerDurrin spoored="856668" effrayFailsYoruban="mislieShoa">
        <plouterAvalon>murraroTrulls</plouterAvalon>
      </ranglerLeerDurrin>
      <evelineBundh serins="693259">
        <yirnRumors>kolos</yirnRumors>
      </evelineBundh>
    </weepierUnsteel>
    <jorumsEosinicDacite earnfulCarnet="patterAfft" abrasaxNoteletEloigns="maghzen">
      <bundhFacadedMoolah>34</bundhFacadedMoolah>
    </jorumsEosinicDacite>
    <puberalGuzulMowse>
      <huffyKoso>23009222</huffyKoso>
      <recastSnoekRegd arapahoUnsexedPloce="carotol7">
        <bibles>glues</bibles>
      </recastSnoekRegd>
      <summist>
        <siruperCoch>unidleRespiteDreich</siruperCoch>
      </summist>
      <ultraFormula otyak="duesSixmos">
        <titrant>503560</titrant>
      </ultraFormula>
      <swinish>
        <shumacPoemNome>18255129</shumacPoemNome>
      </swinish>
      <burbotUpsunForager>
        <riglet>saeUlu23</riglet>
      </burbotUpsunForager>
      <yodled stadie="415" noiresKomarchIbidem="besetFiarsMortar">
        <flouseOsmate>wriedScowsCushier</flouseOsmate>
      </yodled>
    </puberalGuzulMowse>
    <wullcat>
      <taughtBalata>makaraHall</taughtBalata>
    </wullcat>
  </amorite>
  <soxhletAssethLookee>
    <tucanoTritureCutties moshavMopedGowning="167">
      <casefulInheres>egipto</casefulInheres>
      <riggalHippoidAthumia theahEntada="remoterShouldGraffer" smaltiMaimul="balan">
        <gabby>564</gabby>
      </riggalHippoidAthumia>
      <venomlyAllodia>
        <ecolOcheredOxhide>9873003</ecolOcheredOxhide>
      </venomlyAllodia>
      <innedBrulots>
        <heild>sapperUpspear</heild>
      </innedBrulots>
      <salpian>
        <redientScabishScolite>96351</redientScabishScolite>
      </salpian>
    </tucanoTritureCutties>
    <gweducsFrailes dauZink="11792" blet="opsinTalaria" vrilleCrony="700899">
      <ketaBabish>lagen</ketaBabish>
      <nourishOpsIbo>
        <agamontEwte>hory</agamontEwte>
      </nourishOpsIbo>
      <caromelGulfing gunmanFamilia="gazonSpitkitCarvy147">
        <reproDesightGaits>revomitShabash</reproDesightGaits>
      </caromelGulfing>
      <lakier lambersBluestBadness="hubcapsAmores" palliumChateau="238560">
        <delistsTwier>7114</delistsTwier>
      </lakier>
    </gweducsFrailes>
    <templedRume reopenHaloidsCheder="liaises" etypicCowlingCoupes="aenachYurtBeluchi">
      <liftman>weyDulbertCutes52</liftman>
      <oldness>
        <jahvistCachazaNosily>2</jahvistCachazaNosily>
      </oldness>
      <kaeHeadyNardoo qiblaDidest="31668180">
        <praisedWouldnClapper>57556165</praisedWouldnClapper>
      </kaeHeadyNardoo>
      <splayPastRhemish>
        <drawers>mateUncoach</drawers>
      </splayPastRhemish>
      <odell cerningTorsi="amobyrNewsboy433" corsageCurialChalaco="552432923">
        <corcirNidgety>startHeteric</corcirNidgety>
      </odell>
      <rellyanOctavic ador="oximateBlurAirbus">
        <upbrookPuniturElkslip>drunker</upbrookPuniturElkslip>
      </rellyanOctavic>
      <aislesFlamer betsey="unwholePlatesPhthor" yode="320">
        <thermos>rctMeaconBos636</thermos>
      </aislesFlamer>
      <graphsFunkFooner talckyCadenceSelva="38">
        <dunkingTopperChunam>gommier</dunkingTopperChunam>
      </graphsFunkFooner>
      <merkhetAnomer upturnFiddled="phonics">
        <oomphUnwinds>pyrgomFustics948</oomphUnwinds>
      </merkhetAnomer>
      <floytEeryUnfiled mimmedWooldedSupreme="baneful">
        <crozzly>lilts</crozzly>
      </floytEeryUnfiled>
    </templedRume>
    <mouserReadoutCyanide woleai="panting" ratoons="fiddlyFrouzyTrinket">
      <klan>scirpus</klan>
    </mouserReadoutCyanide>
    <spasm>
      <wummanVenene>untwirlNabis</wummanVenene>
    </spasm>
    <bowpots bequest="daggled">
      <barraVolleyBlunges>bursae</barraVolleyBlunges>
      <gervaisNazifyCaffeol>
        <wrichtOdwyer>sweetieSiegedCathion</wrichtOdwyer>
      </gervaisNazifyCaffeol>
      <bengal camauroBanjoHelmed="9">
        <percoct>songoSmerk79</percoct>
      </bengal>
      <bhutani>
        <knaverySkat>recramp15</knaverySkat>
      </bhutani>
      <witchenEsprit cornels="lbwRins" cardo="meoIllfareForked312">
        <soulfulBatboyKabaya>thonder</soulfulBatboyKabaya>
      </witchenEsprit>
      <metretaPinnas hurdisPyropesHein="dockersMolokerPersalt231">
        <facete>phobicDirempt</facete>
      </metretaPinnas>
      <tallows camletNaevusCausal="premier" entreatArdassKiefs="arteMinge">
        <outjutsSoudansHowlers>unstuck</outjutsSoudansHowlers>
      </tallows>
      <ethenylAbbasFumeuse>
        <teetPrequel>jumpily</teetPrequel>
      </ethenylAbbasFumeuse>
      <gantangDaiva>
        <hutchet>stemma</hutchet>
      </gantangDaiva>
      <redleg>
        <viseing>cushats</viseing>
      </redleg>
    </bowpots>
    <oiks>
      <ridesStaab>spirtedLitre</ridesStaab>
    </oiks>
    <tipsMelilotRedweed gimmickApieces="dacoityGambirsNulls" veliger="pupfishTibiae">
      <crowhop>spandleBlazed</crowhop>
      <clausumIberismLuckily>
        <leakedCosherGutsier>30426385</leakedCosherGutsier>
      </clausumIberismLuckily>
      <muleys>
        <viatorsBrittMoneric>pooa</viatorsBrittMoneric>
      </muleys>
      <moorukDispelCyclist genresKramaBedlar="reverbRoomthyTerming" clamorLocater="circus">
        <forloinGoeduckSparrow>83055</forloinGoeduckSparrow>
      </moorukDispelCyclist>
    </tipsMelilotRedweed>
    <latroHurlerTeem>
      <pertishTorsade>gooderStoled</pertishTorsade>
    </latroHurlerTeem>
    <flucan>
      <lookumVoluteFetlow>21667921</lookumVoluteFetlow>
      <openestArtistePyrans melinisMoonjahSedent="curineClodlet" miridae="skedgeDaglock">
        <loamsMamaGabriel>thewier</loamsMamaGabriel>
      </openestArtistePyrans>
      <remblai xctlGeirSyruper="arielsWhishts" quattiePensilsGuy="hooyeBiz">
        <dustuckGrudge>88658704</dustuckGrudge>
      </remblai>
      <rheasThawsCachrys toustShootsLythrum="456">
        <visiblyUntallSneest>gamgiaDartledDowser</visiblyUntallSneest>
      </rheasThawsCachrys>
      <naiads salivanEncolor="spinor8291">
        <egardsPiuPogies>34</egardsPiuPogies>
      </naiads>
      <horsingMaugreRatifia japetusPulu="pled">
        <unoil>3</unoil>
      </horsingMaugreRatifia>
      <fouettAlgaradBravery slideCaddoMucro="nowness">
        <lessCocainVeiling>renoir</lessCocainVeiling>
      </fouettAlgaradBravery>
    </flucan>
  </soxhletAssethLookee>
  <ezbaKamaresLemmas>
    <vijayUnsteekLadyfy aramisMayfly="chiviedNullify243" lurkersPigmiesEggcups="anstoss">
      <cernedKeep>plumifyBeleperDecoat43</cernedKeep>
    </vijayUnsteekLadyfy>
    <shimmer>
      <dipping>145</dipping>
    </shimmer>
    <sheardEdiyaVidenda>
      <hengestPlfNeogamy>jowls</hengestPlfNeogamy>
      <muddersAddeem oozilyRefractVizored="maltierNailery1" doggleDon="7357746">
        <cynics>joloanoBuscarlGamont</cynics>
      </muddersAddeem>
      <dregsHulloedBenj>
        <snapout>163</snapout>
      </dregsHulloedBenj>
    </sheardEdiyaVidenda>
    <tillotAnconad>
      <flipperThetisUrva>tabooToperCanapes</flipperThetisUrva>
      <astroidPigmew tautingInsight="grocery9" letdownDomineTarkhan="acumens">
        <airbusDrenghPyranyl>176952747</airbusDrenghPyranyl>
      </astroidPigmew>
      <crisps liwanMairs="sarclerSofiaAntonio7">
        <rockersArgled>verbal</rockersArgled>
      </crisps>
      <murkishBleedSpelts myomereBluets="hedge" triliteBisqueOsmina="yerkEmailed">
        <passado>amnionGluteal</passado>
      </murkishBleedSpelts>
      <nudishKethibBridale>
        <feigherGlyc>jobsonBardash</feigherGlyc>
      </nudishKethibBridale>
      <chance twofold="32">
        <bladyRuckedHay>gonadsStooterBemire</bladyRuckedHay>
      </chance>
      <gestapo>
        <thraver>cunningJeering</thraver>
      </gestapo>
      <quantal entrecDraped="byblisWendyWaferer">
        <slatsBidpai>84796</slatsBidpai>
      </quantal>
      <taupoEmpiric hubbParados="undrew" pions="unmeedyFaltersSquelch">
        <frocked>94993150</frocked>
      </taupoEmpiric>
      <jejunaMexicoSenaite acoreaUnwork="matchesSwabble" bogartSmokierChapman="cudsPeising4203">
        <whortleChainer>souffl</whortleChainer>
      </jejunaMexicoSenaite>
    </tillotAnconad>
    <paltockStoas>
      <tsine>44972295</tsine>
    </paltockStoas>
  </ezbaKamaresLemmas>
</rewakesQeriPatrix>