<?xml version="1.0"?>
<pannaPrivet>
  <lockrumLinersBanque onerateEchoingWardite="toyshopComr" shinier="tapemanDefluxDigests205" agoCines="14680648">
    <pattersIkonaVipers>
      <chorals>hejiraChirinoTangent</chorals>
    </pattersIkonaVipers>
    <skiltsTamaroaImbu>
      <lutecia>oppressDebug</lutecia>
    </skiltsTamaroaImbu>
    <unwareBromolCusps>
      <udom>batak</udom>
      <misgrewVisive>
        <nicer>trippetHollosCulett</nicer>
      </misgrewVisive>
      <illthIberic>
        <oxbows>99865</oxbows>
      </illthIberic>
      <megrimsNoonedMors drysne="9567112">
        <preaverPostilsHath>clonerClares</preaverPostilsHath>
      </megrimsNoonedMors>
      <dearyRemarks>
        <abeggeNyroca>rear</abeggeNyroca>
      </dearyRemarks>
    </unwareBromolCusps>
    <morinYeso rerow="4877" thymes="shadoofArdeae">
      <ooblastEdiculeBags>tunnitEcarte</ooblastEdiculeBags>
      <crammed vermilyHeelers="netsTeatimeGluepot">
        <priorsHurls>anvils</priorsHurls>
      </crammed>
      <whimMotonColones acquitKioea="feedersFillips">
        <sidNounsUsninic>repastsUpsetApprize</sidNounsUsninic>
      </whimMotonColones>
      <prana faenus="crants">
        <heretoMaker>148394991</heretoMaker>
      </prana>
      <utchyFloresBuibui profaceExhaledBuilded="sprewl38">
        <sopperStunty>unsheafAnkaraApache</sopperStunty>
      </utchyFloresBuibui>
      <eidersRassledOwners piscisBesaint="vicarly">
        <rivedIlexBelis>tony</rivedIlexBelis>
      </eidersRassledOwners>
      <resowsExpense>
        <stain>ecuadorMazatec</stain>
      </resowsExpense>
      <nogada>
        <pintail>ducks</pintail>
      </nogada>
      <whumpedSurfing dister="noggWritherGratin">
        <sumsPornoMajagua>indolinPhytoma</sumsPornoMajagua>
      </whumpedSurfing>
      <hiesGridder toperArnDefends="ollamhWhompsUnfamed">
        <unkinAgcy>eruditePyloricEquiv7385</unkinAgcy>
      </hiesGridder>
    </morinYeso>
    <manseIzba>
      <patiseSikes>ravedCensorsNene</patiseSikes>
      <tundras>
        <hearsed>averinLegge7474</hearsed>
      </tundras>
      <sanjibMarmitCuishes>
        <beroeDreckChafers>3201</beroeDreckChafers>
      </sanjibMarmitCuishes>
      <olepyAspasia beworm="17369665" yarm="519">
        <feloid>unciniSpreeuwJeery</feloid>
      </olepyAspasia>
      <camogieNjave jukeMongoes="monish" ahtenaGiddier="gauger">
        <chirmedEucreHurry>pargoSundangMazeful773</chirmedEucreHurry>
      </camogieNjave>
      <partons dimmedPuppy="poudrinGramaHdkf" sensor="aeolusAccoy">
        <yeply>rochetsGrinch</yeply>
      </partons>
      <insteamChama macuta="embowelBlitter">
        <effluveGremial>podosEndecha</effluveGremial>
      </insteamChama>
      <hoppled>
        <purvey>3470</purvey>
      </hoppled>
      <pooftah zeteticTungaFurrows="473" devex="francKaziCalque75">
        <iodinsIgnameSpuria>352</iodinsIgnameSpuria>
      </pooftah>
    </manseIzba>
    <kamiksTaller dovensRugoseQuinins="282">
      <curtal>pungie</curtal>
    </kamiksTaller>
    <cella>
      <ureido>38</ureido>
      <stolist>
        <staplfShemaalCurdle>sextos</staplfShemaalCurdle>
      </stolist>
      <placodeStreak>
        <tabledIwearth>7770913</tabledIwearth>
      </placodeStreak>
      <melded>
        <sublate>toupetKochCrept</sublate>
      </melded>
      <fingerConchieBeliked imagismBleared="trypetaLactant">
        <nanigoTemse>potpies</nanigoTemse>
      </fingerConchieBeliked>
      <pareKhubberSeiches pacinkoPeakily="300675" uncodedHelder="yeaKnittleSteeper">
        <exsolveGirnyStuprum>duelliMikeyOgling</exsolveGirnyStuprum>
      </pareKhubberSeiches>
      <rumpyByrrusWesley>
        <pyesManettiNervine>suineGeisaWuzzy7861</pyesManettiNervine>
      </rumpyByrrusWesley>
    </cella>
    <galanteGlops>
      <zymomin>gadisSubfuskUnworld</zymomin>
      <soodleHummock vai="reppGambledEncrown" finboneUnroof="unnose">
        <sesamin>spicRumoursCanela</sesamin>
      </soodleHummock>
    </galanteGlops>
    <baals>
      <marses>gweed</marses>
    </baals>
    <terriTampoe>
      <demosesPeganum>prerich</demosesPeganum>
      <bejan heremSaboted="tampa">
        <cloacasSidion>rivulusDuesRoseine</cloacasSidion>
      </bejan>
      <winds>
        <kurumba>raiidaePescod</kurumba>
      </winds>
      <chinolKnockerRclame champs="popweedWhipped" agravicMusth="raters">
        <forwrapPolemanUpbear>mashamPlosion</forwrapPolemanUpbear>
      </chinolKnockerRclame>
    </terriTampoe>
  </lockrumLinersBanque>
  <verine>
    <fegaryIos>
      <dockingDroudTonify>planky</dockingDroudTonify>
    </fegaryIos>
    <bassetAkule>
      <mnageFlaxierAgyrate>humphedUpbraid</mnageFlaxierAgyrate>
      <catchesFurs chow="tigtagBulbedQuills" obliges="9">
        <preposeTechier>avoyHummaulPronaos38</preposeTechier>
      </catchesFurs>
      <destoolSummaFosh>
        <perkily>bodefulClods</perkily>
      </destoolSummaFosh>
      <irises charted="tripos" urundayIxiama="befleaLatestBiers53">
        <accoyedPensil>zealotsMiddaysTeacart</accoyedPensil>
      </irises>
      <weringTipiEchoed twasFlan="schoche7658" bos="677297">
        <kymnelProv>kellaBerneDictate</kymnelProv>
      </weringTipiEchoed>
    </bassetAkule>
    <hitchedDiadromExurge>
      <connerLungieNoduli>bauge2</connerLungieNoduli>
      <starfulSclater tinererCaratch="curiet">
        <hantleHadderAhimsa>neptune</hantleHadderAhimsa>
      </starfulSclater>
      <libant quartosNitrileDacoit="sauty">
        <phrygia>rebateAlgarotRefusal</phrygia>
      </libant>
    </hitchedDiadromExurge>
    <tastingUnc kaithiConelet="ungirdsZobo" pathan="locatioPechan" gashHandsel="centrumExoleteClashy">
      <stubLummeLuxus>reglowCreamy586</stubLummeLuxus>
    </tastingUnc>
  </verine>
  <rubePeculiaThrail mania="53882751" bussPacquetListy="369" />
  <touzledWodgyDuping closedCotoxoOrdeal="moots8" passimAjaja="redeems" asserveBridge="modiusDecorum" />
  <karoDomoidSilages balliumWyverPrespur="bemeanGloated">
    <nectarsSudateEncist>
      <yams>plantalOnlook</yams>
    </nectarsSudateEncist>
    <rangedWhetile limmerBidiBaku="wawledAlameda9941" kithAgamist="coyolReune" woesQuinzeCojoin="6996">
      <sparkleLeucon>seggardLeonHocks</sparkleLeucon>
    </rangedWhetile>
    <dickies>
      <galenNods>aporosa</galenNods>
    </dickies>
    <colmose>
      <katikMiboundAbody>matricCrowlLooters</katikMiboundAbody>
      <musicsBlanqueStrold>
        <prysDhobie>52873</prysDhobie>
      </musicsBlanqueStrold>
      <pechayClewingCrotal>
        <jowedKendirGinks>tweagAlexasLegers</jowedKendirGinks>
      </pechayClewingCrotal>
      <foistedPloversGitoxin>
        <teaishAssnWiver>9621</teaishAssnWiver>
      </foistedPloversGitoxin>
      <associeSaudis ochreaeGieingKafila="dialed263" loegria="guardee">
        <relaxesMeeksWert>99169</relaxesMeeksWert>
      </associeSaudis>
    </colmose>
    <gordianBarato weldingFeus="9509863" aux="851459">
      <concherSophora>rollsGrylleLanders</concherSophora>
      <mexitlGox gunter="jogglerPnyxMascon1">
        <squidsTappingZarf>wrapleCaesiumEyedrop</squidsTappingZarf>
      </mexitlGox>
      <youwardDualizeSmrgs foalKreuzer="683810">
        <cuinage>545528555</cuinage>
      </youwardDualizeSmrgs>
      <muff>
        <slathTampoon>spicierIngreatFidfad</slathTampoon>
      </muff>
      <dubbMellArca msterFactfulEnforth="beerilyUmestPorites76" fatsoesAddnl="unshift309">
        <upthrowCitydomHabiri>luntedPoetSarada62</upthrowCitydomHabiri>
      </dubbMellArca>
      <urosomeBoozers granthi="964407" shilpitOntaric="60420">
        <mediums>hoveled</mediums>
      </urosomeBoozers>
      <kinkily warray="11" formedHectiveGauffre="65359">
        <kopecScuzTorahs>currackCeibo202</kopecScuzTorahs>
      </kinkily>
      <begrim extraDusteeLoiasis="charmelKhud">
        <thaisDactyls>griffesFirringMcf6925</thaisDactyls>
      </begrim>
      <twenty editCuriara="agneauxVocular" unlimpSartCloky="arsenylTabers61">
        <filosaArthraErth>waiseDiquats</filosaArthraErth>
      </twenty>
    </gordianBarato>
    <dalarTouchBoth>
      <bowtell>47310</bowtell>
      <voterClogged>
        <promoteTomans>tronas84</promoteTomans>
      </voterClogged>
      <moneronIntuentDuckie>
        <yuppieDulcetsBogach>mannansIxodes</yuppieDulcetsBogach>
      </moneronIntuentDuckie>
      <goofily amoebicSubsaleZuffolo="siredonEnringMosque">
        <glutealCarrell>38808878</glutealCarrell>
      </goofily>
      <torpentDedans sittingEmblaze="gussies">
        <fetusesKaliArchsee>pinangsChromyRabies</fetusesKaliArchsee>
      </torpentDedans>
      <slippy obtundsPigly="578502002" catasta="couths">
        <chorion>78208835</chorion>
      </slippy>
      <pehleviCellos zaniahKebarCubica="berean" beaded="gumlikeWareman">
        <obeseZinganoTinsel>crimeaGoads</obeseZinganoTinsel>
      </pehleviCellos>
      <buteinMoldingKevils limnal="crape" papposeMistideMarrube="82752">
        <require>illusor</require>
      </buteinMoldingKevils>
    </dalarTouchBoth>
    <pourie>
      <argoanChoregyMinimax>aesopicViciaMenthan</argoanChoregyMinimax>
      <dewoolBeglucGaunty>
        <tawieHazardTiqueur>atiptoeCtenii</tawieHazardTiqueur>
      </dewoolBeglucGaunty>
    </pourie>
    <alumnaeJubesJalkar elephasDamsite="emplumeFatalsJagua" vare="retenueInmeats" ardebKanjisPhorid="rucksey">
      <fogless>pret</fogless>
      <rummily murraro="clk">
        <horstesCrazily>segolSozins</horstesCrazily>
      </rummily>
      <poggeMisfit hayingsCuisineAdossee="burpingGadsmanMehalla" pustule="conins52">
        <auditedAuldLpm>kabarUxorialSequela</auditedAuldLpm>
      </poggeMisfit>
      <helixLeadoff voraz="oopuhue" duplone="lawishPreppy565">
        <bermsInfundEster>gujar147</bermsInfundEster>
      </helixLeadoff>
      <pileupsParahCanzos rooinekBilbosCrea="mavieToluide" lentisk="musingQuaedam">
        <peony>cyesesNewport9</peony>
      </pileupsParahCanzos>
      <semenceHapped yeniteEnraged="parkwayHyperCoriaus" tritaph="876">
        <salveQuelmeKermess>bifoldMuggursGowdie</salveQuelmeKermess>
      </semenceHapped>
      <slavish blabber="guzzled">
        <talionsCirriSanjeev>irruptsCoggingFusain</talionsCirriSanjeev>
      </slavish>
      <frawnOneselfRewrote kuldipPuttock="divinyl">
        <obsideKojima>214663000</obsideKojima>
      </frawnOneselfRewrote>
      <urdeAfacedBangle argemaAssume="luffsCynismPushier47">
        <gallahPitied>wungee</gallahPitied>
      </urdeAfacedBangle>
      <deg lawlikeSparidCirca="ladifyKanara947">
        <toment>442</toment>
      </deg>
    </alumnaeJubesJalkar>
  </karoDomoidSilages>
  <winnardTossilyPranky snug="8277" unwound="pietistWurst">
    <blueyKuberaZirak>
      <dishelmTronCausal>coelinAcinar</dishelmTronCausal>
      <syphersBimotorKvas>
        <jumada>booliesGrike</jumada>
      </syphersBimotorKvas>
      <despert rejoltUnhull="shogaolCofinal" mapleChwana="soorkyNiveau">
        <zigzagHornily>354</zigzagHornily>
      </despert>
      <serianUpbuilt loathesSeptier="681714379" nashira="ambitPauky">
        <typo>siddur</typo>
      </serianUpbuilt>
    </blueyKuberaZirak>
    <hgtCasinosZingaro>
      <embrownTussur>scaldyWeedery</embrownTussur>
      <ambits tigellaFenianSetfast="trajet">
        <nellForegoScrunge>weeper8</nellForegoScrunge>
      </ambits>
      <biddiesClackerThy rhizine="wrackDinner">
        <repruneSpanemy>xylylInseer50</repruneSpanemy>
      </biddiesClackerThy>
      <danizeCoelata miggMelic="lownly">
        <guttideHoey>darts</guttideHoey>
      </danizeCoelata>
      <igneousUncallEntrada entrainBolarPengun="arrearOthelloMisgrow18">
        <undrew>watusi9</undrew>
      </igneousUncallEntrada>
    </hgtCasinosZingaro>
    <gaunter>
      <maniacJams>inanityCowshedNonoily</maniacJams>
    </gaunter>
    <accreteVervetsBardo ushakCallat="clyCarnsPinwork3" fairestRonyonsCharmed="jenna">
      <jiggerRitual>contoYuzluk</jiggerRitual>
    </accreteVervetsBardo>
    <footlerBhotia>
      <misnameNewsmanDreidl>gappy</misnameNewsmanDreidl>
    </footlerBhotia>
    <turseGeo auxeticDawdy="fluateCursorMangoes" termorsSemsem="442" bah="helixBulge">
      <achenesBorate>sprunnyGilverPrimomo4511</achenesBorate>
    </turseGeo>
  </winnardTossilyPranky>
  <eutopiaGaufre amyelicEpacts="aphacicSlatyBruce" aresEmblic="indylRutin9" />
</pannaPrivet>