<?xml version="1.0"?>
<uhtsong>
  <arrieroWyrock torfleViscus="buirdlySuddsDuped" rakerMyoxus="7891609" goyinPandion="trundleImpeyanDwell">
    <gracerZingier>
      <eaters>dostUnnaive</eaters>
      <hookmanHoersAfar wombatsKlosse="steatin">
        <barth>3</barth>
      </hookmanHoersAfar>
      <rewindsCrummer>
        <thooidSlummyPropria>abaffLixiveSkater</thooidSlummyPropria>
      </rewindsCrummer>
      <repacks stewsEpongeNitch="52">
        <actos>pisaJuncos69</actos>
      </repacks>
      <alapa albertPotenty="halloth" subtileGalagos="knollerLouderHimati2937">
        <semih>alerion</semih>
      </alapa>
      <pupidae>
        <ornaHaloa>barpostGentryEmydea</ornaHaloa>
      </pupidae>
      <watchet>
        <okoumeStoaePoulp>besetsCymbidIdiotcy</okoumeStoaePoulp>
      </watchet>
      <cloam incaicSpanedArmband="oeciNickles773">
        <cotidal>ghan</cotidal>
      </cloam>
      <bowwowsMudhookNobbier frothPavier="vappaGobo">
        <bennetBlunket>slierHdwe</bennetBlunket>
      </bowwowsMudhookNobbier>
      <stibic coverts="pheninSubgens" bleaklyUnspeltCumbly="cosechLendedUranic">
        <raad>spatlumGuids7</raad>
      </stibic>
    </gracerZingier>
    <uncateTwpPolian fangasUpped="babine6283">
      <bebilya>838258844</bebilya>
    </uncateTwpPolian>
    <timMossierRunneth>
      <cocopanIncises>villaeAutoputEstate</cocopanIncises>
      <ruction>
        <enarmeMuras>spissyNinutVolvate</enarmeMuras>
      </ruction>
      <smeltedUreides>
        <milkersMunsiffOdylize>1</milkersMunsiffOdylize>
      </smeltedUreides>
      <tukraBor>
        <ires>laminasCitedTooths</ires>
      </tukraBor>
      <cymarSpartan myricasOutjutJuverna="raffledMagnets" abacaSamkaraBeclart="rediaPrecipeBumming">
        <refrontDodgingIsagon>52669</refrontDodgingIsagon>
      </cymarSpartan>
      <undeaf insStocks="evertor">
        <bewitchCholiSneaks>lamia4</bewitchCholiSneaks>
      </undeaf>
      <divortPhasma grando="carangaLotmentAntaios" detrussInhiateCasern="satinedSonoresWafted">
        <levinerWantProwess>8897811</levinerWantProwess>
      </divortPhasma>
    </timMossierRunneth>
    <dolabraCupreneObserve salep="celestaValines" baghRemakePsaltry="tooter">
      <mollies>uppropTln</mollies>
      <digneTubsMedlars>
        <montreQtrHobbing>73</montreQtrHobbing>
      </digneTubsMedlars>
      <hageniaAgency bahtLutoseBendee="787735625">
        <copensRitter>picachoCudweed</copensRitter>
      </hageniaAgency>
      <zincifyImbosomTravest pinesapVeranda="contestBigaePaid" weekwam="1455385">
        <sellerHirudo>hashab</sellerHirudo>
      </zincifyImbosomTravest>
      <narw>
        <bombedParse>skiviesMonkey</bombedParse>
      </narw>
      <khubberUlnaeEnlists>
        <sinifyTuataraPillion>3036858</sinifyTuataraPillion>
      </khubberUlnaeEnlists>
      <escrodKallima>
        <yob>diatomsZanyishHockeys</yob>
      </escrodKallima>
    </dolabraCupreneObserve>
  </arrieroWyrock>
  <vorpalChamoix thyroidHued="copses41" semitaeHots="shewn" />
  <uplandCnemisHandel gillnetBatonnePianola="markkasKipfel" freightPaidDiploe="misgrewKopis">
    <anconalResex>
      <shewaJailersSalsa>akingMentis</shewaJailersSalsa>
      <fallowCompo abyssaWoodiesStepups="19" gemauve="tabbingCobourgDemihag">
        <irridePhellumSurlier>tollers</irridePhellumSurlier>
      </fallowCompo>
      <vawardMisfitsSwy enkraalInkfish="1769270" rifledDisdeinMowse="bemeanKidangViolon">
        <otology>asapMuledBucayo8945</otology>
      </vawardMisfitsSwy>
      <electly>
        <lacmusJunius>repryDolmen</lacmusJunius>
      </electly>
      <rotamenJahveh>
        <balmily>hallmanWeewowKamala</balmily>
      </rotamenJahveh>
      <ribosesBatsmenBuggy tracers="kokila" largetOvulateServist="31">
        <tinglesSkiver>jazzingPyla</tinglesSkiver>
      </ribosesBatsmenBuggy>
      <tubaronBourlawKopi yardmanMelisUncaked="57602" failure="paytDioecia">
        <compost>kingpin</compost>
      </tubaronBourlawKopi>
      <appmtCarfourObiit>
        <leavesIsthmusHamza>withbegWaganda</leavesIsthmusHamza>
      </appmtCarfourObiit>
      <hormosSospitaYttria>
        <raisersJute>clocheCast</raisersJute>
      </hormosSospitaYttria>
      <cathinEmpowerCabots farmage="braggy">
        <derner>ald</derner>
      </cathinEmpowerCabots>
    </anconalResex>
    <genipa repugnTaoismRann="noblyKirk" shapers="lairSenaahAsaphus9919">
      <pettersKirkerCrumbum>reboxCycledHangman</pettersKirkerCrumbum>
    </genipa>
  </uplandCnemisHandel>
  <bootsLlautuFiscals skime="bloomsNrarucu" wanyoro="9194" rehearsFlenser="beedom" ipsoVav="kinglySambasSueded37">
    <scoopedDentate holilyTaaJollies="poleaxBiurea" racismsVotesOverdue="brides675" arnaOtoliteTurrion="sodded">
      <sechiumClubbyNiblic>540</sechiumClubbyNiblic>
    </scoopedDentate>
    <melanic shivery="urfCoticedPowdike752">
      <ebrioseTwoling>tzetze7126</ebrioseTwoling>
      <rakiOddlegsQuacky cruetShrubbyTaxpaid="sunnierLiliedMinchah">
        <rewordEtheredDummy>locRantsNaf</rewordEtheredDummy>
      </rakiOddlegsQuacky>
      <numpsBluffer emyde="oralismGarron" pariesCradledTinny="thutter">
        <barhopsSchillu>annoysLautite</barhopsSchillu>
      </numpsBluffer>
      <suppedAyahs assaisSpilerAlgor="pigtailGunner" poulpDename="frauAslake">
        <pupilarFoiled>synchroOitava</pupilarFoiled>
      </suppedAyahs>
      <orlandoUnfar gentyCanelleSpirane="udalmanFempty2" unevenEngobeNomes="manilioUrsae">
        <unsage>inlessGayerPaleron</unsage>
      </orlandoUnfar>
      <nudesGingle>
        <bepillPistonsFray>standeeGunnen4058</bepillPistonsFray>
      </nudesGingle>
      <humoursTrident mistralTibeyTalahib="bruchid4070">
        <galeass>5845</galeass>
      </humoursTrident>
    </melanic>
    <benomyl piquesPennonsAmimide="3216" sextantKatinka="177876">
      <peahenMangoesMusette>gogglesSuitly</peahenMangoesMusette>
    </benomyl>
    <berylMaqui>
      <negatonShagia>twigsArrayedPiotty</negatonShagia>
    </berylMaqui>
    <custosNoggingUnplan>
      <slicersWrichtRicket>slappy</slicersWrichtRicket>
      <baylet moriori="cleuk6" unawedHodadsUdder="172">
        <nogs>hymnaryTernar</nogs>
      </baylet>
      <echidnaBivial barrRelataBorize="geodalSeemsAbduces">
        <dairies>redwingLlaneroChemick2086</dairies>
      </echidnaBivial>
      <crabber ishmaelDenebMagna="8709" obesPishedMaria="asmilePanton">
        <synopChipLean>how</synopChipLean>
      </crabber>
      <shitherGraysAuramin merciKansasNapped="botfly" isizeHangulNacres="choric">
        <giglot>earnie934</giglot>
      </shitherGraysAuramin>
    </custosNoggingUnplan>
    <sennasGremioPatient>
      <slumSieger>okoumeLasherWullie</slumSieger>
      <silkingAerocar>
        <garnice>awberMagogSludged</garnice>
      </silkingAerocar>
      <gremmyApogee dietistDroner="perseBoho802" cakier="rubian">
        <hydnora>414</hydnora>
      </gremmyApogee>
      <seniorsRhaTaiga>
        <pinic>boxcars</pinic>
      </seniorsRhaTaiga>
      <draftsCogways>
        <frazzlePalmus>syconidBomble</frazzlePalmus>
      </draftsCogways>
      <sinuousPhytane liquet="avocat">
        <screel>solversShtetelMustee79</screel>
      </sinuousPhytane>
      <idiomsPredictAlway>
        <solacedKelping>hulloa</solacedKelping>
      </idiomsPredictAlway>
    </sennasGremioPatient>
    <pareticGlottid>
      <sextic>starerReplantOno</sextic>
    </pareticGlottid>
    <amobyrTamanuGrossen>
      <juicingFryer>espigleUprear</juicingFryer>
    </amobyrTamanuGrossen>
    <scalxImpearlDejecta>
      <salvoedAcronalNerol>gulonicDicer</salvoedAcronalNerol>
    </scalxImpearlDejecta>
    <nupsonJambosaHayey qadiRerailVermuth="scuffer">
      <oliveLurch>50</oliveLurch>
    </nupsonJambosaHayey>
    <atiltPatu blsAgujon="ballardToesPhylon" gaplessDatanaDittay="rouilleMesonyxHankers" volvasDawishIhlat="norite7">
      <meetenAcrook>liferSaviour</meetenAcrook>
    </atiltPatu>
    <jailed caraibeNovaliaCrepes="3768574">
      <boorgaMabolo>fifteenReamedAplome</boorgaMabolo>
      <weavedGrignetGrouty deilsPuther="geode">
        <exampleMorassy>fuzzilyBikewaySculsh</exampleMorassy>
      </weavedGrignetGrouty>
      <koumis>
        <tweeshSpicedHiate>atelo</tweeshSpicedHiate>
      </koumis>
      <argive>
        <gingkoPlaying>numbingArbory</gingkoPlaying>
      </argive>
      <fridays preopenKinemasCurrane="gabiesDetantDugway" cottonyHewel="pennageSikesTrawls">
        <jozyOvercapVol>boglet</jozyOvercapVol>
      </fridays>
      <hagada onkosUpcockMachair="foolsSpanksVoluted">
        <stummel>targes</stummel>
      </hagada>
    </jailed>
  </bootsLlautuFiscals>
</uhtsong>