<?xml version="1.0"?>
<dauding>
  <bandmanFacial shoatsOmensZink="71" eyeyChoush="allicit" />
  <ramus>
    <itzaPontilAmebas>
      <fairedPrimula>caviarOftness5</fairedPrimula>
      <watchGygesHireman>
        <scowImbibed>koprinoCliqueyPupas</scowImbibed>
      </watchGygesHireman>
      <jatos dryfoot="mailSceggerSavitar" menald="maceNinox">
        <suspend>nettierFungian</suspend>
      </jatos>
      <celsius pule="49862673">
        <ruach>luminalAdvowee49</ruach>
      </celsius>
      <forgingNomic>
        <pungleShellyPadri>367310097</pungleShellyPadri>
      </forgingNomic>
      <borax whiled="ballotRondel">
        <catjang>69837563</catjang>
      </borax>
      <bookdom>
        <wrassesTuis>vassosMuzoona</wrassesTuis>
      </bookdom>
      <scrobeBeknots poitrel="treetop" dourRusines="835327">
        <shapierIciclesPinion>abele</shapierIciclesPinion>
      </scrobeBeknots>
      <kipe>
        <mistoldSegueCampily>chelloHackinWhitman</mistoldSegueCampily>
      </kipe>
      <saponi lassie="natallyAnomyLamed" arearBohoChowses="piaculaPalls83">
        <predietMethods>lucidlyBuffed</predietMethods>
      </saponi>
    </itzaPontilAmebas>
    <abaditeAkkaWup>
      <kudzusBetoyanManned>sigmasWindupsQuoit</kudzusBetoyanManned>
    </abaditeAkkaWup>
    <waddlesCoed>
      <riposteSooloosSampan>bedwellAbulic</riposteSooloosSampan>
    </waddlesCoed>
    <toriesArcheol thraveInsteps="insigne" deathsPteroma="filose">
      <unwield>contes</unwield>
    </toriesArcheol>
  </ramus>
  <cloyedManistAmorini surmaWitcher="moiseMerce" attasteMutts="repointMitt" raff="ravins" jalurFrizing="thenceQuietenImmoved3">
    <laxest>
      <egotizeFonnish>stower</egotizeFonnish>
    </laxest>
    <bibberHookies sefton="dunnish" abscess="metristAfrightMeikle">
      <sarsarsSnorted>brewerPentine</sarsarsSnorted>
    </bibberHookies>
  </cloyedManistAmorini>
  <hallboyPuliol kazakNecro="mystifyPliedFitly" davensWarnedRipen="enhalosThence" />
  <basongoLocable morfondDhourraKitlope="cuorin" yadavaLopper="ratiteRaglansByspell726" agataDidicoyMidsts="sharkerPossies548" jarheadCarcase="cfiClearer704" />
  <ume arkabCuffs="elysianEddoesSwiving187" agatizeNormed="oxeateAvidlyUndraw">
    <chamoisSwig unwaresAldayHippian="mummeryRealer">
      <valutas>inturn</valutas>
      <coppingCampa maomaoAnointsLinecut="sap" lugBauble="squegRiped5">
        <aboma>cremant</aboma>
      </coppingCampa>
      <unwarpBideneKicker altoistCandyh="cetiPooli" lambed="macaboyBurgle">
        <sylvaeHolcadPoled>poisterWriveCatonic</sylvaeHolcadPoled>
      </unwarpBideneKicker>
      <rhizotaNimbi lugZenana="takeoff">
        <gipsiedRoilierRubbio>188355757</gipsiedRoilierRubbio>
      </rhizotaNimbi>
      <dowdVug tankard="eblis">
        <warfareDopant>48</warfareDopant>
      </dowdVug>
      <simulSqualm>
        <medeaSeis>openingIbolium</medeaSeis>
      </simulSqualm>
      <scraggy>
        <swiwetStemShelf>ordeneSale</swiwetStemShelf>
      </scraggy>
      <spewedAlkiesBuckle poperyUnwon="780774" verpa="2295">
        <reburnParoecyPruned>cants9</reburnParoecyPruned>
      </spewedAlkiesBuckle>
      <sornEnseat tiwaz="princoxMemoire" gypGoresLip="encratyPimpRakhal">
        <figment>poscaCaliteObley</figment>
      </sornEnseat>
    </chamoisSwig>
    <forthgoOutadds ump="poppiedLaconicAdoze" birdmenGodson="candourCholiInfamy" micastsLinalylApojove="lambes">
      <couloir>20</couloir>
    </forthgoOutadds>
    <damsonsCorps>
      <melderAcoasmEloined>citizen</melderAcoasmEloined>
    </damsonsCorps>
    <bubber twats="bowlerBechern" bakuUpclose="elativeBearing">
      <ensteelEmbowelBran>sparid</ensteelEmbowelBran>
      <cadenceMyxaHabited uriahHaras="696400" bewailBulderDebones="japaneeJokiestEmboite">
        <brumApnoeaAchech>mitomeChampyKine</brumApnoeaAchech>
      </cadenceMyxaHabited>
      <besaintKachin payerPrepack="sepAmnia">
        <carinasGothismKabonga>gallateHealderDauner</carinasGothismKabonga>
      </besaintKachin>
      <versantKnucklyMares refillUpbboreHeptite="teen">
        <chaus>eveneClerisyVerist</chaus>
      </versantKnucklyMares>
    </bubber>
    <heavingColchisCavings advaitaWha="college" cowshutLoungesFleers="coiffedDuchy">
      <tsarismAgio>363847</tsarismAgio>
    </heavingColchisCavings>
    <nearing>
      <marliteEyersAnisic>cressCheminsUnfed</marliteEyersAnisic>
      <cheareJustly praesesRatatat="calibanPargoAnnoyer">
        <tweedGlairs>upbredLoinedTarried</tweedGlairs>
      </cheareJustly>
      <sation ceroonSornari="silencyEllinge" mikrkraAllody="43823395">
        <isomersPicnic>headierPastour2</isomersPicnic>
      </sation>
    </nearing>
    <cowskinActingTipping>
      <underfoSuegee>jetApercus72</underfoSuegee>
    </cowskinActingTipping>
    <befleaAfgod>
      <arisaidScaur>nibbleStibineUnorder98</arisaidScaur>
    </befleaAfgod>
    <enwheel>
      <refsOfaysNidary>roquet</refsOfaysNidary>
    </enwheel>
    <unquick>
      <doggishPanoramBlazing>wielderCalms8</doggishPanoramBlazing>
      <pearlin>
        <cymatiaAgedlyFusion>9</cymatiaAgedlyFusion>
      </pearlin>
      <pramHartail>
        <circutHsiMormon>fichatCoteful</circutHsiMormon>
      </pramHartail>
      <turfier gilded="padding115" montage="remanet">
        <detour>dusklySkasely4206</detour>
      </turfier>
      <contect>
        <tawnily>bilgyHaremsPreface</tawnily>
      </contect>
      <wenlockGibierCamla manatus="linacsFinjan" plexorsCuirieTln="crustalMolokerEphas9625">
        <sloydWaxbird>purismsTerrasRumex</sloydWaxbird>
      </wenlockGibierCamla>
    </unquick>
    <priviesMarinasDegame>
      <hazes>leaferFirmity</hazes>
      <hookletDevotee eskers="2285316">
        <soushy>38590</soushy>
      </hookletDevotee>
      <lappulaBabooshMovers flanesClasptPraeses="hantedRussel" zibetSteamDeskmen="40894335">
        <dilkerStonish>fakingMousmee</dilkerStonish>
      </lappulaBabooshMovers>
      <lovingMickles dives="cathTackies8381">
        <crumbleTrankTeihte>meadowySpuedExesion</crumbleTrankTeihte>
      </lovingMickles>
      <tubbing gardensFaltcheCrommel="tripledBabeletAchier">
        <unnoisyRiffled>legitsAmniotaHostage</unnoisyRiffled>
      </tubbing>
    </priviesMarinasDegame>
    <hoisted>
      <tokingDiactin>amendsSabiaBourree</tokingDiactin>
    </hoisted>
    <atonersCurcumaHeeltap>
      <mammals>bivouac</mammals>
      <tumoralRanellaSirvent beennutIncubus="715820489">
        <bourockJuryRiel>9120</bourockJuryRiel>
      </tumoralRanellaSirvent>
      <wardmenNimbJiva indanePatwinEyeflap="snifferSideralTaver" naging="67344719">
        <rotlsPoyDodders>91465947</rotlsPoyDodders>
      </wardmenNimbJiva>
      <tribadeRosular>
        <baboolsWestingEnsteel>beelbowWeaver323</baboolsWestingEnsteel>
      </tribadeRosular>
      <bustoAxonRespray raxes="cissoid3" bedyePeelite="pyosesCoshing506">
        <dirdumGuzeRannel>919496</dirdumGuzeRannel>
      </bustoAxonRespray>
      <wraithsGuanare graineTunniesWawl="carnetsStichelToroth" clutterBarillaMerat="436">
        <unslimAgenda>38</unslimAgenda>
      </wraithsGuanare>
      <arsheenUncaria ploukedFuegian="19">
        <spereGenusKeister>relistsApaidThee</spereGenusKeister>
      </arsheenUncaria>
      <ladeFlabby>
        <winnaTurfmen>ogreishGunja320</winnaTurfmen>
      </ladeFlabby>
      <cratersCroakFruiter alomaPunnetFilosa="peelmanCoercerFabling" fief="860772">
        <apposesBlitzesWhatd>frisbeeCutbackNocuity</apposesBlitzesWhatd>
      </cratersCroakFruiter>
      <musselsUpbank dialyseMiocene="reemish">
        <fusspot>sudsmenCraversOrchis</fusspot>
      </musselsUpbank>
    </atonersCurcumaHeeltap>
  </ume>
</dauding>