<?xml version="1.0"?>
<dunkardZoismMurgavi>
  <beauishGuayabo imploreAbbestAnnotto="hangbyRiftsAcc" wows="coryphSqudgy" />
  <clyersKenema bebackLurerPyocele="688322" tyre="6">
    <goanFluencyEntheos>
      <pawkilyPyicCellose>geldantDonackGalt</pawkilyPyicCellose>
    </goanFluencyEntheos>
    <bract osirisLiniyaFelling="489" carlotKoelliaRemoted="slank91">
      <urchin>kelehBedrid</urchin>
    </bract>
    <varioleLongeve baggiesUpchokeWalnut="ahumLipuriaStormed" dullest="ribibe" discuteMaoist="6">
      <limby>jewshipUlexine</limby>
    </varioleLongeve>
    <bid>
      <snifterMastoid>lotaseButanalThymier30</snifterMastoid>
      <oryssusCytome warthogPuppet="dessilPukateaDis7105" unitaryCutlets="tanyard">
        <ramsch>alichelSluicyPailoo</ramsch>
      </oryssusCytome>
      <aglets gueDemises="vaguios67">
        <debsMorganaVerruca>320187</debsMorganaVerruca>
      </aglets>
    </bid>
    <burleskLinalol>
      <agapeicTitien>torretUrgesLeads</agapeicTitien>
    </burleskLinalol>
    <spelk>
      <junkMannansBridles>46147983</junkMannansBridles>
    </spelk>
    <widegab>
      <axumiteParisesAenach>forgoSuppler7504</axumiteParisesAenach>
      <linten>
        <shakil>panmixyShachleInfidel</shakil>
      </linten>
      <facialsSpere haikunDeceit="sizzledMuggsSofter6" whareerDumFight="dustierSemenAba">
        <joutesMorpion>luces64</joutesMorpion>
      </facialsSpere>
      <mealedGorlin>
        <casquetTlo>stadionLeaguedMyopia</casquetTlo>
      </mealedGorlin>
      <unwarnMnaFaro>
        <bettinaDairy>eraserTailerUreido</bettinaDairy>
      </unwarnMnaFaro>
      <cochinBagwigs iratelyQuerentSaltery="priedHerl">
        <pleon>kophGpd</pleon>
      </cochinBagwigs>
    </widegab>
    <palsifyHidalgo>
      <sabikGladiiPetcock>47509</sabikGladiiPetcock>
    </palsifyHidalgo>
    <cledge>
      <hiateDeink>37351</hiateDeink>
    </cledge>
    <ulmicMistily rescindCannonToufic="volOillikeGanda">
      <hangeRetardPemphix>6</hangeRetardPemphix>
    </ulmicMistily>
    <diluter>
      <dogribLoofieFotmal>742</dogribLoofieFotmal>
    </diluter>
  </clyersKenema>
  <enheartSarsarDrang wintle="hemad" quiapoIodate="pettleDarkleLoki" guilty="ranisRubus" />
  <untumidChevenMises pestArniGargil="newcalExodyRutiles" grammaTactorFormful="mituGemmierWyvern" />
  <sennetsPopodeReget>
    <cayucoBelterHaldu>
      <wallSkeerTong>tailyGestura315</wallSkeerTong>
      <tomansDyslogyRoberts>
        <elfwortSpecsCaribes>50</elfwortSpecsCaribes>
      </tomansDyslogyRoberts>
      <sixtiesUpwring>
        <nizamut>unducalGhiblisGarner</nizamut>
      </sixtiesUpwring>
      <arsenyl>
        <museumsCarbyChattah>161</museumsCarbyChattah>
      </arsenyl>
      <netleafOnflowJazzist>
        <restampFumose>vineHobnail</restampFumose>
      </netleafOnflowJazzist>
      <viscus vendues="hushedOathful">
        <queans>fidoCoenact</queans>
      </viscus>
    </cayucoBelterHaldu>
    <cobola>
      <oneselfBludger>porrigo</oneselfBludger>
    </cobola>
  </sennetsPopodeReget>
  <accable />
  <voicerSomal>
    <splay>
      <accreteNemos>delict</accreteNemos>
      <trisulaMoneral>
        <flunkSpaddle>apargia</flunkSpaddle>
      </trisulaMoneral>
      <tunkaBriefsStilet sercom="ecrase" eggcup="cary1">
        <petioliAsks>4808061</petioliAsks>
      </tunkaBriefsStilet>
      <grapeyHemippe psoasApliticNestage="trisemeGnarled">
        <spittenRepugn>sunhatCazique</spittenRepugn>
      </grapeyHemippe>
      <setters cerealGur="25" fondak="levellySevered">
        <narwWakenedDemagog>queuedArgans</narwWakenedDemagog>
      </setters>
      <solanumUndoer>
        <enolate>cupper</enolate>
      </solanumUndoer>
      <wackyHanifBromoil yucaRatinesDialog="snarks">
        <terror>grecism636</terror>
      </wackyHanifBromoil>
      <koalaLimaconTwyers erlking="overnetHymnicAspis" topmenKoorhmnTorrent="coxcombFlecky">
        <lungful>subdateDicastsUsurp</lungful>
      </koalaLimaconTwyers>
    </splay>
    <polianOutbragGimmal tutelae="lobuliMicrons" geopony="daubier">
      <anywaysMusicsPurs>sarusKiwi</anywaysMusicsPurs>
      <pansitNanas pugh="21" costar="wholelyDrageesSesma">
        <plat>finganNounalSmear</plat>
      </pansitNanas>
      <lovedRicinicCarum>
        <typists>kitchenOrraUnexact</typists>
      </lovedRicinicCarum>
      <obtundVrocht>
        <sunnThemselFlaps>gimelsVorageGoozle</sunnThemselFlaps>
      </obtundVrocht>
      <adatiUnsoftToolers cityish="tubicen" mynheerGuerezaFeuded="dandySophsUpwarp">
        <middlesHumphedFrets>morella</middlesHumphedFrets>
      </adatiUnsoftToolers>
      <saltishCoyolRewarm rhoditeErvilPeavy="caukedYoursJerreed">
        <azorianAmidateCassare>suicism</azorianAmidateCassare>
      </saltishCoyolRewarm>
      <dungon>
        <ferity>pulijanIodizes</ferity>
      </dungon>
      <spoffle galliesKinkilyTitanic="waylaysHippa" leachedTrull="olympicLossful">
        <ranatraAmidols>gheeGlosRagbolt</ranatraAmidols>
      </spoffle>
      <offcutConimaCurt ichu="paineSorner">
        <dempnePoseur>8</dempnePoseur>
      </offcutConimaCurt>
    </polianOutbragGimmal>
    <tolseyRichter>
      <weekCateran>geitjieVidame</weekCateran>
    </tolseyRichter>
  </voicerSomal>
</dunkardZoismMurgavi>