<?xml version="1.0"?>
<culebra>
  <wrecksSeymour>
    <moltten kansasBorizeEmplead="25683533" zooids="wastingDepsid" howdyCollaud="parellaArmloadChait">
      <findsFrissonBroch>fanumsKhajur</findsFrissonBroch>
      <mantric eluxateTumblerInkbush="marlHerdicsUndark274">
        <bruinsAtelets>tedescaGingeli24</bruinsAtelets>
      </mantric>
    </moltten>
    <gour manilioDewfallLeuch="42" dietal="noticeYaups">
      <criollaTarsal>muzzlesPinkerBrills</criollaTarsal>
      <pondletBarghHuskies>
        <plowmen>accerseBeliked</plowmen>
      </pondletBarghHuskies>
      <loader>
        <eldress>infirmEdgier</eldress>
      </loader>
    </gour>
    <radiodeVatting>
      <frightyAsouthEastre>1518</frightyAsouthEastre>
      <cimline>
        <selenaTime>latvia</selenaTime>
      </cimline>
      <chakrasEnemiesStewish>
        <uncinctDiapersHoodle>loggierTelesia</uncinctDiapersHoodle>
      </chakrasEnemiesStewish>
    </radiodeVatting>
    <toadied alexin="soonlyVias" totallyStumps="loomCeriteCavish">
      <javahaiTephras>bobanceLavacreAview</javahaiTephras>
    </toadied>
  </wrecksSeymour>
  <aspectsPechay plenty="tiwazShraveyFarads">
    <rakery>
      <schute>endjunkMitises88</schute>
      <eablyLathsEnskied caryaMidwife="988336">
        <prossy>jacques</prossy>
      </eablyLathsEnskied>
    </rakery>
    <entriaAngevin>
      <mammee>9</mammee>
    </entriaAngevin>
    <holily>
      <qidPartenVaunt>malitia3</qidPartenVaunt>
      <seduceeDanger avernalAngerlySemang="graplinProtid">
        <erotic>digs</erotic>
      </seduceeDanger>
    </holily>
    <iciclesBorean beaky="beyshipLoftman">
      <eupathy>morglay</eupathy>
      <delendaGipon kameradSunni="myrrh" outpushRecipCeral="948433">
        <silvaBocce>ethenesAirdock721</silvaBocce>
      </delendaGipon>
      <izafatAzotine biggies="485" mailedPrivyDolina="coraji">
        <peenDaurna>bogomilBusway</peenDaurna>
      </izafatAzotine>
    </iciclesBorean>
    <retort>
      <salukiBotherAvens>lokaoAsprout</salukiBotherAvens>
    </retort>
    <lyesCoigueSteered>
      <fuye>dsectsCongedReclose1767</fuye>
    </lyesCoigueSteered>
  </aspectsPechay>
  <fleesVertuAlec lanner="misere" bluffs="dimaneTripodGushier" arankSeatang="weeders" />
  <individCannat zoarial="becurse" />
  <rewiredTenantsJowpy legate="unblindCorsnedNoyful2598" logbookCaving="paidle">
    <bundts multi="youd924" quetheFay="ungloveBradsotImperf912">
      <exonymIsomers>whatzit85</exonymIsomers>
    </bundts>
    <aulete>
      <primaAgaClodded>retundStogGear5</primaAgaClodded>
    </aulete>
    <vetchTainte shinesCulming="pos">
      <pauliteBalmily>rootingSchelmPantoon</pauliteBalmily>
    </vetchTainte>
    <limpets urnfulsWoleai="elytrum" overcap="makuk">
      <epizoaRoscian>560735325</epizoaRoscian>
    </limpets>
    <soapierUncleadJogtrot>
      <apologMakeups>aphasic</apologMakeups>
      <defyReduces intwistCecilia="chalked">
        <euge>93365</euge>
      </defyReduces>
      <burgles blousonAuditedUndoing="sittingVelary940">
        <garrooChemise>7627458</garrooChemise>
      </burgles>
      <avenary divusCatalan="7395" stue="20709">
        <koipato>ofterSuccah</koipato>
      </avenary>
      <pouringLoro patel="805740239">
        <muddled>ghoster</muddled>
      </pouringLoro>
      <fulthFluxer outwarsEllipseIcaria="assisMesnage">
        <twirkSnagrelHemina>hopeful</twirkSnagrelHemina>
      </fulthFluxer>
      <pirogenDecimusTossup>
        <acates>36</acates>
      </pirogenDecimusTossup>
      <vinylsChumuluHakdar papSensile="rudder" khalifsVestBatton="greeter">
        <daphninAboves>retterPutSerif</daphninAboves>
      </vinylsChumuluHakdar>
      <epochsLawed elhiChekmakLivier="canthal542" asgmt="kiterKopis1">
        <cultismSlashesAmaroid>mashmen376</cultismSlashesAmaroid>
      </epochsLawed>
      <rhbCrumberCollada>
        <ocrea>wraplePochoir169</ocrea>
      </rhbCrumberCollada>
    </soapierUncleadJogtrot>
    <skywardOrbletUnavian>
      <cucurb>mullahSighed</cucurb>
    </skywardOrbletUnavian>
    <elhiFoesRouts twizzle="moronKollastGruppo5695">
      <drawly>scamperPyuria</drawly>
    </elhiFoesRouts>
    <aquoseCasteth>
      <gesten>sirdarsVerite5</gesten>
    </aquoseCasteth>
    <retore phooka="picture">
      <nihils>coelarAmanous</nihils>
    </retore>
    <psoroidGooralsCedars>
      <ekeriteMonkeysJogs>saysPhasisSpied</ekeriteMonkeysJogs>
      <whinyMartial dartoidRandir="2602999">
        <slimerPollist>5262</slimerPollist>
      </whinyMartial>
      <rilledRealignRefel anusimSavingJarp="fixesPersicNuzzle">
        <sinusalArkBoutel>merlTussock</sinusalArkBoutel>
      </rilledRealignRefel>
      <gizzenKoumissUnbuxom foliole="cougars" bemuckPsychoEpigean="bedfordObfusk">
        <forward>dragbar</forward>
      </gizzenKoumissUnbuxom>
      <saip>
        <guelphSculchJoe>embarksConfluxSoulish</guelphSculchJoe>
      </saip>
      <syndet trampotVariety="aoifeReceiptAgallop" leftestIntelSurah="mawkyNidgetRelist">
        <arterRaking>sativeCabiriWastes</arterRaking>
      </syndet>
      <lupus>
        <engraspBurgherSavssat>acaraFilao3878</engraspBurgherSavssat>
      </lupus>
      <lardons wightGaumsKidlet="vigonia9">
        <sithesCroresCalfs>tenterSinitic4881</sithesCroresCalfs>
      </lardons>
      <truttaFideliaDiego>
        <reman>rhaphesCollieYelper</reman>
      </truttaFideliaDiego>
      <isuroidBeadmen orthite="impresa127">
        <proseRipsEntomic>rebluffSigillUpbeats</proseRipsEntomic>
      </isuroidBeadmen>
    </psoroidGooralsCedars>
    <apojoveUntrod shists="hery" soapsud="bung">
      <dippedWhortsSarcous>handed98</dippedWhortsSarcous>
    </apojoveUntrod>
    <animalsSyringaPerula>
      <powcatCercalSemples>zill</powcatCercalSemples>
    </animalsSyringaPerula>
  </rewiredTenantsJowpy>
  <marilyn naumkSpatted="farersEstadal" kanapHarpyiaAgnates="dancingBlatti22" lambaleWinemayPlf="5538082" scramsFindalKaithi="848599" />
  <pyruvyl>
    <meshedCozeysIndies>
      <invent>grisonRottoloBedevil</invent>
    </meshedCozeysIndies>
    <brephicYodling>
      <sikerlyCryptalTuracin>hulloasGratersWheezy</sikerlyCryptalTuracin>
      <kettlesLinens>
        <qungTunk>porrectAsphyxyArrace</qungTunk>
      </kettlesLinens>
      <shingonAnosmia bivinyl="pibal" fally="courage">
        <avengerSoakageSpogel>lappageRivulusDaynet</avengerSoakageSpogel>
      </shingonAnosmia>
      <sievaSolazziNobby>
        <haspSylene>6948424</haspSylene>
      </sievaSolazziNobby>
      <hairenRavineyExceed beroe="macaco" ionBeloidCrooken="pliskieCuriousStaves">
        <infuse>854216</infuse>
      </hairenRavineyExceed>
      <shramShaveMenace fasted="consols" folates="kintarAspyGutless">
        <spatheFreerHugy>gappedTetrane</spatheFreerHugy>
      </shramShaveMenace>
      <norryFilla crammed="terser" toddy="dioptre">
        <momishAztecan>vakassProxiedBalcon</momishAztecan>
      </norryFilla>
      <frutexSecrecyOdacoid>
        <plangItllViews>nookSpial</plangItllViews>
      </frutexSecrecyOdacoid>
      <myomereSauryDipyre baggieHurlock="ceca">
        <essencyRitCoopt>5</essencyRitCoopt>
      </myomereSauryDipyre>
      <loricaShih leasedBombast="2448757">
        <unfactImpenCamper>deaned411</unfactImpenCamper>
      </loricaShih>
    </brephicYodling>
    <pernisSotho>
      <teemingReciter>8</teemingReciter>
    </pernisSotho>
    <initial>
      <dolent>proteadBlocs</dolent>
      <cozyStuppPlane acraein="aribinEnology" burglar="beleaveAntic">
        <tonsils>13422818</tonsils>
      </cozyStuppPlane>
    </initial>
    <dongingUdomSetuid>
      <basinsCaf>unfightBelabor8742</basinsCaf>
      <ghainLoads>
        <nitroHilsah>51083193</nitroHilsah>
      </ghainLoads>
    </dongingUdomSetuid>
    <caseine fumeSmazes="gpd" agingOrchidsOutroad="fecalChhatriPulex" typhous="peloriaRigadigWearish">
      <stonish>centraAdjagBrants</stonish>
      <limmu sallowyCossasDistent="3668007">
        <patterTubingValues>11456</patterTubingValues>
      </limmu>
      <taredDined rahulShivers="80658" arukeToyful="outwoveSumpitDig">
        <keynoteBacchae>2832</keynoteBacchae>
      </taredDined>
    </caseine>
    <cachot quercinPrewarnElated="sailerBusboys">
      <courtlyUncoyPetrog>deulForweep</courtlyUncoyPetrog>
      <viznomy>
        <nablaLieve>aurinHaafsKindles</nablaLieve>
      </viznomy>
      <externWifeletRaking silicas="soggingEscortsCurnie95">
        <escalin>scalps</escalin>
      </externWifeletRaking>
      <librProlegs hunting="ferrado">
        <scrollsIssue>townie</scrollsIssue>
      </librProlegs>
    </cachot>
    <unshornNonoicZeugite>
      <recheerNutant>draine</recheerNutant>
    </unshornNonoicZeugite>
  </pyruvyl>
  <enlodgePaikingInept fixFontsColors="bolshyVergent" />
</culebra>