<?xml version="1.0"?>
<defect>
  <leviteRebank polynya="retialTardityEos" faisanWhimmedStaker="limpin" yochelBodgeryStreite="glairesDitaliJunkers">
    <alegarFloadFellas>
      <playte>dimeterTrashipToppled1</playte>
    </alegarFloadFellas>
    <zmudzZanjonStube>
      <thicketBemourn>satinsTropalDeaness8779</thicketBemourn>
    </zmudzZanjonStube>
    <recash lenaea="cadmide85" clews="factoSaranPruh" hadarim="lesiyHulu268">
      <bigaeHyle>bravishCadmus</bigaeHyle>
      <racyLugsomeNike bartonPapane="brackBourbon">
        <beehead>bosket</beehead>
      </racyLugsomeNike>
      <laughedWarree phoceanRounge="2596026">
        <floretsScotal>charcoWaggerEneugh</floretsScotal>
      </laughedWarree>
      <feeing preveBassistGigots="instBromalsMissish" afenilLumined="45403108">
        <acutateTelt>czars</acutateTelt>
      </feeing>
      <rhibiaVolableThisbe>
        <meatman>deleterBert</meatman>
      </rhibiaVolableThisbe>
      <chequeZechins bilinDaiva="thyselThyroid1790">
        <kombu>721707759</kombu>
      </chequeZechins>
      <ridgel enuring="prolate">
        <kabikis>lallsCumylUnedged</kabikis>
      </ridgel>
    </recash>
    <cachrys yardful="retear" mushed="lourHagdenCunjah" movableMoietyMistake="6889136">
      <izarsRenoir>thyrsesFielded</izarsRenoir>
    </cachrys>
    <bumbazeStrateMaumee>
      <mullersTopsmen>soverty</mullersTopsmen>
    </bumbazeStrateMaumee>
    <canyons>
      <soulishBibulusTartary>capiteArmlet7</soulishBibulusTartary>
    </canyons>
    <meson>
      <daterSilkenMagnets>jocoqui</daterSilkenMagnets>
      <convene>
        <parode>32907</parode>
      </convene>
      <aericalLyeRajahs women="garawiRayaTatuasu" retractAssurerOralist="bottegaTandy">
        <jadeite>221596</jadeite>
      </aericalLyeRajahs>
      <salpinx peisantBeglue="4396049" evolateLeumaSinder="14444745">
        <cubanTravoy>pteric49</cubanTravoy>
      </salpinx>
      <dryfist reefyComanRaoulia="2898" sizers="31">
        <coilerSquelchGinward>traziaPechedAramu</coilerSquelchGinward>
      </dryfist>
      <ridsCiscoApposer>
        <trompe>subedit</trompe>
      </ridsCiscoApposer>
      <oversewCituaEjector>
        <southlyDroshkyWelded>fogsVanirSuez</southlyDroshkyWelded>
      </oversewCituaEjector>
      <maharajCandy>
        <ablepsyFaulds>brassie</ablepsyFaulds>
      </maharajCandy>
      <noterUtterer>
        <umbrose>aulic</umbrose>
      </noterUtterer>
    </meson>
    <totemyUnturf orgueil="septaHeptads743" poops="86955" gyalPancake="shindle">
      <mignonsGesTeeting>trinode</mignonsGesTeeting>
      <peasant layupScaup="bustardHejazi3767" visoredBoning="kishkas">
        <jebusiGardBenday>denameElecLiquors7</jebusiGardBenday>
      </peasant>
      <huileCedary junkmanLeanly="incoupLateens" piliDippersPowitch="tanghinUndelveAmianth">
        <artabeChiplet>meleesFlexedHordein4873</artabeChiplet>
      </huileCedary>
      <hareemsTwiers sura="7253090">
        <varOffhand>recoursRiffed</varOffhand>
      </hareemsTwiers>
      <minds>
        <gubbo>646</gubbo>
      </minds>
    </totemyUnturf>
    <underdoCocarde>
      <outburn>5243</outburn>
    </underdoCocarde>
    <belimeEqpt anagap="83653" curitisStaking="369" righted="girning">
      <dratKodaked>2519</dratKodaked>
    </belimeEqpt>
    <crewcutDwalm>
      <scutalIsamin>islay</scutalIsamin>
    </crewcutDwalm>
    <hallionOakboyTracers unfoxyDwyka="909866">
      <fumerel>papererBeryl</fumerel>
    </hallionOakboyTracers>
    <naziism>
      <piaffeRosetum>awardImpagesRoulade</piaffeRosetum>
    </naziism>
    <spumous>
      <cresylsPlanishAmnion>223076</cresylsPlanishAmnion>
      <daemonsChalla>
        <toffingPickier>chudAvocetStammel</toffingPickier>
      </daemonsChalla>
      <prutothZermaLenape guancheTeazled="1269" tities="opaionLamedsRondle">
        <canchaBlunged>kirsten</canchaBlunged>
      </prutothZermaLenape>
      <eyra bractsOmmatea="3584" snary="helasSnarks">
        <aveugleFeff>toytown</aveugleFeff>
      </eyra>
      <glitch kazooCrusherReseeds="coffea122" drouZanderAjava="bedunchBasnat">
        <tappen>figuralRobsPyridyl3</tappen>
      </glitch>
    </spumous>
  </leviteRebank>
  <kakaposKabonga turfdom="milchedUgandanAhimsa" wanyoroOutspueJehovah="espavel" overeatCant="asarumRiels" reloads="11840">
    <jereedRechafe degenerBrakie="upstickVoltsAnglish" aedilesFidesGushes="amlikarUnsternWhirl">
      <georamaSpandyPuss>thujaOutknee</georamaSpandyPuss>
      <hirtchSharpenUnfolds muslimsSlopesStibine="perking" elymus="frothy522">
        <eerockResews>rutilesAxmaker</eerockResews>
      </hirtchSharpenUnfolds>
      <oinkedActor>
        <alloxyKhirkaDipt>veloMunited1</alloxyKhirkaDipt>
      </oinkedActor>
      <yao>
        <peabirdKiri>pegwoodCamposCults8830</peabirdKiri>
      </yao>
      <twiselCard>
        <dentateNaggers>sancordAroliaCoix</dentateNaggers>
      </twiselCard>
      <ascellaGuinea linos="mongstModica">
        <reemitsSpinousCraik>hyacinePanning</reemitsSpinousCraik>
      </ascellaGuinea>
      <aurealYrs subtackTonalAllium="perhaps" slimerKillasSkinner="bivious">
        <garoteSirex>854</garoteSirex>
      </aurealYrs>
      <outtoreKnopsSurreys>
        <proximaNonoily>almond</proximaNonoily>
      </outtoreKnopsSurreys>
      <tufts barbutsFacets="3">
        <biacuruOakyDecine>trucksImpels651</biacuruOakyDecine>
      </tufts>
    </jereedRechafe>
    <whiptCroceusUnrigid>
      <canapAggro>pocillSpatted</canapAggro>
      <stumbleTitheUnbear grampaDiaryRhenium="sured" scuffyPolarid="gablerKobold">
        <engram>leversLiqueurGrizel4830</engram>
      </stumbleTitheUnbear>
      <meecher pusgut="punlessOusteeGlazy" pinholdImmures="cestodeAcolousGconv">
        <enageSensum>jammer</enageSensum>
      </meecher>
      <pipedMistion>
        <muilla>hordingForecarBummer</muilla>
      </pipedMistion>
      <worts>
        <gargolWayworn>canroySpicule</gargolWayworn>
      </worts>
      <goldestBaronneKenno thripsSmeary="1238606" owerby="83583">
        <boolNewsyFoully>hait4</boolNewsyFoully>
      </goldestBaronneKenno>
      <blading redatesSnedded="oecist">
        <flavous>missiveHelideKmel</flavous>
      </blading>
      <prover>
        <muillaWedeln>641455783</muillaWedeln>
      </prover>
    </whiptCroceusUnrigid>
    <apeekRealist>
      <menhirs>pygmiesCabanas86</menhirs>
    </apeekRealist>
    <yahan saccoonEbcd="dowdNies" bajau="giggish467">
      <neotypeSultany>myopiaAnnette</neotypeSultany>
      <spottlePukes>
        <fyrd>unkeyed</fyrd>
      </spottlePukes>
      <ripcord laisse="rekeysRevvedDiners">
        <puleTowmontIntext>olomao</puleTowmontIntext>
      </ripcord>
      <guacimoRuglikeOutmen bursarySoftsBailing="jargleTrypsin">
        <barwin>troughyMasjidCohost</barwin>
      </guacimoRuglikeOutmen>
    </yahan>
    <dwindle>
      <porett>kaj</porett>
    </dwindle>
    <phasis>
      <suffersPiacabaZapotec>1</suffersPiacabaZapotec>
      <coarseScrollImpies baidak="sineIntown528">
        <cranian>3996263</cranian>
      </coarseScrollImpies>
      <comino irfanBlart="assayerAkeeFcy">
        <fogyishDipsas>twinedArbustaBontok38</fogyishDipsas>
      </comino>
      <serries celsian="830">
        <giojoso>wupLentils</giojoso>
      </serries>
      <gluish sweertTuchun="haitsai" equisonCadua="unsinew">
        <bollsAdsRchauff>upheave</bollsAdsRchauff>
      </gluish>
      <caissonBedlampChassed bawneenPeartSotik="hellionUnscarbHealing">
        <veneryPallas>exosmicGazi</veneryPallas>
      </caissonBedlampChassed>
      <dodgesNicherPrepn harelipUndergo="tyeeEscobaGenseng">
        <mucopus>leerish</mucopus>
      </dodgesNicherPrepn>
      <jacobin kinsmenHeadierLithe="famefulHiresTorcs">
        <glimCrepierEmeried>34331</glimCrepierEmeried>
      </jacobin>
    </phasis>
    <deemer>
      <shagsSheaths>medrickValencyWut</shagsSheaths>
    </deemer>
    <texasesKoumis>
      <cradles>saumurDesmans</cradles>
      <winemayMigsCapicha>
        <legateGaminStorge>viseStinkySympode</legateGaminStorge>
      </winemayMigsCapicha>
      <bannedScriptTammie pantoon="gutteeFulvene674" fogbankDzungarTarsius="hoodmen">
        <ruach>cowages</ruach>
      </bannedScriptTammie>
      <urbsHelibusGingles hurdisTjandi="advisyFoothilBoogum">
        <peesAmitate>ruticAskip</peesAmitate>
      </urbsHelibusGingles>
      <caboche damsiteTandleTopcast="burdieFaitourZoril9" polityVeadoreEstrums="13">
        <repureFurlanSeptal>quoteUnnigh</repureFurlanSeptal>
      </caboche>
      <meublesAtone tackingDandy="alichelHexsubChenet">
        <lilies>nonaSunken</lilies>
      </meublesAtone>
    </texasesKoumis>
    <pongeesCroon>
      <tensor>locate9</tensor>
    </pongeesCroon>
    <danceryEthiops>
      <agelessPicrite>34</agelessPicrite>
      <balloonVegasDendral pistKebyar="stemma" missa="76598">
        <alcineOlykoekAgrope>mousmeeAonianClokies</alcineOlykoekAgrope>
      </balloonVegasDendral>
      <negRotFeyest oxmanInhaul="yclad">
        <aiawong>lobelin</aiawong>
      </negRotFeyest>
      <murresEstrepe>
        <desistsKeatAgnus>860292096</desistsKeatAgnus>
      </murresEstrepe>
      <his>
        <kinlessCorsosUnjam>7020155</kinlessCorsosUnjam>
      </his>
      <madoc trifled="copartWestham">
        <typiestCavetti>fieriYoreMonocot</typiestCavetti>
      </madoc>
      <sayest drubbed="6">
        <swick>413213</swick>
      </sayest>
    </danceryEthiops>
  </kakaposKabonga>
  <zollCuirassEviler dawdlesWichita="teaveAzoReclean" nucelliShine="refreidFeasterHencoop" petardsCobcabHaceks="46" botry="acinous" />
  <vigaOsellaScammel unoily="piccageNibbled" goel="liquifyAiding" epitriaRaftman="bidcockRoupierMezuzot">
    <spurway>
      <espanolUnsnib>fleabag</espanolUnsnib>
      <shavedKolkka biassesResweptManjak="homedAxonDoomful">
        <outrangUrethraMikron>959884</outrangUrethraMikron>
      </shavedKolkka>
    </spurway>
    <cromerShedmanTabacin>
      <mezuzasSoar>45302661</mezuzasSoar>
    </cromerShedmanTabacin>
    <ostmenGyrosyn thungRavellyErasion="940552" cionSiloistDoxie="digramSpanulePereia">
      <fulgourSacaeEcdemic>51</fulgourSacaeEcdemic>
    </ostmenGyrosyn>
    <berberiSleigh>
      <errorEstrusDorty>2391680</errorEstrusDorty>
    </berberiSleigh>
    <bilging sibling="463476487">
      <celiaKlezmer>pungieGladii</celiaKlezmer>
      <melling chivies="steniaCantutaCloacas" moved="behavDowable5">
        <urged>beshrewDoxy11</urged>
      </melling>
      <drabberMimosa merfolkUna="25185529" horrorVentral="dawsonEntry">
        <moventUpdater>5459</moventUpdater>
      </drabberMimosa>
      <elvan>
        <xxi>teledusDol</xxi>
      </elvan>
      <darlingInsured>
        <troot>1</troot>
      </darlingInsured>
      <palpWuntee ofterHallowdMinever="modica" notchy="trickie">
        <precesSubletTympan>burelle</precesSubletTympan>
      </palpWuntee>
      <pioxe daffyAsmile="205413429">
        <iconesHerselfPromic>pipalsFemalesVenene</iconesHerselfPromic>
      </pioxe>
    </bilging>
    <ladner>
      <aide>chapEdea</aide>
      <potshotBakie coigneLimbas="227439419" antra="arco">
        <elayl>feedlot</elayl>
      </potshotBakie>
      <simpledDelayer biggerPobOograph="11880616">
        <harridFinifyDares>aoteaVamfont9</harridFinifyDares>
      </simpledDelayer>
    </ladner>
    <womans duaneUnmeedy="833">
      <lingulaVendean>3</lingulaVendean>
      <limiestAdibasiPoe>
        <shaitanSadder>gasan</shaitanSadder>
      </limiestAdibasiPoe>
    </womans>
    <skyeyKnives drugmanTenne="tubbier" yoop="khedahAssurgeReaper" flukeManward="cashewFullersNut">
      <scafferBridals>argot</scafferBridals>
      <dawdlesNoise famish="961341" finnipGarrick="28921">
        <golpe>sekaniGondola</golpe>
      </dawdlesNoise>
      <avertin>
        <skiings>889</skiings>
      </avertin>
      <girdledBreirdScyld fittage="plenity58">
        <morulas>warfPaolaCrib</morulas>
      </girdledBreirdScyld>
      <tectumUncoyRested balanceHostler="prebillCanarin43" woa="defuzesIcilyStance">
        <morels>2</morels>
      </tectumUncoyRested>
      <rosel texases="7330">
        <posticNoter>reelingHoodies</posticNoter>
      </rosel>
    </skyeyKnives>
    <abipon cowlickPolder="odylistStarchySlodger" esteems="94749" gleety="6">
      <buncos>banyoroMyzont</buncos>
      <casernDauk>
        <pipernoSubmen>508294958</pipernoSubmen>
      </casernDauk>
      <shudderIgnawMores>
        <heloma>861713071</heloma>
      </shudderIgnawMores>
      <oxtersEncloseElbuck>
        <tabacin>89865434</tabacin>
      </oxtersEncloseElbuck>
      <stoopUitotan navarin="areae59">
        <sowingQuiesceEdison>divvers</sowingQuiesceEdison>
      </stoopUitotan>
      <contestTummals spuggyLucumaSettler="62833">
        <avenidaCoccic>deposesCocker</avenidaCoccic>
      </contestTummals>
      <moltedReleivo odored="knappanJonah">
        <nonic>pyuriaBiggyChlorin</nonic>
      </moltedReleivo>
      <suffer rateenRubeletOverleg="colmoseEvadeBeennut" hizzGuinde="retrodBlowjob">
        <sistenDaggar>meanish</sistenDaggar>
      </suffer>
    </abipon>
  </vigaOsellaScammel>
  <henfishTurusMalloy muzjikThrack="fluxileUnacuteHoagy" bricklyDonny="baroi8" cyclopsMoraeFifes="cautivoPaybackAppeal" />
</defect>