<?xml version="1.0"?>
<carus>
  <lamentsRemord />
  <munseeVejocesCarrier fellersRetoolsTrillo="knockupHiodonDote" bakutuRopery="mehrdadFeedmanAbask" face="cinctSalaryLipse" quillerRicey="carrat1">
    <swingedUnowingAlkali dunnockHectare="unrated" oboist="gamete">
      <otalgic>1</otalgic>
      <disparkSiren sculpedMootch="mecati">
        <mottlesBitternMedula>taxingMnaFeoffor</mottlesBitternMedula>
      </disparkSiren>
      <leyMiglioAxlike carkEuler="vetusDicots">
        <hilaActaeonScanian>8443953</hilaActaeonScanian>
      </leyMiglioAxlike>
      <avion scuseFooless="pilluleGhess57">
        <salvoesAzox>fewnessScarfer</salvoesAzox>
      </avion>
      <juponFiercly lyssic="exhanceImelleDagame">
        <taplet>tomentRicer203</taplet>
      </juponFiercly>
      <rhypticPetardsNash watape="odaxLochiaFrett">
        <grillyCeilidh>unhoopUnawakeGayals</grillyCeilidh>
      </rhypticPetardsNash>
      <unbainWoolmen>
        <cobrasEtenPod>becharm</cobrasEtenPod>
      </unbainWoolmen>
    </swingedUnowingAlkali>
    <bepatCodoCompeer mucinUrasesSnapped="47056" guyedMitesCoud="upworkManius1378" laquear="groszUpgorgeLaocoon6485">
      <wickingSelfdomRhymed>fubberyAzurineSwaging</wickingSelfdomRhymed>
      <yojuaneBarth codeEugeMushla="3933924" beakerVintage="rasalas">
        <ruckedSwaddleWinced>piersYawn</ruckedSwaddleWinced>
      </yojuaneBarth>
      <snooledCoalbagNific>
        <viduateCathion>glaives</viduateCathion>
      </snooledCoalbagNific>
      <moidore>
        <dorsumMandola>8</dorsumMandola>
      </moidore>
      <belfast villasSiplingJewdom="ohmic" ludoStet="alitGlutteiSnibel">
        <rebote>perataeWhitish</rebote>
      </belfast>
      <domicalUnhasp sawmon="lashersFichatHuts">
        <fairest>estevin</fairest>
      </domicalUnhasp>
      <hureGildPulsars ouzos="pipedBriggsSdeign">
        <wheneerPalankPitless>sampiUrsidaeMime51</wheneerPalankPitless>
      </hureGildPulsars>
      <tubbistEnfaces>
        <gingWinier>beloneEmanium</gingWinier>
      </tubbistEnfaces>
    </bepatCodoCompeer>
    <plebePuttiSycon>
      <disazoGlobousTalishi>coachy</disazoGlobousTalishi>
    </plebePuttiSycon>
    <baryta cowlSweltryDassent="geed5" fulvous="huddlesKarlFugued" unrobes="bahurGibe">
      <bandyMarimba>9</bandyMarimba>
      <dheneb sylviusVulg="praetorAidful" fatlingRebob="arccosAfrightZonary">
        <valvateBulbed>siletzTanny</valvateBulbed>
      </dheneb>
      <uraliteCaveae outsang="687382">
        <feriaeGullion>botoneBurdies</feriaeGullion>
      </uraliteCaveae>
    </baryta>
  </munseeVejocesCarrier>
  <leftish fplotZuccoBallow="broker" />
  <abigeiCanglerHence camataTrimerIxora="sootied" citedOxygas="pallion" sci="shivahs">
    <ohoyFarruca>
      <gudrun>wiedWistfulStunned</gudrun>
      <amsoniaOoscopeSmaltz hoiseAtteryBimahs="meansTalayotKoch">
        <pollackWherrit>waxier8</pollackWherrit>
      </amsoniaOoscopeSmaltz>
      <vocesPoured firkingCogweelYoginis="bergsEggarTurcois" nahane="windowKogasinPerwick">
        <cervineRaghuTrain>arbith</cervineRaghuTrain>
      </vocesPoured>
      <idiocyBatefulBrew>
        <barieSepose>minoan</barieSepose>
      </idiocyBatefulBrew>
      <jointsCofound vagina="stairyDoruckDoubted">
        <alidadaMeetJer>nonoily757</alidadaMeetJer>
      </jointsCofound>
      <catheadLauded>
        <xerosisUrsukKalian>taku40</xerosisUrsukKalian>
      </catheadLauded>
      <indulinDhoorasBroomed>
        <lightIsmalFuzes>mopery</lightIsmalFuzes>
      </indulinDhoorasBroomed>
      <guvDuumvirPinus>
        <prawnyRoteMutines>float</prawnyRoteMutines>
      </guvDuumvirPinus>
      <mimus>
        <vomiter>unluteTroft</vomiter>
      </mimus>
    </ohoyFarruca>
    <unlogic>
      <heroidMavinBoggled>loiasis</heroidMavinBoggled>
    </unlogic>
    <conjureExedeOwners>
      <arishPreppyDemotic>lacisPockets</arishPreppyDemotic>
    </conjureExedeOwners>
    <cardonaEntasiaClinks>
      <reffo>zanzasMaimonFurandi</reffo>
      <stiriaVelaUnrein broochEnshawlCullied="302273" utterRests="lucarneKikkiFaretta">
        <outdareUpswellZooms>tibbieMpangweSlatier</outdareUpswellZooms>
      </stiriaVelaUnrein>
      <sparch dignify="lipasesSultanyTarns8">
        <skeoKindjal>juslik4</skeoKindjal>
      </sparch>
      <unpilesCete>
        <tolesBarytaWormers>294154</tolesBarytaWormers>
      </unpilesCete>
      <santaMootmen actoryXenicus="brut" alfaquiCankers="65">
        <jactureMilling>tholiPlayersBewake</jactureMilling>
      </santaMootmen>
      <cadaver upgirt="onzaBasoko" slatch="81">
        <lek>pochayKeeks</lek>
      </cadaver>
      <namasteRoanCalvus gutsyBedlarWaving="thrackDosinia">
        <strikes>liquer9684</strikes>
      </namasteRoanCalvus>
      <calycleUpseekSodded coachyBummingEasies="diluvy" gneiss="621">
        <gapersBrises>jovial</gapersBrises>
      </calycleUpseekSodded>
    </cardonaEntasiaClinks>
    <deglute ocypeteUpshift="dietiesGolferPonies">
      <basculeSootsStrude>bikeTenezWheres</basculeSootsStrude>
      <putherDrillsStud demagog="sabana" fluingHoweverSubport="bettersMorphon">
        <chymeTabbis>heistChutneeUmbre</chymeTabbis>
      </putherDrillsStud>
      <crozing dutcherDoriesLayouts="gothicJollierFinicky3114" unorderSleeved="volleys">
        <tannaseVastilyDelays>kishonEfts</tannaseVastilyDelays>
      </crozing>
      <jokersHirersPungyi>
        <viremia>8276</viremia>
      </jokersHirersPungyi>
      <toolboxDilliskRawish>
        <scrimpyJustin>dipnoiRooster</scrimpyJustin>
      </toolboxDilliskRawish>
      <jailorsAerials ooralis="29424927" subpimpVell="calmy">
        <picking>squattyCaulote9</picking>
      </jailorsAerials>
      <canzonAgingTymp>
        <cystedClept>cumol</cystedClept>
      </canzonAgingTymp>
      <firkins arollaHalloo="brazaBodySoldi" sportsLambish="goloe">
        <alesanIsopoda>bonce</alesanIsopoda>
      </firkins>
      <firnsCanisClarion oomiackStarlitDorey="phasealReformSnavel" preces="wightsBensel">
        <ligand>talukasAntiqEgoist</ligand>
      </firnsCanisClarion>
    </deglute>
    <rowLeonardWumman teapoyJnanas="mochelOblastsSnittle" sixties="drugmanSludges">
      <bussesNymil>erinysTzontle</bussesNymil>
    </rowLeonardWumman>
    <byteSultane vansBainie="paricaEemisBeamy" ladino="mockupsGanefs356" grounds="reet">
      <gudgeNettier>yelp</gudgeNettier>
    </byteSultane>
  </abigeiCanglerHence>
  <syrPorosisPothos egomism="338962" begunSheetsTriace="pinnula">
    <rampedEgging>
      <mellayLimbatTappen>857262</mellayLimbatTappen>
    </rampedEgging>
    <agricAlphean>
      <crotinReusingHottest>sizeman</crotinReusingHottest>
    </agricAlphean>
    <anmia>
      <chowkComplotSulci>feezeAmnia</chowkComplotSulci>
      <cruetsBudderSnib analavIndogenIridin="mimpMastiff" axile="valerylMagnetaGanta">
        <cockFlanksKedgy>bheesty</cockFlanksKedgy>
      </cruetsBudderSnib>
      <kakiRunnionCraftly eonWhereDining="atomy">
        <telarSquealdCulpeo>radishLentoOvisac</telarSquealdCulpeo>
      </kakiRunnionCraftly>
      <frenateZizzles hazelHorstesThraces="609281">
        <alertedRollers>reverseUpsweep</alertedRollers>
      </frenateZizzles>
      <manetAbrimCopies>
        <loydFives>dioxanEligent9247</loydFives>
      </manetAbrimCopies>
    </anmia>
    <seeing regraspJiggled="279256336" aymaran="groutedFable6536">
      <semiorbGozzan>elegist1</semiorbGozzan>
    </seeing>
    <bobo>
      <tardleStypsis>zontian</tardleStypsis>
    </bobo>
    <sannups subnudeNagara="bodle5">
      <bedrollLeden>eperuaFangas</bedrollLeden>
    </sannups>
    <spleenLambingAlgist unbedStroldZack="matting" reboiseUnvital="wuzuZiarat">
      <beknitSarahWhit>abeliaBogeysSnickey</beknitSarahWhit>
    </spleenLambingAlgist>
  </syrPorosisPothos>
  <outword scheme="bonete484" dasi="adapidOuphes932" crevet="hekteus903" mudfish="919748" />
  <triduum hichtSugary="linjeHagmena" areoles="douceNeume" fouteUnstain="bruitedJerkily243" />
</carus>