<?xml version="1.0"?>
<thornyMemoriaUnpaced>
  <tittupyFrontonGlomeli tragi="samboukCorucoTottery61" barpostFlaucht="potboysDreamer" mioses="ruingEntombsBoggier" />
  <ferrumsSedateNauch bargingPenocheIndus="kithara4" poetics="drateOxonicRots" lycodes="vrooms" turnsEnamorAllots="lockman">
    <auburns culetsFenks="6453" thisGodlingZitis="bombeGored">
      <blindExptlChetahs>itoubouJestful199</blindExptlChetahs>
    </auburns>
    <eugenic mainorHamatesRottan="burbots">
      <arratelTheciaPricier>provent</arratelTheciaPricier>
    </eugenic>
    <stumperRoofsUzaron>
      <agoutyStudiesCremor>75</agoutyStudiesCremor>
      <sedgingPreaged iniomiChueta="boolyTritoneWeka">
        <theyll>learnsDecharmCarbarn</theyll>
      </sedgingPreaged>
      <bilkFrater boreismMoucheSeric="endevil5981" ackmanGutiumPeeps="467649001">
        <sigilsToosie>misdidOutplod3774</sigilsToosie>
      </bilkFrater>
      <axised honker="ingangsChicosLaudian230" tsetseRhodiumUplink="sareYewAbjoint">
        <volti>septsBet</volti>
      </axised>
      <nacredSuresbyMutt>
        <serapicSlavianCollar>dotardRachialGutsy</serapicSlavianCollar>
      </nacredSuresbyMutt>
      <trisectAdawnPyralis anonangAmesite="maimCloning" wyn="smartNandinsAtaxies2109">
        <scarifyFlouseBringal>saeUmiack</scarifyFlouseBringal>
      </trisectAdawnPyralis>
      <venuleFrab>
        <prankle>wrimple23</prankle>
      </venuleFrab>
      <rompedChemmyJudaize zymurgyUnbesetPity="niftierChinBulbels388">
        <wirableProved>sweathAutreBummle</wirableProved>
      </rompedChemmyJudaize>
      <kibesSiegurd>
        <wastJessesWhap>creepieVerdunUnhuman</wastJessesWhap>
      </kibesSiegurd>
    </stumperRoofsUzaron>
    <whereatEndways>
      <ettarreReekersMonocot>guasaIncreep246</ettarreReekersMonocot>
      <licitAlibleChoppin belike="tithes57">
        <kingly>dukeryZombie</kingly>
      </licitAlibleChoppin>
      <barrio>
        <rhodope>3341825</rhodope>
      </barrio>
      <mirierTammanyBiunial enforceJocuno="refightTollman4" hieTapwort="poesie">
        <gasher>waveGhaziLawless</gasher>
      </mirierTammanyBiunial>
      <oathPicnic zariba="pavoneThibet" regave="1">
        <sinnedQuantalTremors>sebums515</sinnedQuantalTremors>
      </oathPicnic>
      <coropoDrave venomsWarnoth="tamoyoJacobic">
        <stuccosJags>hardway</stuccosJags>
      </coropoDrave>
      <acarineStarts ooidMyriare="kuehAvower676" outletPrate="azuleneLotium">
        <orfrayLowererTolanes>nominee</orfrayLowererTolanes>
      </acarineStarts>
      <grapeys>
        <mealEnwoman>timbernChyloidBairn</mealEnwoman>
      </grapeys>
      <adorerAdibTrull wheesht="subnodeCricoidTownie" bengBoozed="vulturCourant">
        <joyingMormonDoglegs>2</joyingMormonDoglegs>
      </adorerAdibTrull>
      <powhead teapots="neriteRoxanneWeared">
        <girr>6</girr>
      </powhead>
    </whereatEndways>
    <sompner>
      <uvaRaasch>xoanonAmeiva</uvaRaasch>
    </sompner>
    <attires hillierEulima="817547" diurnal="zaggedLensmanBoliche" cock="tiraleeSoldans">
      <spumose>papulae</spumose>
    </attires>
    <heuch>
      <dehgan>fermateJesting87</dehgan>
    </heuch>
    <beylic skillShafii="bairnlyWhing" ozones="894604">
      <musicVulgCunit>pageantZingier</musicVulgCunit>
    </beylic>
    <caamKeirCaps onagriPape="marieCleanse">
      <spurtLepidin>oxides</spurtLepidin>
      <toppleBanter>
        <disbandByronUpborne>evertorSeraw6</disbandByronUpborne>
      </toppleBanter>
      <surnape>
        <deynt>gundi</deynt>
      </surnape>
      <ramism kenemaAlso="fannier">
        <archealOufBlueth>666907</archealOufBlueth>
      </ramism>
      <corriveBackbarOcellus>
        <sambarOik>4911</sambarOik>
      </corriveBackbarOcellus>
      <angakokDayflyAdion bygone="lavasRewworeMacduff" eatageNotalGisarme="pastinaProvola">
        <etagere>787758</etagere>
      </angakokDayflyAdion>
      <duriansBaskeSwarmed renewalLamaismKnotted="1168">
        <nikkudMenuraSodwork>footmanLaurinComals</nikkudMenuraSodwork>
      </duriansBaskeSwarmed>
      <spadgerClubber cevenol="6995259">
        <pianoBurbs>drachmsAmici7240</pianoBurbs>
      </spadgerClubber>
    </caamKeirCaps>
    <feu>
      <azoleKiaatBeamed>bahamaIdylist43</azoleKiaatBeamed>
    </feu>
  </ferrumsSedateNauch>
  <adicity />
  <mambasInhamePronoun plushEnergic="babylonTerningPyrales" preenerGrottyCrusade="sportBessy" beboss="hognuts" />
  <rookieThoriasSudary cisticInhold="frizzlyOsirify" rochetsAborterHopis="tiddlyMidgetyReseeds" drawboyBrownly="sheughGoloe82" unhatYowls="hoofy1">
    <blushySalchow rantize="lucinda">
      <jacent>8654019</jacent>
    </blushySalchow>
    <ascherFloccusPlexors dryerSiphacHoe="73796" loretinLycidaeMallees="portalBogholeTwinge">
      <scribesAstonyPalpate>relandReboneGunnel</scribesAstonyPalpate>
    </ascherFloccusPlexors>
    <amentsThunorClong>
      <unbled>499622369</unbled>
      <beweep spudboyLessArmoire="93" cytol="serverSashesGrizzel">
        <grasset>79828</grasset>
      </beweep>
      <gooiestBetearBaboosh boong="904445">
        <reserve>69</reserve>
      </gooiestBetearBaboosh>
      <rattonDruze>
        <limperJobe>catpipe</limperJobe>
      </rattonDruze>
      <ecboleFerbam lippyCeti="urgencySubmitsChester" genlMeles="tidbitSantol">
        <telegu>5832547</telegu>
      </ecboleFerbam>
      <dustuck cattabuEcoles="5" dusteeParsonsAnither="reglossRevisor">
        <phippe>priedPardo</phippe>
      </dustuck>
      <fairsLooserTrampot shrillPreheat="corbanImbasedNidal">
        <apathicCheeterCeramic>aridMolten</apathicCheeterCeramic>
      </fairsLooserTrampot>
      <erwin peeriesRefly="8" pashaDolvenFlook="insoulsFluffs">
        <feofferViedBlaver>finnanHydriaeGeobios</feofferViedBlaver>
      </erwin>
    </amentsThunorClong>
  </rookieThoriasSudary>
  <upslant gateage="8999424" vrouwBehavedExolete="jupati" parseeAtaxies="18533" talaOleaseTarnish="hatpin">
    <unfurls vivekLlareta="genoas" munnionTechedRefelt="puntyPomes">
      <taffleCorody>kirsenBeparseHomos</taffleCorody>
    </unfurls>
    <afieldDebated>
      <smichCimline>kotoko</smichCimline>
      <glumose ootheca="periwigBalatBejant" runkly="879671709">
        <heughsMarkebIceless>7</heughsMarkebIceless>
      </glumose>
      <prodder untewedLevins="alkaidOutageAbater">
        <diddestPercaseAtone>yogurtsLucidae</diddestPercaseAtone>
      </prodder>
      <quadrum>
        <bacchar>harbiSkinnedFatback</bacchar>
      </quadrum>
      <hurtleMurriesOpah fiords="offereeHankyAbidal13" perreia="neftgilAbjudge">
        <whangeePrisalYocco>dysuryPatient</whangeePrisalYocco>
      </hurtleMurriesOpah>
    </afieldDebated>
  </upslant>
  <spawnerFelty daffish="indigosSwalesInhold6371" pfennigSophiesAminase="oregoniSaleps" wadmaalPersonAnjan="spandex40" bombusIrones="rilievo">
    <lotoSaxonly>
      <ventoseSeiser>fingentCirceanTenter</ventoseSeiser>
      <slumpyKlaxonsHank hutsBestianBassos="hygeianProtyls">
        <yarran>866822703</yarran>
      </slumpyKlaxonsHank>
      <diascia marcosReplay="crambleFrdenTulisan925">
        <omegasGroufGratify>typebar</omegasGroufGratify>
      </diascia>
      <sortiesPeages tagsterDoatyAzulmic="vellumRibhus">
        <opaledRanders>vetting</opaledRanders>
      </sortiesPeages>
    </lotoSaxonly>
    <eczemasUnscrewLib leed="lieve" quashed="gravityUleWarred" backieMiglioMunshi="wangun8093">
      <rusher>mordvRemueRevamp</rusher>
      <envyingSclate upridge="beratCurpin">
        <oseZephyrs>92</oseZephyrs>
      </envyingSclate>
      <akiaSwingeUnlute>
        <augen>dobiesMegrelUralite</augen>
      </akiaSwingeUnlute>
    </eczemasUnscrewLib>
    <ohias anatolyCarole="8813">
      <hisPremovePneume>derechoBlouseSoddens</hisPremovePneume>
      <arkosic>
        <jheel>areoleTeepee</jheel>
      </arkosic>
      <dowels cobnutsSimularMagyar="hila2755">
        <czarLaxism>externeWlatfulBizen25</czarLaxism>
      </dowels>
      <spunkieIngots flcheTurkifyKyke="tymp" floras="nephriaShops">
        <midsts>proposeSpunks</midsts>
      </spunkieIngots>
      <rozumZakuskiPraus artifexCraftedLocn="hurlockDemeore">
        <wise>ingotedTradedOmber</wise>
      </rozumZakuskiPraus>
      <canesUtmost abomasiBawdyFulica="swotterRerises4869" posada="9">
        <signedHashabGobbin>532435</signedHashabGobbin>
      </canesUtmost>
      <ventana liltingFewestSiestas="annexeArabicaAsclent">
        <dinged>3105808</dinged>
      </ventana>
      <ticeEmbowed abigei="quarksImpishEnhuile" ninjaThorinaCourap="1">
        <tamaroaButsu>moronicGrailsRecocks</tamaroaButsu>
      </ticeEmbowed>
      <ashiest angustWorrierStudied="gutiOvisHexane" enolicCuppaUnsole="kusaBedgeryOvulary67">
        <dowersLagenae>buckismTuning</dowersLagenae>
      </ashiest>
      <haulmsSnavelBulker>
        <noonedPayablyLamprel>canonsSearing8702</noonedPayablyLamprel>
      </haulmsSnavelBulker>
    </ohias>
    <wigwagsPolitic mingHawbuckSirgang="losing">
      <camisaOfftake>trappyCuriam</camisaOfftake>
    </wigwagsPolitic>
    <galumphConcaveTropein>
      <liquefyAspics>hoodoesStiles</liquefyAspics>
    </galumphConcaveTropein>
    <kiefferEulima acaenaMahuTells="bulderRetramp">
      <huskiesTrustyArmitas>5154643</huskiesTrustyArmitas>
      <waglingCupride>
        <kryptic>incomerProductApium51</kryptic>
      </waglingCupride>
      <demurTye unparkGrappas="deludeCaslonServet50" pinesEpoist="hansomBizen2600">
        <shiftedSideway>ayinsAnserImpubic</shiftedSideway>
      </demurTye>
      <aporiasSerow motoryPiewipeRashest="muspikeCoction" whatdPureayn="upwall">
        <masty>rotala88</masty>
      </aporiasSerow>
    </kiefferEulima>
    <coutelCretismScatt>
      <zinkCubi>bovine5893</zinkCubi>
      <purtyInsepGith capette="pacuZirian7537">
        <ataxy>musselsZunian</ataxy>
      </purtyInsepGith>
      <irksomeSpass proxGaljoen="scarcyHeparin1489">
        <grav>32120695</grav>
      </irksomeSpass>
      <stife>
        <rignumHacksaw>pursers</rignumHacksaw>
      </stife>
    </coutelCretismScatt>
    <holmic knobbleMommies="gasparWhalishVerdun" cauqui="plumyMungofaPrattle">
      <lesionsDoffersHordes>camisQuerns</lesionsDoffersHordes>
      <temenosHoldenPerla tynes="inlawGammockPainty8">
        <panochaMynahCelebe>refloodJamnut22</panochaMynahCelebe>
      </temenosHoldenPerla>
      <talitol>
        <nippingZoonule>drunkDevant</nippingZoonule>
      </talitol>
      <komiMockful quinnatWaxy="trouseHopsack" demiox="voilesSholomPort">
        <specky>ananiteKudos</specky>
      </komiMockful>
      <clamsMutus babaExpertDimit="paikIncome" takinsEnfaces="extypalFraktur">
        <langrel>inbringChimere</langrel>
      </clamsMutus>
    </holmic>
    <alkanalParoleOddsman joltingEyeing="beliveAlmostZool3">
      <tarsus>722743852</tarsus>
    </alkanalParoleOddsman>
  </spawnerFelty>
  <cuneaGutterFreeing proxyCrooken="skycapCodecsThymate" purpuraTzarism="puppiedGange" nettion="834">
    <releivo>
      <busherEnfacesTaigle>citifyFacier</busherEnfacesTaigle>
    </releivo>
    <keeveSpung>
      <propperFarceJuncite>purrerArtabaRowth</propperFarceJuncite>
    </keeveSpung>
    <inflows>
      <anosmiaLowballLumping>mumjumaLunelRigged</anosmiaLowballLumping>
    </inflows>
    <adamiteTorsosVulgate beautiAcylaseSaimy="dujan5" scalxPeruses="bittingFellows10">
      <semeed>95662</semeed>
    </adamiteTorsosVulgate>
    <wrannyRheumsFadaise>
      <groppleHollinForte>rublesByworks</groppleHollinForte>
      <hastPosed>
        <gashingTailory>attabalAtomityBorine</gashingTailory>
      </hastPosed>
      <plumcotAchroma>
        <merging>6005</merging>
      </plumcotAchroma>
      <fouSeagull>
        <syllabiGrandsEve>127650351</syllabiGrandsEve>
      </fouSeagull>
      <redePicarelQaid ravers="gammingCoronad" myallGushedAbiston="saluter85">
        <unhit>fiqhMaraviBeylics</unhit>
      </redePicarelQaid>
      <palisCibariaCommaes bumwood="gayHore" diazid="matweedSpogelBooms">
        <chappie>cavemenOmaoHugo</chappie>
      </palisCibariaCommaes>
      <soyotAnthemSetnet derrideBuggeryGrowers="chouleMatilda">
        <krypton>castledPewtersZippier</krypton>
      </soyotAnthemSetnet>
    </wrannyRheumsFadaise>
    <dartsCaysBaleen>
      <apidaeHunlike>kokumKlister</apidaeHunlike>
      <bhoosaBrutusMoulage miaowedStile="outtearFatalClaques">
        <jugulum>porger</jugulum>
      </bhoosaBrutusMoulage>
      <biontsScenarySchuh>
        <wakif>908740202</wakif>
      </biontsScenarySchuh>
    </dartsCaysBaleen>
    <dawtsMadi peopletIra="joinantKuri">
      <bishMoloidSkive>464</bishMoloidSkive>
    </dawtsMadi>
    <calcars>
      <misuserWraith>exaudiGundy</misuserWraith>
      <loggersBalDirt slackAlerted="baffetaFitchesSubfix" yuanJingalBecurse="trullLambaleUnnice1434">
        <unupsetLimby>serowsSpannApiaca</unupsetLimby>
      </loggersBalDirt>
      <miroSpanged haremFantodDoor="coxalgyAcapniaMaraud">
        <mongols>manjackHaen76</mongols>
      </miroSpanged>
      <priesTalefulTinchel syphonCogonsChavish="chokier" hordeVectureRemoras="oilcakeXylonic">
        <harten>falutin</harten>
      </priesTalefulTinchel>
      <deathlyEyeish>
        <placers>wahinesAwedCageot9</placers>
      </deathlyEyeish>
      <hadjesEsrogJoshers alpian="finikin8">
        <dark>quayEczemas</dark>
      </hadjesEsrogJoshers>
      <arilsResewedPon>
        <theroidPeriodWists>cathrynRoyale</theroidPeriodWists>
      </arilsResewedPon>
      <hashedBondmen aidesDowdiesDyke="nettledTexanAccusor" ekingShood="mutinyWilley">
        <gluier>312</gluier>
      </hashedBondmen>
      <dode>
        <jertTeenie>botcherScaurieUnhung</jertTeenie>
      </dode>
      <tuschesGablet cymblinUpdiveYuncan="ardelia">
        <bawcock>cynic</bawcock>
      </tuschesGablet>
    </calcars>
    <kunwariColludeBuggers>
      <noise>gavagesGunboat</noise>
    </kunwariColludeBuggers>
  </cuneaGutterFreeing>
</thornyMemoriaUnpaced>