<?xml version="1.0"?>
<condoneWodgy>
  <cavally pinboneBooze="feloidUpcatch" picariiObelize="rab">
    <jacatoo>
      <kathak>8</kathak>
      <updried newarTriops="scabiesCreaBreaker">
        <stoursAmapaAzotate>metisseAzo</stoursAmapaAzotate>
      </updried>
      <ownersPeascod laiciseCetera="chute4">
        <sprang>grekingLoses</sprang>
      </ownersPeascod>
      <moireMotory>
        <kareaoGaudilyYote>howes</kareaoGaudilyYote>
      </moireMotory>
    </jacatoo>
    <gratiasPlaysBusty beebeeLovage="insinewVigoneRaged238" pillowyBaetuli="ironice" tenorIndicia="19">
      <ure>petasosDuftiteScion</ure>
      <skyre dryster="5">
        <csw>ennomic</csw>
      </skyre>
      <txt noraGougeAffile="lynchet" mammeys="amaArette">
        <phocine>scubaKevalin</phocine>
      </txt>
      <noonishTopsoil coderGofferLancet="mingieMoneSkies" manticDolf="cicalaZetaWanlas">
        <akre>blumesEyewash</akre>
      </noonishTopsoil>
      <lepricCarot>
        <icbmFright>napped386</icbmFright>
      </lepricCarot>
      <lazuliTiphiaHold>
        <slippyAlaeSudses>sundarDozzled</slippyAlaeSudses>
      </lazuliTiphiaHold>
      <langoonJowlier>
        <terne>605271</terne>
      </langoonJowlier>
      <boterolWinged>
        <teenersAvouter>944962</teenersAvouter>
      </boterolWinged>
      <middiesUnstoicBallon unitiesPsisTossups="mudholeWonna">
        <toggeryWherveEschar>8499</toggeryWherveEschar>
      </middiesUnstoicBallon>
      <morvin sakkoiBehovedWankel="abscamUmbret" hayrideDamiana="ouijaArusaSaucier">
        <unplump>jikungu</unplump>
      </morvin>
    </gratiasPlaysBusty>
    <oinomel>
      <cample>rielUnsober4290</cample>
    </oinomel>
    <capererRattailPuntist>
      <metiersLuging>indorse</metiersLuging>
    </capererRattailPuntist>
    <accostsAeronatMozo>
      <ledeVaconaPaganry>manavel</ledeVaconaPaganry>
      <cytonsPitPelew tettersTungusHoll="hausa">
        <tacitlyBeath>6</tacitlyBeath>
      </cytonsPitPelew>
      <toped wraithChadorsKmole="arnutAmusesSahuaro" chuteTendJasione="doradoAntar">
        <refileButting>hobits</refileButting>
      </toped>
      <anaphe kiokoBlawort="steeply" kiwanisZincic="664317">
        <forlive>rubbleOdderSteroid</forlive>
      </anaphe>
      <sexturFawnier>
        <repadMustard>edmundAgeismSpaed</repadMustard>
      </sexturFawnier>
    </accostsAeronatMozo>
  </cavally>
  <orcas guaruan="gayliesOasean" braky="611479886" />
  <vernMott>
    <cisticCarboGemuti>
      <folialDisgage>simagrePeched</folialDisgage>
      <travois hektare="moronesTetryls" eyelike="7">
        <chainonUnfondHasher>tramelsPicinaeSnabble</chainonUnfondHasher>
      </travois>
      <axing jina="konDenials">
        <tobias>alkene</tobias>
      </axing>
      <tiltsCensual>
        <coateesBivious>satieno</coateesBivious>
      </tiltsCensual>
      <alfa>
        <damages>kuwaitMoultedKetchup</damages>
      </alfa>
      <sedans>
        <amongstMilton>8</amongstMilton>
      </sedans>
      <estampPshav dadding="shellsGittite" pterianAliyaTrpset="unbrand">
        <typableNableJibba>mhgMouthedAllonym</typableNableJibba>
      </estampPshav>
      <plasminCrapesClinic amniotaLadkin="mateys" heafFurmity="2893003">
        <rocNonpoetSnoga>flaxy</rocNonpoetSnoga>
      </plasminCrapesClinic>
    </cisticCarboGemuti>
    <wenonahCommarkEllinge>
      <burglesDressed>burmiteBarrel</burglesDressed>
      <wyverns barbuleSimal="12" fissiveAbruptPyrenin="bajri">
        <afer>kanchilRetints</afer>
      </wyverns>
      <hoover nidedSnooled="odsTardeSoteres">
        <auntyPotsiesSetover>hostleShoop289</auntyPotsiesSetover>
      </hoover>
      <tetrylsLoudens tybaltGreying="wrive">
        <onlessTweeMotley>9</onlessTweeMotley>
      </tetrylsLoudens>
      <bargirJow micros="antlia" mamersLinseyAirplot="turma">
        <bredes>skipwayNebiim</bredes>
      </bargirJow>
      <brightRodderNose forkyYahCremate="19">
        <writhyClamsDuftry>swiplePeloton</writhyClamsDuftry>
      </brightRodderNose>
      <tzaam jekyllCynara="stumsLibelerBuzukia">
        <mamlukGreats>lintersPobby</mamlukGreats>
      </tzaam>
      <jimminyVauntWavers boiledFagotteDahoman="deadish">
        <fangletVocalicSouled>westy</fangletVocalicSouled>
      </jimminyVauntWavers>
      <empathyFopRamack smilingPrimsie="palishFibberyUndrest" tensileDessBanchi="pibgornLudlow">
        <basaltsEffluxSchavs>proms</basaltsEffluxSchavs>
      </empathyFopRamack>
    </wenonahCommarkEllinge>
    <purelyWamusAcantha trochi="yeddingCadge" bestianWebby="32" albainn="purry">
      <monalSnit>formalCutlipsCursal</monalSnit>
    </purelyWamusAcantha>
    <espeireUveiticNasat>
      <aziminoLuxive>agib</aziminoLuxive>
      <radiodeCrofter tibetanBannsRoshi="jennier5833">
        <eelboat>6952</eelboat>
      </radiodeCrofter>
      <oui uruses="punditaRosel">
        <lawnerAttiresJunkie>coaita</lawnerAttiresJunkie>
      </oui>
      <gossipsPorting>
        <tawnieTycheVastly>externaValmyThaw</tawnieTycheVastly>
      </gossipsPorting>
    </espeireUveiticNasat>
    <carportBlues grooper="gropingAaliis" valgusScaum="57120">
      <teiid>uniolaUnshadeHelved</teiid>
      <torvidOuphe electreChalkNonstop="enginedElsin" avowalOgmicGurges="lasaBrook482">
        <unhitPorta>99942628</unhitPorta>
      </torvidOuphe>
      <gussyTerpaneCalicle>
        <cogging>bewieldDarrell</cogging>
      </gussyTerpaneCalicle>
      <azury>
        <conchalHaidanStormy>pitheadShochet1</conchalHaidanStormy>
      </azury>
      <dapsonAutoma>
        <tinneQuircalCarbora>oldnessIncomer</tinneQuircalCarbora>
      </dapsonAutoma>
      <ainsell>
        <blowBepearl>5458</blowBepearl>
      </ainsell>
      <comity lammingUnmesh="treats" seimasNudumCampus="rappers">
        <tummy>concion</tummy>
      </comity>
      <daunchMouchedBlossom>
        <skydoveRiden>annular</skydoveRiden>
      </daunchMouchedBlossom>
    </carportBlues>
    <gested>
      <ceases>mermaidObsedeDigital</ceases>
      <gawker racette="9932276">
        <zinganiUnhairyExalt>hoonCurat</zinganiUnhairyExalt>
      </gawker>
      <melisma homoeanReivesUppings="52">
        <cutoffCepa>forward6</cutoffCepa>
      </melisma>
      <sotter domsHainJun="704" panheadWiveOrsedue="boeotiaSnubbee">
        <tholing>maimonJejunaMedism</tholing>
      </sotter>
      <endgameDemencySoberly canunCondor="siddhiMuslim944">
        <tummock>derobeSophArided</tummock>
      </endgameDemencySoberly>
      <periqueCrocketCarrow supputeSiloedBeefalo="silique">
        <mungerLaniateGlutens>3</mungerLaniateGlutens>
      </periqueCrocketCarrow>
    </gested>
    <panditLagerAlphyl hufferSaining="altumalInulaseEli" jawlikeDradQuotes="punletStrown" fruz="jawed">
      <kalasieDucs>afroAims</kalasieDucs>
      <belat vagusYemenic="4">
        <borerBassonLairdie>quelme</borerBassonLairdie>
      </belat>
      <seizesPottage>
        <ute>ferrums99</ute>
      </seizesPottage>
      <sheevesPotooEducand capocheDaffyYaquina="targum">
        <rhombicBodEpirote>liberiaFurcae</rhombicBodEpirote>
      </sheevesPotooEducand>
      <merino>
        <peltate>tunnaSheath</peltate>
      </merino>
      <agujonChesselDoor adducedKnownSoir="509">
        <edilesDuluthLianes>douanesLispedFootage</edilesDuluthLianes>
      </agujonChesselDoor>
      <desorbsHeafGrutten>
        <apache>putlogs</apache>
      </desorbsHeafGrutten>
      <chaksiEngaolCleared kimonosRingSantir="outfedTeatyCresol" lingaFiery="coecumTeacherGliff">
        <libreChocoEffie>flattenBondoc</libreChocoEffie>
      </chaksiEngaolCleared>
      <aimak>
        <rewworeBrindedRages>atiptoeBenzoyl</rewworeBrindedRages>
      </aimak>
      <sebaitBevomit pliantFrosty="zati">
        <mickle>saladsCope6273</mickle>
      </sebaitBevomit>
    </panditLagerAlphyl>
    <kyatSuck>
      <tandemTrouter>entiaWangledDaggled</tandemTrouter>
      <majlisImagism whir="bedrel" nitBergamoTherm="belsire">
        <karvalBurgoo>prestsActusGestes45</karvalBurgoo>
      </majlisImagism>
      <sulfateFunnelsSpunked>
        <bonesNinthIllus>tweeshtPhloemsRagged7854</bonesNinthIllus>
      </sulfateFunnelsSpunked>
      <vectorShogged cumshaSetpfxDecade="iamb">
        <stavingSmokier>28</stavingSmokier>
      </vectorShogged>
      <nonpaidSuclat>
        <rail>phallusTeenish</rail>
      </nonpaidSuclat>
    </kyatSuck>
    <jewish>
      <sumachsJainaRialto>lbwScumAcid</sumachsJainaRialto>
      <asmalteMizzly jongScaupsChowse="areg" tintageMadtom="analyt">
        <gyrallyDonateeScamles>521462987</gyrallyDonateeScamles>
      </asmalteMizzly>
      <tamas>
        <tidiAlma>431367</tidiAlma>
      </tamas>
      <witnessFilariaHelve>
        <explaitLeasingChasing>suddle</explaitLeasingChasing>
      </witnessFilariaHelve>
      <zonicLadlesLenny tubefulSnashPassway="cerevisKethibhAsklent9642">
        <burfishSmash>azelaicAliciaManjel</burfishSmash>
      </zonicLadlesLenny>
      <trainsStinge isogenBulletsTiaraed="embread" cliftErotemaRecite="manila">
        <revilesPartonBrank>spotterCamps4</revilesPartonBrank>
      </trainsStinge>
      <vacuousDribbleBrazen>
        <pockedNursedSamite>retrust</pockedNursedSamite>
      </vacuousDribbleBrazen>
      <bushfulSoakage climbedInnards="29" dustSiegingSememe="freest">
        <ewry>cachousGarnish</ewry>
      </bushfulSoakage>
    </jewish>
    <sithensNapooRansoms>
      <garrote>99</garrote>
      <mislaidChiderRiss>
        <tuiFalk>nine</tuiFalk>
      </mislaidChiderRiss>
    </sithensNapooRansoms>
  </vernMott>
  <parting marquee="goerLegates" sigilsCackles="knifing" roarersTubular="coakumDebby" />
  <oxeateSarahRely pickaxPartileUnplow="pank" joseBombace="dabbingRahDynasts2179" />
  <cohuneEligentInfight goveNabla="naebody" earsHagboat="foosterMinimisSurwan31" incurve="pixesGlutei">
    <smaltoStroam>
      <celtuceRoper>rasures</celtuceRoper>
    </smaltoStroam>
    <gourd aeroOhmicLosang="crewcut" abettorGasped="plottDhoolyFagoty" tilingConvell="viduagePekesTango">
      <guyotsBursate>8</guyotsBursate>
      <gowpinAustriaOlp tempeQuilts="andriasSkrike" talerBulgers="faiteryGaugeAnarya">
        <deluge>676913153</deluge>
      </gowpinAustriaOlp>
      <roilierBaller>
        <hyblaRetour>depthenUncome</hyblaRetour>
      </roilierBaller>
      <carloadGutlessActure>
        <pholcidBaccarGruffly>buransDruseanIodoso456</pholcidBaccarGruffly>
      </carloadGutlessActure>
    </gourd>
    <knop>
      <ghegishFerbam>pugreeMorularDuroy</ghegishFerbam>
    </knop>
    <madrihSuspire>
      <mooth>lantumChopin</mooth>
      <forbearHappilyEnfever ooid="areal" rapistAlbedo="cecileWashmanSexily23">
        <hamoseRhizota>3</hamoseRhizota>
      </forbearHappilyEnfever>
      <osirismUprouseSoily>
        <mimosas>1</mimosas>
      </osirismUprouseSoily>
    </madrihSuspire>
    <vergentCajun>
      <darghin>miltyWinze</darghin>
      <teraisTorsi sfree="murmursOrnis" sekereZel="deathinZigzags">
        <mommaHoedClaw>metres5728</mommaHoedClaw>
      </teraisTorsi>
      <yote furphyLehrmanCronk="squirmHarpy" ajivika="mixtion">
        <pistonBeheira>nowtsSpooked525</pistonBeheira>
      </yote>
      <pimploeWheelMealed quawkArmure="deaneryCearinEnfile17">
        <lepric>bypathsCheval875</lepric>
      </pimploeWheelMealed>
      <illanunUcheanBrooks sprotHollersEmpexa="pertishGroansErthly" towablePrauGelid="emptio">
        <unvivid>railingGoombayFlotten40</unvivid>
      </illanunUcheanBrooks>
      <seatersPerdure fustier="cutieToetoe" claverReadds="burbles">
        <confitDcbnameFlyness>reprosKills</confitDcbnameFlyness>
      </seatersPerdure>
      <aswirl>
        <dulcifyPaiwari>howffsUnfar</dulcifyPaiwari>
      </aswirl>
      <helvite tubbersRimasCrowns="flyerShaver3">
        <bedoyoOutedge>cabbie</bedoyoOutedge>
      </helvite>
      <jiglikeDewedInnyard>
        <panus>sirenScut</panus>
      </jiglikeDewedInnyard>
    </vergentCajun>
    <roteMawp stullsGibbi="prances" orgiasmJarinasObadiah="taubeClusiaSickles">
      <galerum>657</galerum>
      <hyalite>
        <potenceHaving>lookers</potenceHaving>
      </hyalite>
    </roteMawp>
    <bradley>
      <picoted>jarfulAposiaTawery</picoted>
      <negator oollyMiriki="71">
        <chondreFulledShilh>pochoir</chondreFulledShilh>
      </negator>
      <hylomys>
        <tsade>hellyCabinda</tsade>
      </hylomys>
      <stanzoThionylLenaea>
        <unieSeizersDuadic>refreitTaurMedlied</unieSeizersDuadic>
      </stanzoThionylLenaea>
      <fikieQuittal goddard="vaguely">
        <shawmsDuendes>slakerSelt4338</shawmsDuendes>
      </fikieQuittal>
      <morulasArgos>
        <speckySenoras>helotInbeAnanym</speckySenoras>
      </morulasArgos>
      <aretes mutable="peltast">
        <padleAurangEven>jouals647</padleAurangEven>
      </aretes>
      <photal choiredSains="petit" gas="soucar">
        <cutbankSeudah>snabbieRegions</cutbankSeudah>
      </photal>
      <footled ouyezdEdestin="diploesTenutos" konfyt="gushilyWicks">
        <bailo>grouzeSirrahInitive944</bailo>
      </footled>
    </bradley>
    <vyinglyCockledLandler>
      <gambe>tilled</gambe>
    </vyinglyCockledLandler>
    <sherif slatingKorunas="6">
      <decollPelado>snoopedOblPeddles5</decollPelado>
      <chimarsQuibble>
        <vulvarSomnus>moluche</vulvarSomnus>
      </chimarsQuibble>
      <syssita>
        <swaraj>pulijanSnoozedKuan</swaraj>
      </syssita>
      <iambSyboTrigon summitsMoorukJetbead="skippelVermianMagical">
        <biogas>bowlike</biogas>
      </iambSyboTrigon>
    </sherif>
    <yammersHobits>
      <rimpledOocyte>1955087</rimpledOocyte>
      <camata deniersPeoniesCooree="geobios3141">
        <mullasOverhitLek>2</mullasOverhitLek>
      </camata>
      <ubussuOlor ovular="winchesZebrassRhoeo">
        <apojoveCivets>remintsHovaTainted</apojoveCivets>
      </ubussuOlor>
      <schriksCoolieOilcake>
        <oeuvresEarwigsFoothil>theroidDare</oeuvresEarwigsFoothil>
      </schriksCoolieOilcake>
      <kinotAmazes ulus="lucidaSeptalMediate">
        <doblonUllageReplow>matroidHardtop</doblonUllageReplow>
      </kinotAmazes>
    </yammersHobits>
    <unaxed>
      <woofersBhaktaDiauli>recoastSternalJellico5296</woofersBhaktaDiauli>
      <alegarPrudes beclout="peciteDunkWeets">
        <gazelMoliereRedoubt>36189</gazelMoliereRedoubt>
      </alegarPrudes>
      <muscaGabari pechiliRetasteLawned="shaikhiBunches">
        <cylices>afters</cylices>
      </muscaGabari>
      <coypou>
        <nudnikEmesisCushag>cahillOrnesViewed</nudnikEmesisCushag>
      </coypou>
      <shard>
        <reavesForhale>miaowedDhobieLingala7004</reavesForhale>
      </shard>
      <monesesAbought>
        <buibuiIconvGing>ayondBiaboBecher1503</buibuiIconvGing>
      </monesesAbought>
    </unaxed>
    <reaches luddite="latonSonarsCairned15" pastil="tatted" woodierRedpollSnary="stupid">
      <dossmanAwink>teadJud</dossmanAwink>
      <judeUang>
        <dentilZoolithLithias>beggedKvarZocalo851</dentilZoolithLithias>
      </judeUang>
      <oisinUntop>
        <goliardTranseFarrier>arenga</goliardTranseFarrier>
      </oisinUntop>
      <seeablyRariora flawyDemergeTryste="5">
        <wansithNakedly>esotery</wansithNakedly>
      </seeablyRariora>
      <stallsPavlovIndigos>
        <pelengGlazily>soddenCabbleBromous</pelengGlazily>
      </stallsPavlovIndigos>
      <pruh>
        <hashiya>mondainAlix</hashiya>
      </pruh>
      <anax talloteCensors="8">
        <aroniaGurgedFitchet>caninalZed</aroniaGurgedFitchet>
      </anax>
      <afforceCorpsy auguralBreadsTaring="9418462" rastledCouchyCrenele="meslen53">
        <ashtray>moutherEngild</ashtray>
      </afforceCorpsy>
      <indrawnBenamed emrodeAgamous="7900176" slooshHiplikeOctdra="valliesLeaders">
        <loligoBadiagaNeepour>bedecksMaunder</loligoBadiagaNeepour>
      </indrawnBenamed>
      <naira rudelyDayroomPoire="dozilyCroup940">
        <helmage>obeliacLokshenPlaced</helmage>
      </naira>
    </reaches>
  </cohuneEligentInfight>
  <pallialCasulaIsodont ashamnuYoure="7240151">
    <affuse>
      <stroys>sunniBesteerGavial5707</stroys>
      <nenta fronterSubbiasLichted="eparchsDrumler">
        <anaxSkeer>pluckerJobberPosteen</anaxSkeer>
      </nenta>
      <wendic entriaAcider="atollSiksikaYarrow" kaliumTisaneCubicle="graves">
        <vastitySumming>nutseed</vastitySumming>
      </wendic>
      <caeomasJonqueBarbero>
        <coprah>shamansFoistTyramin</coprah>
      </caeomasJonqueBarbero>
      <meddlesWrabill drie="uncularSnakish" voucher="farcingGasterSkodaic">
        <dickitePassim>sadicKamiasMarshs67</dickitePassim>
      </meddlesWrabill>
    </affuse>
    <nevellTzetze zigged="626874405">
      <asserta>unblissCue8</asserta>
      <carrotDolfHaori braided="femmesDuggler7">
        <kyschtyInlet>linneon</kyschtyInlet>
      </carrotDolfHaori>
      <sunyataChegre fellen="zenanasMedevac" socialsKnuckleBigging="guanyl">
        <scuddedUnbrute>akiaSisters</scuddedUnbrute>
      </sunyataChegre>
      <quintinRodders pirMeuse="knoit" floria="arboretReccy">
        <krasJinks>49452</krasJinks>
      </quintinRodders>
      <sazeracSprints kennethNagsman="35" lately="erbiumMesstinUnsadly">
        <guara>armuresPurpure</guara>
      </sazeracSprints>
      <doffer>
        <dunalDollars>gashedErupts</dunalDollars>
      </doffer>
      <gemoteAdjag umiriGruidaeLoopy="topplesYamunDustpan" outbark="unsteek">
        <prixRissoidCustrel>6472770</prixRissoidCustrel>
      </gemoteAdjag>
      <ideasUppingMissals eloinDirt="alidaSmeekedHastate" buhlDauriTenches="dixainStilesAscians">
        <eyelid>inheresStuporStabile</eyelid>
      </ideasUppingMissals>
      <apercu hormist="unadeptGeitjieManius">
        <fringeBlungerNeuma>shnookTacanaUpcut16</fringeBlungerNeuma>
      </apercu>
      <spavineTousingHoovey cansfulBurn="chimbeClottedOrnes646">
        <habenaOinks>369713290</habenaOinks>
      </spavineTousingHoovey>
    </nevellTzetze>
    <veneerHashy wiggenWaukingBoskets="smileyMinionsBeking" entry="auditedFellahsPekin">
      <orthoseCamenes>29876</orthoseCamenes>
      <kraitOlamMoppets redreamCircule="loggyMyrickOverply" turi="482208">
        <pielike>flawier</pielike>
      </kraitOlamMoppets>
      <elutesThallus pawkeryVeepees="gerkin">
        <nuzzlesAcemilaFlingy>chupakAjivika938</nuzzlesAcemilaFlingy>
      </elutesThallus>
      <trouter>
        <amoyese>waddlerCosse</amoyese>
      </trouter>
      <stipesBechic medioLorarii="agen">
        <helotryFugitCamlets>76908855</helotryFugitCamlets>
      </stipesBechic>
      <vannerOutwayCharked jus="470">
        <phallinWigdom>loopletBeading</phallinWigdom>
      </vannerOutwayCharked>
      <streeLuckyDite akingJackyeWarren="volyer299">
        <shivRusine>grudgesBluster</shivRusine>
      </streeLuckyDite>
      <ayenGlummerCrural>
        <nudgingInfaceOestrid>muscatsRedyedCaxton</nudgingInfaceOestrid>
      </ayenGlummerCrural>
      <sylvic laddersButanesDepone="vealArabica">
        <unaxledRedoxMasque>stylite4</unaxledRedoxMasque>
      </sylvic>
    </veneerHashy>
    <unheedDeciles dockmanThujoneSetiger="spotsEyrer">
      <sorbose>samsamSpackleAppears49</sorbose>
    </unheedDeciles>
    <locatedInermesMad>
      <girsleCenturyTansy>brokesTrojansRath</girsleCenturyTansy>
    </locatedInermesMad>
    <kelsonsLoir>
      <sibbErecterAlemana>batisReeks</sibbErecterAlemana>
    </kelsonsLoir>
    <yblentWhammo pertenTracers="rachial" micracoDwelt="fameuseAkaakai">
      <pinocleMaugis>211</pinocleMaugis>
    </yblentWhammo>
    <terzinaReguide>
      <detnSinifyArrage>feases</detnSinifyArrage>
    </terzinaReguide>
    <demibob caphiteJerseys="96" winbrowTahsilCelebs="kippur45">
      <bobanceScatchKumara>busyishTypps</bobanceScatchKumara>
      <brieScauperPyxides taxwaxOcean="bonteeOutgrinPaniolo">
        <behungFrontonUnau>heddlesReindue</behungFrontonUnau>
      </brieScauperPyxides>
      <vacuist>
        <unplank>331064</unplank>
      </vacuist>
      <walkupsBamah suede="dripEftsSynagog697" ricassoOwrehip="talisPrewar">
        <amidate>2953781</amidate>
      </walkupsBamah>
      <arach anelaceNectron="scenes43" sugi="byardPacerSheolic525">
        <thewier>monilia</thewier>
      </arach>
      <antiwarManzilQuagga>
        <julolinPetkin>sociate</julolinPetkin>
      </antiwarManzilQuagga>
      <riddamGalban barbs="elevImpalm">
        <sulfursImpaledSlatch>bodhiClarePrologs</sulfursImpaledSlatch>
      </riddamGalban>
      <ghegHist boopisRavines="15" bandiesSocePriests="sike">
        <spiny>eunomy</spiny>
      </ghegHist>
      <paolo novilloMuscoid="nongodOssuarySandhi" dragmanCaimans="neembaSandhyaPoalike">
        <twinSunnaIllipe>emblemaRathedUlulant</twinSunnaIllipe>
      </paolo>
      <dandles phytoidRonald="fulwaLabariaCausson">
        <boyangPeltry>brutedDammit5</boyangPeltry>
      </dandles>
    </demibob>
    <snobby>
      <newcomeGastedGummed>erodesEasing</newcomeGastedGummed>
    </snobby>
  </pallialCasulaIsodont>
  <stoas>
    <reinerLandau>
      <quintonExodos>cogenerShadine</quintonExodos>
    </reinerLandau>
  </stoas>
</condoneWodgy>