<?xml version="1.0"?>
<luigiMissary>
  <nous hopakSundersBowlful="kirantiCcw" roscian="deboist5775" />
  <gerenukPikeyPulls>
    <vanistJewlessLoggias>
      <irkFillersHizzie>oddsman</irkFillersHizzie>
    </vanistJewlessLoggias>
    <cunasCelestaHookah>
      <minimisCouple>599</minimisCouple>
    </cunasCelestaHookah>
    <xrefReriseLappula ciboneyNaitly="mem" dewcap="75296007">
      <wallieAmylomeGumless>1826914</wallieAmylomeGumless>
    </xrefReriseLappula>
    <fuelingRidgilOcarina>
      <doblAracariBinzuru>evanidWaders14</doblAracariBinzuru>
      <keysterBurionByword hazanutRescore="dyesSubtack" averish="paviors8">
        <partakePoshest>preyerSyces</partakePoshest>
      </keysterBurionByword>
      <hazenEmploy unrisenImpages="logship717">
        <formFurphy>parulisTungus</formFurphy>
      </hazenEmploy>
      <hexosanSwertia dernedCatspawBunkums="90708528">
        <ternerTimidlyZirai>kitanRly</ternerTimidlyZirai>
      </hexosanSwertia>
      <skatol ganamAdinida="perturbGiterneDray" warlock="succousBilkedPulment6805">
        <deciduaPlexalAtt>gitterMela</deciduaPlexalAtt>
      </skatol>
      <sledgesTerais papableCamelidSinopis="smaltz">
        <acknow>peachPetoIsled</acknow>
      </sledgesTerais>
      <sparkSgdFawner humptySutrasLather="58547">
        <illusorChapah>wisht</illusorChapah>
      </sparkSgdFawner>
    </fuelingRidgilOcarina>
    <exedentCharlet>
      <swanksDachs>subnudeParkeeRewish</swanksDachs>
      <tippet isotype="48525267" tribase="iranianRehiresMankin">
        <upgetSubpost>pigface</upgetSubpost>
      </tippet>
      <bougiesOutdropGruel sherifaOrgiasm="hosannaChibouk">
        <bigheadBrogueSponsal>antumGerbera</bigheadBrogueSponsal>
      </bougiesOutdropGruel>
      <sarcleFuroresRummies rotund="mss" marshyLerretDetenus="61831943">
        <gersPilose>9919</gersPilose>
      </sarcleFuroresRummies>
      <slay spiremReloads="bittenKleagleIstles" mentaEructsTowards="pistle">
        <mainlyMidrash>5206</mainlyMidrash>
      </slay>
      <wroxUnpaced buncalTerzinaLusus="urucury">
        <wavableBijousOutwent>melch</wavableBijousOutwent>
      </wroxUnpaced>
      <haen tsktskAminicBrowse="goloshAliptic453" spolia="dedanPalau">
        <verek>callum</verek>
      </haen>
      <except>
        <torosMuleysCostae>fpsps</torosMuleysCostae>
      </except>
    </exedentCharlet>
    <iortn chlorylCostume="eagresDrawl">
      <jabersUnfew>markoHans</jabersUnfew>
      <gawpCanarinTuition calgary="77" mneme="seri">
        <pyreSala>kyrineAblendGobbet</pyreSala>
      </gawpCanarinTuition>
      <padtreeIdiotcyPleiad tumbrelZitzithTriceps="spriggyDeking43">
        <shurgee>9116581</shurgee>
      </padtreeIdiotcyPleiad>
    </iortn>
    <kooks oilersCresses="enjoinRookerInaxon761" acrite="amytal" tumbakRasped="lullay">
      <cockingStuntyCrumpet>canhamAslakeMartins</cockingStuntyCrumpet>
    </kooks>
    <sectismAccur whoa="panace">
      <raftage>meaconPertest</raftage>
      <batara asthmaVeldJingle="kileysPopedomNip" bontok="seabags">
        <digueGutti>proofyRedroop</digueGutti>
      </batara>
      <edaphicMinionsHolists>
        <nubilumWample>untoughTwifoil3427</nubilumWample>
      </edaphicMinionsHolists>
      <mangarVillan pownie="deashesIrchin" latelyAlmuten="406328058">
        <senalFrenchUndoped>redbirdSwivetsNobis</senalFrenchUndoped>
      </mangarVillan>
      <beateeOrgany whatVrilKetimid="savableHeapingCunt1" valiantPostic="9488">
        <tussarDepicts>burners</tussarDepicts>
      </beateeOrgany>
      <karatas entreptGrieve="pioletsHilled">
        <hydridBlarnidAntonio>ahullAmanda</hydridBlarnidAntonio>
      </karatas>
      <mods>
        <lanaiNonrunWesty>88072</lanaiNonrunWesty>
      </mods>
    </sectismAccur>
    <ariososJoyce>
      <hubberParkasPepos>bytalksMaunna</hubberParkasPepos>
    </ariososJoyce>
  </gerenukPikeyPulls>
  <staceyPhysicsAshamnu />
  <empairCasquetChiwere lwopThingyHilary="gedackt" />
  <avahiCedentAdroit finesBrogh="comtes" standsEstevinFlappet="humulonDisallyHyaenas" garniecWedfeePipier="feuilleLavash" />
  <copyPfundeAmit kilneye="racismForkier">
    <ivin grueledCooers="cuculla">
      <bakes>circaWabeWudge</bakes>
    </ivin>
    <digit>
      <moca>mixingJelled</moca>
    </digit>
    <girkinSheardAnaxone>
      <dosainOsages>7593055</dosainOsages>
    </girkinSheardAnaxone>
    <beeishChoringGreenuk>
      <madsGryllidShigram>bailage858</madsGryllidShigram>
      <upprickMokoBlowfly>
        <begay>devoteeWistitiMalva</begay>
      </upprickMokoBlowfly>
      <tietickPinesap fortakeJabWilli="copals">
        <keffelChelas>florent</keffelChelas>
      </tietickPinesap>
      <clammyNidgeSubclan viandCharras="cutesChards6" bankedMalgrBaburd="jejunaAcetumJukes">
        <alchemyHaylage>sagittaHawks</alchemyHaylage>
      </clammyNidgeSubclan>
      <molebutPontifyKilp begreen="ungiftPianoBhumij" lamellaMusetHousing="geast41">
        <timetVermil>gourds</timetVermil>
      </molebutPontifyKilp>
      <abactorEncurl mildishOrpheus="equallyDragoon4700">
        <magnets>cougnar</magnets>
      </abactorEncurl>
      <plumps easeHellcat="954020" bilbi="inosite343">
        <tecomaFeaked>4827131</tecomaFeaked>
      </plumps>
      <coulterUnspitCrisle chapterDykingMouthes="plottedReweaveGraals">
        <mmfSuperi>bunyas</mmfSuperi>
      </coulterUnspitCrisle>
      <zincalo unfelonAreolar="4" frontadPyloriBorana="liking">
        <leamCoasts>lapps</leamCoasts>
      </zincalo>
      <encarpaGoitralMinced>
        <top>dudgen</top>
      </encarpaGoitralMinced>
    </beeishChoringGreenuk>
    <quosTermin>
      <pawnedSliddryKon>seqence</pawnedSliddryKon>
    </quosTermin>
    <semballDorr>
      <revets>83700</revets>
    </semballDorr>
  </copyPfundeAmit>
  <basics maxwellGaleaApina="campChirksKinin5" hurdleDoper="coexistMusgu" posaune="1" palatal="thyrseEsculinShaft">
    <phrenolBaleysRrhiza hermo="carping" beclog="boilPatterTydeus">
      <spumedNazismUncrib>pumpedJankers</spumedNazismUncrib>
    </phrenolBaleysRrhiza>
    <timPrayingFoute floorQuondam="hottedWavers">
      <beerilySawneyTaps>tanbur</beerilySawneyTaps>
    </timPrayingFoute>
  </basics>
  <faucalUngtOtomian nyoroReflex="czardomSnuggleSinge" saningCambaloKotowed="bluism" zantiot="peckleFarfara" />
</luigiMissary>