<?xml version="1.0"?>
<twingleDiode>
  <sinsMaroLum regrown="436">
    <faring>
      <lungingFasheryBalli>678805</lungingFasheryBalli>
      <melanoi papillaGaius="5703885">
        <topside>undeifyBedinBefan</topside>
      </melanoi>
    </faring>
    <vernixHoise>
      <strayed>417912</strayed>
    </vernixHoise>
    <muskratSilvae>
      <ronald>techSizings32</ronald>
    </muskratSilvae>
    <pommeeDraftee>
      <capreol>hurgilaCompartRoset</capreol>
    </pommeeDraftee>
    <halpaceFanzineDasyus>
      <flewit>bustsRantree</flewit>
    </halpaceFanzineDasyus>
    <marrubeEcocideMadder tingesMuddierFilaria="leeryCeilsHybrids">
      <dryerPatten>banyanTintage233</dryerPatten>
    </marrubeEcocideMadder>
    <bespete>
      <outwallVendeeSpahis>dodmanVaireeCurites34</outwallVendeeSpahis>
    </bespete>
  </sinsMaroLum>
  <homishVulgareVeinlet pongidsBlobHandler="accra398" tulalipGledy="sklentGelosie577" highishTonged="2780" eucre="regildsGlintMalakin" />
  <clouter sorgheLarval="lassie" wuzu="payolaMarkedKikumon" />
  <gibus timbalBracing="67372345" bullismUpslopeNotary="730067722" retries="cyetic">
    <huvelyk>
      <idolsClamantHolw>6</idolsClamantHolw>
      <paular>
        <pittaSamkhya>quarleMaleo</pittaSamkhya>
      </paular>
      <scarmanLiquifySaulge>
        <adios>danseurAdret9</adios>
      </scarmanLiquifySaulge>
      <cohogs sursiseDebitorRottolo="zoism">
        <railed>gloat</railed>
      </cohogs>
      <mensedMilleri>
        <bunkingLimpingWartier>bebeast</bunkingLimpingWartier>
      </mensedMilleri>
      <floralAmante>
        <timishNowch>8</timishNowch>
      </floralAmante>
      <sariRemoridLubes carambaRinsesAbbr="996449">
        <teraph>963</teraph>
      </sariRemoridLubes>
      <huskilyPileata steedsDecayer="mopaniTritiumCanoed">
        <incussNake>parmackPinked</incussNake>
      </huskilyPileata>
      <maydukeOffenceMassa>
        <serversDue>6077600</serversDue>
      </maydukeOffenceMassa>
    </huvelyk>
    <trothed>
      <lengthy>fistleAlapa</lengthy>
    </trothed>
    <carmineCarven>
      <cumblyMessan>snakes</cumblyMessan>
      <basinGlos>
        <baftahIncurLiards>tychePontineAliofar</baftahIncurLiards>
      </basinGlos>
      <swaysGrunch doormenBattaMikes="gunnelsAmoriniSofties">
        <medick>31398698</medick>
      </swaysGrunch>
    </carmineCarven>
    <fattilyFlawful>
      <vassos>abutModuletSjaak341</vassos>
      <feedlotWinoesUmpteen>
        <burgoo>stuffy</burgoo>
      </feedlotWinoesUmpteen>
      <aphrite cucujusNursleStubs="427370">
        <algates>ulamas2</algates>
      </aphrite>
      <lazingGuichet ululant="floater" peakilyManetHordes="sputBookish">
        <correo>rediveRetryAlmuten</correo>
      </lazingGuichet>
      <renteeWaftageLotor guans="tulcan1" brocard="longesBeldame">
        <gobetButyricLilian>acheniaSriram</gobetButyricLilian>
      </renteeWaftageLotor>
    </fattilyFlawful>
    <anaryanNervosa odessaGawky="5448880" turio="burely" bairns="coppy">
      <delateTriply>romneyEths</delateTriply>
      <toolsyLois douanes="reframe">
        <shucker>omittedAbsence8905</shucker>
      </toolsyLois>
      <pyropeRefulgeBoom>
        <skates>totquotHabitedFayumic</skates>
      </pyropeRefulgeBoom>
      <refrontNouses reccoCompoer="skillsFermacy">
        <rimulaSufficeGuids>lautuFerison8</rimulaSufficeGuids>
      </refrontNouses>
      <yattersNurlingFrowzy helixinAmbriesCunyie="wannishReequipPyx">
        <slags>tainsAlundum</slags>
      </yattersNurlingFrowzy>
      <dankerLaurinStater mandrel="daff">
        <jawnAvowerCasuals>goumierHell</jawnAvowerCasuals>
      </dankerLaurinStater>
    </anaryanNervosa>
  </gibus>
  <shegetsDecimalPasts>
    <disard plonko="soldan" hansInchingAdoral="esculin6112">
      <tempeanOffward>bournYapons</tempeanOffward>
    </disard>
    <got mahant="4857653" leafery="alohaCrena" pondus="brevetScaffieLipped">
      <gavages>puisnePitied47</gavages>
    </got>
    <vibrio>
      <epigonSac>pegmaCommem</epigonSac>
    </vibrio>
    <cirsium>
      <atony>armillaUnlegalDorter</atony>
      <blabbyAcornsTussler amoraicConcupyGroover="37095652">
        <gabfest>dahoonSocoMace</gabfest>
      </blabbyAcornsTussler>
    </cirsium>
    <readdSonder steekedYawnups="wedanaJarvis" distort="66" verutum="acheerKneeletBrashy">
      <endue>onset</endue>
    </readdSonder>
    <mooseyJoying fanback="stechEloahHenry" stowing="129" oakweb="anteedCahokia">
      <semsemBeulahBagged>tigella</semsemBeulahBagged>
      <saluda>
        <ungotGien>86958</ungotGien>
      </saluda>
      <suiteDarius>
        <anywhen>waygoer</anywhen>
      </suiteDarius>
      <enolHoppedKachcha sothiacBaguet="pinkiesDidric3">
        <unchainSchmoDudish>jovaCrapingTriace</unchainSchmoDudish>
      </enolHoppedKachcha>
      <galyacOneNoggins diopterEmpaleUnhero="mutedWakikisBdls632">
        <becomeNearedAlose>idaicBowet</becomeNearedAlose>
      </galyacOneNoggins>
      <garfishOctets askedNowness="kibitz" frache="weirdoKolacky">
        <tiletteVibriosCoesite>671</tiletteVibriosCoesite>
      </garfishOctets>
      <dewlike>
        <volableKiddies>canardNutletKnifed</volableKiddies>
      </dewlike>
      <saddle potchAlmagra="elevensGroynesChagan" sokes="actinon">
        <recalk>rosebaySloyd4299</recalk>
      </saddle>
    </mooseyJoying>
    <dockman shikkerJinxing="rohillaBranks">
      <delayToltecOctopus>vilerKickerJasmine4</delayToltecOctopus>
    </dockman>
    <phacaDibbingFconv gristlyPilmy="30112802">
      <trapesAlkalisMahjong>tittlinCuckooEmmies9081</trapesAlkalisMahjong>
      <sasteanAlter bulbine="vaporsAubainBittium94" gheleem="632">
        <tuneboAlexiasBedim>1762164</tuneboAlexiasBedim>
      </sasteanAlter>
      <keddah peeped="lenoraSkanda">
        <hipe>87520</hipe>
      </keddah>
      <sculkDialingMonos>
        <sidebar>jessurTiaras</sidebar>
      </sculkDialingMonos>
      <upspireHamzasSucken heyduckApeletLackeys="tabagie">
        <miaPuntelGadwell>1071112</miaPuntelGadwell>
      </upspireHamzasSucken>
      <farrowsTarrilyDvigu noilerRoarerNicol="unshortGilaki396" undigKickoff="trophisPockierBending">
        <changedRancidMollahs>webeye</changedRancidMollahs>
      </farrowsTarrilyDvigu>
      <dilPiliferPrivily wholelyJosser="96169" resaidShakosRiccia="tahrWezn">
        <detur>dopster</detur>
      </dilPiliferPrivily>
      <chillWatches hohokamWalerKinchin="slicklyHereoutMealier15" ima="fathoms">
        <mallearSeinerBeswink>tootses</mallearSeinerBeswink>
      </chillWatches>
    </phacaDibbingFconv>
    <volingPhocoid staiaShinierSuds="kibbleBasinet">
      <litSabotsApices>belaitAnabong</litSabotsApices>
      <halvedRedbaysCalls weeversSlipper="8734222">
        <wahaheGreceChwana>tinkersRougy</wahaheGreceChwana>
      </halvedRedbaysCalls>
      <pushed mimmestIconv="stetsonTawnier6">
        <goryFrized>909978737</goryFrized>
      </pushed>
      <outseekTosConchs siricidUnkeyedRocolo="alepotSlight693">
        <atturnMusties>160911298</atturnMusties>
      </outseekTosConchs>
      <buglingRecites>
        <mouesAerobe>misgrow</mouesAerobe>
      </buglingRecites>
      <heckled>
        <unwinds>playletTactiteComenic</unwinds>
      </heckled>
      <gunjahCryogen teabowlSparidsComer="dozSavvyByssus" resoldMarplot="cerineRazorsFalsum">
        <frusta>subpartBootees240</frusta>
      </gunjahCryogen>
      <eloinerPinchemCubbies galyakGinger="503052590" zeoidei="9967">
        <robingVenomly>kinTerassLucidly</robingVenomly>
      </eloinerPinchemCubbies>
      <plained shapooTantleShark="babcockYechAllheal" soonersNirlsTromps="28913761">
        <reomitInstalBowsing>leepitSuldBedress</reomitInstalBowsing>
      </plained>
      <chairPointer humansJacker="pretium" litiopa="rattleWoodineBluntie">
        <floreatShoofa>aculeaTabetic</floreatShoofa>
      </chairPointer>
    </volingPhocoid>
    <plaidieRafe>
      <tossups>scaseForbit</tossups>
    </plaidieRafe>
    <fluenceStored>
      <crible>enaticAgamae</crible>
      <bunton fannies="omentum" angildBobo="barleys">
        <sawmonBornan>3068</sawmonBornan>
      </bunton>
      <gadger gabbler="88545705">
        <fagalesYaird>12780</fagalesYaird>
      </gadger>
      <dimaneIddhi tagetesPeruser="nar">
        <entomolRefixedMiswern>barabraDuplon</entomolRefixedMiswern>
      </dimaneIddhi>
      <brockleSaliteGerres poperyTabidly="brenderAseptolUrn">
        <tomefulPasela>letoDuessaKanred3</tomefulPasela>
      </brockleSaliteGerres>
      <credoAffere charcaLoglet="joutesYferre" viseed="bensheaFuzzedPiratic">
        <whidded>7</whidded>
      </credoAffere>
      <jackmen endorseHedgers="essoinGashes">
        <dammers>beauneHomelyGelant</dammers>
      </jackmen>
      <snipWafersThesaur>
        <geosid>geodesyKnuthChoughs</geosid>
      </snipWafersThesaur>
      <assholeIcefish reurgeMurlockPinole="75695768" abduct="socksWhalingMips">
        <cronian>grip23</cronian>
      </assholeIcefish>
      <uncrate rajivGaureDilker="21" fullyTriced="19">
        <gallera>dogdomsCradles</gallera>
      </uncrate>
    </fluenceStored>
    <dokhmaEnclearRegrew>
      <toningKrater>componeEffrontFaddier</toningKrater>
      <toluols actosSeemlyToyish="violetyGunUpflood422">
        <saltish>sleuthsWeirdPhytate</saltish>
      </toluols>
      <crumenGarotedBorak sulkyUnlentOfer="bolliesZurlite82" teap="cricksAdoxa">
        <footing>2</footing>
      </crumenGarotedBorak>
      <gervas taqlid="spraintBlancheProc">
        <waerBrutedTrilith>cleatedWarrandGisants</waerBrutedTrilith>
      </gervas>
      <pianismKulaPagedom simlingFactorsFlavin="bavinOuvre">
        <wonton>minchah</wonton>
      </pianismKulaPagedom>
      <rehaulWikenoSignum>
        <rampedCalalu>rotchMeeken</rampedCalalu>
      </rehaulWikenoSignum>
      <legrete jarfly="tenno">
        <gluttei>fubberyDotal</gluttei>
      </legrete>
    </dokhmaEnclearRegrew>
    <kistfulGardDamine>
      <wheeps>tactiveNouldAroids4762</wheeps>
      <retrosSteresBemourn pesewasBedenBaylet="uintjie3437" finificOutpour="resweepTuskers">
        <rumorer>maypopsPaauw</rumorer>
      </retrosSteresBemourn>
      <remimicYakutUnlodge>
        <desmoidDolcian>cabinedSuppersLimeman</desmoidDolcian>
      </remimicYakutUnlodge>
      <arhat sugamoShipfulGader="oblique">
        <tarliesBegar>65</tarliesBegar>
      </arhat>
      <sanseisCanaanWow taker="mygaleThreepsTodies3">
        <wadder>spicousEntoil81</wadder>
      </sanseisCanaanWow>
    </kistfulGardDamine>
  </shegetsDecimalPasts>
  <jurGunung tahitiPlacula="pustuleBattuta" meansPulsers="vesp" centai="dingmanCarhops">
    <hydrionFoxship>
      <hotter>abede</hotter>
    </hydrionFoxship>
    <acutes>
      <prepose>ignPuckeryStroys</prepose>
      <atnahIsanderCalite sabreur="waistsBlendesUnique">
        <chanstNoachic>inkleAudioResail46</chanstNoachic>
      </atnahIsanderCalite>
      <muddies knawelsVerser="edema">
        <fisheryGoatishAdit>sejourDefiber</fisheryGoatishAdit>
      </muddies>
      <hispid bilcock="1900795">
        <toothy>93275299</toothy>
      </hispid>
      <pedros tows="tipply">
        <upcoilIridianOutwake>4016423</upcoilIridianOutwake>
      </pedros>
      <cabals>
        <chihPeplus>286985752</chihPeplus>
      </cabals>
    </acutes>
    <massoy>
      <kolkhozKellionMegger>balanteSatangsWheem</kolkhozKellionMegger>
    </massoy>
    <biron>
      <quinoaHollow>scryLasiusCauline</quinoaHollow>
      <apoideaGushers unseenTex="sproatScyphoi" formalSkelic="jaiChaoAppete">
        <axillaRipe>counterMalakin</axillaRipe>
      </apoideaGushers>
      <dhawJestTappets ora="humblyPutons449" tapises="socotriFerriedPyemias">
        <sclimb>agoraeGauze</sclimb>
      </dhawJestTappets>
      <whse romanosFella="64">
        <tocomeBerneseStempel>profitUnlookOblate6459</tocomeBerneseStempel>
      </whse>
    </biron>
    <ricracsBowery>
      <higgles>766</higgles>
      <lupulusAgitate thready="jhvhSurwan" tiendaCaroledValure="upleaptPouffedStibine">
        <rineCass>efformEnlodgePoongee973</rineCass>
      </lupulusAgitate>
      <discase>
        <wuzuAplombs>enquireDozersClerids</wuzuAplombs>
      </discase>
      <wingmenTrilliWenchow immunJeer="awaitsOlonetsKoumiss3629" filchedPiaffed="57021">
        <averyScrooge>fatnessGemworkHamular</averyScrooge>
      </wingmenTrilliWenchow>
      <unmew gurjunBrobPaces="lugger" clinker="arawak">
        <diggingGlories>3305617</diggingGlories>
      </unmew>
      <albumSplice>
        <pondageLieut>jubilarTariricInkweed</pondageLieut>
      </albumSplice>
      <subarchByspellHaffets wingcut="911">
        <brattieSmeer>bursterChancey</brattieSmeer>
      </subarchByspellHaffets>
    </ricracsBowery>
    <guerre layerThumper="juking">
      <joramsSavedAmelet>fjeld</joramsSavedAmelet>
    </guerre>
    <torts acoreaSpikCartop="araca">
      <rouxDainty>cade</rouxDainty>
    </torts>
    <parrahVinalsAmaga>
      <micronAecia>phased</micronAecia>
      <gorSimperDivas tinsyKipuka="schesis" shamans="prologiDerout">
        <codgersJennies>overtJirgaEmpathy</codgersJennies>
      </gorSimperDivas>
      <hugsome doitDeignTeched="legumenSharpIssedoi" serifDumsola="geryViola">
        <tala>8</tala>
      </hugsome>
      <reeshleAglet unqueenAnaudic="pinite">
        <mossers>huggerTrouterTawhai</mossers>
      </reeshleAglet>
      <using lad="grayfly" tolterBubalSignior="112">
        <punkierLogger>910</punkierLogger>
      </using>
    </parrahVinalsAmaga>
    <bansHalloesGenomes>
      <mobcap>mechir</mobcap>
      <cozesBriefed>
        <argansSaponi>696806170</argansSaponi>
      </cozesBriefed>
      <yairdsSenor aphyllyQuercic="quinoaCawsGouda" bulimicPoditesWost="jonquilAtuami">
        <hidatsaDsnames>veruledIzbaPlotful</hidatsaDsnames>
      </yairdsSenor>
      <unhumidProve grandPimpled="moodBrairoCuboid">
        <pithier>22</pithier>
      </unhumidProve>
      <agnailsSpency lucanus="shaktis">
        <roseImpala>tangs</roseImpala>
      </agnailsSpency>
      <indolsSnebDeanery>
        <snyedHocusedCleaved>khajur79</snyedHocusedCleaved>
      </indolsSnebDeanery>
      <cocuisaEthoxyJows amomum="diallyl5067" prismsFugieNotself="81908">
        <torulinClept>stigmesSennaAnoesis</torulinClept>
      </cocuisaEthoxyJows>
      <lotusinBaconSurfman zariba="maffiaEquiped" worse="leaseValeralStudder">
        <musumeeMusit>jellCathSkeanes</musumeeMusit>
      </lotusinBaconSurfman>
      <citreneGlassinMalo bagdadCesareSnast="dabbedGpadKorwa" petuniaKeying="upsweptPythiumAtmos">
        <chopas>84016746</chopas>
      </citreneGlassinMalo>
    </bansHalloesGenomes>
    <stropheBussock>
      <hilus>brisesMealyRainy</hilus>
      <tagsterResex griftsYoicksWhorls="tutrixAbodahSelly5">
        <reclude>cairdsSnarl</reclude>
      </tagsterResex>
    </stropheBussock>
    <looselyCasaba chewink="dustuckPsycterBike" animineBongo="shipmanAwfu225" hattock="dereismRages">
      <imviaPusherPapuans>shawlsYan</imviaPusherPapuans>
      <kationIchorsRipier zoeas="unloftyYucaRamming" swordsBenches="fadaise2">
        <eyelidEtudeChurls>outplan</eyelidEtudeChurls>
      </kationIchorsRipier>
      <unwindyPouffe daijoDadas="atossaBedrail53" alidsExect="carapCheepy">
        <timefulNagana>gashesOxhornGnus</timefulNagana>
      </unwindyPouffe>
      <kiowayPlanuryLacquey mods="premix">
        <turmutKulaks>dresdenFrontisBattery</turmutKulaks>
      </kiowayPlanuryLacquey>
    </looselyCasaba>
    <chacconBugletLoafing subbedSjambokSilex="kette">
      <mildensDeckelsEstrade>joiningDonsyBedark</mildensDeckelsEstrade>
      <carpalAnthemVaire salvors="outpourAtik">
        <pacquetNevesWhets>engramPert</pacquetNevesWhets>
      </carpalAnthemVaire>
      <grovetEpode fuguist="3306272">
        <initiveLudgateMoonrat>praoEyebrow81</initiveLudgateMoonrat>
      </grovetEpode>
      <dittany culpaeEquallyVet="brachesGecked" dreadPlumier="gemmateRaffeCgm4">
        <leeryChabuk>809</leeryChabuk>
      </dittany>
      <depositSetulaEffuse methyls="noriticFelafelUndure">
        <gondi>bunyanThecla</gondi>
      </depositSetulaEffuse>
    </chacconBugletLoafing>
    <beseech>
      <howeaUnsexesMontjoy>upgiveAliency</howeaUnsexesMontjoy>
    </beseech>
  </jurGunung>
  <incomesUpsideYoudith>
    <storaxIcicled loatukoLowman="almacenAgamoidSalvor">
      <amerismDirige>soutersKeratinRatha</amerismDirige>
      <stuntedOvoidal goatpoxSued="39" secaleChurch="smalls">
        <kanuriMiacisNaid>16165707</kanuriMiacisNaid>
      </stuntedOvoidal>
      <jacundaWoorali>
        <rodgerOptingHadal>yunDriftyKang</rodgerOptingHadal>
      </jacundaWoorali>
      <combleBonitasMedicks>
        <boudinCaffoyMockups>iprLibateEpicele</boudinCaffoyMockups>
      </combleBonitasMedicks>
    </storaxIcicled>
    <obelialHawaii cavortsSoirees="144088">
      <prudes>2</prudes>
    </obelialHawaii>
    <courlanIkona>
      <uniquer>1248614</uniquer>
      <freezerWidowly>
        <tassetQuerist>yuanRamaDoomer</tassetQuerist>
      </freezerWidowly>
      <rubifyLyratedSimoon beamersFootpad="feastlyOrtalidPallall" rayatYieldenPumpet="petalsAscoma">
        <indiums>crozle309</indiums>
      </rubifyLyratedSimoon>
      <cymbiumHeardCrevice>
        <shiftPomak>irriteRestive5081</shiftPomak>
      </cymbiumHeardCrevice>
      <cuspateAzureFutter obconicImparks="winches">
        <subarch>28719749</subarch>
      </cuspateAzureFutter>
      <inbornYonic>
        <recede>ripoff</recede>
      </inbornYonic>
    </courlanIkona>
    <dogYoure>
      <btuFokkerSialoid>651371</btuFokkerSialoid>
      <oakmossDerivalDespeed>
        <thuliteCymraeg>deesesFent</thuliteCymraeg>
      </oakmossDerivalDespeed>
      <unpaperMummia aldeaEsdHoppled="275819741">
        <spiseSextus>aveugleTeepeeAletris</spiseSextus>
      </unpaperMummia>
      <anre termageHeydey="swabsAlaniPipals" drierPothos="tendo">
        <outbrayIncomer>lobularSandingSaids</outbrayIncomer>
      </anre>
      <hoiDisroofSerule finite="94">
        <funje>jardiniBaccare2075</funje>
      </hoiDisroofSerule>
      <shoppedCheechaDemot>
        <dobraoTapuyanAwait>messy3843</dobraoTapuyanAwait>
      </shoppedCheechaDemot>
    </dogYoure>
    <coorg>
      <rutuli>therianHaloed</rutuli>
      <uncededLaceier pedeeDevilCytula="brahmin">
        <bontokCaptate>wail</bontokCaptate>
      </uncededLaceier>
      <carrysCalmsDelies alexicKinkledGulping="prevoidJoker" bombedOutlimb="bomberSkyeySweeny">
        <ereptic>reduce50</ereptic>
      </carrysCalmsDelies>
      <saddishDemonsRecure>
        <priss>reticleMesilla</priss>
      </saddishDemonsRecure>
      <comingEphoriVentral abator="706" oglala="ficePyknics">
        <faquir>muddy7</faquir>
      </comingEphoriVentral>
      <wevetCowages>
        <dingily>rinsersTadpole</dingily>
      </wevetCowages>
    </coorg>
    <enchase>
      <nintuIlongotRhodes>convoy882</nintuIlongotRhodes>
      <tonsil nearlyPurl="naggier2" sorned="cell42">
        <elfkinIslesAcatery>bewormFlews</elfkinIslesAcatery>
      </tonsil>
      <snaringBobol comusCellAcoupe="latitatHydria">
        <snidest>594519</snidest>
      </snaringBobol>
      <punkieGetup>
        <cashRemora>806856115</cashRemora>
      </punkieGetup>
      <versineBareges sconesUxoris="14005" rappeeSkepticNegate="pigmentPolaxisNulls4074">
        <foxerTractCentury>muffleStobHance</foxerTractCentury>
      </versineBareges>
      <fezzyIhs teaselOffererPiggle="4">
        <clavateSataCupeled>silicea</clavateSataCupeled>
      </fezzyIhs>
      <inwrapsArterinBella vatEskarOpiate="349864">
        <apogaicGunneBaaing>theftAndorra613</apogaicGunneBaaing>
      </inwrapsArterinBella>
    </enchase>
    <jampani>
      <pockierInflameFlies>2</pockierInflameFlies>
    </jampani>
    <tastersBania>
      <whimsicHantHenlike>erratumFrozenToto</whimsicHantHenlike>
      <ugsome>
        <dowersCrumpleChinchy>windlin</dowersCrumpleChinchy>
      </ugsome>
      <wolfCywydd>
        <silvery>aqueityIridiumAmity</silvery>
      </wolfCywydd>
      <ilongotGare lommockBasatRutter="louvarUsninicHeiled" celsiaFibber="pastilApplies">
        <hoveled>58820162</hoveled>
      </ilongotGare>
      <penlikeMusery tath="571248">
        <sukkahImamate>7</sukkahImamate>
      </penlikeMusery>
      <rosolicBurlers>
        <aitisCaconym>bah</aitisCaconym>
      </rosolicBurlers>
      <smogs>
        <cyprineSacate>osphereSnithyPious</cyprineSacate>
      </smogs>
      <freyMoniker dobosCoxcombInlayer="ageableEvertor">
        <juicedLovably>bulgeFlexiveChekker</juicedLovably>
      </freyMoniker>
      <unionsKaratsFecund hearHaithalCranely="arrent">
        <colinus>airierUnlock</colinus>
      </unionsKaratsFecund>
      <luciliaRudds>
        <stuggyGynecolQasida>jufts</stuggyGynecolQasida>
      </luciliaRudds>
    </tastersBania>
    <tolesCurredVerdict>
      <pescodBusilyUnmeet>spiles69</pescodBusilyUnmeet>
    </tolesCurredVerdict>
  </incomesUpsideYoudith>
  <chequeDolisieBlayk boffo="bracciaFrockPequot">
    <ruddLobcock>
      <tamzine>ratCouxio</tamzine>
      <gladysTicky ducted="sodioAttachBumping">
        <turnrowParafle>fruzShiaiFadlike</turnrowParafle>
      </gladysTicky>
      <unique>
        <chortGuglets>17197</chortGuglets>
      </unique>
      <dependsUnshent>
        <shirkPieteHocus>rebraidTchekaPriscan</shirkPieteHocus>
      </dependsUnshent>
      <mycoses>
        <lectionFilter>seedily</lectionFilter>
      </mycoses>
    </ruddLobcock>
    <dreaderElaps>
      <kuruReentry>wiggles</kuruReentry>
    </dreaderElaps>
    <killersNdoderm>
      <parviseAcetousMaidism>297</parviseAcetousMaidism>
    </killersNdoderm>
    <leggeAquariaBitmap>
      <abidden>63875041</abidden>
    </leggeAquariaBitmap>
    <retriesEncase>
      <rasoirTips>meantes</rasoirTips>
      <crystal>
        <sixthet>jagBarkersVarices</sixthet>
      </crystal>
      <gilgie fizzleSchavGipsy="bousesCupiuba" biffy="divinerMurga">
        <eachWetted>skulked702</eachWetted>
      </gilgie>
      <aceReejectIdaho alasas="grill" barrets="satanPfd">
        <locustaNguyenEdaphon>56296198</locustaNguyenEdaphon>
      </aceReejectIdaho>
      <brimingUnsewTurbith>
        <nitonsHockeyPravous>weldorsPengAntlers</nitonsHockeyPravous>
      </brimingUnsewTurbith>
      <pythiosAdonite karooBesewPostman="4" sinews="crowerDreamed90">
        <griecep>602</griecep>
      </pythiosAdonite>
      <briarZiziaPressor canzonaProoferBatlan="2" bodge="bonaci9081">
        <haverel>chaguar</haverel>
      </briarZiziaPressor>
      <atka>
        <purr>girbaRutted</purr>
      </atka>
      <mamboedRuers>
        <whishGreffeNecking>6448</whishGreffeNecking>
      </mamboedRuers>
    </retriesEncase>
  </chequeDolisieBlayk>
</twingleDiode>