<?xml version="1.0"?>
<billowEnquireSchists>
  <appealPristisTechies goutishTapings="naivety" wisestJungles="humidor7841" oxbloodAbacas="maffia">
    <eleidin>
      <placeDoolieOrg>mahsur</placeDoolieOrg>
    </eleidin>
    <ferrerCuresJazzier>
      <murresMaduroSalmiac>sensionPuddledKinah</murresMaduroSalmiac>
      <oglerAddendsMauvine>
        <martenDebunk>begreenShab</martenDebunk>
      </oglerAddendsMauvine>
      <naulum prelawGuinde="siltyCierzo" employs="raffee85">
        <khirkahHirudinFrows>thrownRentedFlanged</khirkahHirudinFrows>
      </naulum>
      <restepUnfixes svabiteMurzim="92471">
        <carity>dtd</carity>
      </restepUnfixes>
      <bowwowsSarangi raffMadrono="shaftyPyrex" fooless="catnapsBoylaOustiti">
        <aglyphaBubble>unslowUnmergeUnfitty</aglyphaBubble>
      </bowwowsSarangi>
      <diploid fashedBibby="croneBleck">
        <zonulaUtteredLended>podal6</zonulaUtteredLended>
      </diploid>
      <catapanEthinyl>
        <querns>besaielCavalAccrete4673</querns>
      </catapanEthinyl>
      <incaRuntier>
        <joyhop>accurstAshenPandied</joyhop>
      </incaRuntier>
      <ootwithSaltersChemizo arborerGlucic="cartelToxodonSwabbie75" smirchMayvins="saccateRekeys">
        <talcing>aga</talcing>
      </ootwithSaltersChemizo>
    </ferrerCuresJazzier>
    <haulier>
      <grisonsOvoidal>hexeris664</grisonsOvoidal>
      <benmost porellaFilar="5492">
        <croyDepress>31</croyDepress>
      </benmost>
      <howsXyzUpstir fizgigs="deepensEmbloom" pyxies="shiverAphtha">
        <sovranApplies>suclatFubsier</sovranApplies>
      </howsXyzUpstir>
      <kestrel hircicLansat="couponPosoleBusycon3140">
        <kites>loangeBuzzesPompon</kites>
      </kestrel>
    </haulier>
    <pacotaLvalue>
      <misselOnicoloTwos>peixereSliverWeened9474</misselOnicoloTwos>
      <mazily>
        <boutre>glycols</boutre>
      </mazily>
      <outnessEpicier waxwingLentoidUnadorn="7181">
        <trepanDiablo>phialaeCaveletDrammed</trepanDiablo>
      </outnessEpicier>
      <aguajiTabling henpeck="9592">
        <guzzle>reforceHornfulSeggio</guzzle>
      </aguajiTabling>
      <misteryLanaPatand astond="plumousSauchs" angelsUnnoble="flocsSmutOilway">
        <sectistSpewier>26</sectistSpewier>
      </misteryLanaPatand>
      <mondoSchuyt>
        <relatumGodsib>159392</relatumGodsib>
      </mondoSchuyt>
      <hosieryOrthid pickupsGnomishCardial="pailolo">
        <drayGrailCopus>rais</drayGrailCopus>
      </hosieryOrthid>
      <nonpeakDomicil>
        <jewsLasesMiaou>ymcaScathesDeedbox</jewsLasesMiaou>
      </nonpeakDomicil>
    </pacotaLvalue>
    <plaguer aguiltGonzaloVespa="hidated3642" piewife="505201" chesserDubba="ladlingDupedom">
      <serineFiery>skelderCobbled</serineFiery>
    </plaguer>
    <iwbells willetsDote="copesBender" fumarin="wailed">
      <bowwortCoys>roulade</bowwortCoys>
    </iwbells>
    <cocashBehav>
      <doo>manacus</doo>
      <concrew>
        <ochnaUnarrayGarroo>dhyal</ochnaUnarrayGarroo>
      </concrew>
      <foolerGenua>
        <eosinesPersistOuttorn>babiedGreinAncre</eosinesPersistOuttorn>
      </foolerGenua>
      <masquerSarinda>
        <spondeeForfarVices>85</spondeeForfarVices>
      </masquerSarinda>
      <degasesSemeed whaukNosineTriton="ananismInduc">
        <infixalFalsifyMushla>woulfeHackneyCochlea</infixalFalsifyMushla>
      </degasesSemeed>
      <syncsWaste ramentaSarsens="zacResilesFlexile" knocks="idylism3442">
        <excuse>chilteAmidate</excuse>
      </syncsWaste>
      <lignous>
        <delphTumming>qiviutsDanaglaEchoism</delphTumming>
      </lignous>
      <fearers>
        <timetSalver>pegboxMingieWooster</timetSalver>
      </fearers>
    </cocashBehav>
    <detax>
      <hatpinsIsogen>tarinBhatThread</hatpinsIsogen>
      <baizeCakraDyads minyanThistlyStone="shemite">
        <bannersClingy>loatuko</bannersClingy>
      </baizeCakraDyads>
      <perfect>
        <imidsKnesset>paiwariCuttage</imidsKnesset>
      </perfect>
      <griegeGair runtierLiteralBowsie="heigh">
        <camels>494</camels>
      </griegeGair>
      <iricismGeoduck lathi="dortour">
        <cueist>harastRaffles</cueist>
      </iricismGeoduck>
      <mopsySwaddyTartle legman="outmate318">
        <wispilyFlawn>ocular6</wispilyFlawn>
      </mopsySwaddyTartle>
    </detax>
    <dugentoMfdAmylome>
      <redeck>whippet</redeck>
      <turnipSikra wholism="miaotzeAssonia513" maray="diether">
        <levatorWooed>roader</levatorWooed>
      </turnipSikra>
    </dugentoMfdAmylome>
    <lapsus brulot="koineSingfo" tawny="inquiry" cytheraMatzahHongs="squirmy">
      <foulestBureau>margaysMyoxineBonnnes</foulestBureau>
      <hesioneCledgy>
        <zubrEmagramPanhas>backedGammingBaria</zubrEmagramPanhas>
      </hesioneCledgy>
      <gritAilurusShauls>
        <unhullPedreroNoun>coupletShinnedRouping1605</unhullPedreroNoun>
      </gritAilurusShauls>
      <brankieYawner bireme="4137315" ferfetHawmZincate="6">
        <whimsicHexineContra>peropus</whimsicHexineContra>
      </brankieYawner>
      <geneseeSemmitCordoba whacked="24293299" tombaksLickDryops="197917">
        <pipsMonde>helotryOleoylAristas</pipsMonde>
      </geneseeSemmitCordoba>
      <aleeLuckily sakisSalfernFidgets="5909" urbana="beersLiquorsUnwoman">
        <leninBekissGranth>9</leninBekissGranth>
      </aleeLuckily>
      <impend spierAzureanPlummer="envier" pkg="outdid427">
        <adropAidsAssoils>antijam</adropAidsAssoils>
      </impend>
      <unprimCedilla hadjisSeary="50974" batzenNeepourMorceau="joustsMimbars">
        <sharkerGlub>3</sharkerGlub>
      </unprimCedilla>
      <brustleLabefySend drycoalMisdid="sparkly182" jess="puppedElderly">
        <deyntDyewood>65</deyntDyewood>
      </brustleLabefySend>
      <rhymyCepousDilemma osage="xylosidTipulid5">
        <seatang>beniBesidesCoruco5745</seatang>
      </rhymyCepousDilemma>
    </lapsus>
    <rimasSkirts slatherKhatsTroikas="hespel" sparse="sanctaEmmet" chambul="85">
      <retreeBoohoos>93031</retreeBoohoos>
      <dupableErucaDoddie jockey="phizogSwiftieFlump" banderBillmen="chlorylCloghadGlaver">
        <crantsNews>nudateExstill</crantsNews>
      </dupableErucaDoddie>
      <sewered tauriteUpcoast="turcizeGated">
        <bsktSarcelCagily>trendedPridianAngakut614</bsktSarcelCagily>
      </sewered>
      <scruffyGhoster>
        <ranalesEnfieldHarder>payen6</ranalesEnfieldHarder>
      </scruffyGhoster>
      <alodies niddleBoralGainsay="dioptraPolemanOfay387" obrienPluries="neckedPis">
        <pycnialBedridAtelic>oatenLouiesDeadens</pycnialBedridAtelic>
      </alodies>
      <hocker baryon="7171" snig="keenest">
        <umset>2702773</umset>
      </hocker>
      <isohumeVeinous virions="jger" sloes="50">
        <whettedJorams>juslik</whettedJorams>
      </isohumeVeinous>
      <scritAmuzzleIchulle doldrumHepburn="stately">
        <aureate>kirsty</aureate>
      </scritAmuzzleIchulle>
    </rimasSkirts>
    <jokedThingalKaraite hyrcan="myosinEctasiaCotter" helioid="306">
      <mussyOwenianUnangry>axis</mussyOwenianUnangry>
    </jokedThingalKaraite>
    <gynicCuprums>
      <accumbFibroseSinuous>8322293</accumbFibroseSinuous>
      <bulbierFurnaceJorist>
        <usingsPandyTurfing>58833531</usingsPandyTurfing>
      </bulbierFurnaceJorist>
    </gynicCuprums>
    <nuancedHogMopeier>
      <lequearJennet>dunchPungi41</lequearJennet>
    </nuancedHogMopeier>
  </appealPristisTechies>
  <druggerBebrineMention foremanStartsRehoist="364503" preseenDonaxPsize="501803" humboBudderRunby="lorimerParadesGulo" />
  <serosePeases shears="steviaShoreRabbet" simile="astrict8" />
  <releivoNicherMuran fascIslesBecrowd="13026526" quopNoisingMadonna="5448516" theronWearily="staggie">
    <guaryOleos>
      <ressortAstronAcutest>outnookHoared</ressortAstronAcutest>
      <flaxSkys tallotePrau="sayetteFlidgeNaam">
        <persaeTerpeneGucki>turboReladle</persaeTerpeneGucki>
      </flaxSkys>
      <galeusWealthyTriac larch="smiley58" ectopicMetreteCorcle="bypassAcacine">
        <titHornSpatula>briberyFumeMaycock</titHornSpatula>
      </galeusWealthyTriac>
      <peppingKnollsCestas fleuret="612955141">
        <allgoodTorous>satientLima</allgoodTorous>
      </peppingKnollsCestas>
      <tiffsWinnard haida="unshape" vivaSwure="injellyTorsk">
        <stempelMaundsLimu>2</stempelMaundsLimu>
      </tiffsWinnard>
      <unhusks atweel="lecythiPhlegmy1554" zydecos="fogging">
        <negara>sicksByssusPailoo</negara>
      </unhusks>
      <brissPulsarsCharles>
        <centagePyemias>71</centagePyemias>
      </brissPulsarsCharles>
    </guaryOleos>
    <unafireArdrigh hollersPitasBourock="ochranaAxiallyToftman4474" cayugas="mukadeTora">
      <quasheeCatalo>6643</quasheeCatalo>
      <cruelFaggot schizzo="wakeelDossmanBeholds" oomiaksHerbar="hexoses6">
        <hotch>bespy</hotch>
      </cruelFaggot>
    </unafireArdrigh>
    <lyridJute>
      <naa>demagogWiddles530</naa>
      <thave>
        <shemuParriesNeotype>knaggedRoscian</shemuParriesNeotype>
      </thave>
      <prinosVeal revelry="sienite">
        <binzuruAntship>naikSuitor589</binzuruAntship>
      </prinosVeal>
      <bobbinDunkersIxodid>
        <logoff>peeningWingsReddy220</logoff>
      </bobbinDunkersIxodid>
      <byzantIliaFum lignous="70" bypath="eolianBarfly">
        <scrolly>orgiast5531</scrolly>
      </byzantIliaFum>
      <katipo tabaxirForamsAcorns="4249923" water="gyves">
        <phaeton>keckingFuselNuchal1</phaeton>
      </katipo>
      <vicious cribberBurk="paniers42">
        <bombyxRiving>5352</bombyxRiving>
      </vicious>
      <xylolXylopia caskyScorchs="26898994" turbansMoonjaNoilage="passusBakliCapons">
        <dimlySubheroPetzite>busierShuls9050</dimlySubheroPetzite>
      </xylolXylopia>
    </lyridJute>
  </releivoNicherMuran>
  <unablyAlhagiChokra>
    <passant>
      <fourthPlisseMgal>bigaBouclEntr</fourthPlisseMgal>
    </passant>
    <sottery oculli="idence9446" ardor="abdielPloy">
      <rimpledHarayaBiggest>famaJovaDasnt</rimpledHarayaBiggest>
      <biotech daimonsPayolas="ataiyalResumer" agialid="5548">
        <swivetsMorphol>souchieJabbed</swivetsMorphol>
      </biotech>
      <florist indyl="yaqonaAlbertoUsh">
        <argalHandled>588181258</argalHandled>
      </florist>
      <bikini>
        <plautusYabble>armadoGlomsEsox</plautusYabble>
      </bikini>
    </sottery>
    <phoning>
      <mungubaTrudyStopen>acrossMonicCavalry</mungubaTrudyStopen>
      <wurlyVulvasEndia>
        <keffelEoiths>mitises340</keffelEoiths>
      </wurlyVulvasEndia>
      <plenishCeriopsPavisse>
        <zestsLoutingRhagose>chirinoAbada4</zestsLoutingRhagose>
      </plenishCeriopsPavisse>
      <bilesVentralMatinee bedwaysByhandAvidins="goalersKanat3" thicket="8345">
        <fossatePelikaiDrek>sepioid</fossatePelikaiDrek>
      </bilesVentralMatinee>
      <waterDivisor caquetBlear="623788831">
        <repaysBecomedAccoil>scapesFilialSikra21</repaysBecomedAccoil>
      </waterDivisor>
      <musnudAyesEdwards depictAuklets="coombAphides" ulonataRathUnfelt="kupharBravoConcur">
        <blart>pileum</blart>
      </musnudAyesEdwards>
      <wanyasaEntozoa>
        <guricEaringsScrying>taxirMohalimObelisk</guricEaringsScrying>
      </wanyasaEntozoa>
    </phoning>
    <hubbingMnage>
      <beslapRagletCravat>upstaffTeaty</beslapRagletCravat>
    </hubbingMnage>
    <dribberPedleryTorous giddied="wavesMickyLowboys">
      <chukor>lithosPotButle</chukor>
      <schanse but="albMesonsDeasil">
        <profileOnlepy>agena6784</profileOnlepy>
      </schanse>
      <mamers ninetedGewgawySatires="dinCirculi713" gleadAbaisse="ardellaRoomersValutas5">
        <sittinePurring>pynungMinkopi</sittinePurring>
      </mamers>
      <claucht bhpGetherFastus="destuffRaptury" violand="unhele">
        <grists>marquee</grists>
      </claucht>
      <crosaHardingSauba arbitry="sexfoilChichisUnipart" ranchoSkinker="5">
        <veristsLoaden>hapsInhumePetate</veristsLoaden>
      </crosaHardingSauba>
      <abiegh>
        <axillarRaghu>modemsTicticSniffly6</axillarRaghu>
      </abiegh>
      <gorryLomataSirmark mimble="mongersRiddersSaurels">
        <tintingOhoneCadency>229</tintingOhoneCadency>
      </gorryLomataSirmark>
      <blursInfersZirian qasidas="ketimid">
        <cameliaDunkle>1039048</cameliaDunkle>
      </blursInfersZirian>
      <spongedHotbox>
        <dipnoan>tonally</dipnoan>
      </spongedHotbox>
      <lactoneAgush gravicRedriveLechea="otyakPhasorRaunchy" hogfishAlauntLitui="gudgeonQuell">
        <axitesLanioid>overbidProsely</axitesLanioid>
      </lactoneAgush>
    </dribberPedleryTorous>
    <diapsidGriffeRailage>
      <gamelyDongs>abigeiEmailedFactors277</gamelyDongs>
      <furcateAuleteKiter>
        <padStarted>daggersDsname</padStarted>
      </furcateAuleteKiter>
      <bezique clime="osloGawkerDaying" cinderyGroteHarpyia="batussiGhettos">
        <curraghHoggish>25</curraghHoggish>
      </bezique>
    </diapsidGriffeRailage>
    <trisome used="chitakCarreau" digging="apelet" shmoHowes="9676">
      <lyre>wooler</lyre>
    </trisome>
    <yukeAglaAdeling>
      <dices>maidenTypeout</dices>
    </yukeAglaAdeling>
    <recants outwaitGuzzlerDibutyl="beadlesStipedAtonia" pontusToyotasGormand="tamilicBumbeePanamas">
      <enamKyoodle>subplot26</enamKyoodle>
    </recants>
    <maistsElevon taliteOnychia="psoadic" lowbell="openersGorling" ephetic="tripack">
      <mapauYeoman>jeuxPuttied</mapauYeoman>
      <siredonMuddish viversRedowas="huzzahs" ferliedArabian="aumil">
        <praamsBeowulfBondoc>gunaOpineLacunas</praamsBeowulfBondoc>
      </siredonMuddish>
      <kogasin fullers="ahmetOlepySirees" bilaan="ticketMillrunNarcein">
        <lundaLoess>3149863</lundaLoess>
      </kogasin>
      <jackedTankfulTromp seidAouads="arrest">
        <dilates>autumnsCellarsAmbling</dilates>
      </jackedTankfulTromp>
      <plieHybridFaith warmthRestyle="pigweedAphetic" fleamySerriedLefts="75">
        <realtorVolutePlurify>monadesStuffer</realtorVolutePlurify>
      </plieHybridFaith>
    </maistsElevon>
    <corruptGatemen>
      <styryl>reboardAttestKokobeh</styryl>
      <abilaoSheltaDwyka>
        <vibrant>batuleResoilMagneta</vibrant>
      </abilaoSheltaDwyka>
      <crocksFigura uppowoc="6436">
        <ozophenDarked>pageboyGobbeRiskier</ozophenDarked>
      </crocksFigura>
    </corruptGatemen>
    <mislear midi="fattingPalsifyGros14" dorselComberSeepy="331581415" sclimCrasslyLinoxyn="tsunamiBinukau">
      <gattenWhose>alin1</gattenWhose>
    </mislear>
    <dashelSonlike semiped="alcumyCalli">
      <webfedTema>hamousTableStyles</webfedTema>
    </dashelSonlike>
  </unablyAlhagiChokra>
</billowEnquireSchists>