<?xml version="1.0"?>
<minify>
  <pupaeMangoroTubaron caritasCroceic="neigh">
    <waitsPappierRoiling genepiCaligoPostal="grinnieTunny" whissle="331">
      <angekutPontilsBater>cermetOchavoRotter</angekutPontilsBater>
    </waitsPappierRoiling>
    <duarchUnreinCrenate>
      <disourBaradFood>denserPuttier</disourBaradFood>
    </duarchUnreinCrenate>
    <pickeryCamasesPleases plowter="mildewy" sticksLinemenErnst="lamiidSexpot">
      <blitterRuinate>clarion</blitterRuinate>
      <allergyUnsoggy scabbleGuerdonOblique="shalwarWarm" quotid="unopedUnpensElonite">
        <triflerDottelsDelved>uitspan</triflerDottelsDelved>
      </allergyUnsoggy>
      <maintEpopee>
        <tease>niyandaXrefSodomic19</tease>
      </maintEpopee>
    </pickeryCamasesPleases>
  </pupaeMangoroTubaron>
  <wayaoSmogsHorray biogenEffumeSaiph="wedges">
    <donsieUrgency blende="sulcarLeak" pilgrimMoutonsEasing="setwise">
      <molly>984076475</molly>
    </donsieUrgency>
    <pepperyMartenNastily>
      <center>reapplyKhahoonSpeaker</center>
      <whoAttemptReplead sabinsUnfined="ausZebraicDambrod" seskin="thacker">
        <cpoMilt>toucans</cpoMilt>
      </whoAttemptReplead>
      <scabiaOrihonFrailes guarana="boglandBemusesBulkish">
        <weent>epoistDansk</weent>
      </scabiaOrihonFrailes>
      <spleens>
        <admoveGladier>serringCubebAllower</admoveGladier>
      </spleens>
      <pelops whetsWilles="smegmaPadeye" unload="6584">
        <discussUnpackMoyen>vibesTowies</discussUnpackMoyen>
      </pelops>
      <coony>
        <gipsireMarcosMarilla>wieners</gipsireMarcosMarilla>
      </coony>
    </pepperyMartenNastily>
    <entasisWullcat brutish="curium">
      <scoticBlankSisel>tucktooRokeage</scoticBlankSisel>
      <themisBriza shtickMignonsNelsons="95" hamada="295">
        <pectoraSiffle>layed</pectoraSiffle>
      </themisBriza>
      <myselBemourn>
        <capilliGirsh>staphNunniCynebot</capilliGirsh>
      </myselBemourn>
      <psocidsGugal clonkedMistry="43" dunnageHoreLordy="4105">
        <boskierCuscusArchest>kukuiWeldors</boskierCuscusArchest>
      </psocidsGugal>
      <jaggier paepaePujaRemands="tezkereBaloloFerule">
        <bowyerInfaresSalad>96319666</bowyerInfaresSalad>
      </jaggier>
      <comdPaniscaRenove dupion="spriteFauvist453" barhopCogglyPolony="knapBiocide">
        <cruelFidateHexer>bemeteChloralFaits</cruelFidateHexer>
      </comdPaniscaRenove>
      <kindler chelasFerrousEnlarge="93134" ropemanDoucin="15673505">
        <posherPortal>aptianaAlvin</posherPortal>
      </kindler>
      <tepasJudo>
        <toxodonMowLefsen>weaponsRestiadCaffeic</toxodonMowLefsen>
      </tepasJudo>
      <cheng>
        <eleminMatkaChinas>schorly</eleminMatkaChinas>
      </cheng>
      <wenzel cofane="wordageSnowmanDoddy">
        <getic>claytonSaharanLessens</getic>
      </wenzel>
    </entasisWullcat>
    <bikerChorti inexactHalke="neuropeJamming" doreeRymeChanger="getupObsede">
      <soboleLukasGuanin>flaggy</soboleLukasGuanin>
      <trammed>
        <ekronDoormatMochas>inmeshRisers282</ekronDoormatMochas>
      </trammed>
      <ionizeXoanaAmamau>
        <hugsomeMuttonsGurged>5</hugsomeMuttonsGurged>
      </ionizeXoanaAmamau>
      <cubti drinnTelome="64052">
        <epizoaLenaeum>flopsPakehaFoulish1</epizoaLenaeum>
      </cubti>
      <strafesAmusgoEucleid>
        <crapsAllotedAssart>80</crapsAllotedAssart>
      </strafesAmusgoEucleid>
      <flatedScamsOca grippleStram="jemmies">
        <dangerAtlatlDotchin>142649052</dangerAtlatlDotchin>
      </flatedScamsOca>
      <mattedCookers licham="mangiHikersPointel48">
        <embaySemisesSate>sampansFallwayEerie</embaySemisesSate>
      </mattedCookers>
      <diwansLungPhora brotel="40">
        <philiaFailing>799611</philiaFailing>
      </diwansLungPhora>
      <tenchTantrik>
        <lattins>boyhoodGnoses</lattins>
      </tenchTantrik>
      <guanase>
        <bookeryCensingRedrawn>1944</bookeryCensingRedrawn>
      </guanase>
    </bikerChorti>
    <salsify>
      <bubbly>illureHoppleDeicing</bubbly>
    </salsify>
    <kumariPainedLotan repenErliche="passkeyAlenuPotted19">
      <burgles>refuserMawp</burgles>
    </kumariPainedLotan>
    <noosing>
      <cheapenLondOrators>upbelchStorierEvokers</cheapenLondOrators>
    </noosing>
    <twistDiaboloAbridge arthurChave="syst" krosaPlatoAbby="attach" divi="codices2499">
      <intimalMaranhaSilks>379934</intimalMaranhaSilks>
      <premia>
        <druidRevived>unteemJuttyZenanas</druidRevived>
      </premia>
      <seriousDesuvreAcaroid lerot="61501" ottosResendSpook="bessy">
        <birdingPluchea>669</birdingPluchea>
      </seriousDesuvreAcaroid>
      <brockedSurbedKursch>
        <cruorinRacking>glossaAroras</cruorinRacking>
      </brockedSurbedKursch>
      <ergotsKadish>
        <exactKippyZion>poreFoamGranes</exactKippyZion>
      </ergotsKadish>
    </twistDiaboloAbridge>
    <titurelFirepot>
      <blueleg>pitta</blueleg>
      <sparges cedulas="4" unneedySerous="693438312">
        <crevisWasterDaub>refireFixingsGrumphy3</crevisWasterDaub>
      </sparges>
      <pomponsGlower hallock="leadier" murrahBarmierBudget="alberta">
        <ammonicKisraClocker>arcoseChemmy</ammonicKisraClocker>
      </pomponsGlower>
      <tank stoicSoyateArctian="boozierFloweryTrub">
        <lockjaw>959172</lockjaw>
      </tank>
    </titurelFirepot>
    <moilersMorphon metringKodakZaptiah="2708739">
      <onerierBaffeta>upbboreRefrozeClaying</onerierBaffeta>
      <oxynticAtonics>
        <cabaMush>parodoiBusycon</cabaMush>
      </oxynticAtonics>
      <pythium>
        <sheetedBloaterEths>shelvesVidkidBrotan</sheetedBloaterEths>
      </pythium>
      <junkers sunhat="unparedNimmed" anaudiaGiftingDioxane="wampusProngedEaved">
        <takin>33</takin>
      </junkers>
      <skeet wanSparks="81143" odorful="sia">
        <crewer>hirmosDiuron2641</crewer>
      </skeet>
      <hethenOdouredSanka>
        <shadows>howea</shadows>
      </hethenOdouredSanka>
      <trollop viddui="8">
        <subbiasHalterToup>snupDrow5798</subbiasHalterToup>
      </trollop>
      <nomoi droil="mandGrosseHuppoth">
        <heptiteSamp>uronicTrophiUnpaled</heptiteSamp>
      </nomoi>
    </moilersMorphon>
  </wayaoSmogsHorray>
  <boxwork />
  <peshkarSnabbyLeverer pratapPurey="ripsWhortOleoyl1979" voet="352697693" mopheadChoresPlanets="3951" />
  <msource />
  <contosTweezes prunersBossismTallage="arcadePareve" teaksClepedKawika="laceProggerSprew">
    <misrunHandjarKnappe sproatMucknaDiluter="ladkinPetrineScalded" choleicObadiah="6">
      <wantsRefused>5947553</wantsRefused>
    </misrunHandjarKnappe>
    <subgoalAitch>
      <traceyEnclog>parlour</traceyEnclog>
    </subgoalAitch>
    <yiteWesteFerrugo>
      <lintenIndowed>scrodsStearicWhipray</lintenIndowed>
    </yiteWesteFerrugo>
    <tripotHamlineBlendor>
      <cocashThanessAwkly>geratedNailsetReseen</cocashThanessAwkly>
      <carrel mixable="buckled7">
        <leifAikuchi>netful</leifAikuchi>
      </carrel>
      <fogrumKameel>
        <yester>8250</yester>
      </fogrumKameel>
      <compactRastle wielderSesuto="13" supeForra="embogue73">
        <scenic>katogleHematinDenary</scenic>
      </compactRastle>
      <gabbai queriedFrizzy="broadsNapBustics54">
        <ecu>2786</ecu>
      </gabbai>
      <islandy welchesRankestTurrel="41971403" casparHadeanOurangs="hunfysh">
        <delineUnpark>auctorsGanders3999</delineUnpark>
      </islandy>
      <briton>
        <angster>clerisyPattedRumply</angster>
      </briton>
    </tripotHamlineBlendor>
    <pipkinsUncart coabode="adetArollaMain" twinnedEugenieSouping="surestTovetToponym">
      <podsnap>tippets</podsnap>
      <veteran helloNumbleCauter="tiklin3903" dusky="manrootDonnot">
        <aditsRewaked>herdsTarfa</aditsRewaked>
      </veteran>
      <jivaranHobbil matacoRowelsDoat="masherNeonedsHazel">
        <binfulOyanaSumak>sulfite</binfulOyanaSumak>
      </jivaranHobbil>
      <intombSloan gabion="bamoth" ivyweed="outdropUptrend">
        <gawgaw>respeltUnhorse</gawgaw>
      </intombSloan>
      <eggfishMetoac fanciesDeblai="sladZythiaIsleta">
        <agujon>teckSliveryFramer</agujon>
      </eggfishMetoac>
      <camias>
        <fly>yagisGallopsCurtest</fly>
      </camias>
      <tablerKazi skeelyPathanVerves="bridgesWopSemiegg" spirane="oxamate">
        <theasum>203</theasum>
      </tablerKazi>
      <ionomerEndaseh>
        <redocksDefoulCelling>rattelCarotinTangier7</redocksDefoulCelling>
      </ionomerEndaseh>
    </pipkinsUncart>
    <brawned sepsidVrille="halogenDribbedGrands">
      <goodiesAdjt>gensCantles</goodiesAdjt>
      <screensDhobee gloried="mavisDudismHasten" chechemPolyadRuer="1249">
        <cahowUncoils>73</cahowUncoils>
      </screensDhobee>
      <antiarGarageRestate>
        <typicIlian>76463964</typicIlian>
      </antiarGarageRestate>
      <kyungRetiledEarless normal="elegy96" riffled="smashes">
        <napalGroper>omniumPracticKilning</napalGroper>
      </kyungRetiledEarless>
      <ambers>
        <zooids>softsMinded</zooids>
      </ambers>
      <slodGloatGhazis>
        <suzan>hipmoldTwillyBaywood9</suzan>
      </slodGloatGhazis>
      <tituliLim gavotte="aliene">
        <crowerArcuate>170620</crowerArcuate>
      </tituliLim>
    </brawned>
    <beguileSousing celeryDungasTaros="anova75">
      <brimmer>cesiousCalinda</brimmer>
      <gadidaeCwiercPatente hitchesMonadalGinzo="49" foeman="wallagoBonersUpcarry">
        <mizen>kelliesRower</mizen>
      </gadidaeCwiercPatente>
      <faggeryUnright vile="orielPutParura" lepidlyCroydonSault="backage13">
        <garmentKetosis>4619384</garmentKetosis>
      </faggeryUnright>
      <reetleDumplerAbsist baghla="windzTroopedFig" garlion="35">
        <cribralKegelerDurbar>carapoLabrusHunting</cribralKegelerDurbar>
      </reetleDumplerAbsist>
      <buskin prongs="oneroseNoriaValve" subahs="bozzeOfays4702">
        <buncosQuakedUrbs>jelskeAlmainSubplow</buncosQuakedUrbs>
      </buskin>
      <mittySahib>
        <sparids>kittlerIranJatni3</sparids>
      </mittySahib>
      <cerata enghleOxtailsInsula="fagottPlaceboGenii">
        <cuppersGuachoAlaunt>549654</cuppersGuachoAlaunt>
      </cerata>
      <ati rectos="5" origami="topiaryDashpotHeng">
        <frilalAlpaxHack>errancy</frilalAlpaxHack>
      </ati>
    </beguileSousing>
    <vinyl>
      <robotsOdinismUnhued>ungrownSpelt</robotsOdinismUnhued>
    </vinyl>
    <doctusCrudesUppile>
      <blarny>autopsy</blarny>
      <cachousMillers kibbeh="47531008" bummleRepopePickage="816455">
        <ferretyObiismZydecos>scaltNunnedGrandad</ferretyObiismZydecos>
      </cachousMillers>
    </doctusCrudesUppile>
    <millierUnbagEnows>
      <sparestStroilAggies>caffeolVulvaeMatin</sparestStroilAggies>
      <guarderArnaShacker maukinDogies="trashedLounder" amuseeWinnle="571201636">
        <sponsor>441672860</sponsor>
      </guarderArnaShacker>
      <welsomDevelinFundal awashLanasCognati="156" singledGluttei="dadapSaponi80">
        <espinal>calycesErineumTandy723</espinal>
      </welsomDevelinFundal>
      <pawsBoomed fldxtSeljuk="4151368" skillMeatily="bromeInvein4">
        <doubly>atavism</doubly>
      </pawsBoomed>
      <cleftsMeshedUpdive>
        <hurdleOutset>2033</hurdleOutset>
      </cleftsMeshedUpdive>
    </millierUnbagEnows>
    <pariahsLands pliantTriply="decibelWeeshee6" isurusBind="knive4740">
      <risque>erse</risque>
      <ivoriedSitellaEnroots steen="serbLigandBabasco61" vedanga="305064">
        <roncosKalkvis>thawedBasonCrance</roncosKalkvis>
      </ivoriedSitellaEnroots>
      <africanMofette analogs="kromeFinnip38" niteredPlevinOceaned="balboaExpurgeStoops4">
        <amassed>warmed4227</amassed>
      </africanMofette>
      <cwiercGnatsBriar dismiss="pellaeaFreebieLamium">
        <volet>arabis</volet>
      </cwiercGnatsBriar>
      <sanicleGobyTrapt hamesNupson="44063" doomWoodedGrist="holderAmucks">
        <foggersJuice>repaid</foggersJuice>
      </sanicleGobyTrapt>
      <sinnersWetchetStrobes>
        <crystic>5789103</crystic>
      </sinnersWetchetStrobes>
      <wilmerNaelOgreish yipped="unallowPensils">
        <creantBriared>crottalFitroot69</creantBriared>
      </wilmerNaelOgreish>
    </pariahsLands>
    <deworms>
      <duopolyTruckerNicols>stroky645</duopolyTruckerNicols>
      <arvejonSouringTainted agapeLysate="91776431" cures="arson">
        <angelotDownilyLuggies>umbretBandora</angelotDownilyLuggies>
      </arvejonSouringTainted>
      <berseemFasola yirredScrazeRetomb="pitris">
        <lobolosAutism>62027</lobolosAutism>
      </berseemFasola>
      <hojuWartsKhotan>
        <sowanPlier>trans</sowanPlier>
      </hojuWartsKhotan>
      <pightleRazerKinsman rifleEvolved="poggy">
        <laserGhaziesTrekked>humetBurele</laserGhaziesTrekked>
      </pightleRazerKinsman>
      <fatless makhzenRecodeAgley="bliny252" maskedOutrootRelong="417071">
        <iceBibl>milletsIodalCuadra910</iceBibl>
      </fatless>
    </deworms>
  </contosTweezes>
  <taction stoonPriscan="reffingBeefier4" securerSlantly="pulseSordidDangs" sriramPumpet="slaggerZyrianMondego">
    <greggleKetosis>
      <tivoliGalerusPardi>marosOgivesGizzern</tivoliGalerusPardi>
    </greggleKetosis>
    <deusan vickSpasms="pudicalStiped">
      <recombsAbeleFoldage>moonman</recombsAbeleFoldage>
      <cohuneFaggot trysts="teentsyGurglyBlanque">
        <inbuiltApaches>rakitTorsade</inbuiltApaches>
      </cohuneFaggot>
      <emeerAnointSizzing>
        <gasbagsPropaleWiner>easily</gasbagsPropaleWiner>
      </emeerAnointSizzing>
    </deusan>
    <roseletJangleMatless>
      <leaguerCometLadner>497998031</leaguerCometLadner>
    </roseletJangleMatless>
    <byspellPanaryRaisin>
      <capablyApiculaBrinish>3</capablyApiculaBrinish>
    </byspellPanaryRaisin>
    <heald ullage="forgedPinnulaHumeri">
      <turneryAizle>relendsTachist212</turneryAizle>
    </heald>
    <hibitoRumanGuebucu>
      <minutiaPlutealWrocht>5134</minutiaPlutealWrocht>
      <orguil alviaBeddersToho="ceiler">
        <kepBouncerVinas>arbtrnBoxer</kepBouncerVinas>
      </orguil>
      <blayneBlister upbyeVelars="304" neotype="connsGerate">
        <sourenPablo>luetics5690</sourenPablo>
      </blayneBlister>
      <usurpSyruper>
        <jarrah>nevenScewingReiter2</jarrah>
      </usurpSyruper>
      <written solicit="pictunTrisectEmodins">
        <trebleNaology>arar47</trebleNaology>
      </written>
    </hibitoRumanGuebucu>
    <spellsTorero maydayGuddlerIlleist="begeckJgerDiscoid" bulboseAcarine="shammedTng" conines="griegeToriiEnticed">
      <squat>deburrGashedSkout5835</squat>
    </spellsTorero>
    <effetZonurid>
      <bakings>engaze</bakings>
      <razingCorsosEarning>
        <playock>zizzCundums</playock>
      </razingCorsosEarning>
      <sorts git="togaedOvisac" outings="9682">
        <aerotowAbiuret>soddierRapine</aerotowAbiuret>
      </sorts>
      <sisters anay="helicin">
        <bismerBarileOner>viewy6</bismerBarileOner>
      </sisters>
    </effetZonurid>
    <lantakaMesal>
      <tankasPlatterNewels>unoilyScrazeHinter</tankasPlatterNewels>
      <altaiteShoed tusheryUnbusk="8" dhoneyLucombeNewts="amnios939">
        <serific>abvolt</serific>
      </altaiteShoed>
    </lantakaMesal>
    <lifeyBlo unstock="ronquil2" haggerAmellus="nectaryOrmolusPeeve" nugaeTrowieShor="boudin">
      <dupedSeamed>scapelNervusMachar</dupedSeamed>
      <facial pedalo="dingily333">
        <lanely>cruise26</lanely>
      </facial>
      <arrayer cumalSputum="947676774" simconUpasIlls="periost">
        <grebeHulasNoo>recondOctanesTreblet</grebeHulasNoo>
      </arrayer>
      <worsesFrenal splenicSalemaTynwald="wastierBloused" geraldCookeyDyak="326986">
        <poxesWainful>snoot</poxesWainful>
      </worsesFrenal>
      <renewed grat="wakf" snotter="ibex">
        <chaise>tarmiDrouket6539</chaise>
      </renewed>
      <suevicUpboreMulley>
        <elevens>sandbur</elevens>
      </suevicUpboreMulley>
    </lifeyBlo>
  </taction>
  <parageSmartly whetile="obeliac" mnem="gtdGuttBatata" faeryTechedPor="sena685" siccingTritest="53477301" />
</minify>