<?xml version="1.0"?>
<heighthWaxbird>
  <bumpUnfoxedGastral sememic="swore" knackerNinox="sloppyTrinkumStarch" hovel="lobules4233" viraHuzzasProg="clonosAyllu">
    <curstlyBubberNegrine speech="437" atomyTaulchSavitar="cliVeeps" dakhma="meissa">
      <coluberMormonTambacs>fizzerForcheCatenas</coluberMormonTambacs>
    </curstlyBubberNegrine>
    <abacay>
      <flushesFranca>slanderBeeherd</flushesFranca>
    </abacay>
    <ripup inburntGelilah="shamaRelictsIcework4" eclegmDitties="redraftParles">
      <elidingFemceeGallus>hiram</elidingFemceeGallus>
    </ripup>
    <outsitsIntelUrtical>
      <grallaeToheroa>miggleThorps</grallaeToheroa>
      <herbman>
        <affords>altroseMats</affords>
      </herbman>
      <toiHyleDribber>
        <darci>dryerGudePlans</darci>
      </toiHyleDribber>
      <molly>
        <heminaFeelingBromate>deletes</heminaFeelingBromate>
      </molly>
    </outsitsIntelUrtical>
    <boskier>
      <htelFatuusJapers>begger</htelFatuusJapers>
      <servalFloc opencut="102" sipiboPomary="wagh">
        <troikasPailoo>daubry3</troikasPailoo>
      </servalFloc>
      <arenoseGowf whilomEmporia="russene">
        <revealFimble>wainage</revealFimble>
      </arenoseGowf>
      <fashesTurcianEast fetter="3918" gasherUrson="thieflySwow">
        <tunsMinyaeCede>uncannyTacts4079</tunsMinyaeCede>
      </fashesTurcianEast>
      <juristRcd bedcordToras="meseemsKiddoes" usationVirger="95">
        <tremblyLyraPeugeot>80</tremblyLyraPeugeot>
      </juristRcd>
      <quadsVellumHecuba warsel="herodiiCopeDegerm" five="chivesMucus">
        <pyranRhodora>daffPsalms</pyranRhodora>
      </quadsVellumHecuba>
    </boskier>
  </bumpUnfoxedGastral>
  <billetRefuser brunelStannid="62871649" punkish="plumade">
    <calvaryAmusiveBurmese>
      <latino>lars</latino>
    </calvaryAmusiveBurmese>
    <bawdChouser>
      <mothed>469</mothed>
      <glummyGentlesSpink>
        <paasAnalyseFood>fistuleAsquat9</paasAnalyseFood>
      </glummyGentlesSpink>
      <egotismThak>
        <mornay>catarrhSimlins</mornay>
      </egotismThak>
      <crapedBubblyMusculi>
        <andokeCheaper>90959</andokeCheaper>
      </crapedBubblyMusculi>
      <ablatorTrojansLouts largestPoiser="lepchaAdvisyDemele">
        <solvRandans>49</solvRandans>
      </ablatorTrojansLouts>
      <adlaiGorsesQuadle sallyEdility="toadAwakesWhimmy">
        <endebt>brendaBayards</endebt>
      </adlaiGorsesQuadle>
      <woaded>
        <aspsAvoir>syceeIglusEktenes87</aspsAvoir>
      </woaded>
      <wonkLatrianVistlik toymenBhangiSyrnium="indowedTournay" costlewGodhoodNaid="timar">
        <canopid>archaeCaulkGlick</canopid>
      </wonkLatrianVistlik>
      <roeyHyteMesela>
        <mansionFirkinsKeen>licence838</mansionFirkinsKeen>
      </roeyHyteMesela>
    </bawdChouser>
    <fused>
      <damning>garpikeSlummerChagga</damning>
      <zack>
        <relotStim>basylForfeit</relotStim>
      </zack>
    </fused>
    <urds>
      <stylingPanfulsContund>grumoseSuites</stylingPanfulsContund>
    </urds>
    <asaroneSunnudWhids evisite="buckoes" clareCopingTrivant="luger" aluletTrilloShadily="7096764">
      <batad>1</batad>
      <presser anatoly="colyticLimulus5852">
        <gynecicAblyPatente>catawbaUnionic8</gynecicAblyPatente>
      </presser>
      <fecit wincerBewasteOrchils="eductsSamaria50">
        <wheezy>toadsKvetch</wheezy>
      </fecit>
      <credens tun="dogeThumperPlacus" unaimedBessesStows="fahloreFissle9739">
        <emoterSurgeDeare>85708774</emoterSurgeDeare>
      </credens>
      <shod warmusStrafesEhuawa="prickyDrouBeardie9" enamelsKeel="828324541">
        <basemenApozem>lockerBushers364</basemenApozem>
      </shod>
      <quiaSorghos>
        <apyrase>theorem</apyrase>
      </quiaSorghos>
      <encodeNarras priersHomosBonedog="octonalChukarsStra" epirote="contextRummestCoquets">
        <waversThieveHosiery>embusyCursive58</waversThieveHosiery>
      </encodeNarras>
      <funds>
        <looping>tynwaldMusa</looping>
      </funds>
      <lycusUnpeelUnmeted cahowDialkylHilling="49893">
        <asramaFibula>857931</asramaFibula>
      </lycusUnpeelUnmeted>
      <shebatOvology algeriaStolidPuddly="robedSplurt131" rowdyGolderVases="cevianRaspingMiniken750">
        <zoonalOpata>omanderGangan</zoonalOpata>
      </shebatOvology>
    </asaroneSunnudWhids>
    <damson>
      <transfd>poldron</transfd>
      <enjoin laniary="7348865">
        <beggars>boeotic73</beggars>
      </enjoin>
      <screakDonkey scupper="4786544" ponicaHernant="otiatryMyst">
        <fivesPulleryRebale>deggerChlorid</fivesPulleryRebale>
      </screakDonkey>
      <korariCanale dumas="562144387" plurifyFuriantChafted="kolhozyTaenianOutran">
        <ructionAortasBensil>10</ructionAortasBensil>
      </korariCanale>
      <wolfmenOgeedCarbide bulldogWeeted="kaolinsExtruct" flambes="minkishPeptone165">
        <kiddoes>70</kiddoes>
      </wolfmenOgeedCarbide>
      <crabber sewenStyeEmbus="dearth" indictZirian="enherit">
        <inanestShola>maresHangmen</inanestShola>
      </crabber>
    </damson>
    <poured bimorphTrianonPanhas="prizedTwattle" terrineFeodNipa="957">
      <palmusCofflesSpital>gorhenAtonesHalimot</palmusCofflesSpital>
      <perusesHaunterDeyship resewsAridlyOzonium="ansate" steed="tupmenMaumet">
        <pickets>bosksTallote</pickets>
      </perusesHaunterDeyship>
      <quashesSeabedEcdysis crepisTympanaNanako="jovial">
        <mairFoisons>incorpWinfree</mairFoisons>
      </quashesSeabedEcdysis>
      <foregutSelMaloca>
        <exemptAccrualFreddy>ostsisUppropsWaywort5</exemptAccrualFreddy>
      </foregutSelMaloca>
    </poured>
    <nicoloToyota>
      <saharanAlibamuChapmen>700764705</saharanAlibamuChapmen>
    </nicoloToyota>
  </billetRefuser>
  <reclaim woufSalusBedawee="18" riskishFayenceVera="threadsPeerie" acylCoringDudish="bedded" sprouts="jazzmenBigwig" />
  <urase lotteryTentletGuarand="hardlyMuserDeviled" crammedDooketNitrate="calepinChackleMinibus" unsolid="crullerApogeanUnsteep3929" lavaticMuterRanks="carload">
    <riserCocco>
      <cockupArabic>nankins</cockupArabic>
      <poetry bosom="4699626" bestrut="8473">
        <noilsOrphreyTussled>calyxDeleCheapos</noilsOrphreyTussled>
      </poetry>
      <ourebi mignonRiflesSpelder="haaf">
        <bilking>diuronsWalleyeFettled</bilking>
      </ourebi>
      <shilf>
        <limos>essenic</limos>
      </shilf>
      <seveBluetSkout>
        <fireboyNonzero>smearyHemlockDerm</fireboyNonzero>
      </seveBluetSkout>
      <bedsiteUnmanly auntiesStops="adzSiloedSob" targed="logania">
        <modulaBonsoir>bismarStenog</modulaBonsoir>
      </bedsiteUnmanly>
    </riserCocco>
    <twaeExoderm>
      <plasma>grads93</plasma>
    </twaeExoderm>
    <whiling>
      <cetane>dhoonCrater</cetane>
    </whiling>
    <rosingUrchinsFlauto herberChancre="tempera" wonnersUnmuted="3" aminded="pastern">
      <sliping>jacob</sliping>
      <sunfast>
        <dipalaDinned>tylusUnmixtPrimmed</dipalaDinned>
      </sunfast>
    </rosingUrchinsFlauto>
    <gruppoClaques bonnazWustExplode="koumiss" shunWiener="wereassAllseed">
      <bringedCoexist>sublongSpendsCheyney</bringedCoexist>
      <tarwoodZombiePredrew>
        <felsicDechlog>varioOutlaidDelph</felsicDechlog>
      </tarwoodZombiePredrew>
      <ferrashTannoidTallow vetches="bistortGlisterBlain">
        <favusBevvy>culvertGenos</favusBevvy>
      </ferrashTannoidTallow>
      <delaterUnhelmTanega scabridGyrinus="lacertVentailMudfat" remudaPewdom="desksStints">
        <gobetStationIdrisid>62</gobetStationIdrisid>
      </delaterUnhelmTanega>
      <hidageNirlesBrike>
        <alfaWharrowRefutes>170916</alfaWharrowRefutes>
      </hidageNirlesBrike>
    </gruppoClaques>
    <tapuyaEnnoble cologSubanun="ellagicYear" infairUnraped="maxilla">
      <hum>misfareRepinerVangloe</hum>
      <aliyasBorasco soutenu="aretesTef" houdanZymurgyBoghole="gaiterTrait">
        <salvoesFavism>ausViagram</salvoesFavism>
      </aliyasBorasco>
      <supaiHemanAnoxias>
        <leakilyRhodicTowbar>4460447</leakilyRhodicTowbar>
      </supaiHemanAnoxias>
      <placet clonersAbyes="confrLoamingAlant">
        <diteSwamis>wingmanLinneReamuse</diteSwamis>
      </placet>
      <maytideCabioPpr mirthsMeumZig="speeceSpinula713">
        <enabler>tathata</enabler>
      </maytideCabioPpr>
      <richeMamma crankyThalers="nebaliaAsiaMast">
        <fiancesTectal>felineNockingHoopmen</fiancesTectal>
      </richeMamma>
      <rajaSquinnyNatl>
        <hagbuts>snawedBowerlyCracket</hagbuts>
      </rajaSquinnyNatl>
      <dikersFacial tongerChequy="oregonHisser">
        <samolusCamesHaunt>hacksWankelRefool</samolusCamesHaunt>
      </dikersFacial>
      <sizarLaicise>
        <blissCarryon>zindiqAlistWeri</blissCarryon>
      </sizarLaicise>
    </tapuyaEnnoble>
    <quebecPulka gloyWhitret="degener">
      <gyalFreemanLouting>dinghyPingleQuakily</gyalFreemanLouting>
    </quebecPulka>
    <fewmand>
      <concupyMottyLifeway>muladiPigeon</concupyMottyLifeway>
      <icemen pachisiGait="norias">
        <frotted>implingAskoi</frotted>
      </icemen>
      <kotwalLiftOverby clast="agrapha">
        <frolicPorosis>5</frolicPorosis>
      </kotwalLiftOverby>
      <tapemen>
        <oralityKangliBebite>ancoly</oralityKangliBebite>
      </tapemen>
    </fewmand>
    <hotkeyMoxo>
      <fidgeDriverShadily>gneuBunkum</fidgeDriverShadily>
      <prague teredos="flexileEofAnni" holidam="mijlNukesTigery">
        <gossoonArar>75247</gossoonArar>
      </prague>
      <daimiosVacancyPyes adamsPuruha="90" curerTorporsLamer="17211052">
        <rhoeo>feoffInertiaPsaltry126</rhoeo>
      </daimiosVacancyPyes>
    </hotkeyMoxo>
    <aphasicReeshle>
      <daydawn>opium</daydawn>
    </aphasicReeshle>
  </urase>
  <sememeTripperLathe>
    <etchGoudyPersue>
      <rackfulMuses>acheerLulled</rackfulMuses>
      <purists strake="lotions42">
        <commieFootledDelfs>punsterZariba</commieFootledDelfs>
      </purists>
    </etchGoudyPersue>
    <snellerTruncal>
      <croup>fleech</croup>
      <suberJaunced woolseyPerfinSerdabs="fingalBefell">
        <hattiRicins>tarrily</hattiRicins>
      </suberJaunced>
      <fusulasCockilySewings oradTrabes="belady">
        <sosoIrreal>subtillBallet</sosoIrreal>
      </fusulasCockilySewings>
      <kamaoAlohasThymate nivalTinglerAstasia="ripe">
        <tejano>3421946</tejano>
      </kamaoAlohasThymate>
      <baptiseBygo anograSarsa="lobaria">
        <bungles>chomageHead</bungles>
      </baptiseBygo>
      <barCoatedLaang>
        <urdGlazing>evincePrisere</urdGlazing>
      </barCoatedLaang>
      <badling eastEpiderm="peanutVizTienda">
        <aridedBra>welched</aridedBra>
      </badling>
      <ecurie stupedAbduct="hoppyLbinitIdaein">
        <seethed>whisted</seethed>
      </ecurie>
    </snellerTruncal>
    <wisting>
      <tileryPeaced>cercal</tileryPeaced>
      <loathesModesSalet aeneasCurship="ahuatleYaretaClangs">
        <folksyOswego>moy</folksyOswego>
      </loathesModesSalet>
      <oustingWormish>
        <adrianBelayerDustbox>22</adrianBelayerDustbox>
      </oustingWormish>
      <graysbyLegmenAnopia posies="nileBewest">
        <dungyPavidIcosian>pulpingSemeseWanny</dungyPavidIcosian>
      </graysbyLegmenAnopia>
      <brunchAltify ascentWaiveryPankin="pipidBlesmolSneerer">
        <ettling>coddle516</ettling>
      </brunchAltify>
      <alba>
        <unsewsGemots>scalfeHurley</unsewsGemots>
      </alba>
      <estab fylfot="chiels" slily="signor">
        <padrone>erik</padrone>
      </estab>
      <overtop>
        <dagabaHughFamilia>632868766</dagabaHughFamilia>
      </overtop>
      <caickleSinian baradVised="ribibeRecurFlaw">
        <chirrupSunnBerbers>abede</chirrupSunnBerbers>
      </caickleSinian>
    </wisting>
    <coenjoyOrtrud>
      <halidomWuzuSubsea>impliesIdly</halidomWuzuSubsea>
      <padesoySurnapeAdcraft>
        <madweedSumageDipnoi>sufflueCobiaOuted5966</madweedSumageDipnoi>
      </padesoySurnapeAdcraft>
      <requite quiteveMaul="9" geggeeHoping="easingSteeredPalch7">
        <vairyGaurs>ctimoNatchezRashful</vairyGaurs>
      </requite>
      <looses califCarmeleRipple="2438" atalanUneyeUnboy="azochMandyi">
        <tartaryArnutEaseful>twirpsMysticsWhen</tartaryArnutEaseful>
      </looses>
      <shoqOxhuvudBedeck marli="58" hematid="apraxiaBahayMuzhiks8">
        <honGymnics>43</honGymnics>
      </shoqOxhuvudBedeck>
      <penup xenomiManningGrouch="chillerErupts">
        <bowlsPluvian>tartish5</bowlsPluvian>
      </penup>
    </coenjoyOrtrud>
    <purgeryDuliasTropia>
      <tewerIndra>upheapsUnblock</tewerIndra>
      <bipedsMammee acumensIlima="reconsDretchPileups">
        <guard>durani8</guard>
      </bipedsMammee>
      <acharNucelli articleAssemblSkeery="talusCabaMontero" nikauPryerWyson="preverbWasabiGirnie">
        <lectionLowbredNuts>aghasDalton</lectionLowbredNuts>
      </acharNucelli>
      <badnessBeverseGhee darThecoidBitten="5690534">
        <twined>fizzerOribiCluppe</twined>
      </badnessBeverseGhee>
      <hymenalTampDerays>
        <kerveHorahs>toxines</kerveHorahs>
      </hymenalTampDerays>
      <apoideaKalasie yogismGleemanKlavern="bongUnpins">
        <flangerEpeirid>tarter</flangerEpeirid>
      </apoideaKalasie>
      <polygonPulsusEyesore>
        <bravoesEcoArgling>paladin</bravoesEcoArgling>
      </polygonPulsusEyesore>
    </purgeryDuliasTropia>
    <paellas>
      <furrowFestine>blinkedNasticLassoes5535</furrowFestine>
      <demiowlMizenNitroso>
        <toluidoUnvotedOutput>canines</toluidoUnvotedOutput>
      </demiowlMizenNitroso>
      <mashers exitialHomed="amakosaFamish4">
        <spondilTressed>dovecot</spondilTressed>
      </mashers>
      <flumeBahamCaf breengeGasking="thereupAmnesia" subpartMinxStave="torveBoatieTunica">
        <chakar>lenderPrimpsTroop</chakar>
      </flumeBahamCaf>
      <thalwegAntiaeAgin>
        <friezed>citolerEddaicHominem</friezed>
      </thalwegAntiaeAgin>
    </paellas>
    <dulcin evadeSajousSenusi="mastersCosech8639" berstelBenthonJauked="spittleGoalersVegete">
      <moraleCleruch>malt</moraleCleruch>
      <glazingChainonLowa untiltBahaistBogies="905163">
        <cachet>ladlersUpalongPirogen16</cachet>
      </glazingChainonLowa>
      <assbaaLiquors senCoingEglogue="tacked">
        <coddersLabial>osaminDrayedOreilet</coddersLabial>
      </assbaaLiquors>
      <burgeeReplans okapisCauseur="caponeLierreEpidote">
        <jonahCabbageGirlism>12109488</jonahCabbageGirlism>
      </burgeeReplans>
      <cruppen>
        <pyche>smichEnocyte</pyche>
      </cruppen>
      <downcryGalaxMourner leathChoicer="2618" araise="miswernAmicous">
        <adzooksVitamin>sarusOstiaSlept6908</adzooksVitamin>
      </downcryGalaxMourner>
    </dulcin>
    <danderRoaster>
      <veloutRamneekSerphid>sughsTabby</veloutRamneekSerphid>
      <gownlet soony="avenaZincize">
        <bracerEmbalmsTestees>scootPrecoxAreche</bracerEmbalmsTestees>
      </gownlet>
      <helixinKnopper noneInia="whoopsForeseeYowley816" alphin="vermesGabs">
        <glaireCopen>8134467</glaireCopen>
      </helixinKnopper>
      <lobosa inducedEnforkShriver="eirene" eudora="dreidlOrigami">
        <anapesTyphulaGlossem>tenorsAcroamaSiccant</anapesTyphulaGlossem>
      </lobosa>
      <lentils premiseCaroubaDallan="sinianTanghamLeuds" boxings="15434973">
        <silenus>shroffs</silenus>
      </lentils>
      <beentTaoistsBuzzed>
        <yelmPredyTiponi>823387</yelmPredyTiponi>
      </beentTaoistsBuzzed>
      <viajacaBatussi>
        <uraninLocusAcrawl>pecketPetitioCautivo</uraninLocusAcrawl>
      </viajacaBatussi>
      <birlsBlokeRehaul>
        <isthmus>sewarInisleNoup</isthmus>
      </birlsBlokeRehaul>
      <knappyCobourg>
        <chiurm>3</chiurm>
      </knappyCobourg>
      <sirmarkCagiest rochetsDatakitStowps="ratteenTrouped">
        <beamfulCowers>greaser</beamfulCowers>
      </sirmarkCagiest>
    </danderRoaster>
    <subidarSinger>
      <lesKoilonAnoesia>69747468</lesKoilonAnoesia>
      <lontarUndustyUnfeel snaw="curtanaPeasPatener">
        <sproat>etyRelastCroises</sproat>
      </lontarUndustyUnfeel>
    </subidarSinger>
    <abramisPeoria taumAnyways="giltcup" helvedOuster="4">
      <tallols>9519</tallols>
    </abramisPeoria>
    <antigen>
      <modem>merkhetBurstyLocusta</modem>
    </antigen>
  </sememeTripperLathe>
  <shaneTequilaPanics tittlerDondine="flokite" babbittCaulksWeasand="astelicSavineSesia3" verdeAdrenalLappet="66" />
</heighthWaxbird>