<?xml version="1.0"?>
<muzoAstrerSateen>
  <sikaraTurpsThorons exotery="paleon" kipsDrosselMirv="rostra">
    <sayest whillyBatteauBitten="obelize" arbaPatacao="485632732">
      <jackmanLenient>1681</jackmanLenient>
    </sayest>
  </sikaraTurpsThorons>
  <dikes pastors="iodatedBallotsWaubeen" buggessNathe="ovisticBegazesSensor" fashionSurger="samishCussing" jeton="53360743">
    <reshoe>
      <lawnedInjust>mazelJenoar</lawnedInjust>
      <scrubs mesodeStopwayBohawn="3345" enlimnBinge="anconeEnhalosTeamer">
        <withedPedateCharmer>libels</withedPedateCharmer>
      </scrubs>
      <gorbet quahogDewworm="lagettoScrungeRunback">
        <londonyDurraBrutism>unsoil</londonyDurraBrutism>
      </gorbet>
      <plowsPoteensShalier>
        <grannyChorus>scutelDrostdyPaar</grannyChorus>
      </plowsPoteensShalier>
      <uneases paroticCristaeKhatri="murrLescheGeoside" dariiArgalJericho="bemouthRemimic">
        <stemonaFecitKikes>onaggriValmyWickiup</stemonaFecitKikes>
      </uneases>
      <cholate lavesGaggerZerma="respDepelSonnet8" utopianBannockBellows="sabina">
        <debellMorseRampler>scudiDogboat</debellMorseRampler>
      </cholate>
    </reshoe>
    <sandmen>
      <prismed>49</prismed>
      <cumuletNasionsHontish>
        <murphyProdded>tatther40</murphyProdded>
      </cumuletNasionsHontish>
      <sheeves bigotedDotless="coding">
        <unthornShabbedOranges>uncloseIncests</unthornShabbedOranges>
      </sheeves>
      <wark>
        <clayey>intrineRetimesPannose</clayey>
      </wark>
      <brere serranoSubveneTankert="commyForsayDisown" presterObeyeo="boccaroFleshyUnogled">
        <maugisCoolish>stickenMislaysBimalar</maugisCoolish>
      </brere>
    </sandmen>
    <ferbamFedarie>
      <logjamPersons>noels2609</logjamPersons>
    </ferbamFedarie>
    <beyonds falcateCarfare="pungerEvans" screedShiai="unwebRusa" roodsHollowUntidy="denes">
      <bedamnReadily>lithogMelas212</bedamnReadily>
    </beyonds>
    <tuart>
      <yearfulJavahai>bashlykTillersCommode</yearfulJavahai>
    </tuart>
    <hath>
      <okehDutched>mizmazeGrooper</okehDutched>
      <bufaginCruscaBotony>
        <advokeSubiliaCowtail>endorse</advokeSubiliaCowtail>
      </bufaginCruscaBotony>
      <carobaArums>
        <frore>bothnicParsnipMoity</frore>
      </carobaArums>
      <titular traipseWaucht="embacle">
        <acaridUlnas>ladronsGolgi</acaridUlnas>
      </titular>
      <paulaAisles career="knabRubdownTilly" curvingIwound="bennesBonsoir">
        <garnelShavianDrippy>svabiteCnidian638</garnelShavianDrippy>
      </paulaAisles>
      <urbanExactas picule="frit">
        <overaweJudithBefavor>examensLvalueDawdle</overaweJudithBefavor>
      </urbanExactas>
      <bedgoerAzurite>
        <neville>566</neville>
      </bedgoerAzurite>
      <kari flota="pukeBeluchi" solpugaFestino="samplesDisportEnlarge">
        <thujone>fillets</thujone>
      </kari>
      <divorceReweigh dictum="sliteDatsunKilorad">
        <upspire>236</upspire>
      </divorceReweigh>
      <riposteTaccaViajaca>
        <bate>shrunkBlenkTensity</bate>
      </riposteTaccaViajaca>
    </hath>
    <sculptsAjaja indicanPardyAntiar="gofferKalendsPolicy" heaver="hotsBattle">
      <envine>pianicSuid</envine>
    </sculptsAjaja>
    <odylic jocoteGapingMannas="poreDiverse">
      <jeered>ruggyWheneer</jeered>
      <dagameOutedge quattie="aiding">
        <slathCreeshy>ursRammi3279</slathCreeshy>
      </dagameOutedge>
      <banakSetaridTenoned>
        <wilk>favn</wilk>
      </banakSetaridTenoned>
    </odylic>
    <ostiumFourbRigodon>
      <aggrosAndean>cunnersSoulack</aggrosAndean>
      <vawSubtileAced redtabMangBistre="omenta7" dorado="tegmenChaineLupus">
        <cations>2540</cations>
      </vawSubtileAced>
      <cuspsDabuh>
        <koppieAmarinMacular>82</koppieAmarinMacular>
      </cuspsDabuh>
      <rowelsChoenix buckoRapid="reweldsHondaCitolas">
        <hakuBroker>tillmanInertly</hakuBroker>
      </rowelsChoenix>
    </ostiumFourbRigodon>
    <tactful idant="umbrianUnegalAnusim">
      <evase>prebornAwes</evase>
    </tactful>
    <dardaniBecrime>
      <encrown>relessaAxlikeShift</encrown>
    </dardaniBecrime>
    <augurerBatel>
      <doaAnoura>zanza</doaAnoura>
      <filagoBracked doobNeve="contekeLoeingKauch" upspew="reeledWoofersAffray">
        <bulletsMomma>vacuateKarpas</bulletsMomma>
      </filagoBracked>
      <spayed limousUnclasp="aedesSerousToruli">
        <thworlRibbony>coelomaAccoast</thworlRibbony>
      </spayed>
      <abdiel>
        <sleeved>temser</sleeved>
      </abdiel>
      <altoistUngloss prefabs="visilePlied" kaithi="435">
        <rosety>pourersCumbers</rosety>
      </altoistUngloss>
      <tribble>
        <doegDowress>wrokenNincumSaponul</doegDowress>
      </tribble>
      <zephyrCafenehMoxa reshesPavis="ekenameAwols">
        <matloFlouseWealth>605582</matloFlouseWealth>
      </zephyrCafenehMoxa>
      <yemingAclinalCotery lehuaTochers="756" epinineHopers="bhotiaSentryTarse">
        <kineticTimers>carliGobberTaled</kineticTimers>
      </yemingAclinalCotery>
      <prexesPennons>
        <hoarsen>curiateBarilla</hoarsen>
      </prexesPennons>
      <gummata disbodyKeyaki="jukedEth8492">
        <garlopa>rakis</garlopa>
      </gummata>
    </augurerBatel>
    <recpt siclikePoringCowweed="mansionMalays" fringeBurmite="lucumia" punctusPapulan="loggyPolio">
      <roon>pipersMagog</roon>
      <ouranosPuncher>
        <nou>overdryApulseMccoy</nou>
      </ouranosPuncher>
      <biddieBlearStar katydidOccasImonium="tirosEelbobEvinced" optionJuglone="linumsEutony">
        <cosiesMithersMather>kosseanFlewitSkylab</cosiesMithersMather>
      </biddieBlearStar>
    </recpt>
  </dikes>
  <mayasHeddles>
    <hobosResat fireman="hoops" handles="emeriti">
      <buggingInion>searest8</buggingInion>
      <rerunHepatic>
        <javelin>keistChimbeNeurula</javelin>
      </rerunHepatic>
    </hobosResat>
  </mayasHeddles>
</muzoAstrerSateen>