<?xml version="1.0"?>
<pardnerGratedTaboot>
  <typhoon />
  <osculumSoyot waleZatRoosa="inblowDerived6415" callsRadularPoy="528377030" />
  <sirventNebalia apodaJuang="unbayRedanCetanes" damselCabals="67107780">
    <wurmalUmbrous>
      <dolor>riotist</dolor>
    </wurmalUmbrous>
    <oometerCarnies grough="pinturaInvigor17">
      <boraxCobossPleat>privyJessurRhyton6</boraxCobossPleat>
      <palletsDhoolyCarroch>
        <bonzeLagopusOkehs>mankyAlberge</bonzeLagopusOkehs>
      </palletsDhoolyCarroch>
      <misjoinUnpaid woodHansel="cluing" shifty="8">
        <sandalsJivaroPorker>bongsVenging3572</sandalsJivaroPorker>
      </misjoinUnpaid>
      <winbrow>
        <forwakeTientaPawpaws>11362</forwakeTientaPawpaws>
      </winbrow>
      <squareMiskept>
        <cutout>117</cutout>
      </squareMiskept>
    </oometerCarnies>
    <scroop triodeTecumaEnaena="durmastCorms7" adytumErrandsSpots="4233746">
      <weedowYeastExplida>94100940</weedowYeastExplida>
    </scroop>
    <mastiffGiggly>
      <alibis>7</alibis>
      <korinPropyneHondas cozeier="66">
        <liens>dinger13</liens>
      </korinPropyneHondas>
      <subLegendaThienyl medusasTorilisWishram="nitrilsToba" velluteShaula="prioriWoaderTruish">
        <lallyPartwayUnhedge>boiled6718</lallyPartwayUnhedge>
      </subLegendaThienyl>
      <osheaUnnear incestsSpatMeagre="bizzPuslike">
        <geckingSeasideLiebig>eluvies</geckingSeasideLiebig>
      </osheaUnnear>
      <drugge bragCagn="spinoutPulledCrumbum" oakenFractal="plexMucicStowps">
        <oblatIncivic>7726172</oblatIncivic>
      </drugge>
      <squalidFossula ane="friskleAirview77" quiver="abbotsSorbileStylo">
        <druidDatismGuester>shaughsGimpierAmu</druidDatismGuester>
      </squalidFossula>
      <alls>
        <putoffsSabing>laertesGrandamHackle</putoffsSabing>
      </alls>
      <hclSension>
        <sholomKenyan>skatomaAlabamaRelata</sholomKenyan>
      </hclSension>
    </mastiffGiggly>
    <xviii>
      <mugg>feakedGooiestHalling</mugg>
      <gauffre>
        <blacker>isogramCarlos</blacker>
      </gauffre>
      <potreroSneakerPhotogs dined="emendedTitles" trichyIncube="anglesDefiber">
        <cystin>shipfulCitrous</cystin>
      </potreroSneakerPhotogs>
      <jouncesDonnickLegatos crepierBuransSell="paillonZarema">
        <filmy>decimal</filmy>
      </jouncesDonnickLegatos>
      <robbinsStimiesStair krubutsAtrophyFringed="lapling">
        <hamadaAkhlame>113</hamadaAkhlame>
      </robbinsStimiesStair>
      <forebyeRecrew>
        <cupClacked>bespawlCaskedShoves920</cupClacked>
      </forebyeRecrew>
      <idolify hapteneLabroseBazaars="joycean" dadoMiaAbwab="yogaLimyChequy">
        <pickoffCadbitBambino>hatredSalpa</pickoffCadbitBambino>
      </idolify>
      <adopterNenta ani="angloidSkyway">
        <communa>detenteAvidlyIsnad</communa>
      </adopterNenta>
    </xviii>
    <addeemRoter>
      <iouBored>164524</iouBored>
      <rapineUpgrew attealLogeumDawdles="621900388">
        <aeronHiant>432968</aeronHiant>
      </rapineUpgrew>
    </addeemRoter>
    <dhunchi>
      <rebeckArgulus>norimon</rebeckArgulus>
      <thwartsCuppyHepar clumper="spayard" stele="rookiesAyless9929">
        <regnumSpecklyTieback>injunctJugerGonys</regnumSpecklyTieback>
      </thwartsCuppyHepar>
      <epochClypeal>
        <prissyGameticAbjoint>ganderOlefin</prissyGameticAbjoint>
      </epochClypeal>
      <banyulsThatSikatch>
        <saponulMalval>agstMuclucsAlmeh</saponulMalval>
      </banyulsThatSikatch>
      <reentryCanvasSertum>
        <phytateCariedSods>chawingKurtasScowder</phytateCariedSods>
      </reentryCanvasSertum>
      <unpavePhthorShrine writherZiganSturoch="untileUpshot">
        <anguisLugsail>centresElodGila</anguisLugsail>
      </unpavePhthorShrine>
      <breezy>
        <fetorsOlefin>forerunZoeformCock</fetorsOlefin>
      </breezy>
      <azulite ollamhTactic="fiberedCainishRarebit">
        <dribForkDigamy>estufaGradShaded</dribForkDigamy>
      </azulite>
    </dhunchi>
    <binocsGresilGrads ungreatSonghaiVerset="marcoHissy" ageismsPetty="cerealsRespace" proxies="hookumSementBinary">
      <lauraSpasmsBourout>asterin</lauraSpasmsBourout>
      <smurry flexorsMottler="turkicFasels" unshipsBoltelAnthrax="91459359">
        <cadishJoeysLignum>cowlick</cadishJoeysLignum>
      </smurry>
      <dues sighingPaydayWarish="samshus">
        <retakenBrotany>youpDeputeAguador</retakenBrotany>
      </dues>
      <divviesCutie fettlesVeuveKvarner="tarascoAlbiziaUntrill">
        <pokanVolvox>epiglot</pokanVolvox>
      </divviesCutie>
      <volyerCaldenAmentia>
        <oxyacid>693431178</oxyacid>
      </volyerCaldenAmentia>
      <distadAlose warnedClingy="sessedMelodia" thigBattedBilboa="errancyGenderAlerion">
        <seedilyBolls>driddleOldwifeYowler</seedilyBolls>
      </distadAlose>
      <salliesFranca lararia="962256880">
        <soferKoolau>916332</soferKoolau>
      </salliesFranca>
      <seversRibat>
        <tirled>dragees</tirled>
      </seversRibat>
    </binocsGresilGrads>
    <sistineWeeshSleechy>
      <alispTickney>excl</alispTickney>
    </sistineWeeshSleechy>
    <tecomaBluet>
      <alcaid>weekly9</alcaid>
    </tecomaBluet>
  </sirventNebalia>
</pardnerGratedTaboot>