<?xml version="1.0"?>
<objShirksNecks>
  <uncopeChirrup grackleTeeveeShumac="outwayScoliidPremise">
    <ratty keratolNames="scadsQuisby7" coronet="begariRow587">
      <senzaLimning>6125</senzaLimning>
    </ratty>
    <fetise>
      <lispundWeederyCabling>papawsOpening</lispundWeederyCabling>
    </fetise>
    <grannyKoto>
      <upholdsPayt>6</upholdsPayt>
    </grannyKoto>
    <finnan>
      <plaudWheerJacal>leashesWhomp</plaudWheerJacal>
      <menthan>
        <framersDrawcutBlaflum>stoothBelialNotself</framersDrawcutBlaflum>
      </menthan>
      <glaizieOct opiated="gambolsJankerCakavci" bank="bollingCotylarWeans6">
        <vernageKilovar>2</vernageKilovar>
      </glaizieOct>
      <jabirus>
        <ohmsTyphonEctopic>9115601</ohmsTyphonEctopic>
      </jabirus>
      <turdoidFlambesUpsteps anahauClupienGugglet="trance" parryMottledSeamers="kneads">
        <doughFerryAbortin>4</doughFerryAbortin>
      </turdoidFlambesUpsteps>
    </finnan>
  </uncopeChirrup>
  <equateAces dandily="specDriers" flawsHorsedAtte="hydriad" tineoid="rhythmKremsFerox">
    <rumneyCedronAbbott orariaOutdrawMolders="91078" volowDouterSissu="amuletFayed" drew="growthMazameEam">
      <taffetaCynipid>breeksTeleutItaves</taffetaCynipid>
    </rumneyCedronAbbott>
  </equateAces>
  <beakersValvata gelable="hyoidsTeughlyGurglet" fanzine="caulkDicetylFixe" hopakHordes="idoApiolin" />
  <tohomeBrandPyrexic ammanProfits="gosainMulcts" incubeeIncuss="kafaStimesStamp" gimelKenareh="millineCarles">
    <sidaUnswept>
      <stoning>umbelsCoxitis</stoning>
      <rhagon>
        <giddify>puja88</giddify>
      </rhagon>
      <etna hoghood="198823700">
        <kuttarBurs>894</kuttarBurs>
      </etna>
      <plural>
        <inbyArt>outsoarUmbundu</inbyArt>
      </plural>
      <hanky lanaisCarotte="omrah24" stickly="borneanBagels">
        <mishaveZemstvo>2</mishaveZemstvo>
      </hanky>
      <ichoBannut chirres="loselsLazyish">
        <unicismTannaicGraddan>gwely</unicismTannaicGraddan>
      </ichoBannut>
      <taredBagging diehardCucuy="tippier" holards="675017">
        <hootedBlondMakluk>316549</hootedBlondMakluk>
      </taredBagging>
    </sidaUnswept>
    <grout ikonTabulaeThenage="broodyPossess" caromsRibskin="147" sorosis="frailtyRasures">
      <coredSidler>genevanMizzenHidable</coredSidler>
      <dunnerKoran>
        <xerasiaVisiblyAntbird>legate38</xerasiaVisiblyAntbird>
      </dunnerKoran>
      <elated>
        <unbungNotal>adjureGimblet</unbungNotal>
      </elated>
      <herdicsSubpartTickle>
        <cathy>drolled</cathy>
      </herdicsSubpartTickle>
      <arguePlugsMora thesterVerneuk="menhirPledgor" samboukQuittal="raspishIsfahanManses">
        <bauleahCrocinFurnish>immote</bauleahCrocinFurnish>
      </arguePlugsMora>
      <perMisgiveWielded amyelic="355" aediles="puns5">
        <grakle>dioecyMytilusGreen</grakle>
      </perMisgiveWielded>
    </grout>
  </tohomeBrandPyrexic>
  <gaittAweband turneryPlicateFried="hiperDownier">
    <balau>
      <daboia>sassakDupped</daboia>
    </balau>
    <mainour>
      <fifths>37</fifths>
    </mainour>
    <voetHeptadsDojos>
      <mani>bulderBeentLiras</mani>
    </voetHeptadsDojos>
    <lapdogsSchizzoOgeed>
      <sieves>3379</sieves>
    </lapdogsSchizzoOgeed>
    <aswarmWaviraBulging>
      <pyjamas>paupersPanner</pyjamas>
    </aswarmWaviraBulging>
    <gypsyryTaped>
      <khaddarNatickCubitus>6835705</khaddarNatickCubitus>
    </gypsyryTaped>
    <frypanYatterWager those="myrosin" succorsMiomboKalend="9109228" vinicVaagmerSurfers="novelaDeclare">
      <refuses>octanes</refuses>
    </frypanYatterWager>
    <sevresUpbrookPiddle>
      <lendsUndear>subch</lendsUndear>
    </sevresUpbrookPiddle>
    <pygmy>
      <rouging>lifenRevete9</rouging>
    </pygmy>
    <chereClerkSailage attack="1803" fudgingDyvours="wetchedRompishGuacos" gapersRecooksDacelo="spirketBywonerLoculi7725">
      <valorsAndaqui>stannumUpcock69</valorsAndaqui>
      <loversJuergenAbave>
        <knetDibsDavid>startle</knetDibsDavid>
      </loversJuergenAbave>
      <paean>
        <agugliaFrumpy>cerasus</agugliaFrumpy>
      </paean>
      <reboard fizgigs="kalmiaBullockSemens">
        <spastic>alfaki4101</spastic>
      </reboard>
      <axiniteDiddles>
        <ghentUpgangPhpht>grimesTwangedWyson</ghentUpgangPhpht>
      </axiniteDiddles>
      <fgrid>
        <rivingLoinedOsi>coze</rivingLoinedOsi>
      </fgrid>
      <mudlandLipuria>
        <civicalBathman>1</civicalBathman>
      </mudlandLipuria>
    </chereClerkSailage>
  </gaittAweband>
  <pledgesPostingAsap />
  <refuse fantod="oilletSayersCorrido" topeeAted="panes" tomish="mildensAccord605" cestidaSidheCaffein="circuitEuryonCouteau" />
  <dubbSylvius samurai="middenVagrant" navajo="tronkEyelid" lotusTokamakDeedbox="undoped" tar="942379828" />
  <scuffy silver="81" belike="sejoin" sandanOsophyKoila="202682" abacaxi="truncus">
    <aggersRedoutsRuching>
      <lambkinUnmeekCasavi>stouryMatie</lambkinUnmeekCasavi>
      <grapeysAdalat>
        <acrylic>smeeksCatel</acrylic>
      </grapeysAdalat>
      <scrive>
        <mirligoDoaProbity>geomysTeste</mirligoDoaProbity>
      </scrive>
      <fungousWowArchfoe toners="curyingFuffRyking" reflowZlotych="urateEpoxy">
        <bjorne>soughtHebe</bjorne>
      </fungousWowArchfoe>
      <veerAlbacea unhosedChesses="74565" xxiSia="cuttage">
        <weaversAgavoseRerolls>lumping</weaversAgavoseRerolls>
      </veerAlbacea>
      <punker assartCloning="denudedScopinePitting" awalt="slimerUmiaks">
        <gambled>sexesVaughnCragged</gambled>
      </punker>
      <nairobiMismosh epoch="tristAgriefRayan" yatiDiplont="pinks">
        <albumsSaraf>853</albumsSaraf>
      </nairobiMismosh>
      <saucersBeltmenRann>
        <pilauedKetwayDaledh>peeblesSwarf</pilauedKetwayDaledh>
      </saucersBeltmenRann>
      <freshesZebulun desizeGlennIghly="euodicTopwiseAct" withed="26366">
        <litresPerkily>naivePatapat</litresPerkily>
      </freshesZebulun>
    </aggersRedoutsRuching>
    <shandryJarret>
      <oriansSignalsBalilla>67744123</oriansSignalsBalilla>
      <rocsMirkily callusLucumia="kebobsSimblotColins39" spleet="armidaIresine6">
        <ethoxyl>15354365</ethoxyl>
      </rocsMirkily>
      <sadisNadir effieFustic="rebosaHie">
        <schappeInquietEndives>917</schappeInquietEndives>
      </sadisNadir>
      <ducatSifting viceroy="asmileHod" tetanicEndowsUgandan="sixty">
        <nerdSashery>kotowerDareall</nerdSashery>
      </ducatSifting>
      <cubageSillier ophelia="bukhOvinesBunged392">
        <drees>edifiesOctodon4265</drees>
      </cubageSillier>
      <nuchaleLamigerTernate tetrylsYoginsJigger="718369825" exacterIdiomGorals="clernlyFrailFondler21">
        <oustAleuronCorylin>85</oustAleuronCorylin>
      </nuchaleLamigerTernate>
      <outloveCelsianHyraces>
        <petrosa>waifLazars</petrosa>
      </outloveCelsianHyraces>
    </shandryJarret>
    <seducerHumism>
      <gilourAverishBudding>reiced</gilourAverishBudding>
      <nobut>
        <scatulaGander>kalians</scatulaGander>
      </nobut>
    </seducerHumism>
    <gorgesTardilyPickmaw>
      <clompsVerpaMatai>ajivaDeglutVucoms</clompsVerpaMatai>
    </gorgesTardilyPickmaw>
    <sabaPega scabbleWhimseyPulley="84445" bunceCaufleDialect="434">
      <brewingHoedownPicasso>whispPeelersZunyite</brewingHoedownPicasso>
    </sabaPega>
  </scuffy>
</objShirksNecks>